    W_14:    15s  34,447,800 steps      165 feasible sets         0 orders tried  current cost 6
    W_14:    30s  69,127,800 steps      333 feasible sets         0 orders tried  current cost 6
    W_14:    45s  103,682,600 steps      531 feasible sets         0 orders tried  current cost 11
    W_14:    60s  137,747,800 steps      712 feasible sets         0 orders tried  current cost 4
    W_14:    75s  171,691,800 steps      881 feasible sets         0 orders tried  current cost 2
    W_14:    90s  205,251,400 steps     1062 feasible sets         0 orders tried  current cost 4
    W_14:   105s  238,846,800 steps     1183 feasible sets         0 orders tried  current cost 7
    W_14:   120s  272,654,400 steps     1370 feasible sets         0 orders tried  current cost 2
    W_14:   135s  301,867,400 steps     1518 feasible sets         0 orders tried  current cost 7
    W_14:   150s  319,839,200 steps     1623 feasible sets         0 orders tried  current cost 2
    W_14:   165s  353,303,200 steps     1800 feasible sets         0 orders tried  current cost 12
    W_14:   180s  387,559,200 steps     1985 feasible sets         0 orders tried  current cost 2
    W_14:   195s  421,771,200 steps     2132 feasible sets         0 orders tried  current cost 4
    W_14:   210s  456,092,600 steps     2306 feasible sets         0 orders tried  current cost 3
    W_14:   225s  490,202,200 steps     2451 feasible sets         0 orders tried  current cost 15
    W_14:   240s  524,580,000 steps     2619 feasible sets         0 orders tried  current cost 3
    W_14:   255s  558,622,400 steps     2832 feasible sets         0 orders tried  current cost 8
    W_14:   270s  593,090,400 steps     2973 feasible sets         0 orders tried  current cost 6
    W_14:   285s  627,288,400 steps     3153 feasible sets         0 orders tried  current cost 5
    W_14:   300s  661,672,200 steps     3311 feasible sets         0 orders tried  current cost 4
    W_14:   315s  695,881,600 steps     3490 feasible sets         0 orders tried  current cost 18
    W_14:   330s  730,351,200 steps     3663 feasible sets         0 orders tried  current cost 4
    W_14:   345s  764,601,200 steps     3826 feasible sets         0 orders tried  current cost 15
    W_14:   360s  798,714,200 steps     3999 feasible sets         0 orders tried  current cost 4
    W_14:   375s  832,748,200 steps     4171 feasible sets         0 orders tried  current cost 4
    W_14:   390s  866,883,000 steps     4310 feasible sets         0 orders tried  current cost 10
    W_14:   405s  901,257,000 steps     4483 feasible sets         0 orders tried  current cost 3
    W_14:   420s  935,381,600 steps     4638 feasible sets         0 orders tried  current cost 9
    W_14:   435s  969,438,200 steps     4814 feasible sets         0 orders tried  current cost 4
    W_14:   450s  1,003,424,000 steps     4967 feasible sets         0 orders tried  current cost 7
    W_14:   465s  1,037,754,800 steps     5145 feasible sets         0 orders tried  current cost 3
    W_14:   480s  1,071,927,600 steps     5297 feasible sets         0 orders tried  current cost 7
    W_14:   495s  1,106,003,200 steps     5478 feasible sets         0 orders tried  current cost 9
    W_14:   510s  1,140,439,800 steps     5628 feasible sets         0 orders tried  current cost 3
    W_14:   525s  1,174,341,600 steps     5799 feasible sets         0 orders tried  current cost 9
    W_14:   540s  1,208,453,200 steps     6001 feasible sets         0 orders tried  current cost 3
    W_14:   555s  1,242,991,600 steps     6178 feasible sets         0 orders tried  current cost 4
    W_14:   570s  1,277,024,000 steps     6342 feasible sets         0 orders tried  current cost 9
    W_14:   585s  1,310,576,800 steps     6509 feasible sets         0 orders tried  current cost 3
    W_14:   600s  1,344,645,200 steps     6673 feasible sets         0 orders tried  current cost 8
    W_14:   615s  1,378,816,200 steps     6866 feasible sets         0 orders tried  current cost 3
    W_14:   630s  1,412,840,200 steps     7071 feasible sets         0 orders tried  current cost 11
    W_14:   645s  1,447,137,600 steps     7239 feasible sets         0 orders tried  current cost 3
    W_14:   660s  1,481,375,800 steps     7394 feasible sets         0 orders tried  current cost 3
    W_14:   675s  1,515,409,800 steps     7546 feasible sets         0 orders tried  current cost 5
    W_14:   690s  1,549,580,800 steps     7734 feasible sets         0 orders tried  current cost 13
    W_14:   705s  1,584,197,000 steps     7908 feasible sets         0 orders tried  current cost 3
    W_14:   720s  1,618,865,400 steps     8075 feasible sets         0 orders tried  current cost 7
    W_14:   735s  1,653,475,600 steps     8242 feasible sets         0 orders tried  current cost 3
    W_14:   750s  1,687,202,800 steps     8392 feasible sets         0 orders tried  current cost 11
    W_14:   765s  1,721,258,000 steps     8555 feasible sets         0 orders tried  current cost 2
    W_14:   780s  1,755,237,600 steps     8708 feasible sets         0 orders tried  current cost 3
    W_14:   795s  1,789,380,600 steps     8871 feasible sets         0 orders tried  current cost 18
    W_14:   810s  1,823,236,200 steps     9028 feasible sets         0 orders tried  current cost 3
    W_14:   825s  1,849,196,400 steps     9165 feasible sets         0 orders tried  current cost 2
    W_14:   840s  1,869,586,200 steps     9289 feasible sets         0 orders tried  current cost 8
    W_14:   855s  1,903,499,000 steps     9473 feasible sets         0 orders tried  current cost 3
    W_14:   870s  1,937,685,200 steps     9633 feasible sets         0 orders tried  current cost 6
    W_14:   885s  1,971,825,400 steps     9793 feasible sets         0 orders tried  current cost 9
    W_14:   900s  2,005,948,000 steps     9982 feasible sets         0 orders tried  current cost 5
    W_14:   915s  2,040,326,400 steps    10152 feasible sets         0 orders tried  current cost 4
    W_14:   930s  2,074,538,600 steps    10354 feasible sets         0 orders tried  current cost 5
    W_14:   945s  2,108,702,200 steps    10538 feasible sets         0 orders tried  current cost 13
    W_14:   960s  2,142,822,600 steps    10674 feasible sets         0 orders tried  current cost 11
    W_14:   975s  2,176,942,600 steps    10849 feasible sets         0 orders tried  current cost 8
    W_14:   990s  2,211,006,800 steps    11017 feasible sets         0 orders tried  current cost 8
    W_14:  1005s  2,245,344,600 steps    11192 feasible sets         0 orders tried  current cost 12
    W_14:  1020s  2,279,609,000 steps    11393 feasible sets         0 orders tried  current cost 5
    W_14:  1035s  2,313,966,600 steps    11564 feasible sets         0 orders tried  current cost 7
    W_14:  1050s  2,348,141,200 steps    11751 feasible sets         0 orders tried  current cost 9
    W_14:  1065s  2,382,343,600 steps    11924 feasible sets         0 orders tried  current cost 12
    W_14:  1080s  2,416,520,600 steps    12070 feasible sets         0 orders tried  current cost 17
    W_14:  1095s  2,450,449,200 steps    12209 feasible sets         0 orders tried  current cost 7
    W_14:  1110s  2,484,499,600 steps    12379 feasible sets         0 orders tried  current cost 1
    W_14:  1125s  2,518,611,200 steps    12575 feasible sets         0 orders tried  current cost 3
    W_14:  1140s  2,552,930,400 steps    12747 feasible sets         0 orders tried  current cost 6
    W_14:  1155s  2,587,125,000 steps    12909 feasible sets         0 orders tried  current cost 6
    W_14:  1170s  2,621,536,600 steps    13108 feasible sets         0 orders tried  current cost 3
    W_14:  1185s  2,655,515,400 steps    13287 feasible sets         0 orders tried  current cost 2
    W_14:  1200s  2,689,705,400 steps    13436 feasible sets         0 orders tried  current cost 5
    W_14:  1215s  2,723,744,800 steps    13604 feasible sets         0 orders tried  current cost 13
    W_14:  1230s  2,757,803,200 steps    13806 feasible sets         0 orders tried  current cost 11
    W_14:  1245s  2,792,034,600 steps    13998 feasible sets         0 orders tried  current cost 3
    W_14:  1260s  2,825,914,000 steps    14178 feasible sets         0 orders tried  current cost 2
    W_14:  1275s  2,859,923,600 steps    14301 feasible sets         0 orders tried  current cost 17
    W_14:  1290s  2,894,051,000 steps    14482 feasible sets         0 orders tried  current cost 1
    W_14:  1305s  2,928,019,000 steps    14664 feasible sets         0 orders tried  current cost 3
    W_14:  1320s  2,962,399,200 steps    14813 feasible sets         0 orders tried  current cost 2
    W_14:  1335s  2,996,235,400 steps    14998 feasible sets         0 orders tried  current cost 3
    W_14:  1350s  3,028,406,800 steps    15156 feasible sets         0 orders tried  current cost 4
    W_14:  1365s  3,060,902,200 steps    15309 feasible sets         0 orders tried  current cost 12
    W_14:  1380s  3,094,959,200 steps    15473 feasible sets         0 orders tried  current cost 2
    W_14:  1395s  3,129,107,400 steps    15617 feasible sets         0 orders tried  current cost 5
    W_14:  1410s  3,162,955,800 steps    15778 feasible sets         0 orders tried  current cost 2
    W_14:  1425s  3,195,744,800 steps    15953 feasible sets         0 orders tried  current cost 8
    W_14:  1440s  3,228,651,000 steps    16114 feasible sets         0 orders tried  current cost 5
    W_14:  1455s  3,262,820,400 steps    16322 feasible sets         0 orders tried  current cost 9
    W_14:  1470s  3,296,779,400 steps    16524 feasible sets         0 orders tried  current cost 1
    W_14:  1485s  3,330,978,800 steps    16678 feasible sets         0 orders tried  current cost 4
    W_14:  1500s  3,364,613,200 steps    16877 feasible sets         0 orders tried  current cost 3
    W_14:  1515s  3,392,789,200 steps    17013 feasible sets         0 orders tried  current cost 6
    W_14:  1530s  3,407,087,800 steps    17082 feasible sets         0 orders tried  current cost 4
    W_14:  1545s  3,440,733,200 steps    17279 feasible sets         0 orders tried  current cost 2
    W_14:  1560s  3,475,284,600 steps    17440 feasible sets         0 orders tried  current cost 10
    W_14:  1575s  3,509,288,000 steps    17585 feasible sets         0 orders tried  current cost 6
    W_14:  1590s  3,543,372,600 steps    17796 feasible sets         0 orders tried  current cost 2
    W_14:  1605s  3,577,464,800 steps    17950 feasible sets         0 orders tried  current cost 3
    W_14:  1620s  3,611,869,000 steps    18150 feasible sets         0 orders tried  current cost 3
    W_14:  1635s  3,646,372,600 steps    18320 feasible sets         0 orders tried  current cost 2
    W_14:  1650s  3,680,160,800 steps    18516 feasible sets         0 orders tried  current cost 11
    W_14:  1665s  3,714,254,000 steps    18694 feasible sets         0 orders tried  current cost 4
    W_14:  1680s  3,748,586,800 steps    18895 feasible sets         0 orders tried  current cost 3
    W_14:  1695s  3,782,806,400 steps    19067 feasible sets         0 orders tried  current cost 5
    W_14:  1710s  3,817,207,400 steps    19262 feasible sets         0 orders tried  current cost 8
    W_14:  1725s  3,851,215,400 steps    19473 feasible sets         0 orders tried  current cost 1
    W_14:  1740s  3,885,455,000 steps    19631 feasible sets         0 orders tried  current cost 4
    W_14:  1755s  3,919,297,600 steps    19798 feasible sets         0 orders tried  current cost 3
    W_14:  1770s  3,953,471,600 steps    19992 feasible sets         0 orders tried  current cost 3
    W_14:  1785s  3,987,907,000 steps    20187 feasible sets         0 orders tried  current cost 9
    W_14:  1800s  4,022,207,800 steps    20365 feasible sets         0 orders tried  current cost 4
    W_14:  1815s  4,056,483,600 steps    20517 feasible sets         0 orders tried  current cost 12
    W_14:  1830s  4,090,799,400 steps    20694 feasible sets         0 orders tried  current cost 3
    W_14:  1845s  4,124,644,400 steps    20871 feasible sets         0 orders tried  current cost 7
    W_14:  1860s  4,158,415,000 steps    21052 feasible sets         0 orders tried  current cost 4
    W_14:  1875s  4,192,492,600 steps    21219 feasible sets         0 orders tried  current cost 1
    W_14:  1890s  4,226,679,800 steps    21401 feasible sets         0 orders tried  current cost 3
    W_14:  1905s  4,260,815,800 steps    21590 feasible sets         0 orders tried  current cost 4
    W_14:  1920s  4,295,072,200 steps    21754 feasible sets         0 orders tried  current cost 5
    W_14:  1935s  4,329,294,600 steps    21933 feasible sets         0 orders tried  current cost 5
    W_14:  1950s  4,363,891,400 steps    22142 feasible sets         0 orders tried  current cost 3
    W_14:  1965s  4,398,231,200 steps    22335 feasible sets         0 orders tried  current cost 2
    W_14:  1980s  4,432,787,000 steps    22502 feasible sets         0 orders tried  current cost 7
    W_14:  1995s  4,466,680,600 steps    22645 feasible sets         0 orders tried  current cost 13
    W_14:  2010s  4,500,879,200 steps    22799 feasible sets         0 orders tried  current cost 4
    W_14:  2025s  4,534,589,400 steps    22971 feasible sets         0 orders tried  current cost 3
    W_14:  2040s  4,568,800,800 steps    23165 feasible sets         0 orders tried  current cost 13
    W_14:  2055s  4,602,598,800 steps    23364 feasible sets         0 orders tried  current cost 3
    W_14:  2070s  4,636,763,400 steps    23515 feasible sets         0 orders tried  current cost 11
    W_14:  2085s  4,671,145,400 steps    23653 feasible sets         0 orders tried  current cost 10
    W_14:  2100s  4,705,376,000 steps    23841 feasible sets         0 orders tried  current cost 1
    W_14:  2115s  4,739,362,800 steps    24022 feasible sets         0 orders tried  current cost 6
    W_14:  2130s  4,773,581,400 steps    24185 feasible sets         0 orders tried  current cost 16
    W_14:  2145s  4,807,538,000 steps    24346 feasible sets         0 orders tried  current cost 3
    W_14:  2160s  4,841,948,600 steps    24540 feasible sets         0 orders tried  current cost 5
    W_14:  2175s  4,876,148,400 steps    24695 feasible sets         0 orders tried  current cost 6
    W_14:  2190s  4,909,233,400 steps    24874 feasible sets         0 orders tried  current cost 3
    W_14:  2205s  4,942,144,600 steps    25009 feasible sets         0 orders tried  current cost 8
    W_14:  2220s  4,951,207,800 steps    25065 feasible sets         0 orders tried  current cost 2
    W_14:  2235s  4,983,761,800 steps    25212 feasible sets         0 orders tried  current cost 19
    W_14:  2250s  5,018,057,200 steps    25391 feasible sets         0 orders tried  current cost 3
    W_14:  2265s  5,052,634,000 steps    25540 feasible sets         0 orders tried  current cost 5
    W_14:  2280s  5,086,791,800 steps    25695 feasible sets         0 orders tried  current cost 3
    W_14:  2295s  5,121,271,000 steps    25843 feasible sets         0 orders tried  current cost 4
    W_14:  2310s  5,155,515,200 steps    26028 feasible sets         0 orders tried  current cost 3
    W_14:  2325s  5,189,788,000 steps    26145 feasible sets         0 orders tried  current cost 6
    W_14:  2340s  5,224,002,800 steps    26330 feasible sets         0 orders tried  current cost 12
    W_14:  2355s  5,258,095,800 steps    26499 feasible sets         0 orders tried  current cost 1
    W_14:  2370s  5,292,061,800 steps    26659 feasible sets         0 orders tried  current cost 10
    W_14:  2385s  5,325,806,800 steps    26843 feasible sets         0 orders tried  current cost 7
    W_14:  2400s  5,360,126,400 steps    27027 feasible sets         0 orders tried  current cost 8
    W_14:  2415s  5,394,519,200 steps    27198 feasible sets         0 orders tried  current cost 3
    W_14:  2430s  5,428,687,800 steps    27343 feasible sets         0 orders tried  current cost 6
    W_14:  2445s  5,463,106,000 steps    27513 feasible sets         0 orders tried  current cost 7
    W_14:  2460s  5,497,358,800 steps    27731 feasible sets         0 orders tried  current cost 4
    W_14:  2475s  5,531,541,600 steps    27899 feasible sets         0 orders tried  current cost 11
    W_14:  2490s  5,565,051,000 steps    28096 feasible sets         0 orders tried  current cost 1
    W_14:  2505s  5,599,216,600 steps    28287 feasible sets         0 orders tried  current cost 4
    W_14:  2520s  5,633,443,600 steps    28472 feasible sets         0 orders tried  current cost 13
    W_14:  2535s  5,667,489,800 steps    28610 feasible sets         0 orders tried  current cost 5
    W_14:  2550s  5,701,468,000 steps    28801 feasible sets         0 orders tried  current cost 5
    W_14:  2565s  5,735,727,600 steps    28983 feasible sets         0 orders tried  current cost 7
    W_14:  2580s  5,770,067,800 steps    29154 feasible sets         0 orders tried  current cost 6
    W_14:  2595s  5,804,202,600 steps    29314 feasible sets         0 orders tried  current cost 15
    W_14:  2610s  5,838,764,400 steps    29487 feasible sets         0 orders tried  current cost 14
    W_14:  2625s  5,872,818,200 steps    29698 feasible sets         0 orders tried  current cost 4
    W_14:  2640s  5,907,058,600 steps    29954 feasible sets         0 orders tried  current cost 3
    W_14:  2655s  5,941,242,200 steps    30132 feasible sets         0 orders tried  current cost 8
    W_14:  2670s  5,975,444,800 steps    30307 feasible sets         0 orders tried  current cost 7
    W_14:  2685s  6,009,436,400 steps    30464 feasible sets         0 orders tried  current cost 2
    W_14:  2700s  6,043,561,000 steps    30638 feasible sets         0 orders tried  current cost 9
    W_14:  2715s  6,077,801,000 steps    30798 feasible sets         0 orders tried  current cost 19
    W_14:  2730s  6,112,148,600 steps    30949 feasible sets         0 orders tried  current cost 1
    W_14:  2745s  6,146,322,000 steps    31090 feasible sets         0 orders tried  current cost 12
    W_14:  2760s  6,180,682,200 steps    31262 feasible sets         0 orders tried  current cost 13
    W_14:  2775s  6,214,472,000 steps    31441 feasible sets         0 orders tried  current cost 5
    W_14:  2790s  6,248,715,600 steps    31576 feasible sets         0 orders tried  current cost 3
    W_14:  2805s  6,282,890,600 steps    31721 feasible sets         0 orders tried  current cost 4
    W_14:  2820s  6,316,920,000 steps    31872 feasible sets         0 orders tried  current cost 1
    W_14:  2835s  6,351,375,800 steps    32058 feasible sets         0 orders tried  current cost 4
    W_14:  2850s  6,385,632,600 steps    32202 feasible sets         0 orders tried  current cost 6
    W_14:  2865s  6,419,655,200 steps    32372 feasible sets         0 orders tried  current cost 5
    W_14:  2880s  6,453,407,800 steps    32562 feasible sets         0 orders tried  current cost 8
    W_14:  2895s  6,487,267,400 steps    32713 feasible sets         0 orders tried  current cost 4
    W_14:  2910s  6,521,332,400 steps    32885 feasible sets         0 orders tried  current cost 4
    W_14:  2925s  6,555,522,200 steps    33082 feasible sets         0 orders tried  current cost 16
    W_14:  2940s  6,589,700,200 steps    33262 feasible sets         0 orders tried  current cost 9
    W_14:  2955s  6,623,923,000 steps    33434 feasible sets         0 orders tried  current cost 8
    W_14:  2970s  6,658,170,800 steps    33574 feasible sets         0 orders tried  current cost 4
    W_14:  2985s  6,692,620,600 steps    33725 feasible sets         0 orders tried  current cost 17
    W_14:  3000s  6,726,757,200 steps    33874 feasible sets         0 orders tried  current cost 4
    W_14:  3015s  6,760,926,200 steps    34055 feasible sets         0 orders tried  current cost 5
    W_14:  3030s  6,795,131,800 steps    34235 feasible sets         0 orders tried  current cost 4
    W_14:  3045s  6,829,394,000 steps    34408 feasible sets         0 orders tried  current cost 5
    W_14:  3060s  6,863,641,200 steps    34593 feasible sets         0 orders tried  current cost 11
    W_14:  3075s  6,897,881,800 steps    34793 feasible sets         0 orders tried  current cost 10
    W_14:  3090s  6,932,195,200 steps    34949 feasible sets         0 orders tried  current cost 3
    W_14:  3105s  6,966,906,000 steps    35144 feasible sets         0 orders tried  current cost 9
    W_14:  3120s  7,001,388,800 steps    35295 feasible sets         0 orders tried  current cost 4
    W_14:  3135s  7,036,022,200 steps    35453 feasible sets         0 orders tried  current cost 10
    W_14:  3150s  7,070,280,000 steps    35656 feasible sets         0 orders tried  current cost 3
    W_14:  3165s  7,104,657,200 steps    35885 feasible sets         0 orders tried  current cost 2
    W_14:  3180s  7,138,737,000 steps    36038 feasible sets         0 orders tried  current cost 3
    W_14:  3195s  7,173,114,800 steps    36209 feasible sets         0 orders tried  current cost 2
    W_14:  3210s  7,207,203,800 steps    36403 feasible sets         0 orders tried  current cost 10
    W_14:  3225s  7,241,646,600 steps    36569 feasible sets         0 orders tried  current cost 9
    W_14:  3240s  7,275,989,200 steps    36735 feasible sets         0 orders tried  current cost 1
    W_14:  3255s  7,310,515,600 steps    36910 feasible sets         0 orders tried  current cost 3
    W_14:  3270s  7,345,059,000 steps    37077 feasible sets         0 orders tried  current cost 1
    W_14:  3285s  7,379,030,000 steps    37211 feasible sets         0 orders tried  current cost 3
    W_14:  3300s  7,413,305,200 steps    37425 feasible sets         0 orders tried  current cost 9
    W_14:  3315s  7,447,607,400 steps    37616 feasible sets         0 orders tried  current cost 7
    W_14:  3330s  7,481,710,000 steps    37781 feasible sets         0 orders tried  current cost 3
    W_14:  3345s  7,516,039,800 steps    37973 feasible sets         0 orders tried  current cost 3
    W_14:  3360s  7,549,069,400 steps    38139 feasible sets         0 orders tried  current cost 6
    W_14:  3375s  7,565,801,400 steps    38229 feasible sets         0 orders tried  current cost 11
    W_14:  3390s  7,598,109,000 steps    38347 feasible sets         0 orders tried  current cost 6
    W_14:  3405s  7,631,927,800 steps    38510 feasible sets         0 orders tried  current cost 2
    W_14:  3420s  7,666,378,800 steps    38713 feasible sets         0 orders tried  current cost 3
    W_14:  3435s  7,700,874,400 steps    38870 feasible sets         0 orders tried  current cost 2
    W_14:  3450s  7,735,253,400 steps    39058 feasible sets         0 orders tried  current cost 3
    W_14:  3465s  7,769,941,400 steps    39209 feasible sets         0 orders tried  current cost 14
    W_14:  3480s  7,804,084,400 steps    39364 feasible sets         0 orders tried  current cost 10
    W_14:  3495s  7,838,595,800 steps    39556 feasible sets         0 orders tried  current cost 1
    W_14:  3510s  7,872,688,200 steps    39741 feasible sets         0 orders tried  current cost 6
    W_14:  3525s  7,906,566,800 steps    39938 feasible sets         0 orders tried  current cost 6
    W_14:  3540s  7,941,081,800 steps    40105 feasible sets         0 orders tried  current cost 14
    W_14:  3555s  7,975,529,600 steps    40264 feasible sets         0 orders tried  current cost 4
    W_14:  3570s  8,009,784,200 steps    40462 feasible sets         0 orders tried  current cost 11
    W_14:  3585s  8,043,704,800 steps    40663 feasible sets         0 orders tried  current cost 8
    W_14:  3600s  8,078,067,600 steps    40820 feasible sets         0 orders tried  current cost 8
    W_14:  3615s  8,112,484,200 steps    41003 feasible sets         0 orders tried  current cost 12
    W_14:  3630s  8,146,967,200 steps    41189 feasible sets         0 orders tried  current cost 6
    W_14:  3645s  8,181,233,400 steps    41363 feasible sets         0 orders tried  current cost 3
    W_14:  3660s  8,215,555,800 steps    41546 feasible sets         0 orders tried  current cost 3
    W_14:  3675s  8,249,576,400 steps    41716 feasible sets         0 orders tried  current cost 3
    W_14:  3690s  8,283,689,000 steps    41933 feasible sets         0 orders tried  current cost 2
    W_14:  3705s  8,317,707,000 steps    42092 feasible sets         0 orders tried  current cost 6
    W_14:  3720s  8,352,024,200 steps    42307 feasible sets         0 orders tried  current cost 16
    W_14:  3735s  8,386,398,200 steps    42517 feasible sets         0 orders tried  current cost 3
    W_14:  3750s  8,420,540,000 steps    42672 feasible sets         0 orders tried  current cost 1
    W_14:  3765s  8,454,574,000 steps    42877 feasible sets         0 orders tried  current cost 4
    W_14:  3780s  8,489,179,400 steps    43051 feasible sets         0 orders tried  current cost 2
    W_14:  3795s  8,523,545,000 steps    43210 feasible sets         0 orders tried  current cost 9
    W_14:  3810s  8,558,098,000 steps    43429 feasible sets         0 orders tried  current cost 4
    W_14:  3825s  8,592,378,600 steps    43617 feasible sets         0 orders tried  current cost 2
    W_14:  3840s  8,626,592,600 steps    43765 feasible sets         0 orders tried  current cost 3
    W_14:  3855s  8,660,983,600 steps    43974 feasible sets         0 orders tried  current cost 11
    W_14:  3870s  8,695,371,800 steps    44125 feasible sets         0 orders tried  current cost 5
    W_14:  3885s  8,729,794,800 steps    44305 feasible sets         0 orders tried  current cost 2
    W_14:  3900s  8,763,376,600 steps    44475 feasible sets         0 orders tried  current cost 2
    W_14:  3915s  8,797,602,200 steps    44655 feasible sets         0 orders tried  current cost 13
    W_14:  3930s  8,831,540,200 steps    44809 feasible sets         0 orders tried  current cost 12
    W_14:  3945s  8,865,763,200 steps    44976 feasible sets         0 orders tried  current cost 12
    W_14:  3960s  8,899,972,400 steps    45137 feasible sets         0 orders tried  current cost 4
    W_14:  3975s  8,934,358,800 steps    45309 feasible sets         0 orders tried  current cost 3
    W_14:  3990s  8,968,646,600 steps    45473 feasible sets         0 orders tried  current cost 13
    W_14:  4005s  9,002,763,600 steps    45625 feasible sets         0 orders tried  current cost 7
    W_14:  4020s  9,036,776,400 steps    45798 feasible sets         0 orders tried  current cost 2
    W_14:  4035s  9,070,982,000 steps    45984 feasible sets         0 orders tried  current cost 14
    W_14:  4050s  9,105,323,400 steps    46185 feasible sets         0 orders tried  current cost 9
    W_14:  4065s  9,139,513,800 steps    46399 feasible sets         0 orders tried  current cost 4
    W_14:  4080s  9,174,045,400 steps    46616 feasible sets         0 orders tried  current cost 5
    W_14:  4095s  9,208,350,600 steps    46808 feasible sets         0 orders tried  current cost 3
    W_14:  4110s  9,242,730,400 steps    47028 feasible sets         0 orders tried  current cost 4
    W_14:  4125s  9,276,907,400 steps    47218 feasible sets         0 orders tried  current cost 4
    W_14:  4140s  9,310,953,000 steps    47413 feasible sets         0 orders tried  current cost 3
    W_14:  4155s  9,345,196,200 steps    47566 feasible sets         0 orders tried  current cost 3
    W_14:  4170s  9,379,428,200 steps    47769 feasible sets         0 orders tried  current cost 6
    W_14:  4185s  9,413,538,600 steps    47955 feasible sets         0 orders tried  current cost 2
    W_14:  4200s  9,447,927,800 steps    48092 feasible sets         0 orders tried  current cost 7
    W_14:  4215s  9,482,246,800 steps    48243 feasible sets         0 orders tried  current cost 7
    W_14:  4230s  9,516,515,800 steps    48419 feasible sets         0 orders tried  current cost 3
    W_14:  4245s  9,550,771,600 steps    48555 feasible sets         0 orders tried  current cost 3
    W_14:  4260s  9,585,113,400 steps    48747 feasible sets         0 orders tried  current cost 3
    W_14:  4275s  9,619,559,800 steps    48920 feasible sets         0 orders tried  current cost 1
    W_14:  4290s  9,653,656,400 steps    49072 feasible sets         0 orders tried  current cost 3
    W_14:  4305s  9,687,794,600 steps    49223 feasible sets         0 orders tried  current cost 3
    W_14:  4320s  9,722,177,600 steps    49401 feasible sets         0 orders tried  current cost 4
    W_14:  4335s  9,756,403,200 steps    49587 feasible sets         0 orders tried  current cost 9
    W_14:  4350s  9,790,669,800 steps    49774 feasible sets         0 orders tried  current cost 5
    W_14:  4365s  9,825,070,200 steps    49958 feasible sets         0 orders tried  current cost 5
    W_14:  4380s  9,859,735,600 steps    50141 feasible sets         0 orders tried  current cost 1
    W_14:  4395s  9,894,322,600 steps    50315 feasible sets         0 orders tried  current cost 11
    W_14:  4410s  9,928,882,800 steps    50497 feasible sets         0 orders tried  current cost 17
    W_14:  4425s  9,962,868,800 steps    50662 feasible sets         0 orders tried  current cost 7
    W_14:  4440s  9,997,270,200 steps    50893 feasible sets         0 orders tried  current cost 4
    W_14:  4455s  10,031,482,000 steps    51091 feasible sets         0 orders tried  current cost 10
    W_14:  4470s  10,065,988,600 steps    51287 feasible sets         0 orders tried  current cost 5
    W_14:  4485s  10,099,462,600 steps    51467 feasible sets         0 orders tried  current cost 16
    W_14:  4500s  10,133,756,200 steps    51677 feasible sets         0 orders tried  current cost 3
    W_14:  4515s  10,167,778,200 steps    51874 feasible sets         0 orders tried  current cost 2
    W_14:  4530s  10,185,140,800 steps    51951 feasible sets         0 orders tried  current cost 11
    W_14:  4545s  10,218,438,200 steps    52140 feasible sets         0 orders tried  current cost 3
    W_14:  4560s  10,252,861,000 steps    52288 feasible sets         0 orders tried  current cost 14
    W_14:  4575s  10,286,851,200 steps    52485 feasible sets         0 orders tried  current cost 4
    W_14:  4590s  10,321,072,200 steps    52646 feasible sets         0 orders tried  current cost 4
    W_14:  4605s  10,355,267,000 steps    52793 feasible sets         0 orders tried  current cost 7
    W_14:  4620s  10,389,595,000 steps    52960 feasible sets         0 orders tried  current cost 1
    W_14:  4635s  10,423,561,800 steps    53125 feasible sets         0 orders tried  current cost 15
    W_14:  4650s  10,458,031,200 steps    53318 feasible sets         0 orders tried  current cost 5
    W_14:  4665s  10,492,426,200 steps    53485 feasible sets         0 orders tried  current cost 10
    W_14:  4680s  10,526,847,600 steps    53648 feasible sets         0 orders tried  current cost 6
    W_14:  4695s  10,561,386,800 steps    53837 feasible sets         0 orders tried  current cost 9
    W_14:  4710s  10,595,770,600 steps    53994 feasible sets         0 orders tried  current cost 4
    W_14:  4725s  10,629,718,600 steps    54161 feasible sets         0 orders tried  current cost 3
    W_14:  4740s  10,663,678,600 steps    54328 feasible sets         0 orders tried  current cost 4
    W_14:  4755s  10,697,621,000 steps    54543 feasible sets         0 orders tried  current cost 14
    W_14:  4770s  10,732,030,000 steps    54693 feasible sets         0 orders tried  current cost 4
    W_14:  4785s  10,766,300,400 steps    54863 feasible sets         0 orders tried  current cost 14
    W_14:  4800s  10,800,592,400 steps    55029 feasible sets         0 orders tried  current cost 4
    W_14:  4815s  10,834,901,200 steps    55182 feasible sets         0 orders tried  current cost 17
    W_14:  4830s  10,868,809,200 steps    55353 feasible sets         0 orders tried  current cost 4
    W_14:  4845s  10,902,693,600 steps    55535 feasible sets         0 orders tried  current cost 2
    W_14:  4860s  10,936,978,800 steps    55716 feasible sets         0 orders tried  current cost 3
    W_14:  4875s  10,971,125,000 steps    55887 feasible sets         0 orders tried  current cost 6
    W_14:  4890s  11,005,511,600 steps    56077 feasible sets         0 orders tried  current cost 4
    W_14:  4905s  11,039,570,200 steps    56228 feasible sets         0 orders tried  current cost 4
    W_14:  4920s  11,073,655,400 steps    56406 feasible sets         0 orders tried  current cost 4
    W_14:  4935s  11,107,754,800 steps    56586 feasible sets         0 orders tried  current cost 2
    W_14:  4950s  11,142,173,600 steps    56745 feasible sets         0 orders tried  current cost 3
    W_14:  4965s  11,176,534,200 steps    56919 feasible sets         0 orders tried  current cost 3
    W_14:  4980s  11,210,851,400 steps    57077 feasible sets         0 orders tried  current cost 1
    W_14:  4995s  11,245,078,800 steps    57264 feasible sets         0 orders tried  current cost 3
    W_14:  5010s  11,279,353,400 steps    57481 feasible sets         0 orders tried  current cost 3
    W_14:  5025s  11,313,458,200 steps    57647 feasible sets         0 orders tried  current cost 3
    W_14:  5040s  11,347,816,600 steps    57822 feasible sets         0 orders tried  current cost 4
    W_14:  5055s  11,381,689,200 steps    57970 feasible sets         0 orders tried  current cost 8
    W_14:  5070s  11,415,903,000 steps    58099 feasible sets         0 orders tried  current cost 10
    W_14:  5085s  11,450,020,800 steps    58276 feasible sets         0 orders tried  current cost 17
    W_14:  5100s  11,484,214,800 steps    58441 feasible sets         0 orders tried  current cost 4
    W_14:  5115s  11,518,782,200 steps    58647 feasible sets         0 orders tried  current cost 18
    W_14:  5130s  11,553,178,600 steps    58849 feasible sets         0 orders tried  current cost 2
    W_14:  5145s  11,587,490,200 steps    59029 feasible sets         0 orders tried  current cost 4
    W_14:  5160s  11,621,611,400 steps    59205 feasible sets         0 orders tried  current cost 3
    W_14:  5175s  11,655,811,000 steps    59364 feasible sets         0 orders tried  current cost 5
    W_14:  5190s  11,689,698,200 steps    59517 feasible sets         0 orders tried  current cost 4
    W_14:  5205s  11,723,895,800 steps    59650 feasible sets         0 orders tried  current cost 2
    W_14:  5220s  11,758,027,800 steps    59818 feasible sets         0 orders tried  current cost 3
    W_14:  5235s  11,792,169,600 steps    59971 feasible sets         0 orders tried  current cost 7
    W_14:  5250s  11,826,156,600 steps    60186 feasible sets         0 orders tried  current cost 3
    W_14:  5265s  11,860,244,600 steps    60382 feasible sets         0 orders tried  current cost 14
    W_14:  5280s  11,894,207,200 steps    60568 feasible sets         0 orders tried  current cost 9
    W_14:  5295s  11,928,259,200 steps    60755 feasible sets         0 orders tried  current cost 3
    W_14:  5310s  11,962,261,800 steps    60977 feasible sets         0 orders tried  current cost 13
    W_14:  5325s  11,996,226,600 steps    61161 feasible sets         0 orders tried  current cost 7
    W_14:  5340s  12,030,066,200 steps    61318 feasible sets         0 orders tried  current cost 6
    W_14:  5355s  12,064,055,000 steps    61489 feasible sets         0 orders tried  current cost 2
    W_14:  5370s  12,098,217,200 steps    61652 feasible sets         0 orders tried  current cost 4
    W_14:  5385s  12,132,440,000 steps    61819 feasible sets         0 orders tried  current cost 3
    W_14:  5400s  12,166,299,000 steps    62002 feasible sets         0 orders tried  current cost 3
    W_14:  5415s  12,200,806,000 steps    62202 feasible sets         0 orders tried  current cost 7
    W_14:  5430s  12,234,971,200 steps    62365 feasible sets         0 orders tried  current cost 5
    W_14:  5445s  12,268,950,000 steps    62506 feasible sets         0 orders tried  current cost 2
    W_14:  5460s  12,303,291,800 steps    62669 feasible sets         0 orders tried  current cost 5
    W_14:  5475s  12,337,386,800 steps    62833 feasible sets         0 orders tried  current cost 11
    W_14:  5490s  12,371,542,200 steps    63063 feasible sets         0 orders tried  current cost 8
    W_14:  5505s  12,405,506,800 steps    63206 feasible sets         0 orders tried  current cost 7
    W_14:  5520s  12,439,635,000 steps    63404 feasible sets         0 orders tried  current cost 1
    W_14:  5535s  12,473,985,400 steps    63568 feasible sets         0 orders tried  current cost 7
    W_14:  5550s  12,508,142,600 steps    63742 feasible sets         0 orders tried  current cost 10
    W_14:  5565s  12,542,547,000 steps    63903 feasible sets         0 orders tried  current cost 6
    W_14:  5580s  12,576,544,800 steps    64063 feasible sets         0 orders tried  current cost 10
    W_14:  5595s  12,607,454,200 steps    64210 feasible sets         0 orders tried  current cost 3
    W_14:  5610s  12,635,965,400 steps    64324 feasible sets         0 orders tried  current cost 8
    W_14:  5625s  12,666,606,200 steps    64537 feasible sets         0 orders tried  current cost 8
    W_14:  5640s  12,698,383,200 steps    64727 feasible sets         0 orders tried  current cost 7
    W_14:  5655s  12,731,883,800 steps    64958 feasible sets         0 orders tried  current cost 12
    W_14:  5670s  12,763,373,600 steps    65085 feasible sets         0 orders tried  current cost 3
    W_14:  5685s  12,789,611,200 steps    65188 feasible sets         0 orders tried  current cost 4
    W_14:  5700s  12,800,494,000 steps    65242 feasible sets         0 orders tried  current cost 4
    W_14:  5715s  12,832,515,800 steps    65402 feasible sets         0 orders tried  current cost 1
    W_14:  5730s  12,867,061,600 steps    65565 feasible sets         0 orders tried  current cost 13
    W_14:  5745s  12,901,435,600 steps    65757 feasible sets         0 orders tried  current cost 4
    W_14:  5760s  12,934,042,600 steps    65955 feasible sets         0 orders tried  current cost 11
    W_14:  5775s  12,965,225,400 steps    66137 feasible sets         0 orders tried  current cost 9
    W_14:  5790s  12,995,523,800 steps    66315 feasible sets         0 orders tried  current cost 8
    W_14:  5805s  13,026,346,800 steps    66459 feasible sets         0 orders tried  current cost 9
    W_14:  5820s  13,059,509,800 steps    66613 feasible sets         0 orders tried  current cost 4
    W_14:  5835s  13,092,658,000 steps    66757 feasible sets         0 orders tried  current cost 1
    W_14:  5850s  13,126,510,000 steps    66898 feasible sets         0 orders tried  current cost 6
    W_14:  5865s  13,159,795,800 steps    67039 feasible sets         0 orders tried  current cost 3
    W_14:  5880s  13,193,806,000 steps    67217 feasible sets         0 orders tried  current cost 6
    W_14:  5895s  13,226,694,800 steps    67392 feasible sets         0 orders tried  current cost 4
    W_14:  5910s  13,260,281,000 steps    67551 feasible sets         0 orders tried  current cost 9
    W_14:  5925s  13,294,714,200 steps    67737 feasible sets         0 orders tried  current cost 2
    W_14:  5940s  13,328,910,000 steps    67924 feasible sets         0 orders tried  current cost 7
    W_14:  5955s  13,363,003,800 steps    68088 feasible sets         0 orders tried  current cost 13
    W_14:  5970s  13,396,893,200 steps    68299 feasible sets         0 orders tried  current cost 3
    W_14:  5985s  13,431,031,600 steps    68502 feasible sets         0 orders tried  current cost 2
    W_14:  6000s  13,465,101,800 steps    68668 feasible sets         0 orders tried  current cost 12
    W_14:  6015s  13,499,205,800 steps    68824 feasible sets         0 orders tried  current cost 9
    W_14:  6030s  13,533,241,200 steps    68975 feasible sets         0 orders tried  current cost 14
    W_14:  6045s  13,567,237,400 steps    69154 feasible sets         0 orders tried  current cost 1
    W_14:  6060s  13,601,400,600 steps    69291 feasible sets         0 orders tried  current cost 13
    W_14:  6075s  13,635,673,600 steps    69503 feasible sets         0 orders tried  current cost 3
    W_14:  6090s  13,670,077,600 steps    69670 feasible sets         0 orders tried  current cost 3
    W_14:  6105s  13,703,988,800 steps    69859 feasible sets         0 orders tried  current cost 4
    W_14:  6120s  13,738,383,600 steps    70001 feasible sets         0 orders tried  current cost 11
    W_14:  6135s  13,772,454,200 steps    70174 feasible sets         0 orders tried  current cost 4
    W_14:  6150s  13,806,766,800 steps    70354 feasible sets         0 orders tried  current cost 5
    W_14:  6165s  13,840,972,800 steps    70550 feasible sets         0 orders tried  current cost 5
    W_14:  6180s  13,875,381,800 steps    70730 feasible sets         0 orders tried  current cost 12
    W_14:  6195s  13,909,756,400 steps    70911 feasible sets         0 orders tried  current cost 3
    W_14:  6210s  13,943,623,600 steps    71075 feasible sets         0 orders tried  current cost 12
    W_14:  6225s  13,977,409,600 steps    71246 feasible sets         0 orders tried  current cost 4
    W_14:  6240s  14,011,963,800 steps    71418 feasible sets         0 orders tried  current cost 12
    W_14:  6255s  14,046,071,200 steps    71587 feasible sets         0 orders tried  current cost 5
    W_14:  6270s  14,080,577,400 steps    71779 feasible sets         0 orders tried  current cost 4
    W_14:  6285s  14,114,327,200 steps    71953 feasible sets         0 orders tried  current cost 6
    W_14:  6300s  14,148,571,400 steps    72136 feasible sets         0 orders tried  current cost 5
    W_14:  6315s  14,182,491,800 steps    72328 feasible sets         0 orders tried  current cost 5
    W_14:  6330s  14,216,632,200 steps    72504 feasible sets         0 orders tried  current cost 3
    W_14:  6345s  14,250,960,800 steps    72692 feasible sets         0 orders tried  current cost 12
    W_14:  6360s  14,285,000,400 steps    72910 feasible sets         0 orders tried  current cost 23
    W_14:  6375s  14,319,213,200 steps    73068 feasible sets         0 orders tried  current cost 3
    W_14:  6390s  14,353,500,600 steps    73248 feasible sets         0 orders tried  current cost 10
    W_14:  6405s  14,387,779,200 steps    73417 feasible sets         0 orders tried  current cost 2
    W_14:  6420s  14,421,722,000 steps    73576 feasible sets         0 orders tried  current cost 15
    W_14:  6435s  14,456,214,400 steps    73801 feasible sets         0 orders tried  current cost 4
    W_14:  6450s  14,490,860,400 steps    73968 feasible sets         0 orders tried  current cost 11
    W_14:  6465s  14,525,283,800 steps    74162 feasible sets         0 orders tried  current cost 9
    W_14:  6480s  14,559,491,000 steps    74349 feasible sets         0 orders tried  current cost 3
    W_14:  6495s  14,593,795,800 steps    74543 feasible sets         0 orders tried  current cost 2
    W_14:  6510s  14,627,611,000 steps    74735 feasible sets         0 orders tried  current cost 4
    W_14:  6525s  14,662,057,200 steps    74893 feasible sets         0 orders tried  current cost 2
    W_14:  6540s  14,696,725,400 steps    75077 feasible sets         0 orders tried  current cost 7
    W_14:  6555s  14,731,082,800 steps    75228 feasible sets         0 orders tried  current cost 12
    W_14:  6570s  14,765,486,200 steps    75375 feasible sets         0 orders tried  current cost 9
    W_14:  6585s  14,799,810,400 steps    75545 feasible sets         0 orders tried  current cost 4
    W_14:  6600s  14,833,971,400 steps    75724 feasible sets         0 orders tried  current cost 2
    W_14:  6615s  14,868,189,400 steps    75857 feasible sets         0 orders tried  current cost 5
    W_14:  6630s  14,902,142,000 steps    76052 feasible sets         0 orders tried  current cost 11
    W_14:  6645s  14,936,438,000 steps    76238 feasible sets         0 orders tried  current cost 4
    W_14:  6660s  14,967,963,600 steps    76415 feasible sets         0 orders tried  current cost 17
    W_14:  6675s  14,999,439,200 steps    76605 feasible sets         0 orders tried  current cost 5
    W_14:  6690s  15,030,760,600 steps    76768 feasible sets         0 orders tried  current cost 12
    W_14:  6705s  15,063,397,600 steps    76925 feasible sets         0 orders tried  current cost 3
    W_14:  6720s  15,097,437,000 steps    77108 feasible sets         0 orders tried  current cost 2
    W_14:  6735s  15,131,331,200 steps    77284 feasible sets         0 orders tried  current cost 1
    W_14:  6750s  15,165,168,800 steps    77465 feasible sets         0 orders tried  current cost 6
    W_14:  6765s  15,198,182,000 steps    77661 feasible sets         0 orders tried  current cost 13
    W_14:  6780s  15,232,427,200 steps    77835 feasible sets         0 orders tried  current cost 10
    W_14:  6795s  15,266,545,000 steps    78015 feasible sets         0 orders tried  current cost 5
    W_14:  6810s  15,301,017,600 steps    78180 feasible sets         0 orders tried  current cost 2
    W_14:  6825s  15,334,099,200 steps    78371 feasible sets         0 orders tried  current cost 1
    W_14:  6840s  15,367,949,400 steps    78514 feasible sets         0 orders tried  current cost 7
    W_14:  6855s  15,402,136,400 steps    78671 feasible sets         0 orders tried  current cost 3
    W_14:  6870s  15,436,297,800 steps    78816 feasible sets         0 orders tried  current cost 2
    W_14:  6885s  15,470,076,200 steps    78995 feasible sets         0 orders tried  current cost 2
    W_14:  6900s  15,504,055,800 steps    79143 feasible sets         0 orders tried  current cost 1
    W_14:  6915s  15,538,721,400 steps    79332 feasible sets         0 orders tried  current cost 13
    W_14:  6930s  15,572,829,600 steps    79506 feasible sets         0 orders tried  current cost 4
    W_14:  6945s  15,607,226,800 steps    79690 feasible sets         0 orders tried  current cost 8
    W_14:  6960s  15,641,256,400 steps    79840 feasible sets         0 orders tried  current cost 2
    W_14:  6975s  15,675,428,600 steps    80023 feasible sets         0 orders tried  current cost 5
    W_14:  6990s  15,709,301,600 steps    80196 feasible sets         0 orders tried  current cost 15
    W_14:  7005s  15,743,152,200 steps    80345 feasible sets         0 orders tried  current cost 5
    W_14:  7020s  15,777,305,600 steps    80504 feasible sets         0 orders tried  current cost 7
    W_14:  7035s  15,811,589,000 steps    80667 feasible sets         0 orders tried  current cost 7
    W_14:  7050s  15,845,395,000 steps    80792 feasible sets         0 orders tried  current cost 4
    W_14:  7065s  15,879,356,400 steps    80954 feasible sets         0 orders tried  current cost 1
    W_14:  7080s  15,913,742,200 steps    81138 feasible sets         0 orders tried  current cost 8
    W_14:  7095s  15,947,868,000 steps    81315 feasible sets         0 orders tried  current cost 7
    W_14:  7110s  15,982,019,400 steps    81480 feasible sets         0 orders tried  current cost 3
    W_14:  7125s  16,016,183,400 steps    81680 feasible sets         0 orders tried  current cost 11
    W_14:  7140s  16,050,023,200 steps    81834 feasible sets         0 orders tried  current cost 9
    W_14:  7155s  16,083,942,400 steps    81999 feasible sets         0 orders tried  current cost 9
    W_14:  7170s  16,117,907,600 steps    82163 feasible sets         0 orders tried  current cost 6
    W_14:  7185s  16,152,280,000 steps    82321 feasible sets         0 orders tried  current cost 3
    W_14:  7200s  16,186,282,800 steps    82484 feasible sets         0 orders tried  current cost 9
    W_14:  7215s  16,220,348,000 steps    82660 feasible sets         0 orders tried  current cost 5
    W_14:  7230s  16,254,575,600 steps    82840 feasible sets         0 orders tried  current cost 2
    W_14:  7245s  16,288,718,600 steps    82994 feasible sets         0 orders tried  current cost 3
    W_14:  7260s  16,322,812,400 steps    83167 feasible sets         0 orders tried  current cost 4
    W_14:  7275s  16,357,050,800 steps    83374 feasible sets         0 orders tried  current cost 2
    W_14:  7290s  16,390,818,400 steps    83575 feasible sets         0 orders tried  current cost 2
    W_14:  7305s  16,424,758,600 steps    83765 feasible sets         0 orders tried  current cost 1
    W_14:  7320s  16,458,771,400 steps    83907 feasible sets         0 orders tried  current cost 5
    W_14:  7335s  16,492,982,600 steps    84076 feasible sets         0 orders tried  current cost 3
    W_14:  7350s  16,527,335,200 steps    84244 feasible sets         0 orders tried  current cost 3
    W_14:  7365s  16,561,711,000 steps    84416 feasible sets         0 orders tried  current cost 5
    W_14:  7380s  16,595,846,000 steps    84565 feasible sets         0 orders tried  current cost 10
    W_14:  7395s  16,629,966,400 steps    84731 feasible sets         0 orders tried  current cost 10
    W_14:  7410s  16,663,895,000 steps    84901 feasible sets         0 orders tried  current cost 3
    W_14:  7425s  16,698,110,200 steps    85060 feasible sets         0 orders tried  current cost 5
    W_14:  7440s  16,732,163,400 steps    85230 feasible sets         0 orders tried  current cost 11
    W_14:  7455s  16,766,285,600 steps    85449 feasible sets         0 orders tried  current cost 5
    W_14:  7470s  16,800,540,400 steps    85612 feasible sets         0 orders tried  current cost 16
    W_14:  7485s  16,834,881,200 steps    85788 feasible sets         0 orders tried  current cost 11
    W_14:  7500s  16,869,007,200 steps    85954 feasible sets         0 orders tried  current cost 6
    W_14:  7515s  16,902,996,400 steps    86141 feasible sets         0 orders tried  current cost 2
    W_14:  7530s  16,937,252,400 steps    86297 feasible sets         0 orders tried  current cost 7
    W_14:  7545s  16,971,725,800 steps    86454 feasible sets         0 orders tried  current cost 9
    W_14:  7560s  17,005,797,200 steps    86610 feasible sets         0 orders tried  current cost 4
    W_14:  7575s  17,039,989,200 steps    86742 feasible sets         0 orders tried  current cost 4
    W_14:  7590s  17,074,178,600 steps    86931 feasible sets         0 orders tried  current cost 3
    W_14:  7605s  17,108,425,600 steps    87071 feasible sets         0 orders tried  current cost 7
    W_14:  7620s  17,142,661,400 steps    87222 feasible sets         0 orders tried  current cost 13
    W_14:  7635s  17,176,927,600 steps    87387 feasible sets         0 orders tried  current cost 4
    W_14:  7650s  17,211,187,600 steps    87529 feasible sets         0 orders tried  current cost 7
    W_14:  7665s  17,245,734,600 steps    87702 feasible sets         0 orders tried  current cost 2
    W_14:  7680s  17,279,727,800 steps    87886 feasible sets         0 orders tried  current cost 7
    W_14:  7695s  17,313,698,800 steps    88083 feasible sets         0 orders tried  current cost 2
    W_14:  7710s  17,347,854,000 steps    88283 feasible sets         0 orders tried  current cost 3
    W_14:  7725s  17,382,168,000 steps    88476 feasible sets         0 orders tried  current cost 8
    W_14:  7740s  17,416,557,800 steps    88632 feasible sets         0 orders tried  current cost 4
    W_14:  7755s  17,450,877,800 steps    88818 feasible sets         0 orders tried  current cost 3
    W_14:  7770s  17,484,723,800 steps    88918 feasible sets         0 orders tried  current cost 7
    W_14:  7785s  17,519,051,200 steps    89078 feasible sets         0 orders tried  current cost 5
    W_14:  7800s  17,553,579,200 steps    89253 feasible sets         0 orders tried  current cost 3
    W_14:  7815s  17,587,768,600 steps    89432 feasible sets         0 orders tried  current cost 7
    W_14:  7830s  17,622,137,600 steps    89601 feasible sets         0 orders tried  current cost 3
    W_14:  7845s  17,656,491,400 steps    89723 feasible sets         0 orders tried  current cost 3
    W_14:  7860s  17,691,055,400 steps    89872 feasible sets         0 orders tried  current cost 4
    W_14:  7875s  17,725,172,200 steps    90036 feasible sets         0 orders tried  current cost 4
    W_14:  7890s  17,755,804,000 steps    90206 feasible sets         0 orders tried  current cost 8
    W_14:  7905s  17,785,122,000 steps    90382 feasible sets         0 orders tried  current cost 9
    W_14:  7920s  17,815,771,800 steps    90535 feasible sets         0 orders tried  current cost 5
    W_14:  7935s  17,847,260,800 steps    90682 feasible sets         0 orders tried  current cost 11
    W_14:  7950s  17,881,403,000 steps    90858 feasible sets         0 orders tried  current cost 9
    W_14:  7965s  17,915,866,600 steps    91031 feasible sets         0 orders tried  current cost 12
    W_14:  7980s  17,949,823,000 steps    91236 feasible sets         0 orders tried  current cost 15
    W_14:  7995s  17,984,083,000 steps    91400 feasible sets         0 orders tried  current cost 8
    W_14:  8010s  18,018,561,600 steps    91628 feasible sets         0 orders tried  current cost 14
    W_14:  8025s  18,053,033,400 steps    91808 feasible sets         0 orders tried  current cost 1
    W_14:  8040s  18,087,458,200 steps    92013 feasible sets         0 orders tried  current cost 4
    W_14:  8055s  18,121,799,800 steps    92189 feasible sets         0 orders tried  current cost 3
    W_14:  8070s  18,156,188,200 steps    92362 feasible sets         0 orders tried  current cost 3
    W_14:  8085s  18,190,663,200 steps    92527 feasible sets         0 orders tried  current cost 8
    W_14:  8100s  18,224,959,000 steps    92728 feasible sets         0 orders tried  current cost 2
    W_14:  8115s  18,259,508,400 steps    92879 feasible sets         0 orders tried  current cost 7
    W_14:  8130s  18,293,966,600 steps    92992 feasible sets         0 orders tried  current cost 5
    W_14:  8145s  18,328,255,000 steps    93176 feasible sets         0 orders tried  current cost 1
    W_14:  8160s  18,362,418,200 steps    93354 feasible sets         0 orders tried  current cost 3
    W_14:  8175s  18,396,932,600 steps    93542 feasible sets         0 orders tried  current cost 3
    W_14:  8190s  18,431,355,600 steps    93722 feasible sets         0 orders tried  current cost 1
    W_14:  8205s  18,465,650,600 steps    93929 feasible sets         0 orders tried  current cost 2
    W_14:  8220s  18,500,210,400 steps    94083 feasible sets         0 orders tried  current cost 2
    W_14:  8235s  18,534,327,800 steps    94241 feasible sets         0 orders tried  current cost 3
    W_14:  8250s  18,568,993,200 steps    94399 feasible sets         0 orders tried  current cost 4
    W_14:  8265s  18,603,175,000 steps    94584 feasible sets         0 orders tried  current cost 3
    W_14:  8280s  18,637,344,200 steps    94767 feasible sets         0 orders tried  current cost 10
    W_14:  8295s  18,671,750,400 steps    94962 feasible sets         0 orders tried  current cost 6
    W_14:  8310s  18,706,218,000 steps    95144 feasible sets         0 orders tried  current cost 5
    W_14:  8325s  18,740,560,000 steps    95304 feasible sets         0 orders tried  current cost 2
    W_14:  8340s  18,774,508,400 steps    95507 feasible sets         0 orders tried  current cost 3
    W_14:  8355s  18,808,880,600 steps    95669 feasible sets         0 orders tried  current cost 14
    W_14:  8370s  18,843,047,400 steps    95846 feasible sets         0 orders tried  current cost 4
    W_14:  8385s  18,877,231,800 steps    95992 feasible sets         0 orders tried  current cost 3
    W_14:  8400s  18,911,577,600 steps    96203 feasible sets         0 orders tried  current cost 4
    W_14:  8415s  18,945,880,800 steps    96378 feasible sets         0 orders tried  current cost 12
    W_14:  8430s  18,980,384,800 steps    96573 feasible sets         0 orders tried  current cost 8
    W_14:  8445s  19,014,508,800 steps    96733 feasible sets         0 orders tried  current cost 6
    W_14:  8460s  19,048,856,600 steps    96897 feasible sets         0 orders tried  current cost 3
    W_14:  8475s  19,083,401,200 steps    97068 feasible sets         0 orders tried  current cost 12
    W_14:  8490s  19,117,847,200 steps    97248 feasible sets         0 orders tried  current cost 7
    W_14:  8505s  19,152,132,200 steps    97424 feasible sets         0 orders tried  current cost 2
    W_14:  8520s  19,186,425,200 steps    97557 feasible sets         0 orders tried  current cost 9
    W_14:  8535s  19,220,531,800 steps    97702 feasible sets         0 orders tried  current cost 4
    W_14:  8550s  19,254,587,600 steps    97908 feasible sets         0 orders tried  current cost 5
    W_14:  8565s  19,288,918,600 steps    98095 feasible sets         0 orders tried  current cost 4
    W_14:  8580s  19,322,872,200 steps    98278 feasible sets         0 orders tried  current cost 4
    W_14:  8595s  19,356,370,600 steps    98442 feasible sets         0 orders tried  current cost 5
    W_14:  8610s  19,390,687,000 steps    98625 feasible sets         0 orders tried  current cost 4
    W_14:  8625s  19,424,947,600 steps    98779 feasible sets         0 orders tried  current cost 1
    W_14:  8640s  19,459,240,400 steps    98963 feasible sets         0 orders tried  current cost 19
    W_14:  8655s  19,493,766,000 steps    99103 feasible sets         0 orders tried  current cost 7
    W_14:  8670s  19,528,008,600 steps    99279 feasible sets         0 orders tried  current cost 5
    W_14:  8685s  19,562,155,400 steps    99496 feasible sets         0 orders tried  current cost 4
    W_14:  8700s  19,596,135,200 steps    99700 feasible sets         0 orders tried  current cost 3
    W_14:  8715s  19,630,592,600 steps    99876 feasible sets         0 orders tried  current cost 3
    W_14:  8730s  19,665,076,000 steps   100069 feasible sets         0 orders tried  current cost 1
    W_14:  8745s  19,699,414,000 steps   100241 feasible sets         0 orders tried  current cost 1
    W_14:  8760s  19,733,707,600 steps   100418 feasible sets         0 orders tried  current cost 5
    W_14:  8775s  19,767,711,000 steps   100623 feasible sets         0 orders tried  current cost 4
    W_14:  8790s  19,801,854,800 steps   100833 feasible sets         0 orders tried  current cost 1
    W_14:  8805s  19,836,324,000 steps   100995 feasible sets         0 orders tried  current cost 6
    W_14:  8820s  19,870,342,800 steps   101174 feasible sets         0 orders tried  current cost 17
    W_14:  8835s  19,904,300,800 steps   101350 feasible sets         0 orders tried  current cost 23
    W_14:  8850s  19,938,577,000 steps   101497 feasible sets         0 orders tried  current cost 3
    W_14:  8865s  19,973,009,200 steps   101639 feasible sets         0 orders tried  current cost 4
    W_14:  8880s  20,007,197,400 steps   101854 feasible sets         0 orders tried  current cost 2
    W_14:  8895s  20,041,463,200 steps   102011 feasible sets         0 orders tried  current cost 12
    W_14:  8910s  20,075,945,600 steps   102200 feasible sets         0 orders tried  current cost 5
    W_14:  8925s  20,109,614,800 steps   102361 feasible sets         0 orders tried  current cost 5
    W_14:  8940s  20,144,266,800 steps   102544 feasible sets         0 orders tried  current cost 5
    W_14:  8955s  20,178,513,800 steps   102712 feasible sets         0 orders tried  current cost 2
    W_14:  8970s  20,212,953,400 steps   102875 feasible sets         0 orders tried  current cost 3
    W_14:  8985s  20,247,344,400 steps   103040 feasible sets         0 orders tried  current cost 10
    W_14:  9000s  20,281,152,600 steps   103222 feasible sets         0 orders tried  current cost 2
    W_14:  9015s  20,315,316,000 steps   103393 feasible sets         0 orders tried  current cost 4
    W_14:  9030s  20,349,272,000 steps   103559 feasible sets         0 orders tried  current cost 4
    W_14:  9045s  20,383,787,400 steps   103730 feasible sets         0 orders tried  current cost 6
    W_14:  9060s  20,418,417,600 steps   103917 feasible sets         0 orders tried  current cost 4
    W_14:  9075s  20,452,474,800 steps   104109 feasible sets         0 orders tried  current cost 4
    W_14:  9090s  20,486,751,400 steps   104270 feasible sets         0 orders tried  current cost 3
    W_14:  9105s  20,521,022,400 steps   104456 feasible sets         0 orders tried  current cost 13
    W_14:  9120s  20,555,085,600 steps   104635 feasible sets         0 orders tried  current cost 7
    W_14:  9135s  20,589,095,800 steps   104811 feasible sets         0 orders tried  current cost 4
    W_14:  9150s  20,623,488,600 steps   104998 feasible sets         0 orders tried  current cost 2
    W_14:  9165s  20,657,981,200 steps   105162 feasible sets         0 orders tried  current cost 13
    W_14:  9180s  20,692,614,800 steps   105350 feasible sets         0 orders tried  current cost 1
    W_14:  9195s  20,726,933,600 steps   105486 feasible sets         0 orders tried  current cost 3
    W_14:  9210s  20,761,439,800 steps   105634 feasible sets         0 orders tried  current cost 4
    W_14:  9225s  20,796,441,600 steps   105827 feasible sets         0 orders tried  current cost 16
    W_14:  9240s  20,830,706,400 steps   106000 feasible sets         0 orders tried  current cost 6
    W_14:  9255s  20,865,283,200 steps   106188 feasible sets         0 orders tried  current cost 11
    W_14:  9270s  20,899,737,600 steps   106367 feasible sets         0 orders tried  current cost 3
    W_14:  9285s  20,933,889,200 steps   106570 feasible sets         0 orders tried  current cost 4
    W_14:  9300s  20,968,485,800 steps   106770 feasible sets         0 orders tried  current cost 9
    W_14:  9315s  21,002,845,600 steps   106921 feasible sets         0 orders tried  current cost 6
    W_14:  9330s  21,037,502,200 steps   107094 feasible sets         0 orders tried  current cost 12
    W_14:  9345s  21,071,975,600 steps   107273 feasible sets         0 orders tried  current cost 3
    W_14:  9360s  21,106,219,800 steps   107462 feasible sets         0 orders tried  current cost 3
    W_14:  9375s  21,140,705,800 steps   107638 feasible sets         0 orders tried  current cost 9
    W_14:  9390s  21,175,392,000 steps   107794 feasible sets         0 orders tried  current cost 4
    W_14:  9405s  21,209,749,000 steps   107944 feasible sets         0 orders tried  current cost 5
    W_14:  9420s  21,244,000,600 steps   108144 feasible sets         0 orders tried  current cost 10
    W_14:  9435s  21,278,329,000 steps   108331 feasible sets         0 orders tried  current cost 3
    W_14:  9450s  21,312,728,600 steps   108531 feasible sets         0 orders tried  current cost 7
    W_14:  9465s  21,346,861,400 steps   108693 feasible sets         0 orders tried  current cost 17
    W_14:  9480s  21,381,415,000 steps   108851 feasible sets         0 orders tried  current cost 4
    W_14:  9495s  21,415,879,800 steps   109012 feasible sets         0 orders tried  current cost 4
    W_14:  9510s  21,449,896,400 steps   109157 feasible sets         0 orders tried  current cost 3
    W_14:  9525s  21,484,265,600 steps   109299 feasible sets         0 orders tried  current cost 6
    W_14:  9540s  21,518,827,200 steps   109472 feasible sets         0 orders tried  current cost 6
    W_14:  9555s  21,553,099,800 steps   109648 feasible sets         0 orders tried  current cost 2
    W_14:  9570s  21,586,813,800 steps   109800 feasible sets         0 orders tried  current cost 2
    W_14:  9585s  21,621,206,000 steps   110011 feasible sets         0 orders tried  current cost 6
    W_14:  9600s  21,656,021,600 steps   110171 feasible sets         0 orders tried  current cost 14
    W_14:  9615s  21,690,971,000 steps   110365 feasible sets         0 orders tried  current cost 3
    W_14:  9630s  21,725,567,000 steps   110529 feasible sets         0 orders tried  current cost 7
    W_14:  9645s  21,760,084,400 steps   110680 feasible sets         0 orders tried  current cost 13
    W_14:  9660s  21,794,501,000 steps   110852 feasible sets         0 orders tried  current cost 15
    W_14:  9675s  21,828,838,200 steps   111006 feasible sets         0 orders tried  current cost 1
    W_14:  9690s  21,863,798,200 steps   111160 feasible sets         0 orders tried  current cost 1
    W_14:  9705s  21,897,999,000 steps   111337 feasible sets         0 orders tried  current cost 2
    W_14:  9720s  21,932,655,000 steps   111519 feasible sets         0 orders tried  current cost 4
    W_14:  9735s  21,967,281,400 steps   111687 feasible sets         0 orders tried  current cost 9
    W_14:  9750s  22,001,480,400 steps   111899 feasible sets         0 orders tried  current cost 10
    W_14:  9765s  22,035,711,400 steps   112083 feasible sets         0 orders tried  current cost 4
    W_14:  9780s  22,070,252,400 steps   112278 feasible sets         0 orders tried  current cost 4
    W_14:  9795s  22,104,723,000 steps   112429 feasible sets         0 orders tried  current cost 12
    W_14:  9810s  22,138,773,400 steps   112600 feasible sets         0 orders tried  current cost 5
    W_14:  9825s  22,171,785,400 steps   112757 feasible sets         0 orders tried  current cost 13
    W_14:  9840s  22,205,424,600 steps   112942 feasible sets         0 orders tried  current cost 10
    W_14:  9855s  22,238,570,600 steps   113119 feasible sets         0 orders tried  current cost 5
    W_14:  9870s  22,272,432,200 steps   113272 feasible sets         0 orders tried  current cost 2
    W_14:  9885s  22,305,859,000 steps   113452 feasible sets         0 orders tried  current cost 2
    W_14:  9900s  22,339,054,400 steps   113593 feasible sets         0 orders tried  current cost 4
    W_14:  9915s  22,372,988,600 steps   113726 feasible sets         0 orders tried  current cost 6
    W_14:  9930s  22,406,890,400 steps   113898 feasible sets         0 orders tried  current cost 5
    W_14:  9945s  22,440,891,200 steps   114085 feasible sets         0 orders tried  current cost 3
    W_14:  9960s  22,474,700,200 steps   114288 feasible sets         0 orders tried  current cost 12
    W_14:  9975s  22,508,674,000 steps   114446 feasible sets         0 orders tried  current cost 3
    W_14:  9990s  22,542,902,400 steps   114600 feasible sets         0 orders tried  current cost 12
    W_14: 10005s  22,576,277,200 steps   114774 feasible sets         0 orders tried  current cost 3
    W_14: 10020s  22,609,680,800 steps   114901 feasible sets         0 orders tried  current cost 12
    W_14: 10035s  22,643,712,000 steps   115072 feasible sets         0 orders tried  current cost 3
    W_14: 10050s  22,677,633,800 steps   115238 feasible sets         0 orders tried  current cost 5
    W_14: 10065s  22,711,477,600 steps   115405 feasible sets         0 orders tried  current cost 4
    W_14: 10080s  22,744,987,200 steps   115599 feasible sets         0 orders tried  current cost 6
    W_14: 10095s  22,778,522,600 steps   115786 feasible sets         0 orders tried  current cost 9
    W_14: 10110s  22,812,431,200 steps   115995 feasible sets         0 orders tried  current cost 4
    W_14: 10125s  22,846,066,600 steps   116202 feasible sets         0 orders tried  current cost 7
    W_14: 10140s  22,879,518,200 steps   116350 feasible sets         0 orders tried  current cost 2
    W_14: 10155s  22,913,613,600 steps   116531 feasible sets         0 orders tried  current cost 2
    W_14: 10170s  22,947,169,800 steps   116655 feasible sets         0 orders tried  current cost 3
    W_14: 10185s  22,980,438,600 steps   116794 feasible sets         0 orders tried  current cost 3
    W_14: 10200s  23,014,513,200 steps   116967 feasible sets         0 orders tried  current cost 5
    W_14: 10215s  23,048,503,800 steps   117122 feasible sets         0 orders tried  current cost 11
    W_14: 10230s  23,082,040,800 steps   117277 feasible sets         0 orders tried  current cost 14
    W_14: 10245s  23,115,634,600 steps   117448 feasible sets         0 orders tried  current cost 2
    W_14: 10260s  23,149,208,600 steps   117607 feasible sets         0 orders tried  current cost 3
    W_14: 10275s  23,182,889,800 steps   117759 feasible sets         0 orders tried  current cost 2
    W_14: 10290s  23,216,857,400 steps   117949 feasible sets         0 orders tried  current cost 4
    W_14: 10305s  23,250,966,600 steps   118132 feasible sets         0 orders tried  current cost 3
    W_14: 10320s  23,284,996,400 steps   118319 feasible sets         0 orders tried  current cost 1
    W_14: 10335s  23,318,790,000 steps   118483 feasible sets         0 orders tried  current cost 4
    W_14: 10350s  23,352,166,200 steps   118715 feasible sets         0 orders tried  current cost 6
    W_14: 10365s  23,385,993,200 steps   118897 feasible sets         0 orders tried  current cost 3
    W_14: 10380s  23,419,697,200 steps   119073 feasible sets         0 orders tried  current cost 2
    W_14: 10395s  23,453,465,600 steps   119248 feasible sets         0 orders tried  current cost 8
    W_14: 10410s  23,487,539,800 steps   119397 feasible sets         0 orders tried  current cost 2
    W_14: 10425s  23,521,241,600 steps   119555 feasible sets         0 orders tried  current cost 9
    W_14: 10440s  23,555,187,800 steps   119738 feasible sets         0 orders tried  current cost 9
    W_14: 10455s  23,588,987,600 steps   119889 feasible sets         0 orders tried  current cost 10
    W_14: 10470s  23,622,736,400 steps   120061 feasible sets         0 orders tried  current cost 3
    W_14: 10485s  23,656,705,600 steps   120232 feasible sets         0 orders tried  current cost 10
    W_14: 10500s  23,690,535,000 steps   120403 feasible sets         0 orders tried  current cost 1
    W_14: 10515s  23,724,230,400 steps   120559 feasible sets         0 orders tried  current cost 5
    W_14: 10530s  23,757,779,400 steps   120699 feasible sets         0 orders tried  current cost 3
    W_14: 10545s  23,791,059,800 steps   120891 feasible sets         0 orders tried  current cost 1
    W_14: 10560s  23,824,882,600 steps   121060 feasible sets         0 orders tried  current cost 10
    W_14: 10575s  23,858,710,200 steps   121205 feasible sets         0 orders tried  current cost 4
    W_14: 10590s  23,892,215,200 steps   121339 feasible sets         0 orders tried  current cost 4
    W_14: 10605s  23,926,009,400 steps   121482 feasible sets         0 orders tried  current cost 1
    W_14: 10620s  23,959,781,800 steps   121641 feasible sets         0 orders tried  current cost 9
    W_14: 10635s  23,993,677,400 steps   121816 feasible sets         0 orders tried  current cost 4
    W_14: 10650s  24,027,782,800 steps   122049 feasible sets         0 orders tried  current cost 7
    W_14: 10665s  24,061,802,200 steps   122232 feasible sets         0 orders tried  current cost 11
    W_14: 10680s  24,095,522,400 steps   122420 feasible sets         0 orders tried  current cost 10
    W_14: 10695s  24,129,392,800 steps   122630 feasible sets         0 orders tried  current cost 5
    W_14: 10710s  24,163,300,000 steps   122816 feasible sets         0 orders tried  current cost 2
    W_14: 10725s  24,197,241,200 steps   122976 feasible sets         0 orders tried  current cost 16
    W_14: 10740s  24,231,096,000 steps   123149 feasible sets         0 orders tried  current cost 1
    W_14: 10755s  24,264,679,200 steps   123340 feasible sets         0 orders tried  current cost 4
    W_14: 10770s  24,298,374,400 steps   123503 feasible sets         0 orders tried  current cost 2
    W_14: 10785s  24,332,551,200 steps   123653 feasible sets         0 orders tried  current cost 3
    W_14: 10800s  24,366,346,600 steps   123830 feasible sets         0 orders tried  current cost 7
    W_14: 10815s  24,400,563,800 steps   124018 feasible sets         0 orders tried  current cost 6
    W_14: 10830s  24,434,370,400 steps   124235 feasible sets         0 orders tried  current cost 6
    W_14: 10845s  24,467,741,600 steps   124428 feasible sets         0 orders tried  current cost 8
    W_14: 10860s  24,501,669,600 steps   124606 feasible sets         0 orders tried  current cost 3
    W_14: 10875s  24,535,538,600 steps   124782 feasible sets         0 orders tried  current cost 2
    W_14: 10890s  24,569,419,200 steps   124943 feasible sets         0 orders tried  current cost 2
    W_14: 10905s  24,603,133,800 steps   125102 feasible sets         0 orders tried  current cost 4
    W_14: 10920s  24,636,850,400 steps   125291 feasible sets         0 orders tried  current cost 6
    W_14: 10935s  24,670,743,400 steps   125423 feasible sets         0 orders tried  current cost 13
    W_14: 10950s  24,704,576,800 steps   125606 feasible sets         0 orders tried  current cost 2
    W_14: 10965s  24,738,472,400 steps   125790 feasible sets         0 orders tried  current cost 3
    W_14: 10980s  24,772,196,000 steps   125980 feasible sets         0 orders tried  current cost 4
    W_14: 10995s  24,805,718,800 steps   126136 feasible sets         0 orders tried  current cost 4
    W_14: 11010s  24,839,557,800 steps   126320 feasible sets         0 orders tried  current cost 3
    W_14: 11025s  24,874,149,800 steps   126470 feasible sets         0 orders tried  current cost 7
    W_14: 11040s  24,907,921,000 steps   126661 feasible sets         0 orders tried  current cost 17
    W_14: 11055s  24,941,572,400 steps   126826 feasible sets         0 orders tried  current cost 1
    W_14: 11070s  24,975,594,800 steps   126964 feasible sets         0 orders tried  current cost 4
    W_14: 11085s  25,009,073,000 steps   127124 feasible sets         0 orders tried  current cost 2
    W_14: 11100s  25,042,975,200 steps   127291 feasible sets         0 orders tried  current cost 1
    W_14: 11115s  25,076,623,000 steps   127498 feasible sets         0 orders tried  current cost 9
    W_14: 11130s  25,110,558,800 steps   127662 feasible sets         0 orders tried  current cost 3
    W_14: 11145s  25,144,660,800 steps   127862 feasible sets         0 orders tried  current cost 14
    W_14: 11160s  25,178,037,000 steps   128053 feasible sets         0 orders tried  current cost 2
    W_14: 11175s  25,211,682,200 steps   128251 feasible sets         0 orders tried  current cost 11
    W_14: 11190s  25,245,925,200 steps   128438 feasible sets         0 orders tried  current cost 9
    W_14: 11205s  25,279,697,800 steps   128634 feasible sets         0 orders tried  current cost 3
    W_14: 11220s  25,313,058,400 steps   128826 feasible sets         0 orders tried  current cost 4
    W_14: 11235s  25,345,872,400 steps   129036 feasible sets         0 orders tried  current cost 4
    W_14: 11250s  25,379,382,400 steps   129206 feasible sets         0 orders tried  current cost 13
    W_14: 11265s  25,413,380,800 steps   129396 feasible sets         0 orders tried  current cost 15
    W_14: 11280s  25,447,420,200 steps   129574 feasible sets         0 orders tried  current cost 13
    W_14: 11295s  25,481,434,400 steps   129758 feasible sets         0 orders tried  current cost 4
    W_14: 11310s  25,515,249,400 steps   129916 feasible sets         0 orders tried  current cost 4
    W_14: 11325s  25,549,247,400 steps   130071 feasible sets         0 orders tried  current cost 5
    W_14: 11340s  25,582,633,800 steps   130246 feasible sets         0 orders tried  current cost 5
    W_14: 11355s  25,616,955,000 steps   130415 feasible sets         0 orders tried  current cost 5
    W_14: 11370s  25,651,477,400 steps   130619 feasible sets         0 orders tried  current cost 7
    W_14: 11385s  25,684,867,800 steps   130812 feasible sets         0 orders tried  current cost 4
    W_14: 11400s  25,718,709,000 steps   130981 feasible sets         0 orders tried  current cost 5
    W_14: 11415s  25,752,666,800 steps   131144 feasible sets         0 orders tried  current cost 7
    W_14: 11430s  25,786,480,600 steps   131292 feasible sets         0 orders tried  current cost 9
    W_14: 11445s  25,820,672,400 steps   131482 feasible sets         0 orders tried  current cost 3
    W_14: 11460s  25,855,394,600 steps   131688 feasible sets         0 orders tried  current cost 5
    W_14: 11475s  25,889,825,800 steps   131847 feasible sets         0 orders tried  current cost 12
    W_14: 11490s  25,923,865,200 steps   132025 feasible sets         0 orders tried  current cost 8
    W_14: 11505s  25,958,023,400 steps   132217 feasible sets         0 orders tried  current cost 13
    W_14: 11520s  25,991,994,800 steps   132423 feasible sets         0 orders tried  current cost 3
    W_14: 11535s  26,026,577,400 steps   132587 feasible sets         0 orders tried  current cost 4
    W_14: 11550s  26,060,618,600 steps   132776 feasible sets         0 orders tried  current cost 2
    W_14: 11565s  26,094,767,800 steps   132992 feasible sets         0 orders tried  current cost 6
    W_14: 11580s  26,128,594,800 steps   133110 feasible sets         0 orders tried  current cost 1
    W_14: 11595s  26,162,684,800 steps   133262 feasible sets         0 orders tried  current cost 8
    W_14: 11610s  26,196,573,200 steps   133455 feasible sets         0 orders tried  current cost 5
    W_14: 11625s  26,231,008,400 steps   133614 feasible sets         0 orders tried  current cost 7
    W_14: 11640s  26,265,053,400 steps   133833 feasible sets         0 orders tried  current cost 3
    W_14: 11655s  26,299,007,400 steps   134020 feasible sets         0 orders tried  current cost 6
    W_14: 11670s  26,332,951,600 steps   134152 feasible sets         0 orders tried  current cost 4
    W_14: 11685s  26,367,033,200 steps   134314 feasible sets         0 orders tried  current cost 3
    W_14: 11700s  26,401,327,400 steps   134475 feasible sets         0 orders tried  current cost 7
    W_14: 11715s  26,435,421,000 steps   134614 feasible sets         0 orders tried  current cost 14
    W_14: 11730s  26,469,151,400 steps   134779 feasible sets         0 orders tried  current cost 5
    W_14: 11745s  26,503,010,800 steps   134909 feasible sets         0 orders tried  current cost 4
    W_14: 11760s  26,537,080,000 steps   135115 feasible sets         0 orders tried  current cost 8
    W_14: 11775s  26,570,985,800 steps   135262 feasible sets         0 orders tried  current cost 11
    W_14: 11790s  26,604,677,800 steps   135441 feasible sets         0 orders tried  current cost 4
    W_14: 11805s  26,638,785,200 steps   135607 feasible sets         0 orders tried  current cost 5
    W_14: 11820s  26,673,036,600 steps   135763 feasible sets         0 orders tried  current cost 1
    W_14: 11835s  26,706,912,200 steps   135944 feasible sets         0 orders tried  current cost 1
    W_14: 11850s  26,741,140,400 steps   136130 feasible sets         0 orders tried  current cost 14
    W_14: 11865s  26,775,657,800 steps   136284 feasible sets         0 orders tried  current cost 4
    W_14: 11880s  26,809,754,800 steps   136466 feasible sets         0 orders tried  current cost 3
    W_14: 11895s  26,843,915,400 steps   136683 feasible sets         0 orders tried  current cost 1
    W_14: 11910s  26,878,117,000 steps   136841 feasible sets         0 orders tried  current cost 4
    W_14: 11925s  26,912,214,000 steps   137026 feasible sets         0 orders tried  current cost 2
    W_14: 11940s  26,945,710,600 steps   137213 feasible sets         0 orders tried  current cost 4
    W_14: 11955s  26,979,889,800 steps   137349 feasible sets         0 orders tried  current cost 4
    W_14: 11970s  27,014,065,800 steps   137556 feasible sets         0 orders tried  current cost 9
    W_14: 11985s  27,048,249,800 steps   137746 feasible sets         0 orders tried  current cost 4
    W_14: 12000s  27,081,796,400 steps   137927 feasible sets         0 orders tried  current cost 4
    W_14: 12015s  27,115,757,400 steps   138080 feasible sets         0 orders tried  current cost 3
    W_14: 12030s  27,150,205,800 steps   138263 feasible sets         0 orders tried  current cost 8
    W_14: 12045s  27,184,359,600 steps   138438 feasible sets         0 orders tried  current cost 4
    W_14: 12060s  27,218,784,600 steps   138652 feasible sets         0 orders tried  current cost 8
    W_14: 12075s  27,252,774,600 steps   138819 feasible sets         0 orders tried  current cost 3
    W_14: 12090s  27,286,483,200 steps   138988 feasible sets         0 orders tried  current cost 11
    W_14: 12105s  27,320,495,800 steps   139175 feasible sets         0 orders tried  current cost 3
    W_14: 12120s  27,354,833,200 steps   139362 feasible sets         0 orders tried  current cost 4
    W_14: 12135s  27,388,832,800 steps   139500 feasible sets         0 orders tried  current cost 2
    W_14: 12150s  27,422,666,000 steps   139670 feasible sets         0 orders tried  current cost 7
    W_14: 12165s  27,456,524,000 steps   139861 feasible sets         0 orders tried  current cost 10
    W_14: 12180s  27,490,104,400 steps   140065 feasible sets         0 orders tried  current cost 8
    W_14: 12195s  27,524,326,600 steps   140289 feasible sets         0 orders tried  current cost 5
    W_14: 12210s  27,558,716,600 steps   140439 feasible sets         0 orders tried  current cost 3
    W_14: 12225s  27,593,162,400 steps   140628 feasible sets         0 orders tried  current cost 8
    W_14: 12240s  27,626,970,800 steps   140777 feasible sets         0 orders tried  current cost 5
    W_14: 12255s  27,660,973,800 steps   140927 feasible sets         0 orders tried  current cost 5
    W_14: 12270s  27,694,714,800 steps   141115 feasible sets         0 orders tried  current cost 4
    W_14: 12285s  27,729,090,200 steps   141311 feasible sets         0 orders tried  current cost 4
    W_14: 12300s  27,763,089,800 steps   141451 feasible sets         0 orders tried  current cost 3
    W_14: 12315s  27,796,851,000 steps   141629 feasible sets         0 orders tried  current cost 7
    W_14: 12330s  27,830,682,000 steps   141814 feasible sets         0 orders tried  current cost 13
    W_14: 12345s  27,864,672,400 steps   141985 feasible sets         0 orders tried  current cost 3
    W_14: 12360s  27,898,862,600 steps   142153 feasible sets         0 orders tried  current cost 10
    W_14: 12375s  27,933,189,600 steps   142314 feasible sets         0 orders tried  current cost 1
    W_14: 12390s  27,967,673,200 steps   142529 feasible sets         0 orders tried  current cost 4
    W_14: 12405s  28,001,389,800 steps   142710 feasible sets         0 orders tried  current cost 2
    W_14: 12420s  28,035,825,600 steps   142877 feasible sets         0 orders tried  current cost 7
    W_14: 12435s  28,069,990,200 steps   143047 feasible sets         0 orders tried  current cost 5
    W_14: 12450s  28,104,017,200 steps   143191 feasible sets         0 orders tried  current cost 2
    W_14: 12465s  28,137,623,200 steps   143352 feasible sets         0 orders tried  current cost 5
    W_14: 12480s  28,172,064,000 steps   143534 feasible sets         0 orders tried  current cost 11
    W_14: 12495s  28,206,119,600 steps   143725 feasible sets         0 orders tried  current cost 3
    W_14: 12510s  28,240,579,200 steps   143893 feasible sets         0 orders tried  current cost 3
    W_14: 12525s  28,274,924,000 steps   144119 feasible sets         0 orders tried  current cost 11
    W_14: 12540s  28,309,175,600 steps   144281 feasible sets         0 orders tried  current cost 1
    W_14: 12555s  28,343,352,600 steps   144443 feasible sets         0 orders tried  current cost 5
    W_14: 12570s  28,377,500,800 steps   144625 feasible sets         0 orders tried  current cost 16
    W_14: 12585s  28,411,422,800 steps   144779 feasible sets         0 orders tried  current cost 10
    W_14: 12600s  28,446,338,600 steps   144963 feasible sets         0 orders tried  current cost 3
    W_14: 12615s  28,480,538,200 steps   145115 feasible sets         0 orders tried  current cost 4
    W_14: 12630s  28,514,843,600 steps   145299 feasible sets         0 orders tried  current cost 12
    W_14: 12645s  28,548,891,600 steps   145519 feasible sets         0 orders tried  current cost 3
    W_14: 12660s  28,583,347,200 steps   145681 feasible sets         0 orders tried  current cost 7
    W_14: 12675s  28,617,938,600 steps   145865 feasible sets         0 orders tried  current cost 1
    W_14: 12690s  28,652,393,600 steps   146003 feasible sets         0 orders tried  current cost 1
    W_14: 12705s  28,686,314,600 steps   146171 feasible sets         0 orders tried  current cost 3
    W_14: 12720s  28,720,848,400 steps   146378 feasible sets         0 orders tried  current cost 3
    W_14: 12735s  28,755,199,000 steps   146525 feasible sets         0 orders tried  current cost 3
    W_14: 12750s  28,789,607,400 steps   146685 feasible sets         0 orders tried  current cost 8
    W_14: 12765s  28,823,982,400 steps   146871 feasible sets         0 orders tried  current cost 13
    W_14: 12780s  28,858,371,800 steps   147037 feasible sets         0 orders tried  current cost 3
    W_14: 12795s  28,893,061,200 steps   147237 feasible sets         0 orders tried  current cost 21
    W_14: 12810s  28,927,366,200 steps   147415 feasible sets         0 orders tried  current cost 8
    W_14: 12825s  28,961,556,400 steps   147598 feasible sets         0 orders tried  current cost 4
    W_14: 12840s  28,996,439,800 steps   147776 feasible sets         0 orders tried  current cost 3
    W_14: 12855s  29,030,491,600 steps   147985 feasible sets         0 orders tried  current cost 5
    W_14: 12870s  29,065,014,200 steps   148199 feasible sets         0 orders tried  current cost 5
    W_14: 12885s  29,099,481,800 steps   148354 feasible sets         0 orders tried  current cost 12
    W_14: 12900s  29,133,895,000 steps   148534 feasible sets         0 orders tried  current cost 4
    W_14: 12915s  29,168,567,200 steps   148706 feasible sets         0 orders tried  current cost 6
    W_14: 12930s  29,203,126,600 steps   148880 feasible sets         0 orders tried  current cost 6
    W_14: 12945s  29,237,541,000 steps   149064 feasible sets         0 orders tried  current cost 11
    W_14: 12960s  29,272,097,200 steps   149238 feasible sets         0 orders tried  current cost 3
    W_14: 12975s  29,306,678,200 steps   149430 feasible sets         0 orders tried  current cost 2
    W_14: 12990s  29,341,070,600 steps   149625 feasible sets         0 orders tried  current cost 3
    W_14: 13005s  29,375,382,200 steps   149790 feasible sets         0 orders tried  current cost 15
    W_14: 13020s  29,410,085,000 steps   149953 feasible sets         0 orders tried  current cost 9
    W_14: 13035s  29,444,187,200 steps   150142 feasible sets         0 orders tried  current cost 5
    W_14: 13050s  29,478,590,000 steps   150298 feasible sets         0 orders tried  current cost 2
    W_14: 13065s  29,513,191,800 steps   150487 feasible sets         0 orders tried  current cost 5
    W_14: 13080s  29,547,526,600 steps   150630 feasible sets         0 orders tried  current cost 7
    W_14: 13095s  29,581,731,400 steps   150757 feasible sets         0 orders tried  current cost 4
    W_14: 13110s  29,616,138,800 steps   150919 feasible sets         0 orders tried  current cost 2
    W_14: 13125s  29,650,752,600 steps   151120 feasible sets         0 orders tried  current cost 2
    W_14: 13140s  29,685,311,200 steps   151277 feasible sets         0 orders tried  current cost 4
    W_14: 13155s  29,720,116,800 steps   151450 feasible sets         0 orders tried  current cost 3
    W_14: 13170s  29,754,421,000 steps   151644 feasible sets         0 orders tried  current cost 20
    W_14: 13185s  29,788,974,800 steps   151831 feasible sets         0 orders tried  current cost 3
    W_14: 13200s  29,823,050,200 steps   152016 feasible sets         0 orders tried  current cost 7
    W_14: 13215s  29,857,736,000 steps   152205 feasible sets         0 orders tried  current cost 1
    W_14: 13230s  29,891,829,800 steps   152394 feasible sets         0 orders tried  current cost 3
    W_14: 13245s  29,926,024,200 steps   152548 feasible sets         0 orders tried  current cost 13
    W_14: 13260s  29,960,601,200 steps   152701 feasible sets         0 orders tried  current cost 14
    W_14: 13275s  29,995,362,200 steps   152918 feasible sets         0 orders tried  current cost 12
    W_14: 13290s  30,029,799,200 steps   153095 feasible sets         0 orders tried  current cost 3
    W_14: 13305s  30,063,832,800 steps   153263 feasible sets         0 orders tried  current cost 2
    W_14: 13320s  30,098,399,800 steps   153430 feasible sets         0 orders tried  current cost 4
    W_14: 13335s  30,132,819,600 steps   153612 feasible sets         0 orders tried  current cost 3
    W_14: 13350s  30,167,332,000 steps   153763 feasible sets         0 orders tried  current cost 4
    W_14: 13365s  30,202,113,600 steps   153961 feasible sets         0 orders tried  current cost 2
    W_14: 13380s  30,236,472,600 steps   154152 feasible sets         0 orders tried  current cost 2
    W_14: 13395s  30,270,768,000 steps   154350 feasible sets         0 orders tried  current cost 4
    W_14: 13410s  30,305,713,400 steps   154566 feasible sets         0 orders tried  current cost 3
    W_14: 13425s  30,339,734,600 steps   154756 feasible sets         0 orders tried  current cost 4
    W_14: 13440s  30,374,236,400 steps   154933 feasible sets         0 orders tried  current cost 1
    W_14: 13455s  30,408,523,600 steps   155113 feasible sets         0 orders tried  current cost 15
    W_14: 13470s  30,442,955,800 steps   155312 feasible sets         0 orders tried  current cost 3
    W_14: 13485s  30,477,682,600 steps   155470 feasible sets         0 orders tried  current cost 15
    W_14: 13500s  30,511,504,200 steps   155644 feasible sets         0 orders tried  current cost 11
    W_14: 13515s  30,545,889,200 steps   155844 feasible sets         0 orders tried  current cost 3
    W_14: 13530s  30,580,435,200 steps   156016 feasible sets         0 orders tried  current cost 4
    W_14: 13545s  30,614,741,400 steps   156169 feasible sets         0 orders tried  current cost 15
    W_14: 13560s  30,649,324,200 steps   156353 feasible sets         0 orders tried  current cost 11
    W_14: 13575s  30,683,835,000 steps   156505 feasible sets         0 orders tried  current cost 3
    W_14: 13590s  30,718,239,600 steps   156686 feasible sets         0 orders tried  current cost 4
    W_14: 13605s  30,753,393,200 steps   156866 feasible sets         0 orders tried  current cost 4
    W_14: 13620s  30,788,049,600 steps   157032 feasible sets         0 orders tried  current cost 5
    W_14: 13635s  30,822,425,000 steps   157186 feasible sets         0 orders tried  current cost 12
    W_14: 13650s  30,857,240,800 steps   157332 feasible sets         0 orders tried  current cost 13
    W_14: 13665s  30,892,305,600 steps   157539 feasible sets         0 orders tried  current cost 11
    W_14: 13680s  30,927,034,800 steps   157701 feasible sets         0 orders tried  current cost 3
    W_14: 13695s  30,961,823,800 steps   157891 feasible sets         0 orders tried  current cost 8
    W_14: 13710s  30,996,262,800 steps   158117 feasible sets         0 orders tried  current cost 18
    W_14: 13725s  31,030,854,000 steps   158325 feasible sets         0 orders tried  current cost 2
    W_14: 13740s  31,065,815,200 steps   158516 feasible sets         0 orders tried  current cost 4
    W_14: 13755s  31,100,169,800 steps   158702 feasible sets         0 orders tried  current cost 5
    W_14: 13770s  31,134,989,800 steps   158879 feasible sets         0 orders tried  current cost 4
    W_14: 13785s  31,169,175,000 steps   159100 feasible sets         0 orders tried  current cost 3
    W_14: 13800s  31,203,748,000 steps   159274 feasible sets         0 orders tried  current cost 4
    W_14: 13815s  31,238,558,200 steps   159418 feasible sets         0 orders tried  current cost 4
    W_14: 13830s  31,272,652,800 steps   159590 feasible sets         0 orders tried  current cost 3
    W_14: 13845s  31,307,195,400 steps   159771 feasible sets         0 orders tried  current cost 1
    W_14: 13860s  31,341,688,000 steps   159917 feasible sets         0 orders tried  current cost 7
    W_14: 13875s  31,376,079,800 steps   160083 feasible sets         0 orders tried  current cost 2
    W_14: 13890s  31,410,596,400 steps   160241 feasible sets         0 orders tried  current cost 3
    W_14: 13905s  31,445,082,200 steps   160385 feasible sets         0 orders tried  current cost 12
    W_14: 13920s  31,479,497,600 steps   160545 feasible sets         0 orders tried  current cost 5
    W_14: 13935s  31,514,230,400 steps   160730 feasible sets         0 orders tried  current cost 3
    W_14: 13950s  31,548,457,000 steps   160901 feasible sets         0 orders tried  current cost 2
    W_14: 13965s  31,582,775,000 steps   161106 feasible sets         0 orders tried  current cost 2
    W_14: 13980s  31,616,826,600 steps   161275 feasible sets         0 orders tried  current cost 8
    W_14: 13995s  31,651,148,800 steps   161476 feasible sets         0 orders tried  current cost 7
    W_14: 14010s  31,685,512,600 steps   161664 feasible sets         0 orders tried  current cost 2
    W_14: 14025s  31,720,278,200 steps   161845 feasible sets         0 orders tried  current cost 1
    W_14: 14040s  31,754,743,600 steps   162016 feasible sets         0 orders tried  current cost 10
    W_14: 14055s  31,789,348,400 steps   162207 feasible sets         0 orders tried  current cost 7
    W_14: 14070s  31,823,505,000 steps   162357 feasible sets         0 orders tried  current cost 15
    W_14: 14085s  31,858,194,000 steps   162546 feasible sets         0 orders tried  current cost 3
    W_14: 14100s  31,892,539,000 steps   162730 feasible sets         0 orders tried  current cost 3
    W_14: 14115s  31,927,384,400 steps   162911 feasible sets         0 orders tried  current cost 13
    W_14: 14130s  31,961,915,000 steps   163111 feasible sets         0 orders tried  current cost 4
    W_14: 14145s  31,996,343,000 steps   163258 feasible sets         0 orders tried  current cost 12
    W_14: 14160s  32,031,087,600 steps   163445 feasible sets         0 orders tried  current cost 4
    W_14: 14175s  32,065,375,600 steps   163600 feasible sets         0 orders tried  current cost 1
    W_14: 14190s  32,100,031,000 steps   163742 feasible sets         0 orders tried  current cost 5
    W_14: 14205s  32,134,550,200 steps   163913 feasible sets         0 orders tried  current cost 3
    W_14: 14220s  32,168,881,600 steps   164056 feasible sets         0 orders tried  current cost 10
    W_14: 14235s  32,203,044,000 steps   164254 feasible sets         0 orders tried  current cost 8
    W_14: 14250s  32,237,346,200 steps   164413 feasible sets         0 orders tried  current cost 5
    W_14: 14265s  32,272,014,000 steps   164586 feasible sets         0 orders tried  current cost 2
    W_14: 14280s  32,306,476,400 steps   164743 feasible sets         0 orders tried  current cost 4
    W_14: 14295s  32,341,383,800 steps   164930 feasible sets         0 orders tried  current cost 10
    W_14: 14310s  32,375,822,800 steps   165123 feasible sets         0 orders tried  current cost 10
    W_14: 14325s  32,410,391,000 steps   165308 feasible sets         0 orders tried  current cost 5
    W_14: 14340s  32,444,969,200 steps   165528 feasible sets         0 orders tried  current cost 4
    W_14: 14355s  32,479,536,800 steps   165696 feasible sets         0 orders tried  current cost 3
    W_14: 14370s  32,513,850,200 steps   165872 feasible sets         0 orders tried  current cost 4
    W_14: 14385s  32,548,474,000 steps   166019 feasible sets         0 orders tried  current cost 4
    W_14: 14400s  32,582,762,800 steps   166171 feasible sets         0 orders tried  current cost 11
    W_14: 14415s  32,617,802,600 steps   166333 feasible sets         0 orders tried  current cost 13
    W_14: 14430s  32,652,130,000 steps   166537 feasible sets         0 orders tried  current cost 4
    W_14: 14445s  32,686,811,600 steps   166698 feasible sets         0 orders tried  current cost 4
    W_14: 14460s  32,721,255,600 steps   166870 feasible sets         0 orders tried  current cost 2
    W_14: 14475s  32,755,538,800 steps   167054 feasible sets         0 orders tried  current cost 1
    W_14: 14490s  32,790,099,000 steps   167237 feasible sets         0 orders tried  current cost 4
    W_14: 14505s  32,824,862,800 steps   167442 feasible sets         0 orders tried  current cost 8
    W_14: 14520s  32,859,008,200 steps   167641 feasible sets         0 orders tried  current cost 5
    W_14: 14535s  32,893,356,600 steps   167837 feasible sets         0 orders tried  current cost 4
    W_14: 14550s  32,927,720,000 steps   168004 feasible sets         0 orders tried  current cost 4
    W_14: 14565s  32,961,884,800 steps   168164 feasible sets         0 orders tried  current cost 11
    W_14: 14580s  32,996,449,800 steps   168330 feasible sets         0 orders tried  current cost 4
    W_14: 14595s  33,030,556,200 steps   168539 feasible sets         0 orders tried  current cost 4
    W_14: 14610s  33,065,029,400 steps   168709 feasible sets         0 orders tried  current cost 3
    W_14: 14625s  33,099,297,400 steps   168897 feasible sets         0 orders tried  current cost 2
    W_14: 14640s  33,133,708,000 steps   169064 feasible sets         0 orders tried  current cost 7
    W_14: 14655s  33,168,143,800 steps   169233 feasible sets         0 orders tried  current cost 7
    W_14: 14670s  33,202,947,400 steps   169407 feasible sets         0 orders tried  current cost 2
    W_14: 14685s  33,237,518,000 steps   169581 feasible sets         0 orders tried  current cost 2
    W_14: 14700s  33,271,517,600 steps   169745 feasible sets         0 orders tried  current cost 3
    W_14: 14715s  33,305,733,400 steps   169929 feasible sets         0 orders tried  current cost 3
    W_14: 14730s  33,339,967,600 steps   170108 feasible sets         0 orders tried  current cost 3
    W_14: 14745s  33,374,484,800 steps   170261 feasible sets         0 orders tried  current cost 9
    W_14: 14760s  33,408,615,400 steps   170412 feasible sets         0 orders tried  current cost 3
    W_14: 14775s  33,442,893,800 steps   170587 feasible sets         0 orders tried  current cost 2
    W_14: 14790s  33,477,141,800 steps   170735 feasible sets         0 orders tried  current cost 17
    W_14: 14805s  33,510,968,800 steps   170876 feasible sets         0 orders tried  current cost 3
    W_14: 14820s  33,545,044,800 steps   171023 feasible sets         0 orders tried  current cost 12
    W_14: 14835s  33,579,112,400 steps   171182 feasible sets         0 orders tried  current cost 2
    W_14: 14850s  33,612,795,400 steps   171321 feasible sets         0 orders tried  current cost 2
    W_14: 14865s  33,646,699,000 steps   171526 feasible sets         0 orders tried  current cost 2
    W_14: 14880s  33,680,959,600 steps   171712 feasible sets         0 orders tried  current cost 2
    W_14: 14895s  33,715,271,400 steps   171913 feasible sets         0 orders tried  current cost 3
    W_14: 14910s  33,749,566,400 steps   172085 feasible sets         0 orders tried  current cost 7
    W_14: 14925s  33,783,809,600 steps   172231 feasible sets         0 orders tried  current cost 5
    W_14: 14940s  33,818,003,400 steps   172384 feasible sets         0 orders tried  current cost 13
    W_14: 14955s  33,851,745,200 steps   172525 feasible sets         0 orders tried  current cost 8
    W_14: 14970s  33,886,043,000 steps   172698 feasible sets         0 orders tried  current cost 8
    W_14: 14985s  33,920,590,000 steps   172908 feasible sets         0 orders tried  current cost 5
    W_14: 15000s  33,954,560,000 steps   173096 feasible sets         0 orders tried  current cost 2
    W_14: 15015s  33,989,233,800 steps   173265 feasible sets         0 orders tried  current cost 1
    W_14: 15030s  34,023,489,600 steps   173429 feasible sets         0 orders tried  current cost 4
    W_14: 15045s  34,057,547,200 steps   173603 feasible sets         0 orders tried  current cost 6
    W_14: 15060s  34,091,589,800 steps   173778 feasible sets         0 orders tried  current cost 4
    W_14: 15075s  34,126,235,400 steps   173936 feasible sets         0 orders tried  current cost 3
    W_14: 15090s  34,161,018,600 steps   174110 feasible sets         0 orders tried  current cost 4
    W_14: 15105s  34,195,015,400 steps   174274 feasible sets         0 orders tried  current cost 2
    W_14: 15120s  34,229,395,600 steps   174437 feasible sets         0 orders tried  current cost 3
    W_14: 15135s  34,264,053,600 steps   174602 feasible sets         0 orders tried  current cost 2
    W_14: 15150s  34,298,551,000 steps   174755 feasible sets         0 orders tried  current cost 2
    W_14: 15165s  34,333,106,600 steps   174938 feasible sets         0 orders tried  current cost 6
    W_14: 15180s  34,368,029,000 steps   175146 feasible sets         0 orders tried  current cost 6
    W_14: 15195s  34,402,332,600 steps   175316 feasible sets         0 orders tried  current cost 3
    W_14: 15210s  34,436,772,200 steps   175478 feasible sets         0 orders tried  current cost 4
    W_14: 15225s  34,471,261,600 steps   175619 feasible sets         0 orders tried  current cost 9
    W_14: 15240s  34,505,136,200 steps   175780 feasible sets         0 orders tried  current cost 3
    W_14: 15255s  34,539,586,200 steps   175955 feasible sets         0 orders tried  current cost 8
    W_14: 15270s  34,574,144,600 steps   176146 feasible sets         0 orders tried  current cost 9
    W_14: 15285s  34,608,553,800 steps   176332 feasible sets         0 orders tried  current cost 3
    W_14: 15300s  34,643,274,400 steps   176485 feasible sets         0 orders tried  current cost 3
    W_14: 15315s  34,677,999,000 steps   176637 feasible sets         0 orders tried  current cost 3
    W_14: 15330s  34,712,155,000 steps   176822 feasible sets         0 orders tried  current cost 4
    W_14: 15345s  34,746,979,400 steps   176976 feasible sets         0 orders tried  current cost 2
    W_14: 15360s  34,781,785,800 steps   177146 feasible sets         0 orders tried  current cost 6
    W_14: 15375s  34,816,313,200 steps   177338 feasible sets         0 orders tried  current cost 3
    W_14: 15390s  34,850,687,200 steps   177485 feasible sets         0 orders tried  current cost 6
    W_14: 15405s  34,884,845,400 steps   177669 feasible sets         0 orders tried  current cost 6
    W_14: 15420s  34,919,387,800 steps   177799 feasible sets         0 orders tried  current cost 3
    W_14: 15435s  34,954,141,200 steps   178003 feasible sets         0 orders tried  current cost 15
    W_14: 15450s  34,988,247,400 steps   178193 feasible sets         0 orders tried  current cost 8
    W_14: 15465s  35,023,174,200 steps   178363 feasible sets         0 orders tried  current cost 4
    W_14: 15480s  35,057,819,800 steps   178537 feasible sets         0 orders tried  current cost 2
    W_14: 15495s  35,092,382,000 steps   178708 feasible sets         0 orders tried  current cost 10
    W_14: 15510s  35,127,208,600 steps   178910 feasible sets         0 orders tried  current cost 3
    W_14: 15525s  35,161,522,400 steps   179077 feasible sets         0 orders tried  current cost 10
    W_14: 15540s  35,195,897,800 steps   179228 feasible sets         0 orders tried  current cost 4
    W_14: 15555s  35,230,380,600 steps   179395 feasible sets         0 orders tried  current cost 11
    W_14: 15570s  35,265,157,400 steps   179573 feasible sets         0 orders tried  current cost 4
    W_14: 15585s  35,299,400,200 steps   179726 feasible sets         0 orders tried  current cost 11
    W_14: 15600s  35,334,392,000 steps   179949 feasible sets         0 orders tried  current cost 4
    W_14: 15615s  35,368,643,400 steps   180077 feasible sets         0 orders tried  current cost 7
    W_14: 15630s  35,403,206,000 steps   180292 feasible sets         0 orders tried  current cost 4
    W_14: 15645s  35,438,311,000 steps   180497 feasible sets         0 orders tried  current cost 3
    W_14: 15660s  35,472,786,800 steps   180700 feasible sets         0 orders tried  current cost 8
    W_14: 15675s  35,507,627,400 steps   180839 feasible sets         0 orders tried  current cost 7
    W_14: 15690s  35,541,867,000 steps   181031 feasible sets         0 orders tried  current cost 8
    W_14: 15705s  35,576,025,600 steps   181204 feasible sets         0 orders tried  current cost 7
    W_14: 15720s  35,610,362,400 steps   181366 feasible sets         0 orders tried  current cost 8
    W_14: 15735s  35,644,713,400 steps   181518 feasible sets         0 orders tried  current cost 3
    W_14: 15750s  35,680,034,200 steps   181710 feasible sets         0 orders tried  current cost 1
    W_14: 15765s  35,714,344,600 steps   181887 feasible sets         0 orders tried  current cost 11
    W_14: 15780s  35,748,863,600 steps   182045 feasible sets         0 orders tried  current cost 11
    W_14: 15795s  35,783,455,600 steps   182213 feasible sets         0 orders tried  current cost 4
    W_14: 15810s  35,818,288,000 steps   182377 feasible sets         0 orders tried  current cost 5
    W_14: 15825s  35,852,132,400 steps   182548 feasible sets         0 orders tried  current cost 5
    W_14: 15840s  35,885,272,800 steps   182763 feasible sets         0 orders tried  current cost 4
    W_14: 15855s  35,918,829,000 steps   182923 feasible sets         0 orders tried  current cost 4
    W_14: 15870s  35,951,900,800 steps   183113 feasible sets         0 orders tried  current cost 13
    W_14: 15885s  35,985,329,400 steps   183288 feasible sets         0 orders tried  current cost 5
    W_14: 15900s  36,019,217,600 steps   183472 feasible sets         0 orders tried  current cost 3
    W_14: 15915s  36,052,906,400 steps   183613 feasible sets         0 orders tried  current cost 6
    W_14: 15930s  36,086,647,000 steps   183801 feasible sets         0 orders tried  current cost 6
    W_14: 15945s  36,120,600,800 steps   184016 feasible sets         0 orders tried  current cost 10
    W_14: 15960s  36,153,898,600 steps   184192 feasible sets         0 orders tried  current cost 3
    W_14: 15975s  36,187,412,200 steps   184369 feasible sets         0 orders tried  current cost 4
    W_14: 15990s  36,220,848,800 steps   184541 feasible sets         0 orders tried  current cost 4
    W_14: 16005s  36,254,253,600 steps   184724 feasible sets         0 orders tried  current cost 2
    W_14: 16020s  36,288,279,000 steps   184879 feasible sets         0 orders tried  current cost 4
    W_14: 16035s  36,322,388,800 steps   185038 feasible sets         0 orders tried  current cost 5
    W_14: 16050s  36,355,803,800 steps   185193 feasible sets         0 orders tried  current cost 9
    W_14: 16065s  36,389,244,600 steps   185365 feasible sets         0 orders tried  current cost 7
    W_14: 16080s  36,422,915,000 steps   185560 feasible sets         0 orders tried  current cost 1
    W_14: 16095s  36,456,516,000 steps   185747 feasible sets         0 orders tried  current cost 2
    W_14: 16110s  36,490,108,400 steps   185910 feasible sets         0 orders tried  current cost 6
    W_14: 16125s  36,523,473,000 steps   186084 feasible sets         0 orders tried  current cost 4
    W_14: 16140s  36,555,850,000 steps   186250 feasible sets         0 orders tried  current cost 5
    W_14: 16155s  36,588,805,000 steps   186392 feasible sets         0 orders tried  current cost 11
    W_14: 16170s  36,603,243,400 steps   186484 feasible sets         0 orders tried  current cost 6
    W_14: 16185s  36,635,671,800 steps   186670 feasible sets         0 orders tried  current cost 3
    W_14: 16200s  36,669,402,200 steps   186855 feasible sets         0 orders tried  current cost 12
    W_14: 16215s  36,703,431,600 steps   187027 feasible sets         0 orders tried  current cost 4
    W_14: 16230s  36,737,808,400 steps   187205 feasible sets         0 orders tried  current cost 4
    W_14: 16245s  36,772,085,200 steps   187385 feasible sets         0 orders tried  current cost 8
    W_14: 16260s  36,806,352,800 steps   187545 feasible sets         0 orders tried  current cost 6
    W_14: 16275s  36,840,548,400 steps   187698 feasible sets         0 orders tried  current cost 5
    W_14: 16290s  36,874,709,000 steps   187827 feasible sets         0 orders tried  current cost 3
    W_14: 16305s  36,908,853,600 steps   188001 feasible sets         0 orders tried  current cost 2
    W_14: 16320s  36,943,254,800 steps   188185 feasible sets         0 orders tried  current cost 4
    W_14: 16335s  36,977,399,400 steps   188337 feasible sets         0 orders tried  current cost 5
    W_14: 16350s  37,011,598,800 steps   188535 feasible sets         0 orders tried  current cost 3
    W_14: 16365s  37,045,477,200 steps   188706 feasible sets         0 orders tried  current cost 2
    W_14: 16380s  37,079,551,800 steps   188863 feasible sets         0 orders tried  current cost 2
    W_14: 16395s  37,113,662,000 steps   189070 feasible sets         0 orders tried  current cost 11
    W_14: 16410s  37,147,831,800 steps   189216 feasible sets         0 orders tried  current cost 3
    W_14: 16425s  37,181,855,200 steps   189401 feasible sets         0 orders tried  current cost 3
    W_14: 16440s  37,216,130,000 steps   189568 feasible sets         0 orders tried  current cost 3
    W_14: 16455s  37,250,199,200 steps   189749 feasible sets         0 orders tried  current cost 3
    W_14: 16470s  37,283,984,000 steps   189926 feasible sets         0 orders tried  current cost 11
    W_14: 16485s  37,318,433,600 steps   190083 feasible sets         0 orders tried  current cost 5
    W_14: 16500s  37,352,959,200 steps   190300 feasible sets         0 orders tried  current cost 2
    W_14: 16515s  37,387,327,200 steps   190469 feasible sets         0 orders tried  current cost 5
    W_14: 16530s  37,421,466,200 steps   190643 feasible sets         0 orders tried  current cost 9
    W_14: 16545s  37,455,567,000 steps   190784 feasible sets         0 orders tried  current cost 5
    W_14: 16560s  37,489,724,000 steps   190927 feasible sets         0 orders tried  current cost 12
    W_14: 16575s  37,523,971,200 steps   191112 feasible sets         0 orders tried  current cost 3
    W_14: 16590s  37,557,948,200 steps   191253 feasible sets         0 orders tried  current cost 6
    W_14: 16605s  37,591,978,600 steps   191421 feasible sets         0 orders tried  current cost 4
    W_14: 16620s  37,625,718,200 steps   191592 feasible sets         0 orders tried  current cost 4
    W_14: 16635s  37,660,185,000 steps   191725 feasible sets         0 orders tried  current cost 7
    W_14: 16650s  37,694,530,800 steps   191888 feasible sets         0 orders tried  current cost 6
    W_14: 16665s  37,728,499,000 steps   192079 feasible sets         0 orders tried  current cost 1
    W_14: 16680s  37,762,597,000 steps   192245 feasible sets         0 orders tried  current cost 5
    W_14: 16695s  37,796,809,000 steps   192404 feasible sets         0 orders tried  current cost 6
    W_14: 16710s  37,830,804,600 steps   192591 feasible sets         0 orders tried  current cost 7
    W_14: 16725s  37,865,156,400 steps   192772 feasible sets         0 orders tried  current cost 2
    W_14: 16740s  37,899,452,600 steps   192982 feasible sets         0 orders tried  current cost 3
    W_14: 16755s  37,933,647,000 steps   193154 feasible sets         0 orders tried  current cost 8
    W_14: 16770s  37,967,935,400 steps   193365 feasible sets         0 orders tried  current cost 4
    W_14: 16785s  38,002,108,200 steps   193567 feasible sets         0 orders tried  current cost 6
    W_14: 16800s  38,036,315,400 steps   193734 feasible sets         0 orders tried  current cost 2
    W_14: 16815s  38,071,032,400 steps   193915 feasible sets         0 orders tried  current cost 3
    W_14: 16830s  38,105,406,600 steps   194060 feasible sets         0 orders tried  current cost 8
    W_14: 16845s  38,139,490,400 steps   194251 feasible sets         0 orders tried  current cost 2
    W_14: 16860s  38,173,931,600 steps   194421 feasible sets         0 orders tried  current cost 5
    W_14: 16875s  38,207,789,200 steps   194573 feasible sets         0 orders tried  current cost 4
    W_14: 16890s  38,241,653,000 steps   194718 feasible sets         0 orders tried  current cost 3
    W_14: 16905s  38,275,247,800 steps   194864 feasible sets         0 orders tried  current cost 6
    W_14: 16920s  38,309,006,200 steps   195025 feasible sets         0 orders tried  current cost 10
    W_14: 16935s  38,342,727,400 steps   195207 feasible sets         0 orders tried  current cost 5
    W_14: 16950s  38,376,988,800 steps   195393 feasible sets         0 orders tried  current cost 6
    W_14: 16965s  38,410,862,600 steps   195567 feasible sets         0 orders tried  current cost 11
    W_14: 16980s  38,445,383,800 steps   195731 feasible sets         0 orders tried  current cost 10
    W_14: 16995s  38,479,752,200 steps   195893 feasible sets         0 orders tried  current cost 5
    W_14: 17010s  38,513,906,800 steps   196043 feasible sets         0 orders tried  current cost 7
    W_14: 17025s  38,548,134,000 steps   196254 feasible sets         0 orders tried  current cost 3
    W_14: 17040s  38,582,172,600 steps   196426 feasible sets         0 orders tried  current cost 5
    W_14: 17055s  38,615,896,600 steps   196570 feasible sets         0 orders tried  current cost 4
    W_14: 17070s  38,650,402,600 steps   196734 feasible sets         0 orders tried  current cost 10
    W_14: 17085s  38,684,549,200 steps   196905 feasible sets         0 orders tried  current cost 4
    W_14: 17100s  38,718,615,000 steps   197072 feasible sets         0 orders tried  current cost 4
    W_14: 17115s  38,752,628,200 steps   197235 feasible sets         0 orders tried  current cost 6
    W_14: 17130s  38,787,089,600 steps   197444 feasible sets         0 orders tried  current cost 3
    W_14: 17145s  38,821,058,800 steps   197591 feasible sets         0 orders tried  current cost 3
    W_14: 17160s  38,855,198,400 steps   197758 feasible sets         0 orders tried  current cost 3
    W_14: 17175s  38,889,458,600 steps   197941 feasible sets         0 orders tried  current cost 3
    W_14: 17190s  38,923,850,000 steps   198115 feasible sets         0 orders tried  current cost 4
    W_14: 17205s  38,957,675,000 steps   198285 feasible sets         0 orders tried  current cost 2
    W_14: 17220s  38,991,581,200 steps   198482 feasible sets         0 orders tried  current cost 10
    W_14: 17235s  39,025,338,200 steps   198629 feasible sets         0 orders tried  current cost 4
    W_14: 17250s  39,059,220,400 steps   198795 feasible sets         0 orders tried  current cost 14
    W_14: 17265s  39,093,984,800 steps   199014 feasible sets         0 orders tried  current cost 8
    W_14: 17280s  39,128,416,800 steps   199203 feasible sets         0 orders tried  current cost 4
    W_14: 17295s  39,162,563,400 steps   199357 feasible sets         0 orders tried  current cost 8
    W_14: 17310s  39,197,105,200 steps   199571 feasible sets         0 orders tried  current cost 7
    W_14: 17325s  39,231,433,600 steps   199754 feasible sets         0 orders tried  current cost 3
    W_14: 17340s  39,265,520,200 steps   199931 feasible sets         0 orders tried  current cost 11
    W_14: 17355s  39,299,787,400 steps   200106 feasible sets         0 orders tried  current cost 5
    W_14: 17370s  39,333,727,000 steps   200298 feasible sets         0 orders tried  current cost 4
    W_14: 17385s  39,367,924,600 steps   200484 feasible sets         0 orders tried  current cost 9
    W_14: 17400s  39,402,003,600 steps   200644 feasible sets         0 orders tried  current cost 9
    W_14: 17415s  39,436,407,200 steps   200815 feasible sets         0 orders tried  current cost 4
    W_14: 17430s  39,470,457,800 steps   200969 feasible sets         0 orders tried  current cost 4
    W_14: 17445s  39,504,267,200 steps   201138 feasible sets         0 orders tried  current cost 11
    W_14: 17460s  39,538,615,400 steps   201326 feasible sets         0 orders tried  current cost 2
    W_14: 17475s  39,573,128,400 steps   201491 feasible sets         0 orders tried  current cost 3
    W_14: 17490s  39,607,571,200 steps   201670 feasible sets         0 orders tried  current cost 4
    W_14: 17505s  39,642,117,200 steps   201827 feasible sets         0 orders tried  current cost 3
    W_14: 17520s  39,676,375,000 steps   202002 feasible sets         0 orders tried  current cost 4
    W_14: 17535s  39,710,393,600 steps   202150 feasible sets         0 orders tried  current cost 2
    W_14: 17550s  39,744,458,000 steps   202302 feasible sets         0 orders tried  current cost 4
    W_14: 17565s  39,778,631,000 steps   202466 feasible sets         0 orders tried  current cost 5
    W_14: 17580s  39,812,913,800 steps   202644 feasible sets         0 orders tried  current cost 4
    W_14: 17595s  39,847,527,200 steps   202809 feasible sets         0 orders tried  current cost 6
    W_14: 17610s  39,881,936,200 steps   203004 feasible sets         0 orders tried  current cost 4
    W_14: 17625s  39,916,010,400 steps   203218 feasible sets         0 orders tried  current cost 3
    W_14: 17640s  39,950,619,800 steps   203391 feasible sets         0 orders tried  current cost 2
    W_14: 17655s  39,985,066,000 steps   203539 feasible sets         0 orders tried  current cost 5
    W_14: 17670s  40,019,487,600 steps   203698 feasible sets         0 orders tried  current cost 9
    W_14: 17685s  40,053,565,000 steps   203866 feasible sets         0 orders tried  current cost 9
    W_14: 17700s  40,087,477,000 steps   204073 feasible sets         0 orders tried  current cost 3
    W_14: 17715s  40,121,030,800 steps   204233 feasible sets         0 orders tried  current cost 3
    W_14: 17730s  40,152,671,600 steps   204342 feasible sets         0 orders tried  current cost 2
    W_14: 17745s  40,186,341,800 steps   204498 feasible sets         0 orders tried  current cost 10
    W_14: 17760s  40,220,173,800 steps   204653 feasible sets         0 orders tried  current cost 4
    W_14: 17775s  40,254,597,200 steps   204808 feasible sets         0 orders tried  current cost 3
    W_14: 17790s  40,289,305,400 steps   204989 feasible sets         0 orders tried  current cost 7
    W_14: 17805s  40,323,887,000 steps   205175 feasible sets         0 orders tried  current cost 7
    W_14: 17820s  40,358,467,400 steps   205337 feasible sets         0 orders tried  current cost 9
    W_14: 17835s  40,392,819,400 steps   205535 feasible sets         0 orders tried  current cost 3
    W_14: 17850s  40,427,342,200 steps   205706 feasible sets         0 orders tried  current cost 10
    W_14: 17865s  40,462,007,200 steps   205903 feasible sets         0 orders tried  current cost 7
    W_14: 17880s  40,496,655,400 steps   206052 feasible sets         0 orders tried  current cost 2
    W_14: 17895s  40,531,210,600 steps   206174 feasible sets         0 orders tried  current cost 5
    W_14: 17910s  40,565,494,200 steps   206375 feasible sets         0 orders tried  current cost 2
    W_14: 17925s  40,599,429,200 steps   206572 feasible sets         0 orders tried  current cost 3
    W_14: 17940s  40,633,732,000 steps   206802 feasible sets         0 orders tried  current cost 5
    W_14: 17955s  40,668,483,800 steps   206971 feasible sets         0 orders tried  current cost 12
    W_14: 17970s  40,703,071,200 steps   207132 feasible sets         0 orders tried  current cost 4
    W_14: 17985s  40,737,626,600 steps   207314 feasible sets         0 orders tried  current cost 4
    W_14: 18000s  40,772,366,800 steps   207493 feasible sets         0 orders tried  current cost 7
    W_14: 18015s  40,806,495,200 steps   207674 feasible sets         0 orders tried  current cost 3
    W_14: 18030s  40,841,588,800 steps   207871 feasible sets         0 orders tried  current cost 6
    W_14: 18045s  40,876,328,400 steps   208065 feasible sets         0 orders tried  current cost 4
    W_14: 18060s  40,910,349,600 steps   208242 feasible sets         0 orders tried  current cost 6
    W_14: 18075s  40,944,519,800 steps   208422 feasible sets         0 orders tried  current cost 3
    W_14: 18090s  40,979,129,000 steps   208579 feasible sets         0 orders tried  current cost 4
    W_14: 18105s  41,013,689,200 steps   208737 feasible sets         0 orders tried  current cost 5
    W_14: 18120s  41,048,147,400 steps   208871 feasible sets         0 orders tried  current cost 6
    W_14: 18135s  41,082,291,200 steps   209059 feasible sets         0 orders tried  current cost 4
    W_14: 18150s  41,117,013,000 steps   209226 feasible sets         0 orders tried  current cost 2
    W_14: 18165s  41,151,668,800 steps   209371 feasible sets         0 orders tried  current cost 4
    W_14: 18180s  41,186,433,000 steps   209520 feasible sets         0 orders tried  current cost 1
    W_14: 18195s  41,220,612,400 steps   209687 feasible sets         0 orders tried  current cost 3
    W_14: 18210s  41,254,990,000 steps   209893 feasible sets         0 orders tried  current cost 5
    W_14: 18225s  41,289,212,800 steps   210075 feasible sets         0 orders tried  current cost 4
    W_14: 18240s  41,323,589,000 steps   210285 feasible sets         0 orders tried  current cost 10
    W_14: 18255s  41,357,969,200 steps   210465 feasible sets         0 orders tried  current cost 5
    W_14: 18270s  41,392,264,800 steps   210657 feasible sets         0 orders tried  current cost 8
    W_14: 18285s  41,426,623,600 steps   210850 feasible sets         0 orders tried  current cost 9
    W_14: 18300s  41,460,810,600 steps   211029 feasible sets         0 orders tried  current cost 6
    W_14: 18315s  41,495,947,400 steps   211199 feasible sets         0 orders tried  current cost 3
    W_14: 18330s  41,530,654,000 steps   211334 feasible sets         0 orders tried  current cost 3
    W_14: 18345s  41,565,245,400 steps   211524 feasible sets         0 orders tried  current cost 10
    W_14: 18360s  41,599,542,000 steps   211697 feasible sets         0 orders tried  current cost 13
    W_14: 18375s  41,633,905,600 steps   211872 feasible sets         0 orders tried  current cost 9
    W_14: 18390s  41,668,427,000 steps   212067 feasible sets         0 orders tried  current cost 6
    W_14: 18405s  41,702,827,400 steps   212218 feasible sets         0 orders tried  current cost 8
    W_14: 18420s  41,737,116,800 steps   212405 feasible sets         0 orders tried  current cost 1
    W_14: 18435s  41,771,581,200 steps   212604 feasible sets         0 orders tried  current cost 11
    W_14: 18450s  41,806,393,600 steps   212772 feasible sets         0 orders tried  current cost 3
    W_14: 18465s  41,841,307,800 steps   212957 feasible sets         0 orders tried  current cost 6
    W_14: 18480s  41,875,771,200 steps   213152 feasible sets         0 orders tried  current cost 8
    W_14: 18495s  41,910,449,600 steps   213325 feasible sets         0 orders tried  current cost 5
    W_14: 18510s  41,944,986,200 steps   213466 feasible sets         0 orders tried  current cost 6
    W_14: 18525s  41,979,343,000 steps   213651 feasible sets         0 orders tried  current cost 12
    W_14: 18540s  42,013,732,400 steps   213827 feasible sets         0 orders tried  current cost 4
    W_14: 18555s  42,048,357,000 steps   214041 feasible sets         0 orders tried  current cost 2
    W_14: 18570s  42,082,243,800 steps   214220 feasible sets         0 orders tried  current cost 13
    W_14: 18585s  42,116,839,600 steps   214408 feasible sets         0 orders tried  current cost 2
    W_14: 18600s  42,151,065,600 steps   214567 feasible sets         0 orders tried  current cost 6
    W_14: 18615s  42,185,694,200 steps   214755 feasible sets         0 orders tried  current cost 3
    W_14: 18630s  42,220,596,000 steps   214912 feasible sets         0 orders tried  current cost 1
    W_14: 18645s  42,255,215,000 steps   215097 feasible sets         0 orders tried  current cost 5
    W_14: 18660s  42,289,386,800 steps   215281 feasible sets         0 orders tried  current cost 5
    W_14: 18675s  42,323,704,800 steps   215462 feasible sets         0 orders tried  current cost 10
    W_14: 18690s  42,357,873,800 steps   215635 feasible sets         0 orders tried  current cost 3
    W_14: 18705s  42,392,022,000 steps   215804 feasible sets         0 orders tried  current cost 6
    W_14: 18720s  42,426,535,800 steps   215997 feasible sets         0 orders tried  current cost 5
    W_14: 18735s  42,461,070,600 steps   216172 feasible sets         0 orders tried  current cost 5
    W_14: 18750s  42,495,391,200 steps   216343 feasible sets         0 orders tried  current cost 4
    W_14: 18765s  42,529,709,600 steps   216510 feasible sets         0 orders tried  current cost 6
    W_14: 18780s  42,564,022,800 steps   216710 feasible sets         0 orders tried  current cost 8
    W_14: 18795s  42,598,619,000 steps   216876 feasible sets         0 orders tried  current cost 3
    W_14: 18810s  42,632,998,800 steps   217049 feasible sets         0 orders tried  current cost 2
    W_14: 18825s  42,667,148,000 steps   217227 feasible sets         0 orders tried  current cost 8
    W_14: 18840s  42,701,074,200 steps   217459 feasible sets         0 orders tried  current cost 3
    W_14: 18855s  42,735,657,400 steps   217633 feasible sets         0 orders tried  current cost 1
    W_14: 18870s  42,770,282,800 steps   217804 feasible sets         0 orders tried  current cost 14
    W_14: 18885s  42,804,544,200 steps   217951 feasible sets         0 orders tried  current cost 10
    W_14: 18900s  42,838,805,400 steps   218113 feasible sets         0 orders tried  current cost 7
    W_14: 18915s  42,873,374,600 steps   218287 feasible sets         0 orders tried  current cost 3
    W_14: 18930s  42,908,167,400 steps   218481 feasible sets         0 orders tried  current cost 6
    W_14: 18945s  42,942,537,600 steps   218675 feasible sets         0 orders tried  current cost 2
    W_14: 18960s  42,977,187,600 steps   218862 feasible sets         0 orders tried  current cost 10
    W_14: 18975s  43,012,096,400 steps   219093 feasible sets         0 orders tried  current cost 1
    W_14: 18990s  43,046,652,000 steps   219254 feasible sets         0 orders tried  current cost 4
    W_14: 19005s  43,081,263,600 steps   219418 feasible sets         0 orders tried  current cost 8
    W_14: 19020s  43,115,832,600 steps   219554 feasible sets         0 orders tried  current cost 1
    W_14: 19035s  43,150,264,800 steps   219732 feasible sets         0 orders tried  current cost 11
    W_14: 19050s  43,184,774,400 steps   219893 feasible sets         0 orders tried  current cost 2
    W_14: 19065s  43,218,854,200 steps   220064 feasible sets         0 orders tried  current cost 3
    W_14: 19080s  43,253,464,600 steps   220218 feasible sets         0 orders tried  current cost 7
    W_14: 19095s  43,287,737,200 steps   220393 feasible sets         0 orders tried  current cost 5
    W_14: 19110s  43,322,644,000 steps   220545 feasible sets         0 orders tried  current cost 12
    W_14: 19125s  43,357,248,200 steps   220697 feasible sets         0 orders tried  current cost 9
    W_14: 19140s  43,392,123,600 steps   220860 feasible sets         0 orders tried  current cost 9
    W_14: 19155s  43,427,002,800 steps   221027 feasible sets         0 orders tried  current cost 12
    W_14: 19170s  43,461,561,000 steps   221181 feasible sets         0 orders tried  current cost 10
    W_14: 19185s  43,496,086,800 steps   221328 feasible sets         0 orders tried  current cost 4
    W_14: 19200s  43,530,424,000 steps   221513 feasible sets         0 orders tried  current cost 9
    W_14: 19215s  43,564,740,800 steps   221669 feasible sets         0 orders tried  current cost 18
    W_14: 19230s  43,599,242,400 steps   221837 feasible sets         0 orders tried  current cost 12
    W_14: 19245s  43,633,772,400 steps   222024 feasible sets         0 orders tried  current cost 4
    W_14: 19260s  43,668,452,800 steps   222174 feasible sets         0 orders tried  current cost 3
    W_14: 19275s  43,703,164,000 steps   222374 feasible sets         0 orders tried  current cost 12
    W_14: 19290s  43,737,591,200 steps   222529 feasible sets         0 orders tried  current cost 3
    W_14: 19305s  43,772,034,800 steps   222716 feasible sets         0 orders tried  current cost 2
    W_14: 19320s  43,806,627,400 steps   222933 feasible sets         0 orders tried  current cost 4
    W_14: 19335s  43,841,047,400 steps   223109 feasible sets         0 orders tried  current cost 4
    W_14: 19350s  43,875,152,000 steps   223280 feasible sets         0 orders tried  current cost 2
    W_14: 19365s  43,909,330,600 steps   223459 feasible sets         0 orders tried  current cost 4
    W_14: 19380s  43,943,429,600 steps   223661 feasible sets         0 orders tried  current cost 6
    W_14: 19395s  43,977,632,200 steps   223857 feasible sets         0 orders tried  current cost 2
    W_14: 19410s  44,012,205,600 steps   224063 feasible sets         0 orders tried  current cost 7
    W_14: 19425s  44,046,645,000 steps   224233 feasible sets         0 orders tried  current cost 11
    W_14: 19440s  44,081,272,200 steps   224391 feasible sets         0 orders tried  current cost 2
    W_14: 19455s  44,115,660,600 steps   224584 feasible sets         0 orders tried  current cost 11
    W_14: 19470s  44,150,077,000 steps   224788 feasible sets         0 orders tried  current cost 4
    W_14: 19485s  44,184,610,000 steps   224976 feasible sets         0 orders tried  current cost 5
    W_14: 19500s  44,219,001,000 steps   225151 feasible sets         0 orders tried  current cost 13
    W_14: 19515s  44,253,064,200 steps   225363 feasible sets         0 orders tried  current cost 10
    W_14: 19530s  44,287,708,400 steps   225550 feasible sets         0 orders tried  current cost 6
    W_14: 19545s  44,322,561,000 steps   225719 feasible sets         0 orders tried  current cost 15
    W_14: 19560s  44,357,354,600 steps   225933 feasible sets         0 orders tried  current cost 4
    W_14: 19575s  44,392,155,200 steps   226115 feasible sets         0 orders tried  current cost 5
    W_14: 19590s  44,426,876,200 steps   226346 feasible sets         0 orders tried  current cost 3
    W_14: 19605s  44,461,192,400 steps   226518 feasible sets         0 orders tried  current cost 4
    W_14: 19620s  44,495,811,400 steps   226682 feasible sets         0 orders tried  current cost 3
    W_14: 19635s  44,530,621,000 steps   226890 feasible sets         0 orders tried  current cost 13
    W_14: 19650s  44,565,274,200 steps   227047 feasible sets         0 orders tried  current cost 1
    W_14: 19665s  44,599,317,800 steps   227217 feasible sets         0 orders tried  current cost 5
    W_14: 19680s  44,633,859,600 steps   227361 feasible sets         0 orders tried  current cost 3
    W_14: 19695s  44,668,222,800 steps   227540 feasible sets         0 orders tried  current cost 10
    W_14: 19710s  44,702,230,000 steps   227737 feasible sets         0 orders tried  current cost 4
    W_14: 19725s  44,736,801,600 steps   227921 feasible sets         0 orders tried  current cost 9
    W_14: 19740s  44,771,782,200 steps   228095 feasible sets         0 orders tried  current cost 13
    W_14: 19755s  44,805,982,600 steps   228295 feasible sets         0 orders tried  current cost 13
    W_14: 19770s  44,840,365,000 steps   228471 feasible sets         0 orders tried  current cost 14
    W_14: 19785s  44,874,827,200 steps   228653 feasible sets         0 orders tried  current cost 3
    W_14: 19800s  44,909,577,800 steps   228802 feasible sets         0 orders tried  current cost 3
    W_14: 19815s  44,944,262,000 steps   228985 feasible sets         0 orders tried  current cost 14
    W_14: 19830s  44,978,992,000 steps   229176 feasible sets         0 orders tried  current cost 4
    W_14: 19845s  45,013,371,600 steps   229327 feasible sets         0 orders tried  current cost 3
    W_14: 19860s  45,048,072,000 steps   229486 feasible sets         0 orders tried  current cost 3
    W_14: 19875s  45,082,620,800 steps   229659 feasible sets         0 orders tried  current cost 11
    W_14: 19890s  45,117,263,600 steps   229857 feasible sets         0 orders tried  current cost 7
    W_14: 19905s  45,152,138,400 steps   230016 feasible sets         0 orders tried  current cost 3
    W_14: 19920s  45,186,088,000 steps   230169 feasible sets         0 orders tried  current cost 8
    W_14: 19935s  45,220,345,400 steps   230353 feasible sets         0 orders tried  current cost 6
    W_14: 19950s  45,255,179,000 steps   230514 feasible sets         0 orders tried  current cost 3
    W_14: 19965s  45,289,740,600 steps   230709 feasible sets         0 orders tried  current cost 14
    W_14: 19980s  45,324,377,000 steps   230865 feasible sets         0 orders tried  current cost 4
    W_14: 19995s  45,358,855,800 steps   231038 feasible sets         0 orders tried  current cost 5
    W_14: 20010s  45,392,687,800 steps   231201 feasible sets         0 orders tried  current cost 6
    W_14: 20025s  45,427,495,600 steps   231367 feasible sets         0 orders tried  current cost 4
    W_14: 20040s  45,461,611,200 steps   231555 feasible sets         0 orders tried  current cost 4
    W_14: 20055s  45,495,739,600 steps   231757 feasible sets         0 orders tried  current cost 1
    W_14: 20070s  45,530,267,800 steps   231950 feasible sets         0 orders tried  current cost 4
    W_14: 20085s  45,564,756,400 steps   232132 feasible sets         0 orders tried  current cost 3
    W_14: 20100s  45,598,688,400 steps   232323 feasible sets         0 orders tried  current cost 8
    W_14: 20115s  45,630,982,200 steps   232467 feasible sets         0 orders tried  current cost 11
    W_14: 20130s  45,664,325,000 steps   232637 feasible sets         0 orders tried  current cost 9
    W_14: 20145s  45,698,867,600 steps   232831 feasible sets         0 orders tried  current cost 4
    W_14: 20160s  45,732,957,400 steps   233022 feasible sets         0 orders tried  current cost 2
    W_14: 20175s  45,767,266,800 steps   233194 feasible sets         0 orders tried  current cost 5
    W_14: 20190s  45,801,543,600 steps   233381 feasible sets         0 orders tried  current cost 11
    W_14: 20205s  45,836,128,800 steps   233565 feasible sets         0 orders tried  current cost 7
    W_14: 20220s  45,870,278,600 steps   233735 feasible sets         0 orders tried  current cost 2
    W_14: 20235s  45,904,677,000 steps   233886 feasible sets         0 orders tried  current cost 3
    W_14: 20250s  45,939,217,400 steps   234044 feasible sets         0 orders tried  current cost 3
    W_14: 20265s  45,973,785,400 steps   234204 feasible sets         0 orders tried  current cost 7
    W_14: 20280s  46,008,486,000 steps   234363 feasible sets         0 orders tried  current cost 5
    W_14: 20295s  46,042,477,400 steps   234552 feasible sets         0 orders tried  current cost 4
    W_14: 20310s  46,075,721,600 steps   234702 feasible sets         0 orders tried  current cost 10
    W_14: 20325s  46,110,136,000 steps   234851 feasible sets         0 orders tried  current cost 3
    W_14: 20340s  46,145,045,200 steps   235041 feasible sets         0 orders tried  current cost 8
    W_14: 20355s  46,179,416,600 steps   235209 feasible sets         0 orders tried  current cost 3
    W_14: 20370s  46,213,947,000 steps   235392 feasible sets         0 orders tried  current cost 7
    W_14: 20385s  46,248,064,400 steps   235560 feasible sets         0 orders tried  current cost 8
    W_14: 20400s  46,282,558,600 steps   235759 feasible sets         0 orders tried  current cost 4
    W_14: 20415s  46,317,082,400 steps   235977 feasible sets         0 orders tried  current cost 13
    W_14: 20430s  46,351,577,400 steps   236109 feasible sets         0 orders tried  current cost 3
    W_14: 20445s  46,385,778,600 steps   236276 feasible sets         0 orders tried  current cost 4
    W_14: 20460s  46,420,711,600 steps   236440 feasible sets         0 orders tried  current cost 4
    W_14: 20475s  46,455,099,000 steps   236614 feasible sets         0 orders tried  current cost 3
    W_14: 20490s  46,489,363,800 steps   236760 feasible sets         0 orders tried  current cost 8
    W_14: 20505s  46,523,823,000 steps   236920 feasible sets         0 orders tried  current cost 15
    W_14: 20520s  46,558,499,400 steps   237114 feasible sets         0 orders tried  current cost 3
    W_14: 20535s  46,592,907,400 steps   237292 feasible sets         0 orders tried  current cost 7
    W_14: 20550s  46,627,250,200 steps   237463 feasible sets         0 orders tried  current cost 4
    W_14: 20565s  46,661,607,000 steps   237660 feasible sets         0 orders tried  current cost 7
    W_14: 20580s  46,695,783,200 steps   237851 feasible sets         0 orders tried  current cost 13
    W_14: 20595s  46,730,647,000 steps   238052 feasible sets         0 orders tried  current cost 5
    W_14: 20610s  46,764,995,800 steps   238204 feasible sets         0 orders tried  current cost 1
    W_14: 20625s  46,799,263,000 steps   238389 feasible sets         0 orders tried  current cost 14
    W_14: 20640s  46,833,458,800 steps   238548 feasible sets         0 orders tried  current cost 1
    W_14: 20655s  46,867,803,400 steps   238708 feasible sets         0 orders tried  current cost 7
    W_14: 20670s  46,901,964,000 steps   238865 feasible sets         0 orders tried  current cost 10
    W_14: 20685s  46,936,646,600 steps   239047 feasible sets         0 orders tried  current cost 3
    W_14: 20700s  46,971,397,800 steps   239236 feasible sets         0 orders tried  current cost 3
    W_14: 20715s  47,005,816,000 steps   239392 feasible sets         0 orders tried  current cost 3
    W_14: 20730s  47,039,949,200 steps   239577 feasible sets         0 orders tried  current cost 5
    W_14: 20745s  47,074,368,400 steps   239726 feasible sets         0 orders tried  current cost 4
    W_14: 20760s  47,109,005,400 steps   239898 feasible sets         0 orders tried  current cost 12
    W_14: 20775s  47,143,175,000 steps   240074 feasible sets         0 orders tried  current cost 1
    W_14: 20790s  47,177,625,400 steps   240268 feasible sets         0 orders tried  current cost 11
    W_14: 20805s  47,212,122,400 steps   240422 feasible sets         0 orders tried  current cost 13
    W_14: 20820s  47,246,418,400 steps   240563 feasible sets         0 orders tried  current cost 3
    W_14: 20835s  47,281,153,800 steps   240762 feasible sets         0 orders tried  current cost 2
    W_14: 20850s  47,315,507,600 steps   240943 feasible sets         0 orders tried  current cost 8
    W_14: 20865s  47,349,930,600 steps   241121 feasible sets         0 orders tried  current cost 3
    W_14: 20880s  47,384,510,000 steps   241293 feasible sets         0 orders tried  current cost 7
    W_14: 20895s  47,418,736,000 steps   241492 feasible sets         0 orders tried  current cost 3
    W_14: 20910s  47,452,745,200 steps   241676 feasible sets         0 orders tried  current cost 9
    W_14: 20925s  47,487,378,600 steps   241868 feasible sets         0 orders tried  current cost 2
    W_14: 20940s  47,522,142,800 steps   242028 feasible sets         0 orders tried  current cost 8
    W_14: 20955s  47,556,878,000 steps   242161 feasible sets         0 orders tried  current cost 3
    W_14: 20970s  47,591,039,600 steps   242343 feasible sets         0 orders tried  current cost 1
    W_14: 20985s  47,625,573,800 steps   242532 feasible sets         0 orders tried  current cost 3
    W_14: 21000s  47,659,674,800 steps   242703 feasible sets         0 orders tried  current cost 2
    W_14: 21015s  47,694,147,400 steps   242863 feasible sets         0 orders tried  current cost 6
    W_14: 21030s  47,728,659,000 steps   243042 feasible sets         0 orders tried  current cost 2
    W_14: 21045s  47,763,418,400 steps   243235 feasible sets         0 orders tried  current cost 2
    W_14: 21060s  47,797,986,800 steps   243391 feasible sets         0 orders tried  current cost 3
    W_14: 21075s  47,832,290,200 steps   243590 feasible sets         0 orders tried  current cost 3
    W_14: 21090s  47,866,525,200 steps   243797 feasible sets         0 orders tried  current cost 8
    W_14: 21105s  47,900,688,800 steps   243995 feasible sets         0 orders tried  current cost 4
    W_14: 21120s  47,935,637,600 steps   244187 feasible sets         0 orders tried  current cost 3
    W_14: 21135s  47,969,960,000 steps   244394 feasible sets         0 orders tried  current cost 4
    W_14: 21150s  48,004,283,400 steps   244592 feasible sets         0 orders tried  current cost 10
    W_14: 21165s  48,038,494,400 steps   244801 feasible sets         0 orders tried  current cost 2
    W_14: 21180s  48,073,013,200 steps   244959 feasible sets         0 orders tried  current cost 2
    W_14: 21195s  48,107,525,000 steps   245147 feasible sets         0 orders tried  current cost 4
    W_14: 21210s  48,142,220,800 steps   245366 feasible sets         0 orders tried  current cost 14
    W_14: 21225s  48,176,612,600 steps   245555 feasible sets         0 orders tried  current cost 2
    W_14: 21240s  48,211,122,800 steps   245724 feasible sets         0 orders tried  current cost 13
    W_14: 21255s  48,246,083,000 steps   245888 feasible sets         0 orders tried  current cost 11
    W_14: 21270s  48,280,384,400 steps   246084 feasible sets         0 orders tried  current cost 8
    W_14: 21285s  48,314,999,800 steps   246246 feasible sets         0 orders tried  current cost 3
    W_14: 21300s  48,349,243,600 steps   246433 feasible sets         0 orders tried  current cost 8
    W_14: 21315s  48,383,507,400 steps   246614 feasible sets         0 orders tried  current cost 6
    W_14: 21330s  48,417,761,000 steps   246832 feasible sets         0 orders tried  current cost 14
    W_14: 21345s  48,452,265,200 steps   247010 feasible sets         0 orders tried  current cost 9
    W_14: 21360s  48,486,873,000 steps   247182 feasible sets         0 orders tried  current cost 5
    W_14: 21375s  48,521,491,800 steps   247329 feasible sets         0 orders tried  current cost 4
    W_14: 21390s  48,555,961,600 steps   247533 feasible sets         0 orders tried  current cost 13
    W_14: 21405s  48,591,078,000 steps   247733 feasible sets         0 orders tried  current cost 4
    W_14: 21420s  48,625,478,000 steps   247915 feasible sets         0 orders tried  current cost 3
    W_14: 21435s  48,659,809,200 steps   248089 feasible sets         0 orders tried  current cost 6
    W_14: 21450s  48,694,471,600 steps   248273 feasible sets         0 orders tried  current cost 1
    W_14: 21465s  48,728,883,400 steps   248436 feasible sets         0 orders tried  current cost 15
    W_14: 21480s  48,763,408,800 steps   248609 feasible sets         0 orders tried  current cost 2
    W_14: 21495s  48,797,371,000 steps   248764 feasible sets         0 orders tried  current cost 3
    W_14: 21510s  48,831,923,000 steps   248928 feasible sets         0 orders tried  current cost 7
    W_14: 21525s  48,866,556,600 steps   249133 feasible sets         0 orders tried  current cost 4
    W_14: 21540s  48,901,541,800 steps   249312 feasible sets         0 orders tried  current cost 17
    W_14: 21555s  48,935,798,000 steps   249514 feasible sets         0 orders tried  current cost 2
    W_14: 21570s  48,970,072,400 steps   249697 feasible sets         0 orders tried  current cost 3
    W_14: 21585s  49,004,680,000 steps   249874 feasible sets         0 orders tried  current cost 2
    W_14: 21600s  49,039,002,800 steps   250070 feasible sets         0 orders tried  current cost 10
    W_14: 21615s  49,073,542,200 steps   250265 feasible sets         0 orders tried  current cost 14
    W_14: 21630s  49,108,510,200 steps   250442 feasible sets         0 orders tried  current cost 1
    W_14: 21645s  49,143,294,600 steps   250613 feasible sets         0 orders tried  current cost 5
    W_14: 21660s  49,177,590,000 steps   250798 feasible sets         0 orders tried  current cost 5
    W_14: 21675s  49,212,124,200 steps   250980 feasible sets         0 orders tried  current cost 11
    W_14: 21690s  49,246,645,800 steps   251176 feasible sets         0 orders tried  current cost 9
    W_14: 21705s  49,281,043,600 steps   251347 feasible sets         0 orders tried  current cost 10
    W_14: 21720s  49,315,662,000 steps   251517 feasible sets         0 orders tried  current cost 13
    W_14: 21735s  49,349,943,400 steps   251724 feasible sets         0 orders tried  current cost 14
    W_14: 21750s  49,384,324,800 steps   251921 feasible sets         0 orders tried  current cost 8
    W_14: 21765s  49,419,136,600 steps   252089 feasible sets         0 orders tried  current cost 4
    W_14: 21780s  49,454,016,400 steps   252285 feasible sets         0 orders tried  current cost 5
    W_14: 21795s  49,488,509,800 steps   252440 feasible sets         0 orders tried  current cost 5
    W_14: 21810s  49,523,163,200 steps   252603 feasible sets         0 orders tried  current cost 14
    W_14: 21825s  49,557,728,800 steps   252749 feasible sets         0 orders tried  current cost 6
    W_14: 21840s  49,592,319,600 steps   252911 feasible sets         0 orders tried  current cost 2
    W_14: 21855s  49,626,621,600 steps   253108 feasible sets         0 orders tried  current cost 10
    W_14: 21870s  49,661,412,800 steps   253300 feasible sets         0 orders tried  current cost 3
    W_14: 21885s  49,696,240,600 steps   253449 feasible sets         0 orders tried  current cost 7
    W_14: 21900s  49,730,387,800 steps   253641 feasible sets         0 orders tried  current cost 6
    W_14: 21915s  49,764,627,800 steps   253776 feasible sets         0 orders tried  current cost 4
    W_14: 21930s  49,798,628,400 steps   253951 feasible sets         0 orders tried  current cost 3
    W_14: 21945s  49,833,003,200 steps   254070 feasible sets         0 orders tried  current cost 9
    W_14: 21960s  49,867,536,200 steps   254224 feasible sets         0 orders tried  current cost 3
    W_14: 21975s  49,901,795,200 steps   254388 feasible sets         0 orders tried  current cost 2
    W_14: 21990s  49,936,310,600 steps   254583 feasible sets         0 orders tried  current cost 1
    W_14: 22005s  49,970,688,600 steps   254712 feasible sets         0 orders tried  current cost 5
    W_14: 22020s  50,005,002,400 steps   254887 feasible sets         0 orders tried  current cost 10
    W_14: 22035s  50,039,029,600 steps   255033 feasible sets         0 orders tried  current cost 3
    W_14: 22050s  50,073,957,400 steps   255209 feasible sets         0 orders tried  current cost 3
    W_14: 22065s  50,108,763,200 steps   255357 feasible sets         0 orders tried  current cost 9
    W_14: 22080s  50,143,047,600 steps   255526 feasible sets         0 orders tried  current cost 5
    W_14: 22095s  50,177,379,200 steps   255685 feasible sets         0 orders tried  current cost 2
    W_14: 22110s  50,212,311,200 steps   255868 feasible sets         0 orders tried  current cost 4
    W_14: 22125s  50,246,670,000 steps   256049 feasible sets         0 orders tried  current cost 3
    W_14: 22140s  50,281,007,600 steps   256208 feasible sets         0 orders tried  current cost 6
    W_14: 22155s  50,315,573,200 steps   256367 feasible sets         0 orders tried  current cost 5
    W_14: 22170s  50,350,022,800 steps   256551 feasible sets         0 orders tried  current cost 10
    W_14: 22185s  50,384,299,000 steps   256728 feasible sets         0 orders tried  current cost 4
    W_14: 22200s  50,419,013,400 steps   256889 feasible sets         0 orders tried  current cost 3
    W_14: 22215s  50,453,369,200 steps   257039 feasible sets         0 orders tried  current cost 3
    W_14: 22230s  50,488,063,800 steps   257234 feasible sets         0 orders tried  current cost 11
    W_14: 22245s  50,522,606,200 steps   257399 feasible sets         0 orders tried  current cost 5
    W_14: 22260s  50,557,341,200 steps   257572 feasible sets         0 orders tried  current cost 16
    W_14: 22275s  50,592,031,200 steps   257739 feasible sets         0 orders tried  current cost 5
    W_14: 22290s  50,626,407,400 steps   257915 feasible sets         0 orders tried  current cost 3
    W_14: 22305s  50,660,473,200 steps   258117 feasible sets         0 orders tried  current cost 3
    W_14: 22320s  50,695,087,800 steps   258267 feasible sets         0 orders tried  current cost 8
    W_14: 22335s  50,729,688,400 steps   258472 feasible sets         0 orders tried  current cost 5
    W_14: 22350s  50,764,306,000 steps   258613 feasible sets         0 orders tried  current cost 6
    W_14: 22365s  50,798,859,600 steps   258807 feasible sets         0 orders tried  current cost 1
    W_14: 22380s  50,833,465,800 steps   258987 feasible sets         0 orders tried  current cost 10
    W_14: 22395s  50,868,095,200 steps   259171 feasible sets         0 orders tried  current cost 3
    W_14: 22410s  50,902,673,400 steps   259333 feasible sets         0 orders tried  current cost 4
    W_14: 22425s  50,937,431,200 steps   259529 feasible sets         0 orders tried  current cost 2
    W_14: 22440s  50,972,313,600 steps   259758 feasible sets         0 orders tried  current cost 5
    W_14: 22455s  51,006,625,800 steps   259923 feasible sets         0 orders tried  current cost 7
    W_14: 22470s  51,040,981,600 steps   260087 feasible sets         0 orders tried  current cost 11
    W_14: 22485s  51,075,278,000 steps   260252 feasible sets         0 orders tried  current cost 3
    W_14: 22500s  51,109,405,600 steps   260446 feasible sets         0 orders tried  current cost 8
    W_14: 22515s  51,143,883,200 steps   260695 feasible sets         0 orders tried  current cost 20
    W_14: 22530s  51,178,494,400 steps   260863 feasible sets         0 orders tried  current cost 1
    W_14: 22545s  51,213,061,400 steps   261031 feasible sets         0 orders tried  current cost 14
    W_14: 22560s  51,247,169,200 steps   261219 feasible sets         0 orders tried  current cost 6
    W_14: 22575s  51,281,703,000 steps   261382 feasible sets         0 orders tried  current cost 9
    W_14: 22590s  51,316,232,400 steps   261549 feasible sets         0 orders tried  current cost 4
    W_14: 22605s  51,350,722,200 steps   261745 feasible sets         0 orders tried  current cost 9
    W_14: 22620s  51,385,266,800 steps   261908 feasible sets         0 orders tried  current cost 9
    W_14: 22635s  51,419,593,000 steps   262051 feasible sets         0 orders tried  current cost 3
    W_14: 22650s  51,453,701,200 steps   262183 feasible sets         0 orders tried  current cost 13
    W_14: 22665s  51,488,299,800 steps   262366 feasible sets         0 orders tried  current cost 4
    W_14: 22680s  51,522,601,600 steps   262508 feasible sets         0 orders tried  current cost 9
    W_14: 22695s  51,556,848,800 steps   262728 feasible sets         0 orders tried  current cost 5
    W_14: 22710s  51,591,401,800 steps   262901 feasible sets         0 orders tried  current cost 13
    W_14: 22725s  51,625,458,400 steps   263097 feasible sets         0 orders tried  current cost 2
    W_14: 22740s  51,659,924,400 steps   263320 feasible sets         0 orders tried  current cost 10
    W_14: 22755s  51,694,829,600 steps   263461 feasible sets         0 orders tried  current cost 4
    W_14: 22770s  51,729,735,800 steps   263633 feasible sets         0 orders tried  current cost 2
    W_14: 22785s  51,764,150,800 steps   263833 feasible sets         0 orders tried  current cost 2
    W_14: 22800s  51,798,533,800 steps   263983 feasible sets         0 orders tried  current cost 2
    W_14: 22815s  51,833,274,200 steps   264144 feasible sets         0 orders tried  current cost 4
    W_14: 22830s  51,867,741,600 steps   264305 feasible sets         0 orders tried  current cost 16
    W_14: 22845s  51,902,177,000 steps   264468 feasible sets         0 orders tried  current cost 3
    W_14: 22860s  51,936,769,600 steps   264594 feasible sets         0 orders tried  current cost 6
    W_14: 22875s  51,970,998,200 steps   264776 feasible sets         0 orders tried  current cost 2
    W_14: 22890s  52,005,344,000 steps   264951 feasible sets         0 orders tried  current cost 8
    W_14: 22905s  52,040,159,800 steps   265172 feasible sets         0 orders tried  current cost 2
    W_14: 22920s  52,074,886,200 steps   265331 feasible sets         0 orders tried  current cost 6
    W_14: 22935s  52,108,962,200 steps   265512 feasible sets         0 orders tried  current cost 10
    W_14: 22950s  52,143,145,800 steps   265655 feasible sets         0 orders tried  current cost 6
    W_14: 22965s  52,177,749,200 steps   265834 feasible sets         0 orders tried  current cost 7
    W_14: 22980s  52,211,955,600 steps   266022 feasible sets         0 orders tried  current cost 3
    W_14: 22995s  52,246,433,200 steps   266200 feasible sets         0 orders tried  current cost 3
    W_14: 23010s  52,281,237,000 steps   266351 feasible sets         0 orders tried  current cost 3
    W_14: 23025s  52,316,224,400 steps   266501 feasible sets         0 orders tried  current cost 6
    W_14: 23040s  52,350,653,800 steps   266659 feasible sets         0 orders tried  current cost 3
    W_14: 23055s  52,385,052,400 steps   266817 feasible sets         0 orders tried  current cost 2
    W_14: 23070s  52,419,908,600 steps   267051 feasible sets         0 orders tried  current cost 5
    W_14: 23085s  52,454,456,800 steps   267206 feasible sets         0 orders tried  current cost 2
    W_14: 23100s  52,488,852,800 steps   267396 feasible sets         0 orders tried  current cost 3
    W_14: 23115s  52,523,351,400 steps   267550 feasible sets         0 orders tried  current cost 5
    W_14: 23130s  52,557,471,400 steps   267743 feasible sets         0 orders tried  current cost 4
    W_14: 23145s  52,591,989,800 steps   267907 feasible sets         0 orders tried  current cost 5
    W_14: 23160s  52,626,762,200 steps   268113 feasible sets         0 orders tried  current cost 13
    W_14: 23175s  52,661,464,400 steps   268266 feasible sets         0 orders tried  current cost 12
    W_14: 23190s  52,696,157,000 steps   268425 feasible sets         0 orders tried  current cost 1
    W_14: 23205s  52,730,614,400 steps   268600 feasible sets         0 orders tried  current cost 4
    W_14: 23220s  52,765,231,400 steps   268772 feasible sets         0 orders tried  current cost 4
    W_14: 23235s  52,799,345,600 steps   268949 feasible sets         0 orders tried  current cost 6
    W_14: 23250s  52,833,760,600 steps   269127 feasible sets         0 orders tried  current cost 15
    W_14: 23265s  52,868,113,600 steps   269330 feasible sets         0 orders tried  current cost 2
    W_14: 23280s  52,902,680,200 steps   269483 feasible sets         0 orders tried  current cost 22
    W_14: 23295s  52,937,279,600 steps   269673 feasible sets         0 orders tried  current cost 4
    W_14: 23310s  52,971,597,200 steps   269858 feasible sets         0 orders tried  current cost 2
    W_14: 23325s  53,005,986,600 steps   270042 feasible sets         0 orders tried  current cost 7
    W_14: 23340s  53,040,752,800 steps   270239 feasible sets         0 orders tried  current cost 4
    W_14: 23355s  53,075,465,000 steps   270429 feasible sets         0 orders tried  current cost 7
    W_14: 23370s  53,110,173,000 steps   270606 feasible sets         0 orders tried  current cost 2
    W_14: 23385s  53,144,713,600 steps   270739 feasible sets         0 orders tried  current cost 3
    W_14: 23400s  53,179,083,800 steps   270936 feasible sets         0 orders tried  current cost 10
    W_14: 23415s  53,213,651,000 steps   271086 feasible sets         0 orders tried  current cost 5
    W_14: 23430s  53,248,262,400 steps   271286 feasible sets         0 orders tried  current cost 12
    W_14: 23445s  53,282,587,000 steps   271450 feasible sets         0 orders tried  current cost 9
    W_14: 23460s  53,316,728,000 steps   271640 feasible sets         0 orders tried  current cost 6
    W_14: 23475s  53,348,163,000 steps   271821 feasible sets         0 orders tried  current cost 10
    W_14: 23490s  53,382,164,400 steps   272006 feasible sets         0 orders tried  current cost 9
    W_14: 23505s  53,416,781,800 steps   272219 feasible sets         0 orders tried  current cost 12
    W_14: 23520s  53,451,401,200 steps   272397 feasible sets         0 orders tried  current cost 17
    W_14: 23535s  53,485,877,200 steps   272566 feasible sets         0 orders tried  current cost 2
    W_14: 23550s  53,520,313,200 steps   272756 feasible sets         0 orders tried  current cost 3
    W_14: 23565s  53,554,757,400 steps   272902 feasible sets         0 orders tried  current cost 3
    W_14: 23580s  53,589,368,800 steps   273125 feasible sets         0 orders tried  current cost 4
    W_14: 23595s  53,624,084,400 steps   273268 feasible sets         0 orders tried  current cost 4
    W_14: 23610s  53,658,502,400 steps   273434 feasible sets         0 orders tried  current cost 11
    W_14: 23625s  53,693,066,400 steps   273609 feasible sets         0 orders tried  current cost 6
    W_14: 23640s  53,727,548,800 steps   273800 feasible sets         0 orders tried  current cost 4
    W_14: 23655s  53,761,914,800 steps   274012 feasible sets         0 orders tried  current cost 4
    W_14: 23670s  53,796,419,000 steps   274190 feasible sets         0 orders tried  current cost 1
    W_14: 23685s  53,830,411,000 steps   274353 feasible sets         0 orders tried  current cost 3
    W_14: 23700s  53,864,431,800 steps   274508 feasible sets         0 orders tried  current cost 6
    W_14: 23715s  53,899,158,400 steps   274719 feasible sets         0 orders tried  current cost 5
    W_14: 23730s  53,934,210,400 steps   274878 feasible sets         0 orders tried  current cost 5
    W_14: 23745s  53,968,927,400 steps   275081 feasible sets         0 orders tried  current cost 8
    W_14: 23760s  54,003,604,200 steps   275275 feasible sets         0 orders tried  current cost 8
    W_14: 23775s  54,038,090,200 steps   275469 feasible sets         0 orders tried  current cost 1
    W_14: 23790s  54,072,514,000 steps   275606 feasible sets         0 orders tried  current cost 3
    W_14: 23805s  54,106,683,000 steps   275806 feasible sets         0 orders tried  current cost 13
    W_14: 23820s  54,141,474,800 steps   275926 feasible sets         0 orders tried  current cost 4
    W_14: 23835s  54,175,822,400 steps   276092 feasible sets         0 orders tried  current cost 16
    W_14: 23850s  54,210,106,400 steps   276273 feasible sets         0 orders tried  current cost 9
    W_14: 23865s  54,244,504,000 steps   276498 feasible sets         0 orders tried  current cost 10
    W_14: 23880s  54,278,999,800 steps   276692 feasible sets         0 orders tried  current cost 3
    W_14: 23895s  54,313,529,800 steps   276857 feasible sets         0 orders tried  current cost 6
    W_14: 23910s  54,347,990,800 steps   277023 feasible sets         0 orders tried  current cost 1
    W_14: 23925s  54,382,608,800 steps   277204 feasible sets         0 orders tried  current cost 6
    W_14: 23940s  54,417,172,800 steps   277401 feasible sets         0 orders tried  current cost 3
    W_14: 23955s  54,451,436,600 steps   277543 feasible sets         0 orders tried  current cost 2
    W_14: 23970s  54,485,652,800 steps   277696 feasible sets         0 orders tried  current cost 3
    W_14: 23985s  54,520,288,000 steps   277842 feasible sets         0 orders tried  current cost 7
    W_14: 24000s  54,554,607,600 steps   278027 feasible sets         0 orders tried  current cost 3
    W_14: 24015s  54,589,342,400 steps   278200 feasible sets         0 orders tried  current cost 13
    W_14: 24030s  54,624,034,200 steps   278352 feasible sets         0 orders tried  current cost 2
    W_14: 24045s  54,658,842,400 steps   278545 feasible sets         0 orders tried  current cost 13
    W_14: 24060s  54,693,496,400 steps   278752 feasible sets         0 orders tried  current cost 1
    W_14: 24075s  54,728,056,000 steps   278933 feasible sets         0 orders tried  current cost 3
    W_14: 24090s  54,762,733,600 steps   279140 feasible sets         0 orders tried  current cost 2
    W_14: 24105s  54,796,893,200 steps   279315 feasible sets         0 orders tried  current cost 4
    W_14: 24120s  54,831,228,800 steps   279509 feasible sets         0 orders tried  current cost 4
    W_14: 24135s  54,865,735,000 steps   279671 feasible sets         0 orders tried  current cost 4
    W_14: 24150s  54,900,329,000 steps   279854 feasible sets         0 orders tried  current cost 4
    W_14: 24165s  54,934,826,800 steps   280025 feasible sets         0 orders tried  current cost 6
    W_14: 24180s  54,969,036,200 steps   280240 feasible sets         0 orders tried  current cost 4
    W_14: 24195s  55,003,592,600 steps   280417 feasible sets         0 orders tried  current cost 5
    W_14: 24210s  55,037,578,000 steps   280578 feasible sets         0 orders tried  current cost 2
    W_14: 24225s  55,072,187,600 steps   280774 feasible sets         0 orders tried  current cost 6
    W_14: 24240s  55,106,839,000 steps   280907 feasible sets         0 orders tried  current cost 3
    W_14: 24255s  55,141,294,800 steps   281115 feasible sets         0 orders tried  current cost 4
    W_14: 24270s  55,175,557,600 steps   281331 feasible sets         0 orders tried  current cost 1
    W_14: 24285s  55,210,136,800 steps   281525 feasible sets         0 orders tried  current cost 2
    W_14: 24300s  55,244,472,600 steps   281696 feasible sets         0 orders tried  current cost 1
    W_14: 24315s  55,278,851,200 steps   281901 feasible sets         0 orders tried  current cost 7
    W_14: 24330s  55,313,223,400 steps   282068 feasible sets         0 orders tried  current cost 9
    W_14: 24345s  55,347,309,200 steps   282260 feasible sets         0 orders tried  current cost 4
    W_14: 24360s  55,381,785,400 steps   282433 feasible sets         0 orders tried  current cost 9
    W_14: 24375s  55,416,347,200 steps   282620 feasible sets         0 orders tried  current cost 6
    W_14: 24390s  55,450,596,800 steps   282804 feasible sets         0 orders tried  current cost 3
    W_14: 24405s  55,485,298,200 steps   283012 feasible sets         0 orders tried  current cost 2
    W_14: 24420s  55,519,569,400 steps   283155 feasible sets         0 orders tried  current cost 5
    W_14: 24435s  55,554,377,600 steps   283341 feasible sets         0 orders tried  current cost 4
    W_14: 24450s  55,588,934,400 steps   283466 feasible sets         0 orders tried  current cost 3
    W_14: 24465s  55,623,200,600 steps   283617 feasible sets         0 orders tried  current cost 14
    W_14: 24480s  55,657,554,000 steps   283775 feasible sets         0 orders tried  current cost 3
    W_14: 24495s  55,691,816,400 steps   283961 feasible sets         0 orders tried  current cost 2
    W_14: 24510s  55,726,175,200 steps   284160 feasible sets         0 orders tried  current cost 5
    W_14: 24525s  55,760,958,600 steps   284359 feasible sets         0 orders tried  current cost 3
    W_14: 24540s  55,795,251,200 steps   284523 feasible sets         0 orders tried  current cost 4
    W_14: 24555s  55,829,532,600 steps   284718 feasible sets         0 orders tried  current cost 5
    W_14: 24570s  55,863,785,200 steps   284880 feasible sets         0 orders tried  current cost 9
    W_14: 24585s  55,898,416,000 steps   285097 feasible sets         0 orders tried  current cost 2
    W_14: 24600s  55,932,901,800 steps   285285 feasible sets         0 orders tried  current cost 11
    W_14: 24615s  55,967,231,000 steps   285459 feasible sets         0 orders tried  current cost 3
    W_14: 24630s  56,001,338,200 steps   285644 feasible sets         0 orders tried  current cost 1
    W_14: 24645s  56,035,610,800 steps   285816 feasible sets         0 orders tried  current cost 2
    W_14: 24660s  56,070,304,200 steps   285997 feasible sets         0 orders tried  current cost 8
    W_14: 24675s  56,104,939,000 steps   286156 feasible sets         0 orders tried  current cost 2
    W_14: 24690s  56,139,303,400 steps   286341 feasible sets         0 orders tried  current cost 12
    W_14: 24705s  56,173,815,800 steps   286518 feasible sets         0 orders tried  current cost 4
    W_14: 24720s  56,208,383,400 steps   286680 feasible sets         0 orders tried  current cost 11
    W_14: 24735s  56,242,863,600 steps   286852 feasible sets         0 orders tried  current cost 8
    W_14: 24750s  56,277,501,400 steps   286987 feasible sets         0 orders tried  current cost 17
    W_14: 24765s  56,311,667,600 steps   287175 feasible sets         0 orders tried  current cost 9
    W_14: 24780s  56,345,932,600 steps   287349 feasible sets         0 orders tried  current cost 3
    W_14: 24795s  56,380,035,800 steps   287555 feasible sets         0 orders tried  current cost 4
    W_14: 24810s  56,414,111,800 steps   287727 feasible sets         0 orders tried  current cost 5
    W_14: 24825s  56,448,782,400 steps   287950 feasible sets         0 orders tried  current cost 11
    W_14: 24840s  56,483,229,000 steps   288146 feasible sets         0 orders tried  current cost 7
    W_14: 24855s  56,517,448,000 steps   288365 feasible sets         0 orders tried  current cost 5
    W_14: 24870s  56,552,110,600 steps   288552 feasible sets         0 orders tried  current cost 2
    W_14: 24885s  56,586,969,800 steps   288740 feasible sets         0 orders tried  current cost 5
    W_14: 24900s  56,621,663,800 steps   288933 feasible sets         0 orders tried  current cost 12
    W_14: 24915s  56,656,563,400 steps   289096 feasible sets         0 orders tried  current cost 13
    W_14: 24930s  56,690,732,200 steps   289286 feasible sets         0 orders tried  current cost 5
    W_14: 24945s  56,725,623,200 steps   289447 feasible sets         0 orders tried  current cost 14
    W_14: 24960s  56,759,811,600 steps   289654 feasible sets         0 orders tried  current cost 5
    W_14: 24975s  56,793,803,400 steps   289817 feasible sets         0 orders tried  current cost 7
    W_14: 24990s  56,828,252,600 steps   289962 feasible sets         0 orders tried  current cost 3
    W_14: 25005s  56,862,745,200 steps   290114 feasible sets         0 orders tried  current cost 13
    W_14: 25020s  56,897,456,800 steps   290291 feasible sets         0 orders tried  current cost 2
    W_14: 25035s  56,932,140,200 steps   290467 feasible sets         0 orders tried  current cost 10
    W_14: 25050s  56,966,579,600 steps   290639 feasible sets         0 orders tried  current cost 3
    W_14: 25065s  57,001,248,400 steps   290829 feasible sets         0 orders tried  current cost 6
    W_14: 25080s  57,036,074,000 steps   291003 feasible sets         0 orders tried  current cost 1
    W_14: 25095s  57,070,968,800 steps   291152 feasible sets         0 orders tried  current cost 6
    W_14: 25110s  57,105,419,000 steps   291308 feasible sets         0 orders tried  current cost 3
    W_14: 25125s  57,139,670,200 steps   291513 feasible sets         0 orders tried  current cost 3
    W_14: 25140s  57,173,809,000 steps   291675 feasible sets         0 orders tried  current cost 7
    W_14: 25155s  57,208,380,200 steps   291862 feasible sets         0 orders tried  current cost 11
    W_14: 25170s  57,242,990,600 steps   292065 feasible sets         0 orders tried  current cost 5
    W_14: 25185s  57,277,391,200 steps   292224 feasible sets         0 orders tried  current cost 3
    W_14: 25200s  57,311,738,800 steps   292393 feasible sets         0 orders tried  current cost 2
    W_14: 25215s  57,346,220,000 steps   292564 feasible sets         0 orders tried  current cost 4
    W_14: 25230s  57,381,503,400 steps   292747 feasible sets         0 orders tried  current cost 13
    W_14: 25245s  57,416,039,000 steps   292946 feasible sets         0 orders tried  current cost 3
    W_14: 25260s  57,450,535,600 steps   293104 feasible sets         0 orders tried  current cost 3
    W_14: 25275s  57,485,339,800 steps   293280 feasible sets         0 orders tried  current cost 3
    W_14: 25290s  57,520,173,400 steps   293469 feasible sets         0 orders tried  current cost 2
    W_14: 25305s  57,554,483,200 steps   293640 feasible sets         0 orders tried  current cost 13
    W_14: 25320s  57,588,937,600 steps   293777 feasible sets         0 orders tried  current cost 4
    W_14: 25335s  57,623,436,200 steps   293964 feasible sets         0 orders tried  current cost 4
    W_14: 25350s  57,658,466,400 steps   294147 feasible sets         0 orders tried  current cost 7
    W_14: 25365s  57,692,844,000 steps   294312 feasible sets         0 orders tried  current cost 9
    W_14: 25380s  57,726,995,400 steps   294459 feasible sets         0 orders tried  current cost 3
    W_14: 25395s  57,761,421,800 steps   294632 feasible sets         0 orders tried  current cost 10
    W_14: 25410s  57,796,136,600 steps   294839 feasible sets         0 orders tried  current cost 3
    W_14: 25425s  57,830,682,600 steps   295014 feasible sets         0 orders tried  current cost 12
    W_14: 25440s  57,865,246,800 steps   295229 feasible sets         0 orders tried  current cost 6
    W_14: 25455s  57,899,822,600 steps   295378 feasible sets         0 orders tried  current cost 11
    W_14: 25470s  57,934,250,200 steps   295568 feasible sets         0 orders tried  current cost 4
    W_14: 25485s  57,969,014,200 steps   295766 feasible sets         0 orders tried  current cost 4
    W_14: 25500s  58,003,540,000 steps   295975 feasible sets         0 orders tried  current cost 5
    W_14: 25515s  58,038,130,000 steps   296163 feasible sets         0 orders tried  current cost 2
    W_14: 25530s  58,072,692,800 steps   296312 feasible sets         0 orders tried  current cost 4
    W_14: 25545s  58,106,891,800 steps   296466 feasible sets         0 orders tried  current cost 3
    W_14: 25560s  58,141,265,000 steps   296644 feasible sets         0 orders tried  current cost 9
    W_14: 25575s  58,175,843,800 steps   296820 feasible sets         0 orders tried  current cost 9
    W_14: 25590s  58,210,313,400 steps   297050 feasible sets         0 orders tried  current cost 4
    W_14: 25605s  58,244,442,400 steps   297184 feasible sets         0 orders tried  current cost 14
    W_14: 25620s  58,279,186,000 steps   297337 feasible sets         0 orders tried  current cost 6
    W_14: 25635s  58,313,647,600 steps   297492 feasible sets         0 orders tried  current cost 7
    W_14: 25650s  58,348,433,400 steps   297733 feasible sets         0 orders tried  current cost 4
    W_14: 25665s  58,382,508,400 steps   297923 feasible sets         0 orders tried  current cost 2
    W_14: 25680s  58,414,759,400 steps   298104 feasible sets         0 orders tried  current cost 3
    W_14: 25695s  58,449,580,200 steps   298291 feasible sets         0 orders tried  current cost 19
    W_14: 25710s  58,484,275,600 steps   298464 feasible sets         0 orders tried  current cost 3
    W_14: 25725s  58,518,443,000 steps   298647 feasible sets         0 orders tried  current cost 14
    W_14: 25740s  58,553,064,200 steps   298791 feasible sets         0 orders tried  current cost 11
    W_14: 25755s  58,587,742,400 steps   299005 feasible sets         0 orders tried  current cost 15
    W_14: 25770s  58,622,164,000 steps   299215 feasible sets         0 orders tried  current cost 9
    W_14: 25785s  58,656,765,200 steps   299370 feasible sets         0 orders tried  current cost 12
    W_14: 25800s  58,691,138,200 steps   299533 feasible sets         0 orders tried  current cost 3
    W_14: 25815s  58,725,614,800 steps   299708 feasible sets         0 orders tried  current cost 2
    W_14: 25830s  58,760,153,800 steps   299879 feasible sets         0 orders tried  current cost 5
    W_14: 25845s  58,794,547,600 steps   300052 feasible sets         0 orders tried  current cost 7
    W_14: 25860s  58,828,982,800 steps   300241 feasible sets         0 orders tried  current cost 9
    W_14: 25875s  58,863,807,600 steps   300389 feasible sets         0 orders tried  current cost 9
    W_14: 25890s  58,898,114,000 steps   300547 feasible sets         0 orders tried  current cost 4
    W_14: 25905s  58,933,033,600 steps   300694 feasible sets         0 orders tried  current cost 3
    W_14: 25920s  58,967,426,800 steps   300865 feasible sets         0 orders tried  current cost 5
    W_14: 25935s  59,002,189,800 steps   301036 feasible sets         0 orders tried  current cost 6
    W_14: 25950s  59,036,796,000 steps   301215 feasible sets         0 orders tried  current cost 1
    W_14: 25965s  59,071,741,400 steps   301363 feasible sets         0 orders tried  current cost 14
    W_14: 25980s  59,106,662,600 steps   301514 feasible sets         0 orders tried  current cost 10
    W_14: 25995s  59,141,243,000 steps   301696 feasible sets         0 orders tried  current cost 11
    W_14: 26010s  59,176,018,000 steps   301869 feasible sets         0 orders tried  current cost 1
    W_14: 26025s  59,210,564,000 steps   302062 feasible sets         0 orders tried  current cost 9
    W_14: 26040s  59,245,908,000 steps   302261 feasible sets         0 orders tried  current cost 5
    W_14: 26055s  59,280,285,000 steps   302440 feasible sets         0 orders tried  current cost 9
    W_14: 26070s  59,314,577,600 steps   302629 feasible sets         0 orders tried  current cost 3
    W_14: 26085s  59,349,079,200 steps   302808 feasible sets         0 orders tried  current cost 3
    W_14: 26100s  59,383,458,200 steps   302968 feasible sets         0 orders tried  current cost 1
    W_14: 26115s  59,418,098,800 steps   303170 feasible sets         0 orders tried  current cost 3
    W_14: 26130s  59,452,836,200 steps   303307 feasible sets         0 orders tried  current cost 3
    W_14: 26145s  59,487,390,800 steps   303478 feasible sets         0 orders tried  current cost 2
    W_14: 26160s  59,521,767,600 steps   303644 feasible sets         0 orders tried  current cost 9
    W_14: 26175s  59,556,176,800 steps   303811 feasible sets         0 orders tried  current cost 3
    W_14: 26190s  59,590,871,600 steps   303997 feasible sets         0 orders tried  current cost 5
    W_14: 26205s  59,625,650,000 steps   304190 feasible sets         0 orders tried  current cost 6
    W_14: 26220s  59,659,651,400 steps   304394 feasible sets         0 orders tried  current cost 5
    W_14: 26235s  59,693,388,400 steps   304576 feasible sets         0 orders tried  current cost 4
    W_14: 26250s  59,727,282,800 steps   304741 feasible sets         0 orders tried  current cost 13
    W_14: 26265s  59,761,591,800 steps   304931 feasible sets         0 orders tried  current cost 5
    W_14: 26280s  59,795,567,200 steps   305092 feasible sets         0 orders tried  current cost 7
    W_14: 26295s  59,829,982,200 steps   305253 feasible sets         0 orders tried  current cost 19
    W_14: 26310s  59,864,060,800 steps   305441 feasible sets         0 orders tried  current cost 13
    W_14: 26325s  59,897,967,200 steps   305633 feasible sets         0 orders tried  current cost 8
    W_14: 26340s  59,932,409,400 steps   305796 feasible sets         0 orders tried  current cost 5
    W_14: 26355s  59,966,901,400 steps   305960 feasible sets         0 orders tried  current cost 20
    W_14: 26370s  60,000,911,400 steps   306145 feasible sets         0 orders tried  current cost 5
    W_14: 26385s  60,035,018,800 steps   306332 feasible sets         0 orders tried  current cost 4
    W_14: 26400s  60,068,999,600 steps   306492 feasible sets         0 orders tried  current cost 1
    W_14: 26415s  60,103,036,600 steps   306692 feasible sets         0 orders tried  current cost 3
    W_14: 26430s  60,136,636,800 steps   306877 feasible sets         0 orders tried  current cost 1
    W_14: 26445s  60,171,347,600 steps   307024 feasible sets         0 orders tried  current cost 5
    W_14: 26460s  60,205,385,600 steps   307176 feasible sets         0 orders tried  current cost 5
    W_14: 26475s  60,239,266,800 steps   307332 feasible sets         0 orders tried  current cost 6
    W_14: 26490s  60,273,711,200 steps   307489 feasible sets         0 orders tried  current cost 4
    W_14: 26505s  60,307,762,200 steps   307679 feasible sets         0 orders tried  current cost 8
    W_14: 26520s  60,341,644,000 steps   307830 feasible sets         0 orders tried  current cost 8
    W_14: 26535s  60,373,039,000 steps   308000 feasible sets         0 orders tried  current cost 1
    W_14: 26550s  60,399,809,600 steps   308139 feasible sets         0 orders tried  current cost 7
    W_14: 26565s  60,428,518,200 steps   308283 feasible sets         0 orders tried  current cost 4
    W_14: 26580s  60,462,640,400 steps   308460 feasible sets         0 orders tried  current cost 11
    W_14: 26595s  60,496,939,600 steps   308613 feasible sets         0 orders tried  current cost 4
    W_14: 26610s  60,530,981,600 steps   308803 feasible sets         0 orders tried  current cost 10
    W_14: 26625s  60,565,117,600 steps   309018 feasible sets         0 orders tried  current cost 2
    W_14: 26640s  60,599,097,600 steps   309198 feasible sets         0 orders tried  current cost 1
    W_14: 26655s  60,633,308,800 steps   309384 feasible sets         0 orders tried  current cost 6
    W_14: 26670s  60,667,307,400 steps   309510 feasible sets         0 orders tried  current cost 8
    W_14: 26685s  60,701,168,000 steps   309658 feasible sets         0 orders tried  current cost 5
    W_14: 26700s  60,735,076,000 steps   309791 feasible sets         0 orders tried  current cost 3
    W_14: 26715s  60,768,705,400 steps   310004 feasible sets         0 orders tried  current cost 7
    W_14: 26730s  60,802,563,000 steps   310167 feasible sets         0 orders tried  current cost 13
    W_14: 26745s  60,836,460,000 steps   310323 feasible sets         0 orders tried  current cost 2
    W_14: 26760s  60,870,555,200 steps   310507 feasible sets         0 orders tried  current cost 3
    W_14: 26775s  60,904,507,600 steps   310687 feasible sets         0 orders tried  current cost 4
    W_14: 26790s  60,938,407,800 steps   310828 feasible sets         0 orders tried  current cost 5
    W_14: 26805s  60,972,529,800 steps   310995 feasible sets         0 orders tried  current cost 7
    W_14: 26820s  61,006,588,200 steps   311176 feasible sets         0 orders tried  current cost 6
    W_14: 26835s  61,040,310,000 steps   311327 feasible sets         0 orders tried  current cost 5
    W_14: 26850s  61,073,600,600 steps   311506 feasible sets         0 orders tried  current cost 20
    W_14: 26865s  61,107,762,600 steps   311647 feasible sets         0 orders tried  current cost 12
    W_14: 26880s  61,139,336,000 steps   311787 feasible sets         0 orders tried  current cost 3
    W_14: 26895s  61,171,891,800 steps   311953 feasible sets         0 orders tried  current cost 4
    W_14: 26910s  61,189,776,800 steps   312073 feasible sets         0 orders tried  current cost 4
    W_14: 26925s  61,223,586,400 steps   312248 feasible sets         0 orders tried  current cost 8
    W_14: 26940s  61,257,663,200 steps   312435 feasible sets         0 orders tried  current cost 10
    W_14: 26955s  61,292,191,400 steps   312627 feasible sets         0 orders tried  current cost 2
    W_14: 26970s  61,326,752,200 steps   312812 feasible sets         0 orders tried  current cost 2
    W_14: 26985s  61,361,215,600 steps   312979 feasible sets         0 orders tried  current cost 4
    W_14: 27000s  61,395,658,800 steps   313125 feasible sets         0 orders tried  current cost 4
    W_14: 27015s  61,430,770,800 steps   313313 feasible sets         0 orders tried  current cost 5
    W_14: 27030s  61,465,412,400 steps   313480 feasible sets         0 orders tried  current cost 3
    W_14: 27045s  61,500,013,200 steps   313655 feasible sets         0 orders tried  current cost 3
    W_14: 27060s  61,534,059,400 steps   313824 feasible sets         0 orders tried  current cost 2
    W_14: 27075s  61,568,583,600 steps   313957 feasible sets         0 orders tried  current cost 7
    W_14: 27090s  61,603,287,000 steps   314141 feasible sets         0 orders tried  current cost 11
    W_14: 27105s  61,637,785,400 steps   314329 feasible sets         0 orders tried  current cost 7
    W_14: 27120s  61,672,328,800 steps   314538 feasible sets         0 orders tried  current cost 9
    W_14: 27135s  61,706,853,800 steps   314725 feasible sets         0 orders tried  current cost 3
    W_14: 27150s  61,741,644,800 steps   314897 feasible sets         0 orders tried  current cost 5
    W_14: 27165s  61,776,657,400 steps   315064 feasible sets         0 orders tried  current cost 3
    W_14: 27180s  61,811,193,800 steps   315233 feasible sets         0 orders tried  current cost 1
    W_14: 27195s  61,845,805,200 steps   315395 feasible sets         0 orders tried  current cost 9
    W_14: 27210s  61,880,400,600 steps   315589 feasible sets         0 orders tried  current cost 13
    W_14: 27225s  61,914,843,000 steps   315715 feasible sets         0 orders tried  current cost 11
    W_14: 27240s  61,949,012,400 steps   315928 feasible sets         0 orders tried  current cost 5
    W_14: 27255s  61,983,576,600 steps   316129 feasible sets         0 orders tried  current cost 4
    W_14: 27270s  62,017,993,600 steps   316329 feasible sets         0 orders tried  current cost 5
    W_14: 27285s  62,052,766,800 steps   316539 feasible sets         0 orders tried  current cost 5
    W_14: 27300s  62,087,732,800 steps   316744 feasible sets         0 orders tried  current cost 4
    W_14: 27315s  62,122,372,600 steps   316901 feasible sets         0 orders tried  current cost 3
    W_14: 27330s  62,157,090,000 steps   317080 feasible sets         0 orders tried  current cost 1
    W_14: 27345s  62,191,703,000 steps   317270 feasible sets         0 orders tried  current cost 11
    W_14: 27360s  62,226,456,800 steps   317430 feasible sets         0 orders tried  current cost 2
    W_14: 27375s  62,260,855,000 steps   317580 feasible sets         0 orders tried  current cost 2
    W_14: 27390s  62,295,241,400 steps   317786 feasible sets         0 orders tried  current cost 17
    W_14: 27405s  62,329,641,000 steps   317985 feasible sets         0 orders tried  current cost 11
    W_14: 27420s  62,363,997,200 steps   318192 feasible sets         0 orders tried  current cost 2
    W_14: 27435s  62,398,876,200 steps   318371 feasible sets         0 orders tried  current cost 3
    W_14: 27450s  62,433,575,000 steps   318580 feasible sets         0 orders tried  current cost 1
    W_14: 27465s  62,468,161,200 steps   318782 feasible sets         0 orders tried  current cost 14
    W_14: 27480s  62,502,867,200 steps   318951 feasible sets         0 orders tried  current cost 8
    W_14: 27495s  62,537,909,000 steps   319092 feasible sets         0 orders tried  current cost 7
    W_14: 27510s  62,572,301,600 steps   319282 feasible sets         0 orders tried  current cost 13
    W_14: 27525s  62,606,753,200 steps   319474 feasible sets         0 orders tried  current cost 3
    W_14: 27540s  62,641,509,400 steps   319664 feasible sets         0 orders tried  current cost 4
    W_14: 27555s  62,676,129,800 steps   319853 feasible sets         0 orders tried  current cost 3
    W_14: 27570s  62,710,313,200 steps   320029 feasible sets         0 orders tried  current cost 2
    W_14: 27585s  62,744,552,600 steps   320193 feasible sets         0 orders tried  current cost 5
    W_14: 27600s  62,779,297,000 steps   320377 feasible sets         0 orders tried  current cost 4
    W_14: 27615s  62,813,741,000 steps   320604 feasible sets         0 orders tried  current cost 13
    W_14: 27630s  62,848,687,000 steps   320770 feasible sets         0 orders tried  current cost 5
    W_14: 27645s  62,883,402,600 steps   320928 feasible sets         0 orders tried  current cost 8
    W_14: 27660s  62,917,768,000 steps   321099 feasible sets         0 orders tried  current cost 9
    W_14: 27675s  62,952,204,800 steps   321238 feasible sets         0 orders tried  current cost 8
    W_14: 27690s  62,987,279,400 steps   321425 feasible sets         0 orders tried  current cost 4
    W_14: 27705s  63,022,302,600 steps   321608 feasible sets         0 orders tried  current cost 9
    W_14: 27720s  63,056,816,000 steps   321795 feasible sets         0 orders tried  current cost 3
    W_14: 27735s  63,091,366,600 steps   321983 feasible sets         0 orders tried  current cost 8
    W_14: 27750s  63,125,967,000 steps   322155 feasible sets         0 orders tried  current cost 8
    W_14: 27765s  63,160,481,600 steps   322342 feasible sets         0 orders tried  current cost 19
    W_14: 27780s  63,195,131,600 steps   322473 feasible sets         0 orders tried  current cost 5
    W_14: 27795s  63,229,626,600 steps   322631 feasible sets         0 orders tried  current cost 8
    W_14: 27810s  63,263,952,200 steps   322791 feasible sets         0 orders tried  current cost 2
    W_14: 27825s  63,298,341,200 steps   322976 feasible sets         0 orders tried  current cost 18
    W_14: 27840s  63,332,715,600 steps   323151 feasible sets         0 orders tried  current cost 4
    W_14: 27855s  63,367,195,000 steps   323341 feasible sets         0 orders tried  current cost 3
    W_14: 27870s  63,401,414,400 steps   323530 feasible sets         0 orders tried  current cost 1
    W_14: 27885s  63,436,446,800 steps   323700 feasible sets         0 orders tried  current cost 4
    W_14: 27900s  63,470,951,800 steps   323903 feasible sets         0 orders tried  current cost 5
    W_14: 27915s  63,505,729,000 steps   324066 feasible sets         0 orders tried  current cost 6
    W_14: 27930s  63,540,085,000 steps   324248 feasible sets         0 orders tried  current cost 8
    W_14: 27945s  63,574,323,800 steps   324428 feasible sets         0 orders tried  current cost 16
    W_14: 27960s  63,608,989,800 steps   324594 feasible sets         0 orders tried  current cost 2
    W_14: 27975s  63,643,417,400 steps   324766 feasible sets         0 orders tried  current cost 2
    W_14: 27990s  63,677,649,600 steps   324945 feasible sets         0 orders tried  current cost 7
    W_14: 28005s  63,712,490,800 steps   325110 feasible sets         0 orders tried  current cost 3
    W_14: 28020s  63,747,047,000 steps   325303 feasible sets         0 orders tried  current cost 6
    W_14: 28035s  63,781,505,800 steps   325487 feasible sets         0 orders tried  current cost 8
    W_14: 28050s  63,816,023,200 steps   325705 feasible sets         0 orders tried  current cost 7
    W_14: 28065s  63,850,761,400 steps   325929 feasible sets         0 orders tried  current cost 14
    W_14: 28080s  63,885,482,400 steps   326124 feasible sets         0 orders tried  current cost 13
    W_14: 28095s  63,920,137,400 steps   326295 feasible sets         0 orders tried  current cost 2
    W_14: 28110s  63,954,550,600 steps   326492 feasible sets         0 orders tried  current cost 6
    W_14: 28125s  63,989,009,200 steps   326650 feasible sets         0 orders tried  current cost 4
    W_14: 28140s  64,023,682,600 steps   326840 feasible sets         0 orders tried  current cost 12
    W_14: 28155s  64,057,841,600 steps   327049 feasible sets         0 orders tried  current cost 10
    W_14: 28170s  64,092,153,400 steps   327232 feasible sets         0 orders tried  current cost 3
    W_14: 28185s  64,126,951,000 steps   327400 feasible sets         0 orders tried  current cost 1
    W_14: 28200s  64,161,898,400 steps   327579 feasible sets         0 orders tried  current cost 2
    W_14: 28215s  64,196,530,600 steps   327762 feasible sets         0 orders tried  current cost 5
    W_14: 28230s  64,230,856,000 steps   327916 feasible sets         0 orders tried  current cost 2
    W_14: 28245s  64,265,295,400 steps   328091 feasible sets         0 orders tried  current cost 3
    W_14: 28260s  64,299,470,600 steps   328263 feasible sets         0 orders tried  current cost 5
    W_14: 28275s  64,333,952,800 steps   328446 feasible sets         0 orders tried  current cost 1
    W_14: 28290s  64,368,662,800 steps   328643 feasible sets         0 orders tried  current cost 8
    W_14: 28305s  64,402,924,800 steps   328772 feasible sets         0 orders tried  current cost 7
    W_14: 28320s  64,437,744,400 steps   328958 feasible sets         0 orders tried  current cost 6
    W_14: 28335s  64,472,396,800 steps   329156 feasible sets         0 orders tried  current cost 4
    W_14: 28350s  64,507,258,800 steps   329365 feasible sets         0 orders tried  current cost 4
    W_14: 28365s  64,541,782,800 steps   329526 feasible sets         0 orders tried  current cost 9
    W_14: 28380s  64,576,314,600 steps   329723 feasible sets         0 orders tried  current cost 4
    W_14: 28395s  64,610,918,400 steps   329902 feasible sets         0 orders tried  current cost 2
    W_14: 28410s  64,645,537,800 steps   330057 feasible sets         0 orders tried  current cost 3
    W_14: 28425s  64,680,256,800 steps   330233 feasible sets         0 orders tried  current cost 3
    W_14: 28440s  64,714,572,000 steps   330411 feasible sets         0 orders tried  current cost 3
    W_14: 28455s  64,749,366,000 steps   330644 feasible sets         0 orders tried  current cost 6
    W_14: 28470s  64,783,937,600 steps   330800 feasible sets         0 orders tried  current cost 1
    W_14: 28485s  64,818,294,400 steps   330947 feasible sets         0 orders tried  current cost 4
    W_14: 28500s  64,852,937,400 steps   331102 feasible sets         0 orders tried  current cost 3
    W_14: 28515s  64,887,742,400 steps   331305 feasible sets         0 orders tried  current cost 13
    W_14: 28530s  64,922,054,000 steps   331485 feasible sets         0 orders tried  current cost 4
    W_14: 28545s  64,956,905,800 steps   331668 feasible sets         0 orders tried  current cost 7
    W_14: 28560s  64,991,700,800 steps   331864 feasible sets         0 orders tried  current cost 18
    W_14: 28575s  65,026,198,600 steps   332056 feasible sets         0 orders tried  current cost 2
    W_14: 28590s  65,060,847,000 steps   332189 feasible sets         0 orders tried  current cost 4
    W_14: 28605s  65,095,514,800 steps   332351 feasible sets         0 orders tried  current cost 3
    W_14: 28620s  65,130,193,600 steps   332551 feasible sets         0 orders tried  current cost 3
    W_14: 28635s  65,165,194,800 steps   332715 feasible sets         0 orders tried  current cost 4
    W_14: 28650s  65,199,691,000 steps   332897 feasible sets         0 orders tried  current cost 5
    W_14: 28665s  65,234,232,600 steps   333136 feasible sets         0 orders tried  current cost 4
    W_14: 28680s  65,268,960,400 steps   333322 feasible sets         0 orders tried  current cost 12
    W_14: 28695s  65,303,396,600 steps   333546 feasible sets         0 orders tried  current cost 3
    W_14: 28710s  65,338,298,800 steps   333716 feasible sets         0 orders tried  current cost 3
    W_14: 28725s  65,372,905,600 steps   333887 feasible sets         0 orders tried  current cost 6
    W_14: 28740s  65,407,645,200 steps   334035 feasible sets         0 orders tried  current cost 8
    W_14: 28755s  65,442,662,200 steps   334199 feasible sets         0 orders tried  current cost 13
    W_14: 28770s  65,477,280,200 steps   334379 feasible sets         0 orders tried  current cost 13
    W_14: 28785s  65,511,825,200 steps   334515 feasible sets         0 orders tried  current cost 9
    W_14: 28800s  65,546,153,400 steps   334690 feasible sets         0 orders tried  current cost 2
    W_14: 28815s  65,580,676,400 steps   334875 feasible sets         0 orders tried  current cost 3
    W_14: 28830s  65,615,037,400 steps   335035 feasible sets         0 orders tried  current cost 2
    W_14: 28845s  65,649,652,600 steps   335225 feasible sets         0 orders tried  current cost 5
    W_14: 28860s  65,684,322,200 steps   335381 feasible sets         0 orders tried  current cost 11
    W_14: 28875s  65,719,804,000 steps   335579 feasible sets         0 orders tried  current cost 10
    W_14: 28890s  65,755,031,200 steps   335742 feasible sets         0 orders tried  current cost 3
    W_14: 28905s  65,789,636,400 steps   335948 feasible sets         0 orders tried  current cost 1
    W_14: 28920s  65,824,188,200 steps   336114 feasible sets         0 orders tried  current cost 5
    W_14: 28935s  65,858,679,200 steps   336259 feasible sets         0 orders tried  current cost 2
    W_14: 28950s  65,893,188,800 steps   336452 feasible sets         0 orders tried  current cost 4
    W_14: 28965s  65,927,688,600 steps   336626 feasible sets         0 orders tried  current cost 3
    W_14: 28980s  65,962,390,600 steps   336841 feasible sets         0 orders tried  current cost 2
    W_14: 28995s  65,996,676,400 steps   337023 feasible sets         0 orders tried  current cost 1
    W_14: 29010s  66,031,320,200 steps   337184 feasible sets         0 orders tried  current cost 11
    W_14: 29025s  66,065,722,600 steps   337370 feasible sets         0 orders tried  current cost 12
    W_14: 29040s  66,100,706,800 steps   337522 feasible sets         0 orders tried  current cost 8
    W_14: 29055s  66,135,475,000 steps   337693 feasible sets         0 orders tried  current cost 4
    W_14: 29070s  66,169,665,400 steps   337845 feasible sets         0 orders tried  current cost 4
    W_14: 29085s  66,204,867,200 steps   338046 feasible sets         0 orders tried  current cost 7
    W_14: 29100s  66,239,677,000 steps   338216 feasible sets         0 orders tried  current cost 3
    W_14: 29115s  66,274,389,400 steps   338386 feasible sets         0 orders tried  current cost 5
    W_14: 29130s  66,308,573,200 steps   338534 feasible sets         0 orders tried  current cost 1
    W_14: 29145s  66,343,125,400 steps   338741 feasible sets         0 orders tried  current cost 7
    W_14: 29160s  66,377,749,800 steps   338920 feasible sets         0 orders tried  current cost 3
    W_14: 29175s  66,412,053,800 steps   339087 feasible sets         0 orders tried  current cost 2
    W_14: 29190s  66,446,466,400 steps   339278 feasible sets         0 orders tried  current cost 7
    W_14: 29205s  66,481,226,000 steps   339439 feasible sets         0 orders tried  current cost 8
    W_14: 29220s  66,515,984,600 steps   339626 feasible sets         0 orders tried  current cost 8
    W_14: 29235s  66,550,566,200 steps   339816 feasible sets         0 orders tried  current cost 5
    W_14: 29250s  66,585,046,200 steps   340024 feasible sets         0 orders tried  current cost 5
    W_14: 29265s  66,620,069,400 steps   340203 feasible sets         0 orders tried  current cost 5
    W_14: 29280s  66,655,013,800 steps   340407 feasible sets         0 orders tried  current cost 3
    W_14: 29295s  66,689,907,800 steps   340613 feasible sets         0 orders tried  current cost 5
    W_14: 29310s  66,724,665,000 steps   340787 feasible sets         0 orders tried  current cost 11
    W_14: 29325s  66,759,077,800 steps   340950 feasible sets         0 orders tried  current cost 1
    W_14: 29340s  66,793,793,600 steps   341143 feasible sets         0 orders tried  current cost 2
    W_14: 29355s  66,828,010,400 steps   341304 feasible sets         0 orders tried  current cost 2
    W_14: 29370s  66,862,640,600 steps   341472 feasible sets         0 orders tried  current cost 14
    W_14: 29385s  66,897,769,800 steps   341644 feasible sets         0 orders tried  current cost 1
    W_14: 29400s  66,930,887,200 steps   341834 feasible sets         0 orders tried  current cost 6
    W_14: 29415s  66,964,904,800 steps   342020 feasible sets         0 orders tried  current cost 14
    W_14: 29430s  66,999,715,800 steps   342171 feasible sets         0 orders tried  current cost 1
    W_14: 29445s  67,034,267,600 steps   342352 feasible sets         0 orders tried  current cost 4
    W_14: 29460s  67,068,728,400 steps   342489 feasible sets         0 orders tried  current cost 6
    W_14: 29475s  67,103,223,600 steps   342664 feasible sets         0 orders tried  current cost 13
    W_14: 29490s  67,138,317,200 steps   342834 feasible sets         0 orders tried  current cost 4
    W_14: 29505s  67,173,028,800 steps   342978 feasible sets         0 orders tried  current cost 4
    W_14: 29520s  67,207,379,000 steps   343141 feasible sets         0 orders tried  current cost 5
    W_14: 29535s  67,242,138,600 steps   343306 feasible sets         0 orders tried  current cost 4
    W_14: 29550s  67,276,932,600 steps   343467 feasible sets         0 orders tried  current cost 1
    W_14: 29565s  67,311,050,600 steps   343686 feasible sets         0 orders tried  current cost 4
    W_14: 29580s  67,343,485,800 steps   343836 feasible sets         0 orders tried  current cost 10
    W_14: 29595s  67,369,089,200 steps   343951 feasible sets         0 orders tried  current cost 6
    W_14: 29610s  67,393,232,000 steps   344094 feasible sets         0 orders tried  current cost 3
    W_14: 29625s  67,427,688,600 steps   344279 feasible sets         0 orders tried  current cost 5
    W_14: 29640s  67,461,945,000 steps   344457 feasible sets         0 orders tried  current cost 10
    W_14: 29655s  67,494,304,200 steps   344600 feasible sets         0 orders tried  current cost 8
    W_14: 29670s  67,522,696,400 steps   344759 feasible sets         0 orders tried  current cost 2
    W_14: 29685s  67,538,186,200 steps   344837 feasible sets         0 orders tried  current cost 5
    W_14: 29700s  67,573,054,800 steps   345001 feasible sets         0 orders tried  current cost 3
    W_14: 29715s  67,604,184,800 steps   345162 feasible sets         0 orders tried  current cost 11
    W_14: 29730s  67,633,887,200 steps   345304 feasible sets         0 orders tried  current cost 6
    W_14: 29745s  67,652,862,800 steps   345386 feasible sets         0 orders tried  current cost 10
    W_14: 29760s  67,682,986,400 steps   345500 feasible sets         0 orders tried  current cost 5
    W_14: 29775s  67,713,883,400 steps   345671 feasible sets         0 orders tried  current cost 11
    W_14: 29790s  67,747,768,800 steps   345834 feasible sets         0 orders tried  current cost 6
    W_14: 29805s  67,781,776,200 steps   345983 feasible sets         0 orders tried  current cost 4
    W_14: 29820s  67,815,864,600 steps   346186 feasible sets         0 orders tried  current cost 7
    W_14: 29835s  67,850,302,800 steps   346330 feasible sets         0 orders tried  current cost 10
    W_14: 29850s  67,884,568,600 steps   346505 feasible sets         0 orders tried  current cost 8
    W_14: 29865s  67,919,038,800 steps   346671 feasible sets         0 orders tried  current cost 3
    W_14: 29880s  67,952,561,800 steps   346869 feasible sets         0 orders tried  current cost 10
    W_14: 29895s  67,986,009,800 steps   347038 feasible sets         0 orders tried  current cost 5
    W_14: 29910s  68,020,711,600 steps   347206 feasible sets         0 orders tried  current cost 4
    W_14: 29925s  68,055,359,400 steps   347442 feasible sets         0 orders tried  current cost 2
    W_14: 29940s  68,089,290,800 steps   347602 feasible sets         0 orders tried  current cost 5
    W_14: 29955s  68,123,511,800 steps   347797 feasible sets         0 orders tried  current cost 3
    W_14: 29970s  68,157,817,800 steps   347988 feasible sets         0 orders tried  current cost 2
    W_14: 29985s  68,192,398,600 steps   348177 feasible sets         0 orders tried  current cost 2
    W_14: 30000s  68,227,287,200 steps   348366 feasible sets         0 orders tried  current cost 2
    W_14: 30015s  68,261,726,200 steps   348548 feasible sets         0 orders tried  current cost 8
    W_14: 30030s  68,293,996,000 steps   348696 feasible sets         0 orders tried  current cost 4
    W_14: 30045s  68,327,888,800 steps   348894 feasible sets         0 orders tried  current cost 4
    W_14: 30060s  68,362,246,600 steps   349081 feasible sets         0 orders tried  current cost 7
    W_14: 30075s  68,396,347,000 steps   349254 feasible sets         0 orders tried  current cost 8
    W_14: 30090s  68,430,807,000 steps   349414 feasible sets         0 orders tried  current cost 6
    W_14: 30105s  68,464,358,000 steps   349558 feasible sets         0 orders tried  current cost 2
    W_14: 30120s  68,498,001,000 steps   349724 feasible sets         0 orders tried  current cost 18
    W_14: 30135s  68,532,500,400 steps   349880 feasible sets         0 orders tried  current cost 13
    W_14: 30150s  68,566,783,400 steps   350034 feasible sets         0 orders tried  current cost 20
    W_14: 30165s  68,600,445,000 steps   350217 feasible sets         0 orders tried  current cost 5
    W_14: 30180s  68,633,483,800 steps   350418 feasible sets         0 orders tried  current cost 7
    W_14: 30195s  68,666,299,800 steps   350600 feasible sets         0 orders tried  current cost 4
    W_14: 30210s  68,700,197,800 steps   350757 feasible sets         0 orders tried  current cost 3
    W_14: 30225s  68,732,412,200 steps   350934 feasible sets         0 orders tried  current cost 2
    W_14: 30240s  68,765,825,400 steps   351118 feasible sets         0 orders tried  current cost 7
    W_14: 30255s  68,797,412,400 steps   351310 feasible sets         0 orders tried  current cost 2
    W_14: 30270s  68,830,545,200 steps   351470 feasible sets         0 orders tried  current cost 12
    W_14: 30285s  68,864,811,800 steps   351644 feasible sets         0 orders tried  current cost 4
    W_14: 30300s  68,897,844,200 steps   351806 feasible sets         0 orders tried  current cost 10
    W_14: 30315s  68,927,727,600 steps   351971 feasible sets         0 orders tried  current cost 6
    W_14: 30330s  68,958,817,200 steps   352109 feasible sets         0 orders tried  current cost 3
    W_14: 30345s  68,990,255,400 steps   352256 feasible sets         0 orders tried  current cost 3
    W_14: 30360s  69,022,163,200 steps   352439 feasible sets         0 orders tried  current cost 8
    W_14: 30375s  69,053,142,800 steps   352590 feasible sets         0 orders tried  current cost 14
    W_14: 30390s  69,084,927,600 steps   352737 feasible sets         0 orders tried  current cost 5
    W_14: 30405s  69,116,530,400 steps   352874 feasible sets         0 orders tried  current cost 6
    W_14: 30420s  69,148,253,000 steps   353008 feasible sets         0 orders tried  current cost 3
    W_14: 30435s  69,179,963,000 steps   353168 feasible sets         0 orders tried  current cost 7
    W_14: 30450s  69,211,636,400 steps   353336 feasible sets         0 orders tried  current cost 4
    W_14: 30465s  69,243,402,200 steps   353513 feasible sets         0 orders tried  current cost 13
    W_14: 30480s  69,274,982,600 steps   353704 feasible sets         0 orders tried  current cost 10
    W_14: 30495s  69,307,053,600 steps   353883 feasible sets         0 orders tried  current cost 4
    W_14: 30510s  69,338,795,200 steps   354053 feasible sets         0 orders tried  current cost 1
    W_14: 30525s  69,370,654,800 steps   354213 feasible sets         0 orders tried  current cost 4
    W_14: 30540s  69,402,130,000 steps   354376 feasible sets         0 orders tried  current cost 5
    W_14: 30555s  69,433,403,400 steps   354552 feasible sets         0 orders tried  current cost 4
    W_14: 30570s  69,465,071,400 steps   354752 feasible sets         0 orders tried  current cost 4
    W_14: 30585s  69,497,146,200 steps   354894 feasible sets         0 orders tried  current cost 7
    W_14: 30600s  69,528,483,000 steps   355062 feasible sets         0 orders tried  current cost 9
    W_14: 30615s  69,559,557,400 steps   355249 feasible sets         0 orders tried  current cost 4
    W_14: 30630s  69,591,521,400 steps   355380 feasible sets         0 orders tried  current cost 14
    W_14: 30645s  69,623,153,400 steps   355552 feasible sets         0 orders tried  current cost 4
    W_14: 30660s  69,655,043,000 steps   355706 feasible sets         0 orders tried  current cost 10
    W_14: 30675s  69,687,194,000 steps   355844 feasible sets         0 orders tried  current cost 2
    W_14: 30690s  69,719,161,800 steps   356007 feasible sets         0 orders tried  current cost 8
    W_14: 30705s  69,751,346,600 steps   356185 feasible sets         0 orders tried  current cost 5
    W_14: 30720s  69,783,345,400 steps   356342 feasible sets         0 orders tried  current cost 6
    W_14: 30735s  69,814,816,400 steps   356519 feasible sets         0 orders tried  current cost 3
    W_14: 30750s  69,846,691,800 steps   356684 feasible sets         0 orders tried  current cost 3
    W_14: 30765s  69,878,434,200 steps   356859 feasible sets         0 orders tried  current cost 2
    W_14: 30780s  69,909,762,400 steps   357029 feasible sets         0 orders tried  current cost 12
    W_14: 30795s  69,941,032,200 steps   357205 feasible sets         0 orders tried  current cost 5
    W_14: 30810s  69,972,275,800 steps   357344 feasible sets         0 orders tried  current cost 3
    W_14: 30825s  70,002,058,200 steps   357490 feasible sets         0 orders tried  current cost 1
    W_14: 30840s  70,034,004,400 steps   357650 feasible sets         0 orders tried  current cost 9
    W_14: 30855s  70,067,949,600 steps   357790 feasible sets         0 orders tried  current cost 4
    W_14: 30870s  70,100,426,400 steps   357996 feasible sets         0 orders tried  current cost 8
    W_14: 30885s  70,131,662,800 steps   358145 feasible sets         0 orders tried  current cost 12
    W_14: 30900s  70,162,667,400 steps   358303 feasible sets         0 orders tried  current cost 5
    W_14: 30915s  70,194,011,600 steps   358448 feasible sets         0 orders tried  current cost 3
    W_14: 30930s  70,225,535,800 steps   358614 feasible sets         0 orders tried  current cost 2
    W_14: 30945s  70,257,358,800 steps   358746 feasible sets         0 orders tried  current cost 3
    W_14: 30960s  70,289,163,000 steps   358920 feasible sets         0 orders tried  current cost 6
    W_14: 30975s  70,321,258,800 steps   359105 feasible sets         0 orders tried  current cost 3
    W_14: 30990s  70,354,429,400 steps   359262 feasible sets         0 orders tried  current cost 5
    W_14: 31005s  70,388,430,000 steps   359444 feasible sets         0 orders tried  current cost 5
    W_14: 31020s  70,422,665,400 steps   359622 feasible sets         0 orders tried  current cost 2
    W_14: 31035s  70,456,907,400 steps   359797 feasible sets         0 orders tried  current cost 4
    W_14: 31050s  70,491,281,400 steps   360016 feasible sets         0 orders tried  current cost 13
    W_14: 31065s  70,524,949,000 steps   360183 feasible sets         0 orders tried  current cost 6
    W_14: 31080s  70,559,493,000 steps   360371 feasible sets         0 orders tried  current cost 4
    W_14: 31095s  70,593,717,600 steps   360532 feasible sets         0 orders tried  current cost 5
    W_14: 31110s  70,628,427,800 steps   360681 feasible sets         0 orders tried  current cost 4
    W_14: 31125s  70,663,007,600 steps   360852 feasible sets         0 orders tried  current cost 7
    W_14: 31140s  70,696,965,400 steps   361010 feasible sets         0 orders tried  current cost 10
    W_14: 31155s  70,730,259,600 steps   361190 feasible sets         0 orders tried  current cost 3
    W_14: 31170s  70,764,495,000 steps   361342 feasible sets         0 orders tried  current cost 6
    W_14: 31185s  70,797,996,200 steps   361531 feasible sets         0 orders tried  current cost 4
    W_14: 31200s  70,830,573,800 steps   361735 feasible sets         0 orders tried  current cost 3
    W_14: 31215s  70,864,936,200 steps   361919 feasible sets         0 orders tried  current cost 2
    W_14: 31230s  70,899,324,600 steps   362072 feasible sets         0 orders tried  current cost 11
    W_14: 31245s  70,933,249,400 steps   362277 feasible sets         0 orders tried  current cost 6
    W_14: 31260s  70,967,813,200 steps   362424 feasible sets         0 orders tried  current cost 1
    W_14: 31275s  71,002,138,800 steps   362594 feasible sets         0 orders tried  current cost 3
    W_14: 31290s  71,036,669,600 steps   362792 feasible sets         0 orders tried  current cost 3
    W_14: 31305s  71,070,738,600 steps   362931 feasible sets         0 orders tried  current cost 4
    W_14: 31320s  71,103,394,200 steps   363130 feasible sets         0 orders tried  current cost 5
    W_14: 31335s  71,138,055,200 steps   363321 feasible sets         0 orders tried  current cost 4
    W_14: 31350s  71,172,613,600 steps   363476 feasible sets         0 orders tried  current cost 4
    W_14: 31365s  71,206,984,600 steps   363669 feasible sets         0 orders tried  current cost 7
    W_14: 31380s  71,241,278,000 steps   363808 feasible sets         0 orders tried  current cost 3
    W_14: 31395s  71,275,406,000 steps   363947 feasible sets         0 orders tried  current cost 8
    W_14: 31410s  71,309,371,400 steps   364128 feasible sets         0 orders tried  current cost 1
    W_14: 31425s  71,343,736,800 steps   364268 feasible sets         0 orders tried  current cost 4
    W_14: 31440s  71,377,684,400 steps   364435 feasible sets         0 orders tried  current cost 3
    W_14: 31455s  71,412,190,800 steps   364600 feasible sets         0 orders tried  current cost 3
    W_14: 31470s  71,446,477,800 steps   364779 feasible sets         0 orders tried  current cost 3
    W_14: 31485s  71,481,021,800 steps   364965 feasible sets         0 orders tried  current cost 11
    W_14: 31500s  71,515,633,000 steps   365128 feasible sets         0 orders tried  current cost 2
    W_14: 31515s  71,550,070,600 steps   365295 feasible sets         0 orders tried  current cost 3
    W_14: 31530s  71,583,890,400 steps   365439 feasible sets         0 orders tried  current cost 3
    W_14: 31545s  71,618,269,000 steps   365617 feasible sets         0 orders tried  current cost 6
    W_14: 31560s  71,652,043,800 steps   365741 feasible sets         0 orders tried  current cost 8
    W_14: 31575s  71,686,721,600 steps   365936 feasible sets         0 orders tried  current cost 16
    W_14: 31590s  71,719,386,600 steps   366136 feasible sets         0 orders tried  current cost 6
    W_14: 31605s  71,753,030,200 steps   366267 feasible sets         0 orders tried  current cost 3
    W_14: 31620s  71,787,152,400 steps   366458 feasible sets         0 orders tried  current cost 3
    W_14: 31635s  71,821,397,200 steps   366655 feasible sets         0 orders tried  current cost 4
    W_14: 31650s  71,853,548,200 steps   366836 feasible sets         0 orders tried  current cost 5
    W_14: 31665s  71,886,980,400 steps   367029 feasible sets         0 orders tried  current cost 8
    W_14: 31680s  71,921,397,600 steps   367192 feasible sets         0 orders tried  current cost 2
    W_14: 31695s  71,955,992,600 steps   367360 feasible sets         0 orders tried  current cost 5
    W_14: 31710s  71,990,293,200 steps   367516 feasible sets         0 orders tried  current cost 4
    W_14: 31725s  72,024,828,400 steps   367725 feasible sets         0 orders tried  current cost 5
    W_14: 31740s  72,058,944,200 steps   367887 feasible sets         0 orders tried  current cost 11
    W_14: 31755s  72,093,509,000 steps   368053 feasible sets         0 orders tried  current cost 5
    W_14: 31770s  72,127,823,400 steps   368240 feasible sets         0 orders tried  current cost 14
    W_14: 31785s  72,161,601,800 steps   368427 feasible sets         0 orders tried  current cost 13
    W_14: 31800s  72,195,823,000 steps   368556 feasible sets         0 orders tried  current cost 13
    W_14: 31815s  72,230,265,400 steps   368721 feasible sets         0 orders tried  current cost 11
    W_14: 31830s  72,264,736,600 steps   368883 feasible sets         0 orders tried  current cost 1
    W_14: 31845s  72,298,873,000 steps   369045 feasible sets         0 orders tried  current cost 2
    W_14: 31860s  72,332,928,600 steps   369221 feasible sets         0 orders tried  current cost 4
    W_14: 31875s  72,366,807,000 steps   369405 feasible sets         0 orders tried  current cost 6
    W_14: 31890s  72,400,646,400 steps   369562 feasible sets         0 orders tried  current cost 8
    W_14: 31905s  72,430,554,600 steps   369701 feasible sets         0 orders tried  current cost 4
    W_14: 31920s  72,463,505,400 steps   369863 feasible sets         0 orders tried  current cost 8
    W_14: 31935s  72,495,885,800 steps   370032 feasible sets         0 orders tried  current cost 8
    W_14: 31950s  72,529,121,600 steps   370189 feasible sets         0 orders tried  current cost 15
    W_14: 31965s  72,563,457,600 steps   370367 feasible sets         0 orders tried  current cost 2
    W_14: 31980s  72,597,679,800 steps   370546 feasible sets         0 orders tried  current cost 4
    W_14: 31995s  72,631,982,800 steps   370740 feasible sets         0 orders tried  current cost 10
    W_14: 32010s  72,666,952,600 steps   370892 feasible sets         0 orders tried  current cost 2
    W_14: 32025s  72,701,248,000 steps   371036 feasible sets         0 orders tried  current cost 6
    W_14: 32040s  72,735,674,400 steps   371187 feasible sets         0 orders tried  current cost 3
    W_14: 32055s  72,770,306,600 steps   371367 feasible sets         0 orders tried  current cost 8
    W_14: 32070s  72,804,622,600 steps   371527 feasible sets         0 orders tried  current cost 12
    W_14: 32085s  72,839,214,800 steps   371733 feasible sets         0 orders tried  current cost 5
    W_14: 32100s  72,873,848,800 steps   371894 feasible sets         0 orders tried  current cost 6
    W_14: 32115s  72,908,324,200 steps   372055 feasible sets         0 orders tried  current cost 9
    W_14: 32130s  72,943,081,800 steps   372227 feasible sets         0 orders tried  current cost 13
    W_14: 32145s  72,977,912,200 steps   372392 feasible sets         0 orders tried  current cost 3
    W_14: 32160s  73,012,207,000 steps   372592 feasible sets         0 orders tried  current cost 6
    W_14: 32175s  73,046,933,400 steps   372755 feasible sets         0 orders tried  current cost 4
    W_14: 32190s  73,081,380,200 steps   372938 feasible sets         0 orders tried  current cost 13
    W_14: 32205s  73,115,835,200 steps   373144 feasible sets         0 orders tried  current cost 3
    W_14: 32220s  73,150,025,200 steps   373302 feasible sets         0 orders tried  current cost 11
    W_14: 32235s  73,184,231,400 steps   373506 feasible sets         0 orders tried  current cost 2
    W_14: 32250s  73,218,714,000 steps   373696 feasible sets         0 orders tried  current cost 2
    W_14: 32265s  73,253,377,200 steps   373903 feasible sets         0 orders tried  current cost 1
    W_14: 32280s  73,287,530,400 steps   374046 feasible sets         0 orders tried  current cost 4
    W_14: 32295s  73,322,092,000 steps   374230 feasible sets         0 orders tried  current cost 2
    W_14: 32310s  73,356,279,600 steps   374390 feasible sets         0 orders tried  current cost 3
    W_14: 32325s  73,390,684,400 steps   374561 feasible sets         0 orders tried  current cost 9
    W_14: 32340s  73,424,928,600 steps   374732 feasible sets         0 orders tried  current cost 3
    W_14: 32355s  73,459,441,200 steps   374908 feasible sets         0 orders tried  current cost 14
    W_14: 32370s  73,493,334,200 steps   375055 feasible sets         0 orders tried  current cost 4
    W_14: 32385s  73,527,099,600 steps   375252 feasible sets         0 orders tried  current cost 3
    W_14: 32400s  73,561,427,800 steps   375447 feasible sets         0 orders tried  current cost 5
    W_14: 32415s  73,595,328,200 steps   375644 feasible sets         0 orders tried  current cost 2
    W_14: 32430s  73,629,826,200 steps   375856 feasible sets         0 orders tried  current cost 7
    W_14: 32445s  73,663,989,200 steps   376030 feasible sets         0 orders tried  current cost 4
    W_14: 32460s  73,697,014,600 steps   376224 feasible sets         0 orders tried  current cost 3
    W_14: 32475s  73,730,207,800 steps   376402 feasible sets         0 orders tried  current cost 5
    W_14: 32490s  73,762,578,200 steps   376547 feasible sets         0 orders tried  current cost 2
    W_14: 32505s  73,795,586,000 steps   376687 feasible sets         0 orders tried  current cost 7
    W_14: 32520s  73,827,757,400 steps   376822 feasible sets         0 orders tried  current cost 3
    W_14: 32535s  73,861,376,400 steps   377031 feasible sets         0 orders tried  current cost 3
    W_14: 32550s  73,893,366,000 steps   377167 feasible sets         0 orders tried  current cost 5
    W_14: 32565s  73,926,606,800 steps   377360 feasible sets         0 orders tried  current cost 3
    W_14: 32580s  73,960,871,200 steps   377557 feasible sets         0 orders tried  current cost 4
    W_14: 32595s  73,994,920,800 steps   377714 feasible sets         0 orders tried  current cost 12
    W_14: 32610s  74,029,077,400 steps   377908 feasible sets         0 orders tried  current cost 2
    W_14: 32625s  74,061,930,400 steps   378094 feasible sets         0 orders tried  current cost 3
    W_14: 32640s  74,095,327,800 steps   378218 feasible sets         0 orders tried  current cost 7
    W_14: 32655s  74,129,380,800 steps   378391 feasible sets         0 orders tried  current cost 9
    W_14: 32670s  74,163,150,600 steps   378532 feasible sets         0 orders tried  current cost 6
    W_14: 32685s  74,196,604,400 steps   378700 feasible sets         0 orders tried  current cost 13
    W_14: 32700s  74,227,737,200 steps   378870 feasible sets         0 orders tried  current cost 1
    W_14: 32715s  74,259,931,400 steps   379058 feasible sets         0 orders tried  current cost 4
    W_14: 32730s  74,293,869,000 steps   379226 feasible sets         0 orders tried  current cost 5
    W_14: 32745s  74,326,657,200 steps   379417 feasible sets         0 orders tried  current cost 5
    W_14: 32760s  74,358,703,800 steps   379587 feasible sets         0 orders tried  current cost 13
    W_14: 32775s  74,392,449,000 steps   379749 feasible sets         0 orders tried  current cost 4
    W_14: 32790s  74,425,812,800 steps   379896 feasible sets         0 orders tried  current cost 3
    W_14: 32805s  74,457,021,600 steps   380039 feasible sets         0 orders tried  current cost 13
    W_14: 32820s  74,490,263,800 steps   380215 feasible sets         0 orders tried  current cost 8
    W_14: 32835s  74,523,364,400 steps   380406 feasible sets         0 orders tried  current cost 8
    W_14: 32850s  74,557,016,800 steps   380578 feasible sets         0 orders tried  current cost 3
    W_14: 32865s  74,589,632,800 steps   380780 feasible sets         0 orders tried  current cost 5
    W_14: 32880s  74,623,409,000 steps   380931 feasible sets         0 orders tried  current cost 7
    W_14: 32895s  74,657,656,000 steps   381080 feasible sets         0 orders tried  current cost 4
    W_14: 32910s  74,690,950,400 steps   381229 feasible sets         0 orders tried  current cost 4
    W_14: 32925s  74,724,778,600 steps   381406 feasible sets         0 orders tried  current cost 3
    W_14: 32940s  74,756,366,400 steps   381560 feasible sets         0 orders tried  current cost 10
    W_14: 32955s  74,787,887,600 steps   381736 feasible sets         0 orders tried  current cost 5
    W_14: 32970s  74,820,666,200 steps   381897 feasible sets         0 orders tried  current cost 10
    W_14: 32985s  74,854,261,800 steps   382082 feasible sets         0 orders tried  current cost 14
    W_14: 33000s  74,886,031,600 steps   382261 feasible sets         0 orders tried  current cost 3
    W_14: 33015s  74,916,539,200 steps   382400 feasible sets         0 orders tried  current cost 3
    W_14: 33030s  74,948,204,800 steps   382543 feasible sets         0 orders tried  current cost 8
    W_14: 33045s  74,977,976,600 steps   382725 feasible sets         0 orders tried  current cost 3
    W_14: 33060s  75,009,556,000 steps   382871 feasible sets         0 orders tried  current cost 4
    W_14: 33075s  75,043,221,000 steps   383044 feasible sets         0 orders tried  current cost 14
    W_14: 33090s  75,077,131,400 steps   383217 feasible sets         0 orders tried  current cost 3
    W_14: 33105s  75,111,268,200 steps   383376 feasible sets         0 orders tried  current cost 8
    W_14: 33120s  75,145,230,600 steps   383543 feasible sets         0 orders tried  current cost 4
    W_14: 33135s  75,179,284,000 steps   383666 feasible sets         0 orders tried  current cost 9
    W_14: 33150s  75,213,324,000 steps   383845 feasible sets         0 orders tried  current cost 7
    W_14: 33165s  75,246,570,600 steps   384032 feasible sets         0 orders tried  current cost 3
    W_14: 33180s  75,281,283,000 steps   384204 feasible sets         0 orders tried  current cost 14
    W_14: 33195s  75,315,768,000 steps   384394 feasible sets         0 orders tried  current cost 2
    W_14: 33210s  75,348,124,200 steps   384524 feasible sets         0 orders tried  current cost 11
    W_14: 33225s  75,381,810,800 steps   384689 feasible sets         0 orders tried  current cost 4
    W_14: 33240s  75,415,728,200 steps   384870 feasible sets         0 orders tried  current cost 3
    W_14: 33255s  75,449,339,200 steps   385029 feasible sets         0 orders tried  current cost 2
    W_14: 33270s  75,484,022,600 steps   385198 feasible sets         0 orders tried  current cost 12
    W_14: 33285s  75,518,447,800 steps   385390 feasible sets         0 orders tried  current cost 5
    W_14: 33300s  75,552,885,200 steps   385540 feasible sets         0 orders tried  current cost 9
    W_14: 33315s  75,587,685,200 steps   385705 feasible sets         0 orders tried  current cost 9
    W_14: 33330s  75,621,844,000 steps   385895 feasible sets         0 orders tried  current cost 7
    W_14: 33345s  75,656,145,600 steps   386108 feasible sets         0 orders tried  current cost 7
    W_14: 33360s  75,690,408,000 steps   386297 feasible sets         0 orders tried  current cost 6
    W_14: 33375s  75,724,748,000 steps   386479 feasible sets         0 orders tried  current cost 4
    W_14: 33390s  75,759,362,600 steps   386646 feasible sets         0 orders tried  current cost 10
    W_14: 33405s  75,793,588,600 steps   386802 feasible sets         0 orders tried  current cost 6
    W_14: 33420s  75,827,855,400 steps   386937 feasible sets         0 orders tried  current cost 3
    W_14: 33435s  75,861,861,800 steps   387115 feasible sets         0 orders tried  current cost 15
    W_14: 33450s  75,896,574,800 steps   387297 feasible sets         0 orders tried  current cost 4
    W_14: 33465s  75,930,807,000 steps   387486 feasible sets         0 orders tried  current cost 7
    W_14: 33480s  75,965,339,200 steps   387686 feasible sets         0 orders tried  current cost 2
    W_14: 33495s  75,999,801,000 steps   387849 feasible sets         0 orders tried  current cost 13
    W_14: 33510s  76,033,815,600 steps   388008 feasible sets         0 orders tried  current cost 3
    W_14: 33525s  76,067,877,200 steps   388189 feasible sets         0 orders tried  current cost 3
    W_14: 33540s  76,102,320,400 steps   388377 feasible sets         0 orders tried  current cost 18
    W_14: 33555s  76,136,432,800 steps   388534 feasible sets         0 orders tried  current cost 4
    W_14: 33570s  76,170,533,400 steps   388700 feasible sets         0 orders tried  current cost 3
    W_14: 33585s  76,204,350,600 steps   388871 feasible sets         0 orders tried  current cost 4
    W_14: 33600s  76,237,931,600 steps   389009 feasible sets         0 orders tried  current cost 6
    W_14: 33615s  76,271,378,600 steps   389199 feasible sets         0 orders tried  current cost 3
    W_14: 33630s  76,304,989,400 steps   389348 feasible sets         0 orders tried  current cost 4
    W_14: 33645s  76,338,866,200 steps   389513 feasible sets         0 orders tried  current cost 10
    W_14: 33660s  76,371,627,200 steps   389715 feasible sets         0 orders tried  current cost 6
    W_14: 33675s  76,404,801,000 steps   389867 feasible sets         0 orders tried  current cost 9
    W_14: 33690s  76,437,943,400 steps   390033 feasible sets         0 orders tried  current cost 13
    W_14: 33705s  76,471,453,600 steps   390208 feasible sets         0 orders tried  current cost 5
    W_14: 33720s  76,503,871,000 steps   390357 feasible sets         0 orders tried  current cost 3
    W_14: 33735s  76,536,931,800 steps   390501 feasible sets         0 orders tried  current cost 5
    W_14: 33750s  76,570,527,000 steps   390636 feasible sets         0 orders tried  current cost 11
    W_14: 33765s  76,603,744,800 steps   390814 feasible sets         0 orders tried  current cost 8
    W_14: 33780s  76,637,484,400 steps   390980 feasible sets         0 orders tried  current cost 12
    W_14: 33795s  76,671,370,400 steps   391149 feasible sets         0 orders tried  current cost 4
    W_14: 33810s  76,705,259,400 steps   391334 feasible sets         0 orders tried  current cost 2
    W_14: 33825s  76,737,954,000 steps   391462 feasible sets         0 orders tried  current cost 5
    W_14: 33840s  76,770,842,600 steps   391621 feasible sets         0 orders tried  current cost 11
    W_14: 33855s  76,803,739,200 steps   391773 feasible sets         0 orders tried  current cost 2
    W_14: 33870s  76,836,870,200 steps   391986 feasible sets         0 orders tried  current cost 7
    W_14: 33885s  76,869,787,000 steps   392200 feasible sets         0 orders tried  current cost 6
    W_14: 33900s  76,901,864,400 steps   392371 feasible sets         0 orders tried  current cost 6
    W_14: 33915s  76,934,660,200 steps   392509 feasible sets         0 orders tried  current cost 10
    W_14: 33930s  76,966,797,600 steps   392702 feasible sets         0 orders tried  current cost 4
    W_14: 33945s  76,999,355,000 steps   392861 feasible sets         0 orders tried  current cost 2
    W_14: 33960s  77,032,152,200 steps   393010 feasible sets         0 orders tried  current cost 2
    W_14: 33975s  77,065,869,800 steps   393188 feasible sets         0 orders tried  current cost 4
    W_14: 33990s  77,099,355,800 steps   393326 feasible sets         0 orders tried  current cost 4
    W_14: 34005s  77,133,135,200 steps   393516 feasible sets         0 orders tried  current cost 2
    W_14: 34020s  77,166,409,200 steps   393699 feasible sets         0 orders tried  current cost 4
    W_14: 34035s  77,199,207,200 steps   393855 feasible sets         0 orders tried  current cost 6
    W_14: 34050s  77,231,996,600 steps   394010 feasible sets         0 orders tried  current cost 3
    W_14: 34065s  77,265,359,600 steps   394199 feasible sets         0 orders tried  current cost 3
    W_14: 34080s  77,298,798,600 steps   394394 feasible sets         0 orders tried  current cost 1
    W_14: 34095s  77,332,608,600 steps   394597 feasible sets         0 orders tried  current cost 5
    W_14: 34110s  77,365,773,400 steps   394788 feasible sets         0 orders tried  current cost 2
    W_14: 34125s  77,398,846,000 steps   394973 feasible sets         0 orders tried  current cost 10
    W_14: 34140s  77,431,556,600 steps   395132 feasible sets         0 orders tried  current cost 3
    W_14: 34155s  77,465,591,600 steps   395281 feasible sets         0 orders tried  current cost 5
    W_14: 34170s  77,498,793,200 steps   395441 feasible sets         0 orders tried  current cost 4
    W_14: 34185s  77,531,586,400 steps   395597 feasible sets         0 orders tried  current cost 9
    W_14: 34200s  77,564,998,000 steps   395780 feasible sets         0 orders tried  current cost 3
    W_14: 34215s  77,597,884,600 steps   395937 feasible sets         0 orders tried  current cost 12
    W_14: 34230s  77,630,972,000 steps   396119 feasible sets         0 orders tried  current cost 3
    W_14: 34245s  77,664,090,400 steps   396297 feasible sets         0 orders tried  current cost 2
    W_14: 34260s  77,696,879,000 steps   396420 feasible sets         0 orders tried  current cost 2
    W_14: 34275s  77,729,695,600 steps   396582 feasible sets         0 orders tried  current cost 1
    W_14: 34290s  77,762,033,400 steps   396755 feasible sets         0 orders tried  current cost 4
    W_14: 34305s  77,793,596,400 steps   396923 feasible sets         0 orders tried  current cost 2
    W_14: 34320s  77,825,061,400 steps   397091 feasible sets         0 orders tried  current cost 13
    W_14: 34335s  77,856,569,200 steps   397268 feasible sets         0 orders tried  current cost 4
    W_14: 34350s  77,888,203,200 steps   397404 feasible sets         0 orders tried  current cost 11
    W_14: 34365s  77,919,760,400 steps   397587 feasible sets         0 orders tried  current cost 14
    W_14: 34380s  77,951,304,000 steps   397715 feasible sets         0 orders tried  current cost 13
    W_14: 34395s  77,982,839,400 steps   397908 feasible sets         0 orders tried  current cost 1
    W_14: 34410s  78,014,806,200 steps   398042 feasible sets         0 orders tried  current cost 8
    W_14: 34425s  78,045,536,800 steps   398181 feasible sets         0 orders tried  current cost 5
    W_14: 34440s  78,076,817,200 steps   398330 feasible sets         0 orders tried  current cost 3
    W_14: 34455s  78,108,677,200 steps   398513 feasible sets         0 orders tried  current cost 3
    W_14: 34470s  78,140,388,800 steps   398664 feasible sets         0 orders tried  current cost 6
    W_14: 34485s  78,171,399,000 steps   398812 feasible sets         0 orders tried  current cost 1
    W_14: 34500s  78,202,560,200 steps   398969 feasible sets         0 orders tried  current cost 20
    W_14: 34515s  78,234,252,400 steps   399102 feasible sets         0 orders tried  current cost 4
    W_14: 34530s  78,265,641,400 steps   399249 feasible sets         0 orders tried  current cost 12
    W_14: 34545s  78,297,272,000 steps   399408 feasible sets         0 orders tried  current cost 3
    W_14: 34560s  78,329,346,400 steps   399554 feasible sets         0 orders tried  current cost 9
    W_14: 34575s  78,361,304,600 steps   399686 feasible sets         0 orders tried  current cost 12
    W_14: 34590s  78,393,491,800 steps   399853 feasible sets         0 orders tried  current cost 2
    W_14: 34605s  78,424,556,600 steps   399993 feasible sets         0 orders tried  current cost 3
    W_14: 34620s  78,455,136,200 steps   400142 feasible sets         0 orders tried  current cost 3
    W_14: 34635s  78,487,093,000 steps   400295 feasible sets         0 orders tried  current cost 3
    W_14: 34650s  78,518,933,800 steps   400487 feasible sets         0 orders tried  current cost 4
    W_14: 34665s  78,550,581,800 steps   400609 feasible sets         0 orders tried  current cost 9
    W_14: 34680s  78,582,435,800 steps   400786 feasible sets         0 orders tried  current cost 3
    W_14: 34695s  78,614,155,600 steps   400928 feasible sets         0 orders tried  current cost 3
    W_14: 34710s  78,645,824,200 steps   401092 feasible sets         0 orders tried  current cost 10
    W_14: 34725s  78,677,905,200 steps   401266 feasible sets         0 orders tried  current cost 9
    W_14: 34740s  78,710,095,600 steps   401408 feasible sets         0 orders tried  current cost 3
    W_14: 34755s  78,742,007,200 steps   401552 feasible sets         0 orders tried  current cost 7
    W_14: 34770s  78,774,226,600 steps   401679 feasible sets         0 orders tried  current cost 7
    W_14: 34785s  78,805,921,600 steps   401861 feasible sets         0 orders tried  current cost 10
    W_14: 34800s  78,837,886,400 steps   402082 feasible sets         0 orders tried  current cost 9
    W_14: 34815s  78,869,792,800 steps   402256 feasible sets         0 orders tried  current cost 4
    W_14: 34830s  78,901,731,600 steps   402421 feasible sets         0 orders tried  current cost 2
    W_14: 34845s  78,933,604,200 steps   402600 feasible sets         0 orders tried  current cost 4
    W_14: 34860s  78,965,416,800 steps   402756 feasible sets         0 orders tried  current cost 5
    W_14: 34875s  78,997,181,600 steps   402949 feasible sets         0 orders tried  current cost 14
    W_14: 34890s  79,029,282,200 steps   403106 feasible sets         0 orders tried  current cost 11
    W_14: 34905s  79,060,068,600 steps   403288 feasible sets         0 orders tried  current cost 4
    W_14: 34920s  79,091,853,200 steps   403481 feasible sets         0 orders tried  current cost 4
    W_14: 34935s  79,123,883,000 steps   403643 feasible sets         0 orders tried  current cost 8
    W_14: 34950s  79,155,904,000 steps   403808 feasible sets         0 orders tried  current cost 12
    W_14: 34965s  79,188,086,800 steps   403981 feasible sets         0 orders tried  current cost 7
    W_14: 34980s  79,219,751,400 steps   404129 feasible sets         0 orders tried  current cost 5
    W_14: 34995s  79,251,036,400 steps   404262 feasible sets         0 orders tried  current cost 4
    W_14: 35010s  79,282,937,600 steps   404412 feasible sets         0 orders tried  current cost 1
    W_14: 35025s  79,314,500,000 steps   404566 feasible sets         0 orders tried  current cost 3
    W_14: 35040s  79,346,407,200 steps   404738 feasible sets         0 orders tried  current cost 5
    W_14: 35055s  79,378,664,600 steps   404925 feasible sets         0 orders tried  current cost 10
    W_14: 35070s  79,410,573,800 steps   405110 feasible sets         0 orders tried  current cost 4
    W_14: 35085s  79,442,338,600 steps   405285 feasible sets         0 orders tried  current cost 3
    W_14: 35100s  79,474,052,800 steps   405451 feasible sets         0 orders tried  current cost 3
    W_14: 35115s  79,505,571,200 steps   405625 feasible sets         0 orders tried  current cost 3
    W_14: 35130s  79,537,401,400 steps   405836 feasible sets         0 orders tried  current cost 19
    W_14: 35145s  79,569,018,800 steps   405977 feasible sets         0 orders tried  current cost 3
    W_14: 35160s  79,600,577,800 steps   406116 feasible sets         0 orders tried  current cost 2
    W_14: 35175s  79,632,011,200 steps   406301 feasible sets         0 orders tried  current cost 4
    W_14: 35190s  79,663,261,400 steps   406461 feasible sets         0 orders tried  current cost 14
    W_14: 35205s  79,694,935,800 steps   406635 feasible sets         0 orders tried  current cost 3
    W_14: 35220s  79,726,733,400 steps   406772 feasible sets         0 orders tried  current cost 4
    W_14: 35235s  79,758,248,000 steps   406958 feasible sets         0 orders tried  current cost 4
    W_14: 35250s  79,789,993,400 steps   407098 feasible sets         0 orders tried  current cost 5
    W_14: 35265s  79,821,644,200 steps   407226 feasible sets         0 orders tried  current cost 10
    W_14: 35280s  79,853,194,800 steps   407354 feasible sets         0 orders tried  current cost 1
    W_14: 35295s  79,885,271,600 steps   407543 feasible sets         0 orders tried  current cost 6
    W_14: 35310s  79,917,283,400 steps   407706 feasible sets         0 orders tried  current cost 10
    W_14: 35325s  79,948,584,800 steps   407828 feasible sets         0 orders tried  current cost 7
    W_14: 35340s  79,979,931,800 steps   407970 feasible sets         0 orders tried  current cost 4
    W_14: 35355s  80,011,738,800 steps   408123 feasible sets         0 orders tried  current cost 3
    W_14: 35370s  80,043,732,000 steps   408307 feasible sets         0 orders tried  current cost 3
    W_14: 35385s  80,075,474,200 steps   408479 feasible sets         0 orders tried  current cost 4
    W_14: 35400s  80,107,463,200 steps   408649 feasible sets         0 orders tried  current cost 11
    W_14: 35415s  80,139,511,600 steps   408821 feasible sets         0 orders tried  current cost 4
    W_14: 35430s  80,171,815,200 steps   409013 feasible sets         0 orders tried  current cost 5
    W_14: 35445s  80,204,105,200 steps   409175 feasible sets         0 orders tried  current cost 10
    W_14: 35460s  80,234,974,800 steps   409333 feasible sets         0 orders tried  current cost 3
    W_14: 35475s  80,266,515,600 steps   409499 feasible sets         0 orders tried  current cost 3
    W_14: 35490s  80,297,921,800 steps   409675 feasible sets         0 orders tried  current cost 15
    W_14: 35505s  80,329,997,400 steps   409822 feasible sets         0 orders tried  current cost 3
    W_14: 35520s  80,362,037,000 steps   409996 feasible sets         0 orders tried  current cost 4
    W_14: 35535s  80,394,288,000 steps   410146 feasible sets         0 orders tried  current cost 5
    W_14: 35550s  80,426,492,400 steps   410313 feasible sets         0 orders tried  current cost 4
    W_14: 35565s  80,458,947,600 steps   410456 feasible sets         0 orders tried  current cost 5
    W_14: 35580s  80,491,115,600 steps   410582 feasible sets         0 orders tried  current cost 4
    W_14: 35595s  80,523,163,800 steps   410744 feasible sets         0 orders tried  current cost 11
    W_14: 35610s  80,555,403,800 steps   410917 feasible sets         0 orders tried  current cost 10
    W_14: 35625s  80,587,439,800 steps   411077 feasible sets         0 orders tried  current cost 1
    W_14: 35640s  80,619,934,200 steps   411237 feasible sets         0 orders tried  current cost 4
    W_14: 35655s  80,652,322,800 steps   411388 feasible sets         0 orders tried  current cost 10
    W_14: 35670s  80,684,462,600 steps   411554 feasible sets         0 orders tried  current cost 10
    W_14: 35685s  80,716,642,000 steps   411707 feasible sets         0 orders tried  current cost 8
    W_14: 35700s  80,748,922,000 steps   411829 feasible sets         0 orders tried  current cost 12
    W_14: 35715s  80,781,107,200 steps   411976 feasible sets         0 orders tried  current cost 7
    W_14: 35730s  80,813,250,200 steps   412127 feasible sets         0 orders tried  current cost 4
    W_14: 35745s  80,845,453,200 steps   412287 feasible sets         0 orders tried  current cost 3
    W_14: 35760s  80,877,838,800 steps   412405 feasible sets         0 orders tried  current cost 2
    W_14: 35775s  80,910,101,200 steps   412537 feasible sets         0 orders tried  current cost 8
    W_14: 35790s  80,942,473,400 steps   412725 feasible sets         0 orders tried  current cost 3
    W_14: 35805s  80,974,636,600 steps   412864 feasible sets         0 orders tried  current cost 2
    W_14: 35820s  81,006,782,400 steps   413015 feasible sets         0 orders tried  current cost 18
    W_14: 35835s  81,038,872,600 steps   413145 feasible sets         0 orders tried  current cost 4
    W_14: 35850s  81,071,381,600 steps   413284 feasible sets         0 orders tried  current cost 13
    W_14: 35865s  81,103,808,800 steps   413428 feasible sets         0 orders tried  current cost 6
    W_14: 35880s  81,136,580,400 steps   413616 feasible sets         0 orders tried  current cost 11
    W_14: 35895s  81,169,576,200 steps   413755 feasible sets         0 orders tried  current cost 2
    W_14: 35910s  81,202,163,000 steps   413899 feasible sets         0 orders tried  current cost 11
    W_14: 35925s  81,234,741,800 steps   414069 feasible sets         0 orders tried  current cost 7
    W_14: 35940s  81,267,514,000 steps   414255 feasible sets         0 orders tried  current cost 5
    W_14: 35955s  81,300,158,800 steps   414444 feasible sets         0 orders tried  current cost 3
    W_14: 35970s  81,332,979,200 steps   414603 feasible sets         0 orders tried  current cost 3
    W_14: 35985s  81,365,672,800 steps   414768 feasible sets         0 orders tried  current cost 6
    W_14: 36000s  81,398,568,600 steps   414951 feasible sets         0 orders tried  current cost 8
    W_14: 36015s  81,431,019,800 steps   415114 feasible sets         0 orders tried  current cost 3
    W_14: 36030s  81,464,155,400 steps   415278 feasible sets         0 orders tried  current cost 3
    W_14: 36045s  81,496,734,600 steps   415463 feasible sets         0 orders tried  current cost 4
    W_14: 36060s  81,529,617,000 steps   415665 feasible sets         0 orders tried  current cost 4
    W_14: 36075s  81,562,341,800 steps   415812 feasible sets         0 orders tried  current cost 15
    W_14: 36090s  81,595,053,600 steps   416007 feasible sets         0 orders tried  current cost 2
    W_14: 36105s  81,627,582,200 steps   416162 feasible sets         0 orders tried  current cost 10
    W_14: 36120s  81,660,851,000 steps   416304 feasible sets         0 orders tried  current cost 4
    W_14: 36135s  81,693,671,600 steps   416466 feasible sets         0 orders tried  current cost 4
    W_14: 36150s  81,726,190,000 steps   416629 feasible sets         0 orders tried  current cost 4
    W_14: 36165s  81,758,787,800 steps   416815 feasible sets         0 orders tried  current cost 1
    W_14: 36180s  81,791,631,800 steps   416953 feasible sets         0 orders tried  current cost 5
    W_14: 36195s  81,824,595,200 steps   417143 feasible sets         0 orders tried  current cost 2
    W_14: 36210s  81,857,491,000 steps   417270 feasible sets         0 orders tried  current cost 6
    W_14: 36225s  81,890,658,400 steps   417433 feasible sets         0 orders tried  current cost 4
    W_14: 36240s  81,923,655,000 steps   417635 feasible sets         0 orders tried  current cost 3
    W_14: 36255s  81,956,576,200 steps   417834 feasible sets         0 orders tried  current cost 1
    W_14: 36270s  81,989,647,000 steps   417999 feasible sets         0 orders tried  current cost 9
    W_14: 36285s  82,022,436,200 steps   418158 feasible sets         0 orders tried  current cost 3
    W_14: 36300s  82,055,103,200 steps   418345 feasible sets         0 orders tried  current cost 10
    W_14: 36315s  82,088,153,000 steps   418505 feasible sets         0 orders tried  current cost 4
    W_14: 36330s  82,121,049,400 steps   418671 feasible sets         0 orders tried  current cost 1
    W_14: 36345s  82,153,704,200 steps   418858 feasible sets         0 orders tried  current cost 8
    W_14: 36360s  82,186,383,600 steps   419043 feasible sets         0 orders tried  current cost 8
    W_14: 36375s  82,219,378,600 steps   419207 feasible sets         0 orders tried  current cost 2
    W_14: 36390s  82,252,112,800 steps   419365 feasible sets         0 orders tried  current cost 3
    W_14: 36405s  82,285,037,400 steps   419545 feasible sets         0 orders tried  current cost 4
    W_14: 36420s  82,317,865,800 steps   419705 feasible sets         0 orders tried  current cost 8
    W_14: 36435s  82,351,042,600 steps   419868 feasible sets         0 orders tried  current cost 11
    W_14: 36450s  82,383,771,400 steps   420019 feasible sets         0 orders tried  current cost 4
    W_14: 36465s  82,416,325,200 steps   420164 feasible sets         0 orders tried  current cost 11
    W_14: 36480s  82,448,556,600 steps   420344 feasible sets         0 orders tried  current cost 2
    W_14: 36495s  82,481,437,400 steps   420487 feasible sets         0 orders tried  current cost 2
    W_14: 36510s  82,514,195,200 steps   420647 feasible sets         0 orders tried  current cost 3
    W_14: 36525s  82,547,006,800 steps   420783 feasible sets         0 orders tried  current cost 9
    W_14: 36540s  82,579,636,000 steps   420956 feasible sets         0 orders tried  current cost 3
    W_14: 36555s  82,612,388,600 steps   421164 feasible sets         0 orders tried  current cost 5
    W_14: 36570s  82,645,195,800 steps   421303 feasible sets         0 orders tried  current cost 3
    W_14: 36585s  82,678,100,200 steps   421468 feasible sets         0 orders tried  current cost 15
    W_14: 36600s  82,711,005,000 steps   421630 feasible sets         0 orders tried  current cost 13
    W_14: 36615s  82,744,143,400 steps   421803 feasible sets         0 orders tried  current cost 20
    W_14: 36630s  82,776,632,600 steps   421993 feasible sets         0 orders tried  current cost 6
    W_14: 36645s  82,809,169,800 steps   422138 feasible sets         0 orders tried  current cost 2
    W_14: 36660s  82,841,711,200 steps   422296 feasible sets         0 orders tried  current cost 6
    W_14: 36675s  82,874,443,000 steps   422498 feasible sets         0 orders tried  current cost 10
    W_14: 36690s  82,907,439,800 steps   422654 feasible sets         0 orders tried  current cost 3
    W_14: 36705s  82,940,608,800 steps   422802 feasible sets         0 orders tried  current cost 6
    W_14: 36720s  82,973,458,200 steps   422982 feasible sets         0 orders tried  current cost 3
    W_14: 36735s  83,006,342,400 steps   423151 feasible sets         0 orders tried  current cost 12
    W_14: 36750s  83,038,961,800 steps   423329 feasible sets         0 orders tried  current cost 14
    W_14: 36765s  83,071,625,200 steps   423464 feasible sets         0 orders tried  current cost 8
    W_14: 36780s  83,104,355,800 steps   423635 feasible sets         0 orders tried  current cost 2
    W_14: 36795s  83,137,163,200 steps   423813 feasible sets         0 orders tried  current cost 5
    W_14: 36810s  83,169,888,400 steps   423974 feasible sets         0 orders tried  current cost 3
    W_14: 36825s  83,202,643,800 steps   424111 feasible sets         0 orders tried  current cost 13
    W_14: 36840s  83,235,340,400 steps   424265 feasible sets         0 orders tried  current cost 12
    W_14: 36855s  83,267,955,600 steps   424467 feasible sets         0 orders tried  current cost 4
    W_14: 36870s  83,300,682,800 steps   424621 feasible sets         0 orders tried  current cost 13
    W_14: 36885s  83,333,355,600 steps   424787 feasible sets         0 orders tried  current cost 3
    W_14: 36900s  83,365,848,000 steps   424930 feasible sets         0 orders tried  current cost 7
    W_14: 36915s  83,398,113,600 steps   425068 feasible sets         0 orders tried  current cost 4
    W_14: 36930s  83,430,657,600 steps   425235 feasible sets         0 orders tried  current cost 3
    W_14: 36945s  83,463,253,200 steps   425407 feasible sets         0 orders tried  current cost 4
    W_14: 36960s  83,495,702,600 steps   425542 feasible sets         0 orders tried  current cost 8
    W_14: 36975s  83,528,327,000 steps   425728 feasible sets         0 orders tried  current cost 7
    W_14: 36990s  83,561,359,200 steps   425900 feasible sets         0 orders tried  current cost 4
    W_14: 37005s  83,594,207,800 steps   426137 feasible sets         0 orders tried  current cost 6
    W_14: 37020s  83,626,900,200 steps   426320 feasible sets         0 orders tried  current cost 11
    W_14: 37035s  83,659,513,800 steps   426461 feasible sets         0 orders tried  current cost 4
    W_14: 37050s  83,691,555,800 steps   426575 feasible sets         0 orders tried  current cost 3
    W_14: 37065s  83,723,581,000 steps   426756 feasible sets         0 orders tried  current cost 14
    W_14: 37080s  83,755,510,000 steps   426942 feasible sets         0 orders tried  current cost 3
    W_14: 37095s  83,787,977,000 steps   427113 feasible sets         0 orders tried  current cost 4
    W_14: 37110s  83,819,918,600 steps   427265 feasible sets         0 orders tried  current cost 3
    W_14: 37125s  83,852,194,200 steps   427418 feasible sets         0 orders tried  current cost 2
    W_14: 37140s  83,884,324,600 steps   427582 feasible sets         0 orders tried  current cost 10
    W_14: 37155s  83,916,494,400 steps   427768 feasible sets         0 orders tried  current cost 4
    W_14: 37170s  83,948,528,600 steps   427942 feasible sets         0 orders tried  current cost 6
    W_14: 37185s  83,980,833,200 steps   428135 feasible sets         0 orders tried  current cost 3
    W_14: 37200s  84,013,053,400 steps   428314 feasible sets         0 orders tried  current cost 4
    W_14: 37215s  84,044,939,600 steps   428517 feasible sets         0 orders tried  current cost 1
    W_14: 37230s  84,077,125,200 steps   428653 feasible sets         0 orders tried  current cost 10
    W_14: 37245s  84,109,167,200 steps   428801 feasible sets         0 orders tried  current cost 8
    W_14: 37260s  84,141,385,400 steps   428954 feasible sets         0 orders tried  current cost 10
    W_14: 37275s  84,173,698,800 steps   429134 feasible sets         0 orders tried  current cost 3
    W_14: 37290s  84,206,171,600 steps   429315 feasible sets         0 orders tried  current cost 3
    W_14: 37305s  84,237,890,400 steps   429487 feasible sets         0 orders tried  current cost 5
    W_14: 37320s  84,269,956,600 steps   429693 feasible sets         0 orders tried  current cost 2
    W_14: 37335s  84,302,223,800 steps   429874 feasible sets         0 orders tried  current cost 9
    W_14: 37350s  84,333,062,000 steps   430045 feasible sets         0 orders tried  current cost 8
    W_14: 37365s  84,364,910,800 steps   430187 feasible sets         0 orders tried  current cost 2
    W_14: 37380s  84,376,792,400 steps   430237 feasible sets         0 orders tried  current cost 4
    W_14: 37395s  84,386,439,000 steps   430297 feasible sets         0 orders tried  current cost 3
    W_14: 37410s  84,417,777,600 steps   430478 feasible sets         0 orders tried  current cost 4
    W_14: 37425s  84,450,023,600 steps   430654 feasible sets         0 orders tried  current cost 8
    W_14: 37440s  84,482,951,800 steps   430855 feasible sets         0 orders tried  current cost 3
    W_14: 37455s  84,515,775,200 steps   430996 feasible sets         0 orders tried  current cost 3
    W_14: 37470s  84,548,809,200 steps   431201 feasible sets         0 orders tried  current cost 6
    W_14: 37485s  84,581,530,400 steps   431393 feasible sets         0 orders tried  current cost 2
    W_14: 37500s  84,614,536,800 steps   431591 feasible sets         0 orders tried  current cost 3
    W_14: 37515s  84,647,533,200 steps   431765 feasible sets         0 orders tried  current cost 2
    W_14: 37530s  84,680,218,400 steps   431952 feasible sets         0 orders tried  current cost 3
    W_14: 37545s  84,712,935,600 steps   432108 feasible sets         0 orders tried  current cost 3
    W_14: 37560s  84,745,407,400 steps   432245 feasible sets         0 orders tried  current cost 6
    W_14: 37575s  84,778,137,400 steps   432409 feasible sets         0 orders tried  current cost 3
    W_14: 37590s  84,810,490,600 steps   432576 feasible sets         0 orders tried  current cost 2
    W_14: 37605s  84,843,022,400 steps   432775 feasible sets         0 orders tried  current cost 10
    W_14: 37620s  84,875,671,000 steps   432943 feasible sets         0 orders tried  current cost 6
    W_14: 37635s  84,908,231,200 steps   433098 feasible sets         0 orders tried  current cost 4
    W_14: 37650s  84,940,985,000 steps   433249 feasible sets         0 orders tried  current cost 9
    W_14: 37665s  84,973,648,600 steps   433401 feasible sets         0 orders tried  current cost 5
    W_14: 37680s  85,006,679,200 steps   433562 feasible sets         0 orders tried  current cost 3
    W_14: 37695s  85,039,193,600 steps   433739 feasible sets         0 orders tried  current cost 2
    W_14: 37710s  85,071,674,400 steps   433896 feasible sets         0 orders tried  current cost 4
    W_14: 37725s  85,104,620,200 steps   434038 feasible sets         0 orders tried  current cost 11
    W_14: 37740s  85,137,246,800 steps   434216 feasible sets         0 orders tried  current cost 8
    W_14: 37755s  85,170,120,600 steps   434381 feasible sets         0 orders tried  current cost 11
    W_14: 37770s  85,202,927,000 steps   434592 feasible sets         0 orders tried  current cost 7
    W_14: 37785s  85,235,745,200 steps   434766 feasible sets         0 orders tried  current cost 8
    W_14: 37800s  85,268,395,000 steps   434947 feasible sets         0 orders tried  current cost 3
    W_14: 37815s  85,301,144,600 steps   435070 feasible sets         0 orders tried  current cost 10
    W_14: 37830s  85,333,940,200 steps   435221 feasible sets         0 orders tried  current cost 14
    W_14: 37845s  85,366,481,800 steps   435408 feasible sets         0 orders tried  current cost 11
    W_14: 37860s  85,399,613,400 steps   435581 feasible sets         0 orders tried  current cost 2
    W_14: 37875s  85,432,164,400 steps   435700 feasible sets         0 orders tried  current cost 11
    W_14: 37890s  85,464,867,800 steps   435846 feasible sets         0 orders tried  current cost 5
    W_14: 37905s  85,497,704,000 steps   436015 feasible sets         0 orders tried  current cost 11
    W_14: 37920s  85,530,491,000 steps   436164 feasible sets         0 orders tried  current cost 3
    W_14: 37935s  85,563,232,400 steps   436349 feasible sets         0 orders tried  current cost 3
    W_14: 37950s  85,595,882,000 steps   436515 feasible sets         0 orders tried  current cost 9
    W_14: 37965s  85,627,080,200 steps   436643 feasible sets         0 orders tried  current cost 12
    W_14: 37980s  85,656,192,200 steps   436792 feasible sets         0 orders tried  current cost 3
    W_14: 37995s  85,685,378,600 steps   436921 feasible sets         0 orders tried  current cost 2
    W_14: 38010s  85,715,545,000 steps   437092 feasible sets         0 orders tried  current cost 8
    W_14: 38025s  85,748,491,000 steps   437225 feasible sets         0 orders tried  current cost 4
    W_14: 38040s  85,782,217,400 steps   437405 feasible sets         0 orders tried  current cost 4
    W_14: 38055s  85,816,936,000 steps   437597 feasible sets         0 orders tried  current cost 1
    W_14: 38070s  85,851,706,800 steps   437789 feasible sets         0 orders tried  current cost 6
    W_14: 38085s  85,885,748,200 steps   437976 feasible sets         0 orders tried  current cost 4
    W_14: 38100s  85,920,155,000 steps   438143 feasible sets         0 orders tried  current cost 3
    W_14: 38115s  85,954,644,800 steps   438343 feasible sets         0 orders tried  current cost 12
    W_14: 38130s  85,989,042,200 steps   438505 feasible sets         0 orders tried  current cost 20
    W_14: 38145s  86,023,288,800 steps   438626 feasible sets         0 orders tried  current cost 3
    W_14: 38160s  86,057,277,600 steps   438773 feasible sets         0 orders tried  current cost 5
    W_14: 38175s  86,091,732,800 steps   438928 feasible sets         0 orders tried  current cost 2
    W_14: 38190s  86,126,159,400 steps   439071 feasible sets         0 orders tried  current cost 1
    W_14: 38205s  86,160,822,200 steps   439290 feasible sets         0 orders tried  current cost 11
    W_14: 38220s  86,194,694,800 steps   439447 feasible sets         0 orders tried  current cost 4
    W_14: 38235s  86,228,921,000 steps   439609 feasible sets         0 orders tried  current cost 13
    W_14: 38250s  86,263,430,000 steps   439786 feasible sets         0 orders tried  current cost 5
    W_14: 38265s  86,297,591,600 steps   439965 feasible sets         0 orders tried  current cost 6
    W_14: 38280s  86,331,822,400 steps   440139 feasible sets         0 orders tried  current cost 12
    W_14: 38295s  86,366,249,000 steps   440339 feasible sets         0 orders tried  current cost 5
    W_14: 38310s  86,400,931,000 steps   440553 feasible sets         0 orders tried  current cost 4
    W_14: 38325s  86,435,247,400 steps   440690 feasible sets         0 orders tried  current cost 4
    W_14: 38340s  86,469,685,800 steps   440847 feasible sets         0 orders tried  current cost 5
    W_14: 38355s  86,503,387,000 steps   441007 feasible sets         0 orders tried  current cost 10
    W_14: 38370s  86,537,831,400 steps   441196 feasible sets         0 orders tried  current cost 4
    W_14: 38385s  86,572,179,400 steps   441373 feasible sets         0 orders tried  current cost 3
    W_14: 38400s  86,606,502,400 steps   441573 feasible sets         0 orders tried  current cost 16
    W_14: 38415s  86,641,330,400 steps   441745 feasible sets         0 orders tried  current cost 5
    W_14: 38430s  86,675,880,200 steps   441925 feasible sets         0 orders tried  current cost 15
    W_14: 38445s  86,710,023,000 steps   442105 feasible sets         0 orders tried  current cost 14
    W_14: 38460s  86,744,274,000 steps   442265 feasible sets         0 orders tried  current cost 4
    W_14: 38475s  86,778,789,200 steps   442432 feasible sets         0 orders tried  current cost 8
    W_14: 38490s  86,813,276,000 steps   442638 feasible sets         0 orders tried  current cost 4
    W_14: 38505s  86,847,416,800 steps   442828 feasible sets         0 orders tried  current cost 3
    W_14: 38520s  86,881,953,200 steps   442976 feasible sets         0 orders tried  current cost 2
    W_14: 38535s  86,916,025,600 steps   443209 feasible sets         0 orders tried  current cost 8
    W_14: 38550s  86,950,896,600 steps   443378 feasible sets         0 orders tried  current cost 3
    W_14: 38565s  86,985,911,000 steps   443577 feasible sets         0 orders tried  current cost 5
    W_14: 38580s  87,020,403,400 steps   443742 feasible sets         0 orders tried  current cost 8
    W_14: 38595s  87,054,982,200 steps   443878 feasible sets         0 orders tried  current cost 17
    W_14: 38610s  87,089,385,400 steps   444084 feasible sets         0 orders tried  current cost 6
    W_14: 38625s  87,123,959,800 steps   444264 feasible sets         0 orders tried  current cost 2
    W_14: 38640s  87,158,536,000 steps   444443 feasible sets         0 orders tried  current cost 5
    W_14: 38655s  87,193,407,400 steps   444646 feasible sets         0 orders tried  current cost 1
    W_14: 38670s  87,227,844,600 steps   444828 feasible sets         0 orders tried  current cost 8
    W_14: 38685s  87,262,807,800 steps   444989 feasible sets         0 orders tried  current cost 8
    W_14: 38700s  87,297,566,400 steps   445164 feasible sets         0 orders tried  current cost 6
    W_14: 38715s  87,332,390,600 steps   445353 feasible sets         0 orders tried  current cost 1
    W_14: 38730s  87,367,021,000 steps   445534 feasible sets         0 orders tried  current cost 11
    W_14: 38745s  87,401,350,800 steps   445694 feasible sets         0 orders tried  current cost 4
    W_14: 38760s  87,435,431,400 steps   445914 feasible sets         0 orders tried  current cost 5
    W_14: 38775s  87,470,047,600 steps   446129 feasible sets         0 orders tried  current cost 7
    W_14: 38790s  87,504,229,200 steps   446300 feasible sets         0 orders tried  current cost 6
    W_14: 38805s  87,538,361,400 steps   446455 feasible sets         0 orders tried  current cost 12
    W_14: 38820s  87,572,885,000 steps   446613 feasible sets         0 orders tried  current cost 10
    W_14: 38835s  87,607,515,400 steps   446786 feasible sets         0 orders tried  current cost 3
    W_14: 38850s  87,642,183,200 steps   446953 feasible sets         0 orders tried  current cost 11
    W_14: 38865s  87,676,701,600 steps   447127 feasible sets         0 orders tried  current cost 13
    W_14: 38880s  87,711,445,200 steps   447321 feasible sets         0 orders tried  current cost 10
    W_14: 38895s  87,746,015,600 steps   447504 feasible sets         0 orders tried  current cost 2
    W_14: 38910s  87,778,431,800 steps   447674 feasible sets         0 orders tried  current cost 3
    W_14: 38925s  87,813,165,000 steps   447888 feasible sets         0 orders tried  current cost 9
    W_14: 38940s  87,847,367,600 steps   448044 feasible sets         0 orders tried  current cost 4
    W_14: 38955s  87,882,082,000 steps   448194 feasible sets         0 orders tried  current cost 13
    W_14: 38970s  87,916,446,200 steps   448354 feasible sets         0 orders tried  current cost 7
    W_14: 38985s  87,951,014,000 steps   448530 feasible sets         0 orders tried  current cost 1
    W_14: 39000s  87,985,314,600 steps   448669 feasible sets         0 orders tried  current cost 2
    W_14: 39015s  88,020,038,600 steps   448831 feasible sets         0 orders tried  current cost 4
    W_14: 39030s  88,054,120,000 steps   449006 feasible sets         0 orders tried  current cost 2
    W_14: 39045s  88,088,951,400 steps   449157 feasible sets         0 orders tried  current cost 4
    W_14: 39060s  88,123,409,000 steps   449328 feasible sets         0 orders tried  current cost 3
    W_14: 39075s  88,158,070,600 steps   449548 feasible sets         0 orders tried  current cost 5
    W_14: 39090s  88,192,396,400 steps   449742 feasible sets         0 orders tried  current cost 2
    W_14: 39105s  88,226,737,600 steps   449959 feasible sets         0 orders tried  current cost 5
    W_14: 39120s  88,261,341,400 steps   450116 feasible sets         0 orders tried  current cost 15
    W_14: 39135s  88,295,730,800 steps   450291 feasible sets         0 orders tried  current cost 8
    W_14: 39150s  88,330,543,200 steps   450444 feasible sets         0 orders tried  current cost 11
    W_14: 39165s  88,365,227,000 steps   450618 feasible sets         0 orders tried  current cost 6
    W_14: 39180s  88,399,279,200 steps   450813 feasible sets         0 orders tried  current cost 3
    W_14: 39195s  88,433,777,400 steps   450980 feasible sets         0 orders tried  current cost 4
    W_14: 39210s  88,467,951,600 steps   451136 feasible sets         0 orders tried  current cost 2
    W_14: 39225s  88,502,819,000 steps   451321 feasible sets         0 orders tried  current cost 1
    W_14: 39240s  88,537,459,000 steps   451507 feasible sets         0 orders tried  current cost 4
    W_14: 39255s  88,571,352,400 steps   451687 feasible sets         0 orders tried  current cost 1
    W_14: 39270s  88,605,618,400 steps   451893 feasible sets         0 orders tried  current cost 2
    W_14: 39285s  88,640,090,600 steps   452079 feasible sets         0 orders tried  current cost 4
    W_14: 39300s  88,674,754,000 steps   452262 feasible sets         0 orders tried  current cost 2
    W_14: 39315s  88,709,498,400 steps   452402 feasible sets         0 orders tried  current cost 2
    W_14: 39330s  88,744,063,200 steps   452596 feasible sets         0 orders tried  current cost 11
    W_14: 39345s  88,778,255,200 steps   452773 feasible sets         0 orders tried  current cost 5
    W_14: 39360s  88,812,862,400 steps   452961 feasible sets         0 orders tried  current cost 9
    W_14: 39375s  88,847,253,600 steps   453137 feasible sets         0 orders tried  current cost 2
    W_14: 39390s  88,881,796,400 steps   453296 feasible sets         0 orders tried  current cost 3
    W_14: 39405s  88,916,272,200 steps   453487 feasible sets         0 orders tried  current cost 4
    W_14: 39420s  88,950,554,600 steps   453649 feasible sets         0 orders tried  current cost 4
    W_14: 39435s  88,984,444,400 steps   453832 feasible sets         0 orders tried  current cost 11
    W_14: 39450s  89,018,478,000 steps   453989 feasible sets         0 orders tried  current cost 3
    W_14: 39465s  89,053,167,600 steps   454182 feasible sets         0 orders tried  current cost 6
    W_14: 39480s  89,087,818,000 steps   454351 feasible sets         0 orders tried  current cost 1
    W_14: 39495s  89,122,148,400 steps   454550 feasible sets         0 orders tried  current cost 3
    W_14: 39510s  89,156,750,000 steps   454735 feasible sets         0 orders tried  current cost 5
    W_14: 39525s  89,191,018,200 steps   454899 feasible sets         0 orders tried  current cost 3
    W_14: 39540s  89,225,661,400 steps   455097 feasible sets         0 orders tried  current cost 11
    W_14: 39555s  89,260,102,800 steps   455293 feasible sets         0 orders tried  current cost 8
    W_14: 39570s  89,294,877,000 steps   455473 feasible sets         0 orders tried  current cost 2
    W_14: 39585s  89,329,065,000 steps   455632 feasible sets         0 orders tried  current cost 10
    W_14: 39600s  89,363,221,800 steps   455785 feasible sets         0 orders tried  current cost 9
    W_14: 39615s  89,397,732,800 steps   455926 feasible sets         0 orders tried  current cost 1
    W_14: 39630s  89,432,269,200 steps   456153 feasible sets         0 orders tried  current cost 8
    W_14: 39645s  89,466,687,000 steps   456332 feasible sets         0 orders tried  current cost 9
    W_14: 39660s  89,501,287,800 steps   456490 feasible sets         0 orders tried  current cost 7
    W_14: 39675s  89,535,903,600 steps   456655 feasible sets         0 orders tried  current cost 7
    W_14: 39690s  89,570,368,200 steps   456826 feasible sets         0 orders tried  current cost 6
    W_14: 39705s  89,605,303,800 steps   456957 feasible sets         0 orders tried  current cost 11
    W_14: 39720s  89,639,666,200 steps   457141 feasible sets         0 orders tried  current cost 11
    W_14: 39735s  89,674,222,000 steps   457327 feasible sets         0 orders tried  current cost 12
    W_14: 39750s  89,708,979,200 steps   457505 feasible sets         0 orders tried  current cost 3
    W_14: 39765s  89,743,294,600 steps   457706 feasible sets         0 orders tried  current cost 3
    W_14: 39780s  89,777,455,200 steps   457892 feasible sets         0 orders tried  current cost 3
    W_14: 39795s  89,811,721,400 steps   458094 feasible sets         0 orders tried  current cost 13
    W_14: 39810s  89,845,838,400 steps   458253 feasible sets         0 orders tried  current cost 3
    W_14: 39825s  89,880,042,000 steps   458430 feasible sets         0 orders tried  current cost 9
    W_14: 39840s  89,914,084,800 steps   458633 feasible sets         0 orders tried  current cost 7
    W_14: 39855s  89,948,376,600 steps   458822 feasible sets         0 orders tried  current cost 3
    W_14: 39870s  89,982,727,800 steps   459002 feasible sets         0 orders tried  current cost 7
    W_14: 39885s  90,017,526,600 steps   459176 feasible sets         0 orders tried  current cost 9
    W_14: 39900s  90,051,975,200 steps   459362 feasible sets         0 orders tried  current cost 3
    W_14: 39915s  90,086,161,400 steps   459513 feasible sets         0 orders tried  current cost 12
    W_14: 39930s  90,120,465,200 steps   459660 feasible sets         0 orders tried  current cost 9
    W_14: 39945s  90,154,482,000 steps   459831 feasible sets         0 orders tried  current cost 18
    W_14: 39960s  90,189,132,400 steps   460016 feasible sets         0 orders tried  current cost 2
    W_14: 39975s  90,223,482,800 steps   460171 feasible sets         0 orders tried  current cost 12
    W_14: 39990s  90,257,978,200 steps   460382 feasible sets         0 orders tried  current cost 4
    W_14: 40005s  90,292,210,800 steps   460554 feasible sets         0 orders tried  current cost 6
    W_14: 40020s  90,326,826,200 steps   460718 feasible sets         0 orders tried  current cost 10
    W_14: 40035s  90,361,539,400 steps   460892 feasible sets         0 orders tried  current cost 4
    W_14: 40050s  90,396,252,000 steps   461049 feasible sets         0 orders tried  current cost 4
    W_14: 40065s  90,431,091,800 steps   461244 feasible sets         0 orders tried  current cost 4
    W_14: 40080s  90,465,214,400 steps   461445 feasible sets         0 orders tried  current cost 3
    W_14: 40095s  90,499,610,800 steps   461619 feasible sets         0 orders tried  current cost 5
    W_14: 40110s  90,534,570,200 steps   461796 feasible sets         0 orders tried  current cost 6
    W_14: 40125s  90,569,731,400 steps   461965 feasible sets         0 orders tried  current cost 3
    W_14: 40140s  90,604,431,400 steps   462195 feasible sets         0 orders tried  current cost 3
    W_14: 40155s  90,639,011,400 steps   462363 feasible sets         0 orders tried  current cost 4
    W_14: 40170s  90,673,600,000 steps   462544 feasible sets         0 orders tried  current cost 5
    W_14: 40185s  90,708,090,400 steps   462716 feasible sets         0 orders tried  current cost 5
    W_14: 40200s  90,742,602,000 steps   462871 feasible sets         0 orders tried  current cost 12
    W_14: 40215s  90,777,744,400 steps   463041 feasible sets         0 orders tried  current cost 5
    W_14: 40230s  90,811,986,200 steps   463231 feasible sets         0 orders tried  current cost 9
    W_14: 40245s  90,846,568,600 steps   463465 feasible sets         0 orders tried  current cost 4
    W_14: 40260s  90,881,411,600 steps   463653 feasible sets         0 orders tried  current cost 4
    W_14: 40275s  90,915,989,400 steps   463853 feasible sets         0 orders tried  current cost 4
    W_14: 40290s  90,950,405,200 steps   464021 feasible sets         0 orders tried  current cost 8
    W_14: 40305s  90,984,578,000 steps   464182 feasible sets         0 orders tried  current cost 2
    W_14: 40320s  91,019,099,600 steps   464343 feasible sets         0 orders tried  current cost 1
    W_14: 40335s  91,053,465,000 steps   464505 feasible sets         0 orders tried  current cost 7
    W_14: 40350s  91,088,274,200 steps   464727 feasible sets         0 orders tried  current cost 5
    W_14: 40365s  91,122,930,200 steps   464896 feasible sets         0 orders tried  current cost 4
    W_14: 40380s  91,157,431,000 steps   465062 feasible sets         0 orders tried  current cost 4
    W_14: 40395s  91,191,999,000 steps   465215 feasible sets         0 orders tried  current cost 3
    W_14: 40410s  91,226,755,000 steps   465403 feasible sets         0 orders tried  current cost 4
    W_14: 40425s  91,261,781,200 steps   465610 feasible sets         0 orders tried  current cost 20
    W_14: 40440s  91,296,737,600 steps   465800 feasible sets         0 orders tried  current cost 3
    W_14: 40455s  91,331,226,000 steps   465957 feasible sets         0 orders tried  current cost 7
    W_14: 40470s  91,365,964,200 steps   466095 feasible sets         0 orders tried  current cost 11
    W_14: 40485s  91,400,302,000 steps   466261 feasible sets         0 orders tried  current cost 11
    W_14: 40500s  91,434,617,200 steps   466408 feasible sets         0 orders tried  current cost 1
    W_14: 40515s  91,468,979,000 steps   466599 feasible sets         0 orders tried  current cost 2
    W_14: 40530s  91,502,967,000 steps   466752 feasible sets         0 orders tried  current cost 8
    W_14: 40545s  91,537,472,000 steps   466926 feasible sets         0 orders tried  current cost 3
    W_14: 40560s  91,572,484,400 steps   467116 feasible sets         0 orders tried  current cost 9
    W_14: 40575s  91,607,183,200 steps   467248 feasible sets         0 orders tried  current cost 7
    W_14: 40590s  91,641,297,000 steps   467374 feasible sets         0 orders tried  current cost 3
    W_14: 40605s  91,675,650,600 steps   467557 feasible sets         0 orders tried  current cost 2
    W_14: 40620s  91,709,807,600 steps   467759 feasible sets         0 orders tried  current cost 6
    W_14: 40635s  91,744,415,800 steps   467929 feasible sets         0 orders tried  current cost 3
    W_14: 40650s  91,778,629,800 steps   468103 feasible sets         0 orders tried  current cost 4
    W_14: 40665s  91,813,231,800 steps   468270 feasible sets         0 orders tried  current cost 4
    W_14: 40680s  91,847,807,800 steps   468417 feasible sets         0 orders tried  current cost 4
    W_14: 40695s  91,882,376,600 steps   468565 feasible sets         0 orders tried  current cost 4
    W_14: 40710s  91,917,195,600 steps   468740 feasible sets         0 orders tried  current cost 1
    W_14: 40725s  91,951,988,800 steps   468941 feasible sets         0 orders tried  current cost 4
    W_14: 40740s  91,986,871,000 steps   469128 feasible sets         0 orders tried  current cost 3
    W_14: 40755s  92,021,586,800 steps   469322 feasible sets         0 orders tried  current cost 7
    W_14: 40770s  92,056,547,600 steps   469509 feasible sets         0 orders tried  current cost 7
    W_14: 40785s  92,091,209,800 steps   469690 feasible sets         0 orders tried  current cost 6
    W_14: 40800s  92,125,959,800 steps   469860 feasible sets         0 orders tried  current cost 1
    W_14: 40815s  92,160,350,400 steps   470041 feasible sets         0 orders tried  current cost 5
    W_14: 40830s  92,194,912,000 steps   470206 feasible sets         0 orders tried  current cost 4
    W_14: 40845s  92,229,224,800 steps   470366 feasible sets         0 orders tried  current cost 6
    W_14: 40860s  92,263,651,000 steps   470508 feasible sets         0 orders tried  current cost 3
    W_14: 40875s  92,298,208,400 steps   470669 feasible sets         0 orders tried  current cost 6
    W_14: 40890s  92,332,841,000 steps   470855 feasible sets         0 orders tried  current cost 13
    W_14: 40905s  92,367,369,600 steps   470989 feasible sets         0 orders tried  current cost 6
    W_14: 40920s  92,402,250,200 steps   471127 feasible sets         0 orders tried  current cost 5
    W_14: 40935s  92,437,103,200 steps   471312 feasible sets         0 orders tried  current cost 13
    W_14: 40950s  92,471,388,400 steps   471456 feasible sets         0 orders tried  current cost 6
    W_14: 40965s  92,505,680,800 steps   471629 feasible sets         0 orders tried  current cost 18
    W_14: 40980s  92,539,809,000 steps   471799 feasible sets         0 orders tried  current cost 3
    W_14: 40995s  92,574,365,400 steps   472026 feasible sets         0 orders tried  current cost 10
    W_14: 41010s  92,609,299,400 steps   472230 feasible sets         0 orders tried  current cost 5
    W_14: 41025s  92,643,818,600 steps   472412 feasible sets         0 orders tried  current cost 3
    W_14: 41040s  92,678,195,200 steps   472609 feasible sets         0 orders tried  current cost 2
    W_14: 41055s  92,713,044,400 steps   472785 feasible sets         0 orders tried  current cost 8
    W_14: 41070s  92,747,653,800 steps   472970 feasible sets         0 orders tried  current cost 3
    W_14: 41085s  92,782,127,600 steps   473156 feasible sets         0 orders tried  current cost 4
    W_14: 41100s  92,816,590,000 steps   473354 feasible sets         0 orders tried  current cost 4
    W_14: 41115s  92,851,058,800 steps   473515 feasible sets         0 orders tried  current cost 1
    W_14: 41130s  92,885,664,800 steps   473696 feasible sets         0 orders tried  current cost 9
    W_14: 41145s  92,920,398,000 steps   473879 feasible sets         0 orders tried  current cost 1
    W_14: 41160s  92,955,163,000 steps   474051 feasible sets         0 orders tried  current cost 13
    W_14: 41175s  92,989,641,800 steps   474208 feasible sets         0 orders tried  current cost 16
    W_14: 41190s  93,024,115,800 steps   474385 feasible sets         0 orders tried  current cost 2
    W_14: 41205s  93,059,017,000 steps   474549 feasible sets         0 orders tried  current cost 3
    W_14: 41220s  93,094,156,400 steps   474734 feasible sets         0 orders tried  current cost 4
    W_14: 41235s  93,128,707,600 steps   474916 feasible sets         0 orders tried  current cost 3
    W_14: 41250s  93,162,950,800 steps   475087 feasible sets         0 orders tried  current cost 4
    W_14: 41265s  93,197,619,200 steps   475282 feasible sets         0 orders tried  current cost 5
    W_14: 41280s  93,231,269,000 steps   475461 feasible sets         0 orders tried  current cost 7
    W_14: 41295s  93,263,803,400 steps   475636 feasible sets         0 orders tried  current cost 10
    W_14: 41310s  93,297,795,200 steps   475825 feasible sets         0 orders tried  current cost 3
    W_14: 41325s  93,332,386,400 steps   475977 feasible sets         0 orders tried  current cost 11
    W_14: 41340s  93,367,161,200 steps   476157 feasible sets         0 orders tried  current cost 12
    W_14: 41355s  93,401,869,400 steps   476360 feasible sets         0 orders tried  current cost 8
    W_14: 41370s  93,436,632,000 steps   476576 feasible sets         0 orders tried  current cost 1
    W_14: 41385s  93,471,727,800 steps   476780 feasible sets         0 orders tried  current cost 7
    W_14: 41400s  93,506,357,400 steps   476981 feasible sets         0 orders tried  current cost 4
    W_14: 41415s  93,540,972,000 steps   477182 feasible sets         0 orders tried  current cost 3
    W_14: 41430s  93,575,563,600 steps   477380 feasible sets         0 orders tried  current cost 11
    W_14: 41445s  93,610,014,600 steps   477588 feasible sets         0 orders tried  current cost 2
    W_14: 41460s  93,644,648,000 steps   477745 feasible sets         0 orders tried  current cost 7
    W_14: 41475s  93,679,120,200 steps   477898 feasible sets         0 orders tried  current cost 19
    W_14: 41490s  93,714,002,200 steps   478090 feasible sets         0 orders tried  current cost 6
    W_14: 41505s  93,748,625,200 steps   478286 feasible sets         0 orders tried  current cost 14
    W_14: 41520s  93,783,722,000 steps   478424 feasible sets         0 orders tried  current cost 12
    W_14: 41535s  93,818,364,400 steps   478566 feasible sets         0 orders tried  current cost 9
    W_14: 41550s  93,853,465,800 steps   478750 feasible sets         0 orders tried  current cost 8
    W_14: 41565s  93,888,490,400 steps   478903 feasible sets         0 orders tried  current cost 3
    W_14: 41580s  93,923,549,000 steps   479080 feasible sets         0 orders tried  current cost 4
    W_14: 41595s  93,958,095,200 steps   479225 feasible sets         0 orders tried  current cost 3
    W_14: 41610s  93,992,849,800 steps   479423 feasible sets         0 orders tried  current cost 5
    W_14: 41625s  94,027,769,800 steps   479607 feasible sets         0 orders tried  current cost 5
    W_14: 41640s  94,062,405,800 steps   479764 feasible sets         0 orders tried  current cost 6
    W_14: 41655s  94,096,942,000 steps   479935 feasible sets         0 orders tried  current cost 10
    W_14: 41670s  94,131,489,400 steps   480164 feasible sets         0 orders tried  current cost 5
    W_14: 41685s  94,166,185,000 steps   480318 feasible sets         0 orders tried  current cost 7
    W_14: 41700s  94,200,866,200 steps   480503 feasible sets         0 orders tried  current cost 7
    W_14: 41715s  94,235,699,600 steps   480694 feasible sets         0 orders tried  current cost 3
    W_14: 41730s  94,270,400,600 steps   480868 feasible sets         0 orders tried  current cost 12
    W_14: 41745s  94,304,975,800 steps   481020 feasible sets         0 orders tried  current cost 4
    W_14: 41760s  94,339,735,600 steps   481181 feasible sets         0 orders tried  current cost 4
    W_14: 41775s  94,374,334,000 steps   481333 feasible sets         0 orders tried  current cost 4
    W_14: 41790s  94,408,897,600 steps   481501 feasible sets         0 orders tried  current cost 4
    W_14: 41805s  94,443,270,200 steps   481680 feasible sets         0 orders tried  current cost 6
    W_14: 41820s  94,478,123,600 steps   481879 feasible sets         0 orders tried  current cost 11
    W_14: 41835s  94,512,573,400 steps   482039 feasible sets         0 orders tried  current cost 3
    W_14: 41850s  94,547,550,800 steps   482184 feasible sets         0 orders tried  current cost 5
    W_14: 41865s  94,582,584,000 steps   482358 feasible sets         0 orders tried  current cost 11
    W_14: 41880s  94,617,661,600 steps   482549 feasible sets         0 orders tried  current cost 8
    W_14: 41895s  94,652,693,800 steps   482697 feasible sets         0 orders tried  current cost 2
    W_14: 41910s  94,687,536,600 steps   482875 feasible sets         0 orders tried  current cost 4
    W_14: 41925s  94,722,014,000 steps   483020 feasible sets         0 orders tried  current cost 5
    W_14: 41940s  94,756,681,800 steps   483206 feasible sets         0 orders tried  current cost 12
    W_14: 41955s  94,790,990,000 steps   483413 feasible sets         0 orders tried  current cost 4
    W_14: 41970s  94,825,788,400 steps   483588 feasible sets         0 orders tried  current cost 4
    W_14: 41985s  94,860,673,000 steps   483731 feasible sets         0 orders tried  current cost 2
    W_14: 42000s  94,895,436,000 steps   483975 feasible sets         0 orders tried  current cost 5
    W_14: 42015s  94,930,513,800 steps   484148 feasible sets         0 orders tried  current cost 2
    W_14: 42030s  94,965,418,000 steps   484331 feasible sets         0 orders tried  current cost 5
    W_14: 42045s  94,999,979,400 steps   484526 feasible sets         0 orders tried  current cost 2
    W_14: 42060s  95,034,644,600 steps   484712 feasible sets         0 orders tried  current cost 10
    W_14: 42075s  95,068,972,400 steps   484874 feasible sets         0 orders tried  current cost 1
    W_14: 42090s  95,103,838,800 steps   485035 feasible sets         0 orders tried  current cost 3
    W_14: 42105s  95,138,512,600 steps   485180 feasible sets         0 orders tried  current cost 2
    W_14: 42120s  95,173,443,800 steps   485381 feasible sets         0 orders tried  current cost 8
    W_14: 42135s  95,208,126,400 steps   485566 feasible sets         0 orders tried  current cost 3
    W_14: 42150s  95,242,826,600 steps   485737 feasible sets         0 orders tried  current cost 7
    W_14: 42165s  95,277,626,800 steps   485937 feasible sets         0 orders tried  current cost 7
    W_14: 42180s  95,312,012,000 steps   486147 feasible sets         0 orders tried  current cost 5
    W_14: 42195s  95,347,237,800 steps   486313 feasible sets         0 orders tried  current cost 3
    W_14: 42210s  95,382,225,200 steps   486499 feasible sets         0 orders tried  current cost 13
    W_14: 42225s  95,417,221,800 steps   486665 feasible sets         0 orders tried  current cost 14
    W_14: 42240s  95,451,856,400 steps   486851 feasible sets         0 orders tried  current cost 3
    W_14: 42255s  95,486,555,800 steps   487048 feasible sets         0 orders tried  current cost 3
    W_14: 42270s  95,521,450,400 steps   487244 feasible sets         0 orders tried  current cost 5
    W_14: 42285s  95,556,174,200 steps   487441 feasible sets         0 orders tried  current cost 3
    W_14: 42300s  95,590,436,200 steps   487648 feasible sets         0 orders tried  current cost 2
    W_14: 42315s  95,625,406,600 steps   487846 feasible sets         0 orders tried  current cost 7
    W_14: 42330s  95,660,091,400 steps   488020 feasible sets         0 orders tried  current cost 5
    W_14: 42345s  95,694,675,000 steps   488199 feasible sets         0 orders tried  current cost 4
    W_14: 42360s  95,729,547,400 steps   488388 feasible sets         0 orders tried  current cost 4
    W_14: 42375s  95,763,997,600 steps   488571 feasible sets         0 orders tried  current cost 3
    W_14: 42390s  95,798,774,600 steps   488757 feasible sets         0 orders tried  current cost 3
    W_14: 42405s  95,833,401,400 steps   488959 feasible sets         0 orders tried  current cost 13
    W_14: 42420s  95,868,428,800 steps   489162 feasible sets         0 orders tried  current cost 6
    W_14: 42435s  95,903,069,600 steps   489351 feasible sets         0 orders tried  current cost 5
    W_14: 42450s  95,937,772,800 steps   489526 feasible sets         0 orders tried  current cost 4
    W_14: 42465s  95,972,707,800 steps   489708 feasible sets         0 orders tried  current cost 8
    W_14: 42480s  96,007,261,000 steps   489858 feasible sets         0 orders tried  current cost 14
    W_14: 42495s  96,042,142,400 steps   490030 feasible sets         0 orders tried  current cost 15
    W_14: 42510s  96,077,181,600 steps   490189 feasible sets         0 orders tried  current cost 17
    W_14: 42525s  96,111,905,400 steps   490385 feasible sets         0 orders tried  current cost 10
    W_14: 42540s  96,147,036,800 steps   490565 feasible sets         0 orders tried  current cost 2
    W_14: 42555s  96,181,204,000 steps   490715 feasible sets         0 orders tried  current cost 11
    W_14: 42570s  96,216,032,000 steps   490866 feasible sets         0 orders tried  current cost 5
    W_14: 42585s  96,250,613,400 steps   491067 feasible sets         0 orders tried  current cost 3
    W_14: 42600s  96,285,308,400 steps   491269 feasible sets         0 orders tried  current cost 5
    W_14: 42615s  96,319,895,200 steps   491436 feasible sets         0 orders tried  current cost 2
    W_14: 42630s  96,354,469,400 steps   491658 feasible sets         0 orders tried  current cost 6
    W_14: 42645s  96,389,299,200 steps   491841 feasible sets         0 orders tried  current cost 2
    W_14: 42660s  96,423,832,000 steps   492002 feasible sets         0 orders tried  current cost 1
    W_14: 42675s  96,458,543,200 steps   492173 feasible sets         0 orders tried  current cost 7
    W_14: 42690s  96,493,183,600 steps   492328 feasible sets         0 orders tried  current cost 8
    W_14: 42705s  96,528,235,600 steps   492528 feasible sets         0 orders tried  current cost 3
    W_14: 42720s  96,562,936,200 steps   492718 feasible sets         0 orders tried  current cost 3
    W_14: 42735s  96,597,382,000 steps   492893 feasible sets         0 orders tried  current cost 12
    W_14: 42750s  96,632,098,600 steps   493059 feasible sets         0 orders tried  current cost 2
    W_14: 42765s  96,666,977,800 steps   493237 feasible sets         0 orders tried  current cost 3
    W_14: 42780s  96,701,708,200 steps   493443 feasible sets         0 orders tried  current cost 10
    W_14: 42795s  96,736,473,000 steps   493615 feasible sets         0 orders tried  current cost 3
    W_14: 42810s  96,771,244,800 steps   493830 feasible sets         0 orders tried  current cost 11
    W_14: 42825s  96,806,461,200 steps   494016 feasible sets         0 orders tried  current cost 11
    W_14: 42840s  96,841,018,000 steps   494157 feasible sets         0 orders tried  current cost 3
    W_14: 42855s  96,875,491,800 steps   494312 feasible sets         0 orders tried  current cost 5
    W_14: 42870s  96,909,968,400 steps   494476 feasible sets         0 orders tried  current cost 4
    W_14: 42885s  96,944,595,800 steps   494635 feasible sets         0 orders tried  current cost 2
    W_14: 42900s  96,979,209,200 steps   494800 feasible sets         0 orders tried  current cost 4
    W_14: 42915s  97,013,892,000 steps   494938 feasible sets         0 orders tried  current cost 4
    W_14: 42930s  97,048,981,800 steps   495132 feasible sets         0 orders tried  current cost 3
    W_14: 42945s  97,083,253,800 steps   495299 feasible sets         0 orders tried  current cost 1
    W_14: 42960s  97,117,845,200 steps   495511 feasible sets         0 orders tried  current cost 6
    W_14: 42975s  97,152,122,000 steps   495684 feasible sets         0 orders tried  current cost 13
    W_14: 42990s  97,186,299,200 steps   495862 feasible sets         0 orders tried  current cost 1
    W_14: 43005s  97,220,914,800 steps   496070 feasible sets         0 orders tried  current cost 1
    W_14: 43020s  97,255,563,600 steps   496236 feasible sets         0 orders tried  current cost 10
    W_14: 43035s  97,289,649,200 steps   496433 feasible sets         0 orders tried  current cost 4
    W_14: 43050s  97,324,265,000 steps   496649 feasible sets         0 orders tried  current cost 11
    W_14: 43065s  97,358,962,200 steps   496829 feasible sets         0 orders tried  current cost 8
    W_14: 43080s  97,393,694,000 steps   497022 feasible sets         0 orders tried  current cost 4
    W_14: 43095s  97,428,338,600 steps   497208 feasible sets         0 orders tried  current cost 3
    W_14: 43110s  97,463,184,600 steps   497374 feasible sets         0 orders tried  current cost 7
    W_14: 43125s  97,497,939,000 steps   497542 feasible sets         0 orders tried  current cost 4
    W_14: 43140s  97,532,258,400 steps   497719 feasible sets         0 orders tried  current cost 3
    W_14: 43155s  97,566,786,400 steps   497912 feasible sets         0 orders tried  current cost 6
    W_14: 43170s  97,601,355,800 steps   498112 feasible sets         0 orders tried  current cost 1
    W_14: 43185s  97,636,207,400 steps   498294 feasible sets         0 orders tried  current cost 7
    W_14: 43200s  97,671,005,400 steps   498494 feasible sets         0 orders tried  current cost 9
    W_14: 43215s  97,705,867,400 steps   498673 feasible sets         0 orders tried  current cost 7
    W_14: 43230s  97,740,508,200 steps   498859 feasible sets         0 orders tried  current cost 4
    W_14: 43245s  97,775,074,600 steps   499034 feasible sets         0 orders tried  current cost 3
    W_14: 43260s  97,809,726,800 steps   499202 feasible sets         0 orders tried  current cost 5
    W_14: 43275s  97,844,480,800 steps   499403 feasible sets         0 orders tried  current cost 18
    W_14: 43290s  97,878,813,200 steps   499609 feasible sets         0 orders tried  current cost 2
    W_14: 43305s  97,913,667,800 steps   499804 feasible sets         0 orders tried  current cost 8
    W_14: 43320s  97,947,769,800 steps   499991 feasible sets         0 orders tried  current cost 4
    W_14: 43335s  97,982,444,600 steps   500147 feasible sets         0 orders tried  current cost 9
    W_14: 43350s  98,017,146,200 steps   500354 feasible sets         0 orders tried  current cost 5
    W_14: 43365s  98,051,570,600 steps   500547 feasible sets         0 orders tried  current cost 3
    W_14: 43380s  98,085,791,200 steps   500690 feasible sets         0 orders tried  current cost 4
    W_14: 43395s  98,119,950,800 steps   500840 feasible sets         0 orders tried  current cost 3
    W_14: 43410s  98,154,468,200 steps   501020 feasible sets         0 orders tried  current cost 4
    W_14: 43425s  98,188,675,000 steps   501218 feasible sets         0 orders tried  current cost 5
    W_14: 43440s  98,222,553,800 steps   501413 feasible sets         0 orders tried  current cost 2
    W_14: 43455s  98,256,916,000 steps   501604 feasible sets         0 orders tried  current cost 3
    W_14: 43470s  98,290,971,400 steps   501781 feasible sets         0 orders tried  current cost 3
    W_14: 43485s  98,325,016,400 steps   501971 feasible sets         0 orders tried  current cost 4
    W_14: 43500s  98,359,654,200 steps   502146 feasible sets         0 orders tried  current cost 2
    W_14: 43515s  98,394,297,800 steps   502313 feasible sets         0 orders tried  current cost 1
    W_14: 43530s  98,428,634,000 steps   502482 feasible sets         0 orders tried  current cost 4
    W_14: 43545s  98,462,884,000 steps   502639 feasible sets         0 orders tried  current cost 7
    W_14: 43560s  98,497,462,800 steps   502768 feasible sets         0 orders tried  current cost 10
    W_14: 43575s  98,531,729,600 steps   502937 feasible sets         0 orders tried  current cost 5
    W_14: 43590s  98,566,198,600 steps   503158 feasible sets         0 orders tried  current cost 1
    W_14: 43605s  98,600,802,400 steps   503335 feasible sets         0 orders tried  current cost 5
    W_14: 43620s  98,635,288,000 steps   503518 feasible sets         0 orders tried  current cost 7
    W_14: 43635s  98,669,962,400 steps   503699 feasible sets         0 orders tried  current cost 13
    W_14: 43650s  98,704,529,200 steps   503851 feasible sets         0 orders tried  current cost 4
    W_14: 43665s  98,739,185,400 steps   504033 feasible sets         0 orders tried  current cost 9
    W_14: 43680s  98,773,952,200 steps   504185 feasible sets         0 orders tried  current cost 3
    W_14: 43695s  98,808,682,400 steps   504364 feasible sets         0 orders tried  current cost 11
    W_14: 43710s  98,843,181,400 steps   504544 feasible sets         0 orders tried  current cost 9
    W_14: 43725s  98,877,646,600 steps   504698 feasible sets         0 orders tried  current cost 6
    W_14: 43740s  98,911,759,200 steps   504891 feasible sets         0 orders tried  current cost 2
    W_14: 43755s  98,946,329,000 steps   505075 feasible sets         0 orders tried  current cost 5
    W_14: 43770s  98,980,873,800 steps   505274 feasible sets         0 orders tried  current cost 3
    W_14: 43785s  99,015,684,800 steps   505476 feasible sets         0 orders tried  current cost 8
    W_14: 43800s  99,050,759,000 steps   505659 feasible sets         0 orders tried  current cost 3
    W_14: 43815s  99,085,169,000 steps   505845 feasible sets         0 orders tried  current cost 4
    W_14: 43830s  99,119,496,000 steps   506027 feasible sets         0 orders tried  current cost 2
    W_14: 43845s  99,154,119,600 steps   506222 feasible sets         0 orders tried  current cost 3
    W_14: 43860s  99,188,838,800 steps   506358 feasible sets         0 orders tried  current cost 3
    W_14: 43875s  99,223,368,600 steps   506516 feasible sets         0 orders tried  current cost 5
    W_14: 43890s  99,257,887,800 steps   506715 feasible sets         0 orders tried  current cost 6
    W_14: 43905s  99,292,100,600 steps   506868 feasible sets         0 orders tried  current cost 10
    W_14: 43920s  99,326,689,200 steps   507041 feasible sets         0 orders tried  current cost 4
    W_14: 43935s  99,361,006,800 steps   507270 feasible sets         0 orders tried  current cost 7
    W_14: 43950s  99,395,291,200 steps   507440 feasible sets         0 orders tried  current cost 3
    W_14: 43965s  99,430,077,800 steps   507603 feasible sets         0 orders tried  current cost 1
    W_14: 43980s  99,464,511,400 steps   507808 feasible sets         0 orders tried  current cost 5
    W_14: 43995s  99,499,179,400 steps   507999 feasible sets         0 orders tried  current cost 2
    W_14: 44010s  99,533,531,600 steps   508187 feasible sets         0 orders tried  current cost 5
    W_14: 44025s  99,568,153,400 steps   508359 feasible sets         0 orders tried  current cost 4
    W_14: 44040s  99,602,212,800 steps   508558 feasible sets         0 orders tried  current cost 3
    W_14: 44055s  99,636,293,200 steps   508747 feasible sets         0 orders tried  current cost 5
    W_14: 44070s  99,670,608,800 steps   508915 feasible sets         0 orders tried  current cost 2
    W_14: 44085s  99,705,186,400 steps   509105 feasible sets         0 orders tried  current cost 11
    W_14: 44100s  99,739,971,000 steps   509267 feasible sets         0 orders tried  current cost 4
    W_14: 44115s  99,774,420,600 steps   509455 feasible sets         0 orders tried  current cost 13
    W_14: 44130s  99,808,766,000 steps   509645 feasible sets         0 orders tried  current cost 6
    W_14: 44145s  99,842,262,400 steps   509832 feasible sets         0 orders tried  current cost 8
    W_14: 44160s  99,876,150,600 steps   510024 feasible sets         0 orders tried  current cost 5
    W_14: 44175s  99,910,736,600 steps   510193 feasible sets         0 orders tried  current cost 4
    W_14: 44190s  99,944,771,400 steps   510394 feasible sets         0 orders tried  current cost 3
    W_14: 44205s  99,978,852,800 steps   510567 feasible sets         0 orders tried  current cost 4
    W_14: 44220s  100,013,215,600 steps   510739 feasible sets         0 orders tried  current cost 2
    W_14: 44235s  100,047,687,200 steps   510899 feasible sets         0 orders tried  current cost 6
    W_14: 44250s  100,081,911,200 steps   511072 feasible sets         0 orders tried  current cost 2
    W_14: 44265s  100,116,446,800 steps   511286 feasible sets         0 orders tried  current cost 3
    W_14: 44280s  100,151,056,200 steps   511469 feasible sets         0 orders tried  current cost 3
    W_14: 44295s  100,185,144,200 steps   511672 feasible sets         0 orders tried  current cost 8
    W_14: 44310s  100,219,729,400 steps   511869 feasible sets         0 orders tried  current cost 7
    W_14: 44325s  100,254,280,000 steps   512060 feasible sets         0 orders tried  current cost 3
    W_14: 44340s  100,288,137,200 steps   512248 feasible sets         0 orders tried  current cost 2
    W_14: 44355s  100,322,448,400 steps   512442 feasible sets         0 orders tried  current cost 5
    W_14: 44370s  100,356,164,600 steps   512588 feasible sets         0 orders tried  current cost 8
    W_14: 44385s  100,390,264,400 steps   512741 feasible sets         0 orders tried  current cost 10
    W_14: 44400s  100,425,018,600 steps   512903 feasible sets         0 orders tried  current cost 4
    W_14: 44415s  100,459,215,000 steps   513102 feasible sets         0 orders tried  current cost 1
    W_14: 44430s  100,493,505,000 steps   513282 feasible sets         0 orders tried  current cost 12
    W_14: 44445s  100,528,268,400 steps   513455 feasible sets         0 orders tried  current cost 6
    W_14: 44460s  100,562,642,600 steps   513635 feasible sets         0 orders tried  current cost 7
    W_14: 44475s  100,596,730,600 steps   513809 feasible sets         0 orders tried  current cost 4
    W_14: 44490s  100,631,080,600 steps   513997 feasible sets         0 orders tried  current cost 17
    W_14: 44505s  100,665,113,800 steps   514198 feasible sets         0 orders tried  current cost 4
    W_14: 44520s  100,699,462,400 steps   514387 feasible sets         0 orders tried  current cost 9
    W_14: 44535s  100,734,374,000 steps   514571 feasible sets         0 orders tried  current cost 4
    W_14: 44550s  100,768,816,400 steps   514731 feasible sets         0 orders tried  current cost 2
    W_14: 44565s  100,803,084,800 steps   514892 feasible sets         0 orders tried  current cost 8
    W_14: 44580s  100,837,378,000 steps   515090 feasible sets         0 orders tried  current cost 1
    W_14: 44595s  100,871,685,600 steps   515256 feasible sets         0 orders tried  current cost 8
    W_14: 44610s  100,906,397,800 steps   515450 feasible sets         0 orders tried  current cost 2
    W_14: 44625s  100,940,920,400 steps   515620 feasible sets         0 orders tried  current cost 11
    W_14: 44640s  100,975,733,400 steps   515828 feasible sets         0 orders tried  current cost 5
    W_14: 44655s  101,010,448,400 steps   516046 feasible sets         0 orders tried  current cost 5
    W_14: 44670s  101,044,683,400 steps   516196 feasible sets         0 orders tried  current cost 8
    W_14: 44685s  101,079,482,600 steps   516342 feasible sets         0 orders tried  current cost 9
    W_14: 44700s  101,113,714,000 steps   516526 feasible sets         0 orders tried  current cost 2
    W_14: 44715s  101,148,011,000 steps   516696 feasible sets         0 orders tried  current cost 3
    W_14: 44730s  101,182,473,600 steps   516870 feasible sets         0 orders tried  current cost 3
    W_14: 44745s  101,217,246,200 steps   517045 feasible sets         0 orders tried  current cost 7
    W_14: 44760s  101,252,090,000 steps   517224 feasible sets         0 orders tried  current cost 3
    W_14: 44775s  101,286,529,800 steps   517420 feasible sets         0 orders tried  current cost 2
    W_14: 44790s  101,320,894,800 steps   517573 feasible sets         0 orders tried  current cost 4
    W_14: 44805s  101,355,096,600 steps   517769 feasible sets         0 orders tried  current cost 2
    W_14: 44820s  101,389,681,000 steps   517935 feasible sets         0 orders tried  current cost 13
    W_14: 44835s  101,424,386,000 steps   518128 feasible sets         0 orders tried  current cost 5
    W_14: 44850s  101,459,323,000 steps   518284 feasible sets         0 orders tried  current cost 16
    W_14: 44865s  101,493,657,200 steps   518482 feasible sets         0 orders tried  current cost 2
    W_14: 44880s  101,527,838,000 steps   518665 feasible sets         0 orders tried  current cost 1
    W_14: 44895s  101,562,319,200 steps   518796 feasible sets         0 orders tried  current cost 2
    W_14: 44910s  101,596,641,200 steps   518988 feasible sets         0 orders tried  current cost 6
    W_14: 44925s  101,630,986,400 steps   519157 feasible sets         0 orders tried  current cost 7
    W_14: 44940s  101,665,479,400 steps   519308 feasible sets         0 orders tried  current cost 3
    W_14: 44955s  101,700,410,200 steps   519532 feasible sets         0 orders tried  current cost 4
    W_14: 44970s  101,735,152,000 steps   519689 feasible sets         0 orders tried  current cost 4
    W_14: 44985s  101,769,354,200 steps   519873 feasible sets         0 orders tried  current cost 3
    W_14: 45000s  101,803,963,200 steps   520045 feasible sets         0 orders tried  current cost 12
    W_14: 45015s  101,838,483,800 steps   520204 feasible sets         0 orders tried  current cost 8
    W_14: 45030s  101,873,108,200 steps   520405 feasible sets         0 orders tried  current cost 6
    W_14: 45045s  101,907,345,600 steps   520588 feasible sets         0 orders tried  current cost 11
    W_14: 45060s  101,941,612,000 steps   520788 feasible sets         0 orders tried  current cost 3
    W_14: 45075s  101,976,256,400 steps   520945 feasible sets         0 orders tried  current cost 3
    W_14: 45090s  102,010,384,800 steps   521106 feasible sets         0 orders tried  current cost 8
    W_14: 45105s  102,044,937,200 steps   521320 feasible sets         0 orders tried  current cost 1
    W_14: 45120s  102,079,063,000 steps   521494 feasible sets         0 orders tried  current cost 12
    W_14: 45135s  102,113,216,200 steps   521690 feasible sets         0 orders tried  current cost 3
    W_14: 45150s  102,148,035,200 steps   521848 feasible sets         0 orders tried  current cost 1
    W_14: 45165s  102,181,894,200 steps   522006 feasible sets         0 orders tried  current cost 3
    W_14: 45180s  102,216,800,400 steps   522216 feasible sets         0 orders tried  current cost 10
    W_14: 45195s  102,250,791,200 steps   522394 feasible sets         0 orders tried  current cost 3
    W_14: 45210s  102,285,057,800 steps   522556 feasible sets         0 orders tried  current cost 4
    W_14: 45225s  102,319,228,200 steps   522707 feasible sets         0 orders tried  current cost 5
    W_14: 45240s  102,353,701,200 steps   522880 feasible sets         0 orders tried  current cost 11
    W_14: 45255s  102,387,899,000 steps   523033 feasible sets         0 orders tried  current cost 2
    W_14: 45270s  102,422,742,400 steps   523197 feasible sets         0 orders tried  current cost 14
    W_14: 45285s  102,457,536,400 steps   523355 feasible sets         0 orders tried  current cost 2
    W_14: 45300s  102,491,655,000 steps   523511 feasible sets         0 orders tried  current cost 2
    W_14: 45315s  102,526,277,200 steps   523719 feasible sets         0 orders tried  current cost 4
    W_14: 45330s  102,560,841,800 steps   523852 feasible sets         0 orders tried  current cost 11
    W_14: 45345s  102,594,884,800 steps   524013 feasible sets         0 orders tried  current cost 10
    W_14: 45360s  102,628,861,800 steps   524173 feasible sets         0 orders tried  current cost 15
    W_14: 45375s  102,663,024,200 steps   524359 feasible sets         0 orders tried  current cost 8
    W_14: 45390s  102,697,151,200 steps   524519 feasible sets         0 orders tried  current cost 4
    W_14: 45405s  102,732,032,000 steps   524708 feasible sets         0 orders tried  current cost 2
    W_14: 45420s  102,766,215,400 steps   524852 feasible sets         0 orders tried  current cost 2
    W_14: 45435s  102,800,514,600 steps   525023 feasible sets         0 orders tried  current cost 2
    W_14: 45450s  102,834,816,800 steps   525211 feasible sets         0 orders tried  current cost 1
    W_14: 45465s  102,868,876,800 steps   525380 feasible sets         0 orders tried  current cost 3
    W_14: 45480s  102,903,090,800 steps   525571 feasible sets         0 orders tried  current cost 1
    W_14: 45495s  102,937,234,400 steps   525783 feasible sets         0 orders tried  current cost 2
    W_14: 45510s  102,971,437,600 steps   525958 feasible sets         0 orders tried  current cost 2
    W_14: 45525s  103,005,326,400 steps   526138 feasible sets         0 orders tried  current cost 7
    W_14: 45540s  103,039,682,000 steps   526324 feasible sets         0 orders tried  current cost 12
    W_14: 45555s  103,073,867,200 steps   526474 feasible sets         0 orders tried  current cost 5
    W_14: 45570s  103,108,172,200 steps   526604 feasible sets         0 orders tried  current cost 3
    W_14: 45585s  103,142,406,800 steps   526758 feasible sets         0 orders tried  current cost 5
    W_14: 45600s  103,177,174,400 steps   526951 feasible sets         0 orders tried  current cost 3
    W_14: 45615s  103,211,716,400 steps   527145 feasible sets         0 orders tried  current cost 3
    W_14: 45630s  103,246,246,000 steps   527338 feasible sets         0 orders tried  current cost 4
    W_14: 45645s  103,280,554,000 steps   527521 feasible sets         0 orders tried  current cost 4
    W_14: 45660s  103,315,128,800 steps   527679 feasible sets         0 orders tried  current cost 5
    W_14: 45675s  103,349,531,000 steps   527868 feasible sets         0 orders tried  current cost 3
    W_14: 45690s  103,383,886,400 steps   528082 feasible sets         0 orders tried  current cost 5
    W_14: 45705s  103,417,654,200 steps   528268 feasible sets         0 orders tried  current cost 3
    W_14: 45720s  103,451,736,600 steps   528413 feasible sets         0 orders tried  current cost 2
    W_14: 45735s  103,486,239,000 steps   528613 feasible sets         0 orders tried  current cost 3
    W_14: 45750s  103,520,886,800 steps   528820 feasible sets         0 orders tried  current cost 4
    W_14: 45765s  103,555,424,200 steps   529022 feasible sets         0 orders tried  current cost 8
    W_14: 45780s  103,589,859,400 steps   529181 feasible sets         0 orders tried  current cost 3
    W_14: 45795s  103,623,929,600 steps   529357 feasible sets         0 orders tried  current cost 3
    W_14: 45810s  103,657,974,400 steps   529563 feasible sets         0 orders tried  current cost 5
    W_14: 45825s  103,691,650,000 steps   529742 feasible sets         0 orders tried  current cost 5
    W_14: 45840s  103,726,187,000 steps   529903 feasible sets         0 orders tried  current cost 7
    W_14: 45855s  103,760,388,000 steps   530084 feasible sets         0 orders tried  current cost 5
    W_14: 45870s  103,795,142,800 steps   530256 feasible sets         0 orders tried  current cost 12
    W_14: 45885s  103,829,673,600 steps   530414 feasible sets         0 orders tried  current cost 3
    W_14: 45900s  103,863,964,000 steps   530592 feasible sets         0 orders tried  current cost 8
    W_14: 45915s  103,898,818,000 steps   530794 feasible sets         0 orders tried  current cost 3
    W_14: 45930s  103,933,592,400 steps   531005 feasible sets         0 orders tried  current cost 5
    W_14: 45945s  103,967,899,800 steps   531178 feasible sets         0 orders tried  current cost 1
    W_14: 45960s  104,001,807,400 steps   531359 feasible sets         0 orders tried  current cost 10
    W_14: 45975s  104,035,943,200 steps   531530 feasible sets         0 orders tried  current cost 11
    W_14: 45990s  104,070,313,000 steps   531708 feasible sets         0 orders tried  current cost 3
    W_14: 46005s  104,104,431,000 steps   531886 feasible sets         0 orders tried  current cost 2
    W_14: 46020s  104,138,845,400 steps   532109 feasible sets         0 orders tried  current cost 7
    W_14: 46035s  104,173,209,200 steps   532247 feasible sets         0 orders tried  current cost 3
    W_14: 46050s  104,207,544,000 steps   532425 feasible sets         0 orders tried  current cost 12
    W_14: 46065s  104,241,436,200 steps   532621 feasible sets         0 orders tried  current cost 2
    W_14: 46080s  104,276,280,800 steps   532788 feasible sets         0 orders tried  current cost 13
    W_14: 46095s  104,310,493,000 steps   532982 feasible sets         0 orders tried  current cost 5
    W_14: 46110s  104,344,432,400 steps   533139 feasible sets         0 orders tried  current cost 5
    W_14: 46125s  104,378,563,200 steps   533274 feasible sets         0 orders tried  current cost 8
    W_14: 46140s  104,412,873,400 steps   533425 feasible sets         0 orders tried  current cost 3
    W_14: 46155s  104,447,235,200 steps   533560 feasible sets         0 orders tried  current cost 1
    W_14: 46170s  104,481,508,800 steps   533704 feasible sets         0 orders tried  current cost 5
    W_14: 46185s  104,516,155,200 steps   533887 feasible sets         0 orders tried  current cost 2
    W_14: 46200s  104,550,835,800 steps   534047 feasible sets         0 orders tried  current cost 2
    W_14: 46215s  104,585,180,000 steps   534244 feasible sets         0 orders tried  current cost 2
    W_14: 46230s  104,620,164,200 steps   534377 feasible sets         0 orders tried  current cost 9
    W_14: 46245s  104,655,046,000 steps   534521 feasible sets         0 orders tried  current cost 5
    W_14: 46260s  104,689,570,200 steps   534737 feasible sets         0 orders tried  current cost 5
    W_14: 46275s  104,724,214,800 steps   534920 feasible sets         0 orders tried  current cost 3
    W_14: 46290s  104,758,451,800 steps   535100 feasible sets         0 orders tried  current cost 3
    W_14: 46305s  104,793,310,600 steps   535252 feasible sets         0 orders tried  current cost 6
    W_14: 46320s  104,827,727,600 steps   535422 feasible sets         0 orders tried  current cost 8
    W_14: 46335s  104,862,351,400 steps   535577 feasible sets         0 orders tried  current cost 3
    W_14: 46350s  104,896,868,400 steps   535793 feasible sets         0 orders tried  current cost 6
    W_14: 46365s  104,931,061,000 steps   535943 feasible sets         0 orders tried  current cost 14
    W_14: 46380s  104,965,666,400 steps   536134 feasible sets         0 orders tried  current cost 5
    W_14: 46395s  105,000,391,800 steps   536327 feasible sets         0 orders tried  current cost 4
    W_14: 46410s  105,034,944,200 steps   536490 feasible sets         0 orders tried  current cost 10
    W_14: 46425s  105,069,511,600 steps   536646 feasible sets         0 orders tried  current cost 2
    W_14: 46440s  105,104,189,000 steps   536790 feasible sets         0 orders tried  current cost 5
    W_14: 46455s  105,138,735,000 steps   536972 feasible sets         0 orders tried  current cost 5
    W_14: 46470s  105,173,135,400 steps   537229 feasible sets         0 orders tried  current cost 3
    W_14: 46485s  105,207,263,200 steps   537380 feasible sets         0 orders tried  current cost 11
    W_14: 46500s  105,241,429,200 steps   537528 feasible sets         0 orders tried  current cost 4
    W_14: 46515s  105,275,581,400 steps   537681 feasible sets         0 orders tried  current cost 9
    W_14: 46530s  105,310,259,200 steps   537838 feasible sets         0 orders tried  current cost 2
    W_14: 46545s  105,344,450,600 steps   538028 feasible sets         0 orders tried  current cost 2
    W_14: 46560s  105,379,097,000 steps   538206 feasible sets         0 orders tried  current cost 4
    W_14: 46575s  105,413,536,600 steps   538388 feasible sets         0 orders tried  current cost 3
    W_14: 46590s  105,448,379,600 steps   538563 feasible sets         0 orders tried  current cost 3
    W_14: 46605s  105,482,403,600 steps   538704 feasible sets         0 orders tried  current cost 14
    W_14: 46620s  105,516,318,400 steps   538859 feasible sets         0 orders tried  current cost 5
    W_14: 46635s  105,550,841,800 steps   539057 feasible sets         0 orders tried  current cost 14
    W_14: 46650s  105,585,688,400 steps   539226 feasible sets         0 orders tried  current cost 4
    W_14: 46665s  105,619,782,000 steps   539399 feasible sets         0 orders tried  current cost 14
    W_14: 46680s  105,654,222,000 steps   539617 feasible sets         0 orders tried  current cost 11
    W_14: 46695s  105,688,927,400 steps   539796 feasible sets         0 orders tried  current cost 6
    W_14: 46710s  105,723,387,600 steps   539992 feasible sets         0 orders tried  current cost 5
    W_14: 46725s  105,758,082,400 steps   540184 feasible sets         0 orders tried  current cost 8
    W_14: 46740s  105,792,520,400 steps   540354 feasible sets         0 orders tried  current cost 7
    W_14: 46755s  105,826,958,400 steps   540530 feasible sets         0 orders tried  current cost 4
    W_14: 46770s  105,861,228,600 steps   540716 feasible sets         0 orders tried  current cost 4
    W_14: 46785s  105,895,405,000 steps   540898 feasible sets         0 orders tried  current cost 8
    W_14: 46800s  105,930,225,800 steps   541125 feasible sets         0 orders tried  current cost 7
    W_14: 46815s  105,964,596,800 steps   541307 feasible sets         0 orders tried  current cost 2
    W_14: 46830s  105,998,886,800 steps   541440 feasible sets         0 orders tried  current cost 11
    W_14: 46845s  106,033,341,000 steps   541620 feasible sets         0 orders tried  current cost 11
    W_14: 46860s  106,068,041,400 steps   541806 feasible sets         0 orders tried  current cost 13
    W_14: 46875s  106,102,388,800 steps   542022 feasible sets         0 orders tried  current cost 5
    W_14: 46890s  106,136,865,400 steps   542215 feasible sets         0 orders tried  current cost 11
    W_14: 46905s  106,171,410,000 steps   542409 feasible sets         0 orders tried  current cost 6
    W_14: 46920s  106,205,873,200 steps   542587 feasible sets         0 orders tried  current cost 2
    W_14: 46935s  106,240,081,800 steps   542761 feasible sets         0 orders tried  current cost 16
    W_14: 46950s  106,274,189,600 steps   542971 feasible sets         0 orders tried  current cost 4
    W_14: 46965s  106,308,627,600 steps   543151 feasible sets         0 orders tried  current cost 7
    W_14: 46980s  106,342,864,000 steps   543331 feasible sets         0 orders tried  current cost 8
    W_14: 46995s  106,377,162,600 steps   543514 feasible sets         0 orders tried  current cost 6
    W_14: 47010s  106,411,646,800 steps   543680 feasible sets         0 orders tried  current cost 7
    W_14: 47025s  106,446,211,600 steps   543856 feasible sets         0 orders tried  current cost 2
    W_14: 47040s  106,480,729,000 steps   544029 feasible sets         0 orders tried  current cost 3
    W_14: 47055s  106,515,349,000 steps   544205 feasible sets         0 orders tried  current cost 8
    W_14: 47070s  106,549,723,800 steps   544402 feasible sets         0 orders tried  current cost 11
    W_14: 47085s  106,584,371,400 steps   544620 feasible sets         0 orders tried  current cost 4
    W_14: 47100s  106,618,709,000 steps   544790 feasible sets         0 orders tried  current cost 8
    W_14: 47115s  106,652,985,600 steps   544975 feasible sets         0 orders tried  current cost 8
    W_14: 47130s  106,687,679,000 steps   545165 feasible sets         0 orders tried  current cost 3
    W_14: 47145s  106,721,958,000 steps   545316 feasible sets         0 orders tried  current cost 1
    W_14: 47160s  106,756,649,600 steps   545454 feasible sets         0 orders tried  current cost 6
    W_14: 47175s  106,791,415,200 steps   545599 feasible sets         0 orders tried  current cost 2
    W_14: 47190s  106,825,564,200 steps   545751 feasible sets         0 orders tried  current cost 9
    W_14: 47205s  106,860,073,400 steps   545950 feasible sets         0 orders tried  current cost 2
    W_14: 47220s  106,894,412,600 steps   546139 feasible sets         0 orders tried  current cost 4
    W_14: 47235s  106,929,083,800 steps   546302 feasible sets         0 orders tried  current cost 10
    W_14: 47250s  106,963,581,400 steps   546480 feasible sets         0 orders tried  current cost 15
    W_14: 47265s  106,997,723,200 steps   546646 feasible sets         0 orders tried  current cost 7
    W_14: 47280s  107,032,196,800 steps   546845 feasible sets         0 orders tried  current cost 1
    W_14: 47295s  107,066,465,400 steps   547015 feasible sets         0 orders tried  current cost 6
    W_14: 47310s  107,100,630,600 steps   547168 feasible sets         0 orders tried  current cost 2
    W_14: 47325s  107,135,380,000 steps   547339 feasible sets         0 orders tried  current cost 1
    W_14: 47340s  107,170,126,600 steps   547552 feasible sets         0 orders tried  current cost 7
    W_14: 47355s  107,204,560,200 steps   547715 feasible sets         0 orders tried  current cost 14
    W_14: 47370s  107,239,044,400 steps   547929 feasible sets         0 orders tried  current cost 11
    W_14: 47385s  107,273,596,800 steps   548104 feasible sets         0 orders tried  current cost 2
    W_14: 47400s  107,307,978,400 steps   548294 feasible sets         0 orders tried  current cost 2
    W_14: 47415s  107,343,054,000 steps   548463 feasible sets         0 orders tried  current cost 4
    W_14: 47430s  107,377,211,200 steps   548617 feasible sets         0 orders tried  current cost 4
    W_14: 47445s  107,411,050,000 steps   548770 feasible sets         0 orders tried  current cost 3
    W_14: 47460s  107,445,015,600 steps   548959 feasible sets         0 orders tried  current cost 3
    W_14: 47475s  107,478,803,000 steps   549106 feasible sets         0 orders tried  current cost 10
    W_14: 47490s  107,512,616,800 steps   549302 feasible sets         0 orders tried  current cost 1
    W_14: 47505s  107,546,525,600 steps   549473 feasible sets         0 orders tried  current cost 10
    W_14: 47520s  107,580,569,200 steps   549616 feasible sets         0 orders tried  current cost 6
    W_14: 47535s  107,614,139,000 steps   549786 feasible sets         0 orders tried  current cost 3
    W_14: 47550s  107,648,346,800 steps   549962 feasible sets         0 orders tried  current cost 7
    W_14: 47565s  107,682,439,400 steps   550112 feasible sets         0 orders tried  current cost 4
    W_14: 47580s  107,716,356,600 steps   550307 feasible sets         0 orders tried  current cost 4
    W_14: 47595s  107,750,286,800 steps   550475 feasible sets         0 orders tried  current cost 10
    W_14: 47610s  107,784,134,000 steps   550665 feasible sets         0 orders tried  current cost 5
    W_14: 47625s  107,817,953,200 steps   550792 feasible sets         0 orders tried  current cost 5
    W_14: 47640s  107,851,913,400 steps   550986 feasible sets         0 orders tried  current cost 1
    W_14: 47655s  107,885,950,600 steps   551157 feasible sets         0 orders tried  current cost 5
    W_14: 47670s  107,919,772,400 steps   551343 feasible sets         0 orders tried  current cost 3
    W_14: 47685s  107,953,645,800 steps   551514 feasible sets         0 orders tried  current cost 7
    W_14: 47700s  107,987,743,200 steps   551695 feasible sets         0 orders tried  current cost 9
    W_14: 47715s  108,021,435,400 steps   551843 feasible sets         0 orders tried  current cost 3
    W_14: 47730s  108,055,364,000 steps   552011 feasible sets         0 orders tried  current cost 11
    W_14: 47745s  108,087,500,200 steps   552162 feasible sets         0 orders tried  current cost 16
    W_14: 47760s  108,121,377,200 steps   552362 feasible sets         0 orders tried  current cost 5
    W_14: 47775s  108,142,545,800 steps   552479 feasible sets         0 orders tried  current cost 12
    W_14: 47790s  108,176,720,000 steps   552645 feasible sets         0 orders tried  current cost 2
    W_14: 47805s  108,210,870,800 steps   552832 feasible sets         0 orders tried  current cost 3
    W_14: 47820s  108,245,111,600 steps   552992 feasible sets         0 orders tried  current cost 5
    W_14: 47835s  108,279,048,000 steps   553159 feasible sets         0 orders tried  current cost 3
    W_14: 47850s  108,313,311,000 steps   553298 feasible sets         0 orders tried  current cost 4
    W_14: 47865s  108,347,647,200 steps   553502 feasible sets         0 orders tried  current cost 6
    W_14: 47880s  108,381,401,800 steps   553624 feasible sets         0 orders tried  current cost 15
    W_14: 47895s  108,415,457,400 steps   553786 feasible sets         0 orders tried  current cost 3
    W_14: 47910s  108,449,226,800 steps   554019 feasible sets         0 orders tried  current cost 8
    W_14: 47925s  108,482,964,600 steps   554179 feasible sets         0 orders tried  current cost 11
    W_14: 47940s  108,517,162,800 steps   554335 feasible sets         0 orders tried  current cost 9
    W_14: 47955s  108,551,365,600 steps   554500 feasible sets         0 orders tried  current cost 8
    W_14: 47970s  108,585,044,800 steps   554694 feasible sets         0 orders tried  current cost 7
    W_14: 47985s  108,618,812,200 steps   554860 feasible sets         0 orders tried  current cost 5
    W_14: 48000s  108,652,732,800 steps   555075 feasible sets         0 orders tried  current cost 3
    W_14: 48015s  108,686,565,800 steps   555290 feasible sets         0 orders tried  current cost 9
    W_14: 48030s  108,720,387,000 steps   555465 feasible sets         0 orders tried  current cost 12
    W_14: 48045s  108,754,454,800 steps   555678 feasible sets         0 orders tried  current cost 1
    W_14: 48060s  108,788,292,400 steps   555899 feasible sets         0 orders tried  current cost 3
    W_14: 48075s  108,822,317,000 steps   556046 feasible sets         0 orders tried  current cost 3
    W_14: 48090s  108,856,437,200 steps   556252 feasible sets         0 orders tried  current cost 3
    W_14: 48105s  108,888,258,800 steps   556407 feasible sets         0 orders tried  current cost 3
    W_14: 48120s  108,910,903,400 steps   556531 feasible sets         0 orders tried  current cost 9
    W_14: 48135s  108,943,989,000 steps   556669 feasible sets         0 orders tried  current cost 2
    W_14: 48150s  108,977,956,800 steps   556817 feasible sets         0 orders tried  current cost 3
    W_14: 48165s  109,012,551,400 steps   556993 feasible sets         0 orders tried  current cost 2
    W_14: 48180s  109,047,145,200 steps   557190 feasible sets         0 orders tried  current cost 10
    W_14: 48195s  109,081,780,000 steps   557349 feasible sets         0 orders tried  current cost 3
    W_14: 48210s  109,116,222,800 steps   557563 feasible sets         0 orders tried  current cost 18
    W_14: 48225s  109,150,871,000 steps   557730 feasible sets         0 orders tried  current cost 4
    W_14: 48240s  109,185,673,800 steps   557900 feasible sets         0 orders tried  current cost 3
    W_14: 48255s  109,220,257,800 steps   558064 feasible sets         0 orders tried  current cost 5
    W_14: 48270s  109,254,725,200 steps   558210 feasible sets         0 orders tried  current cost 7
    W_14: 48285s  109,289,499,800 steps   558390 feasible sets         0 orders tried  current cost 1
    W_14: 48300s  109,324,167,400 steps   558527 feasible sets         0 orders tried  current cost 9
    W_14: 48315s  109,358,463,600 steps   558670 feasible sets         0 orders tried  current cost 10
    W_14: 48330s  109,392,495,400 steps   558831 feasible sets         0 orders tried  current cost 1
    W_14: 48345s  109,426,518,200 steps   559037 feasible sets         0 orders tried  current cost 3
    W_14: 48360s  109,461,283,000 steps   559235 feasible sets         0 orders tried  current cost 10
    W_14: 48375s  109,495,944,000 steps   559394 feasible sets         0 orders tried  current cost 10
    W_14: 48390s  109,530,561,400 steps   559567 feasible sets         0 orders tried  current cost 13
    W_14: 48405s  109,565,693,400 steps   559758 feasible sets         0 orders tried  current cost 3
    W_14: 48420s  109,599,757,400 steps   559911 feasible sets         0 orders tried  current cost 3
    W_14: 48435s  109,634,386,600 steps   560080 feasible sets         0 orders tried  current cost 7
    W_14: 48450s  109,668,615,000 steps   560245 feasible sets         0 orders tried  current cost 2
    W_14: 48465s  109,702,798,600 steps   560389 feasible sets         0 orders tried  current cost 3
    W_14: 48480s  109,737,711,200 steps   560554 feasible sets         0 orders tried  current cost 4
    W_14: 48495s  109,772,185,800 steps   560717 feasible sets         0 orders tried  current cost 8
    W_14: 48510s  109,806,460,000 steps   560870 feasible sets         0 orders tried  current cost 2
    W_14: 48525s  109,840,819,600 steps   561079 feasible sets         0 orders tried  current cost 3
    W_14: 48540s  109,874,968,000 steps   561266 feasible sets         0 orders tried  current cost 4
    W_14: 48555s  109,909,386,200 steps   561466 feasible sets         0 orders tried  current cost 10
    W_14: 48570s  109,943,915,800 steps   561645 feasible sets         0 orders tried  current cost 4
    W_14: 48585s  109,978,287,600 steps   561832 feasible sets         0 orders tried  current cost 6
    W_14: 48600s  110,012,873,000 steps   562046 feasible sets         0 orders tried  current cost 3
    W_14: 48615s  110,047,371,000 steps   562227 feasible sets         0 orders tried  current cost 5
    W_14: 48630s  110,081,394,200 steps   562424 feasible sets         0 orders tried  current cost 2
    W_14: 48645s  110,115,400,800 steps   562614 feasible sets         0 orders tried  current cost 10
    W_14: 48660s  110,149,729,600 steps   562807 feasible sets         0 orders tried  current cost 6
    W_14: 48675s  110,184,219,000 steps   563016 feasible sets         0 orders tried  current cost 3
    W_14: 48690s  110,218,770,600 steps   563215 feasible sets         0 orders tried  current cost 3
    W_14: 48705s  110,253,189,400 steps   563363 feasible sets         0 orders tried  current cost 3
    W_14: 48720s  110,287,809,600 steps   563535 feasible sets         0 orders tried  current cost 4
    W_14: 48735s  110,322,008,200 steps   563680 feasible sets         0 orders tried  current cost 6
    W_14: 48750s  110,356,704,800 steps   563881 feasible sets         0 orders tried  current cost 12
    W_14: 48765s  110,391,089,200 steps   564077 feasible sets         0 orders tried  current cost 5
    W_14: 48780s  110,425,852,800 steps   564262 feasible sets         0 orders tried  current cost 5
    W_14: 48795s  110,460,505,400 steps   564434 feasible sets         0 orders tried  current cost 7
    W_14: 48810s  110,495,031,000 steps   564613 feasible sets         0 orders tried  current cost 6
    W_14: 48825s  110,529,856,800 steps   564793 feasible sets         0 orders tried  current cost 3
    W_14: 48840s  110,564,651,600 steps   564957 feasible sets         0 orders tried  current cost 2
    W_14: 48855s  110,599,031,800 steps   565102 feasible sets         0 orders tried  current cost 4
    W_14: 48870s  110,633,905,400 steps   565258 feasible sets         0 orders tried  current cost 8
    W_14: 48885s  110,668,418,600 steps   565416 feasible sets         0 orders tried  current cost 3
    W_14: 48900s  110,702,693,400 steps   565569 feasible sets         0 orders tried  current cost 4
    W_14: 48915s  110,737,388,400 steps   565745 feasible sets         0 orders tried  current cost 2
    W_14: 48930s  110,771,717,000 steps   565917 feasible sets         0 orders tried  current cost 4
    W_14: 48945s  110,805,969,000 steps   566106 feasible sets         0 orders tried  current cost 5
    W_14: 48960s  110,840,578,400 steps   566284 feasible sets         0 orders tried  current cost 2
    W_14: 48975s  110,875,087,400 steps   566458 feasible sets         0 orders tried  current cost 7
    W_14: 48990s  110,909,642,200 steps   566622 feasible sets         0 orders tried  current cost 11
    W_14: 49005s  110,943,701,400 steps   566819 feasible sets         0 orders tried  current cost 14
    W_14: 49020s  110,978,313,200 steps   567006 feasible sets         0 orders tried  current cost 3
    W_14: 49035s  111,012,804,000 steps   567174 feasible sets         0 orders tried  current cost 11
    W_14: 49050s  111,047,534,400 steps   567329 feasible sets         0 orders tried  current cost 4
    W_14: 49065s  111,082,275,200 steps   567491 feasible sets         0 orders tried  current cost 3
    W_14: 49080s  111,116,922,200 steps   567699 feasible sets         0 orders tried  current cost 11
    W_14: 49095s  111,151,528,000 steps   567941 feasible sets         0 orders tried  current cost 7
    W_14: 49110s  111,186,332,000 steps   568093 feasible sets         0 orders tried  current cost 3
    W_14: 49125s  111,220,878,800 steps   568265 feasible sets         0 orders tried  current cost 3
    W_14: 49140s  111,255,002,400 steps   568406 feasible sets         0 orders tried  current cost 15
    W_14: 49155s  111,289,902,400 steps   568560 feasible sets         0 orders tried  current cost 17
    W_14: 49170s  111,324,702,000 steps   568739 feasible sets         0 orders tried  current cost 13
    W_14: 49185s  111,359,360,800 steps   568901 feasible sets         0 orders tried  current cost 10
    W_14: 49200s  111,394,075,200 steps   569091 feasible sets         0 orders tried  current cost 5
    W_14: 49215s  111,428,929,200 steps   569249 feasible sets         0 orders tried  current cost 4
    W_14: 49230s  111,463,317,000 steps   569424 feasible sets         0 orders tried  current cost 5
    W_14: 49245s  111,498,032,600 steps   569581 feasible sets         0 orders tried  current cost 1
    W_14: 49260s  111,532,665,800 steps   569740 feasible sets         0 orders tried  current cost 5
    W_14: 49275s  111,567,751,800 steps   569945 feasible sets         0 orders tried  current cost 3
    W_14: 49290s  111,602,338,800 steps   570083 feasible sets         0 orders tried  current cost 3
    W_14: 49305s  111,636,379,800 steps   570280 feasible sets         0 orders tried  current cost 2
    W_14: 49320s  111,670,921,400 steps   570446 feasible sets         0 orders tried  current cost 9
    W_14: 49335s  111,705,909,400 steps   570632 feasible sets         0 orders tried  current cost 6
    W_14: 49350s  111,740,562,200 steps   570771 feasible sets         0 orders tried  current cost 11
    W_14: 49365s  111,775,370,000 steps   570946 feasible sets         0 orders tried  current cost 6
    W_14: 49380s  111,809,689,000 steps   571149 feasible sets         0 orders tried  current cost 4
    W_14: 49395s  111,843,804,400 steps   571308 feasible sets         0 orders tried  current cost 7
    W_14: 49410s  111,878,816,000 steps   571479 feasible sets         0 orders tried  current cost 4
    W_14: 49425s  111,913,537,600 steps   571683 feasible sets         0 orders tried  current cost 2
    W_14: 49440s  111,948,289,200 steps   571898 feasible sets         0 orders tried  current cost 6
    W_14: 49455s  111,982,622,800 steps   572044 feasible sets         0 orders tried  current cost 12
    W_14: 49470s  112,017,623,600 steps   572242 feasible sets         0 orders tried  current cost 7
    W_14: 49485s  112,052,766,000 steps   572429 feasible sets         0 orders tried  current cost 4
    W_14: 49500s  112,087,852,600 steps   572590 feasible sets         0 orders tried  current cost 4
    W_14: 49515s  112,122,384,400 steps   572732 feasible sets         0 orders tried  current cost 9
    W_14: 49530s  112,156,925,800 steps   572902 feasible sets         0 orders tried  current cost 5
    W_14: 49545s  112,191,535,400 steps   573075 feasible sets         0 orders tried  current cost 3
    W_14: 49560s  112,226,278,200 steps   573241 feasible sets         0 orders tried  current cost 3
    W_14: 49575s  112,260,448,800 steps   573401 feasible sets         0 orders tried  current cost 3
    W_14: 49590s  112,295,020,800 steps   573587 feasible sets         0 orders tried  current cost 13
    W_14: 49605s  112,329,673,600 steps   573811 feasible sets         0 orders tried  current cost 3
    W_14: 49620s  112,364,721,600 steps   573957 feasible sets         0 orders tried  current cost 18
    W_14: 49635s  112,399,350,400 steps   574110 feasible sets         0 orders tried  current cost 7
    W_14: 49650s  112,433,672,000 steps   574277 feasible sets         0 orders tried  current cost 4
    W_14: 49665s  112,467,935,200 steps   574451 feasible sets         0 orders tried  current cost 3
    W_14: 49680s  112,502,511,800 steps   574652 feasible sets         0 orders tried  current cost 3
    W_14: 49695s  112,537,292,600 steps   574816 feasible sets         0 orders tried  current cost 4
    W_14: 49710s  112,571,896,800 steps   575025 feasible sets         0 orders tried  current cost 3
    W_14: 49725s  112,606,569,400 steps   575219 feasible sets         0 orders tried  current cost 5
    W_14: 49740s  112,641,408,600 steps   575401 feasible sets         0 orders tried  current cost 6
    W_14: 49755s  112,676,117,200 steps   575597 feasible sets         0 orders tried  current cost 3
    W_14: 49770s  112,711,467,400 steps   575804 feasible sets         0 orders tried  current cost 6
    W_14: 49785s  112,746,335,200 steps   575970 feasible sets         0 orders tried  current cost 2
    W_14: 49800s  112,781,677,600 steps   576154 feasible sets         0 orders tried  current cost 5
    W_14: 49815s  112,816,656,800 steps   576384 feasible sets         0 orders tried  current cost 4
    W_14: 49830s  112,851,711,000 steps   576539 feasible sets         0 orders tried  current cost 4
    W_14: 49845s  112,886,381,000 steps   576773 feasible sets         0 orders tried  current cost 14
    W_14: 49860s  112,920,506,000 steps   576958 feasible sets         0 orders tried  current cost 8
    W_14: 49875s  112,955,219,600 steps   577187 feasible sets         0 orders tried  current cost 4
    W_14: 49890s  112,989,623,800 steps   577361 feasible sets         0 orders tried  current cost 13
    W_14: 49905s  113,024,508,000 steps   577555 feasible sets         0 orders tried  current cost 8
    W_14: 49920s  113,059,463,400 steps   577735 feasible sets         0 orders tried  current cost 12
    W_14: 49935s  113,094,482,600 steps   577885 feasible sets         0 orders tried  current cost 20
    W_14: 49950s  113,129,066,200 steps   578064 feasible sets         0 orders tried  current cost 6
    W_14: 49965s  113,163,716,800 steps   578214 feasible sets         0 orders tried  current cost 3
    W_14: 49980s  113,198,583,400 steps   578407 feasible sets         0 orders tried  current cost 7
    W_14: 49995s  113,233,274,800 steps   578591 feasible sets         0 orders tried  current cost 3
    W_14: 50010s  113,267,672,600 steps   578796 feasible sets         0 orders tried  current cost 4
    W_14: 50025s  113,302,323,400 steps   578987 feasible sets         0 orders tried  current cost 9
    W_14: 50040s  113,337,025,200 steps   579173 feasible sets         0 orders tried  current cost 14
    W_14: 50055s  113,371,882,800 steps   579380 feasible sets         0 orders tried  current cost 10
    W_14: 50070s  113,406,730,200 steps   579584 feasible sets         0 orders tried  current cost 3
    W_14: 50085s  113,441,702,600 steps   579750 feasible sets         0 orders tried  current cost 14
    W_14: 50100s  113,476,545,000 steps   579922 feasible sets         0 orders tried  current cost 12
    W_14: 50115s  113,511,272,800 steps   580092 feasible sets         0 orders tried  current cost 3
    W_14: 50130s  113,546,046,600 steps   580238 feasible sets         0 orders tried  current cost 5
    W_14: 50145s  113,580,829,600 steps   580441 feasible sets         0 orders tried  current cost 2
    W_14: 50160s  113,615,539,400 steps   580612 feasible sets         0 orders tried  current cost 5
    W_14: 50175s  113,649,960,400 steps   580797 feasible sets         0 orders tried  current cost 14
    W_14: 50190s  113,685,001,000 steps   580981 feasible sets         0 orders tried  current cost 13
    W_14: 50205s  113,719,723,800 steps   581152 feasible sets         0 orders tried  current cost 13
    W_14: 50220s  113,754,414,000 steps   581355 feasible sets         0 orders tried  current cost 3
    W_14: 50235s  113,789,361,600 steps   581521 feasible sets         0 orders tried  current cost 17
    W_14: 50250s  113,824,290,400 steps   581766 feasible sets         0 orders tried  current cost 1
    W_14: 50265s  113,859,297,400 steps   581964 feasible sets         0 orders tried  current cost 1
    W_14: 50280s  113,893,775,200 steps   582157 feasible sets         0 orders tried  current cost 2
    W_14: 50295s  113,928,442,800 steps   582375 feasible sets         0 orders tried  current cost 13
    W_14: 50310s  113,963,092,200 steps   582537 feasible sets         0 orders tried  current cost 4
    W_14: 50325s  113,998,221,400 steps   582744 feasible sets         0 orders tried  current cost 13
    W_14: 50340s  114,033,037,600 steps   582918 feasible sets         0 orders tried  current cost 4
    W_14: 50355s  114,067,552,000 steps   583078 feasible sets         0 orders tried  current cost 4
    W_14: 50370s  114,102,149,800 steps   583242 feasible sets         0 orders tried  current cost 5
    W_14: 50385s  114,136,693,400 steps   583425 feasible sets         0 orders tried  current cost 1
    W_14: 50400s  114,171,062,000 steps   583655 feasible sets         0 orders tried  current cost 16
    W_14: 50415s  114,205,702,800 steps   583814 feasible sets         0 orders tried  current cost 9
    W_14: 50430s  114,240,614,200 steps   583977 feasible sets         0 orders tried  current cost 2
    W_14: 50445s  114,275,531,000 steps   584172 feasible sets         0 orders tried  current cost 2
    W_14: 50460s  114,310,223,600 steps   584343 feasible sets         0 orders tried  current cost 10
    W_14: 50475s  114,345,055,600 steps   584501 feasible sets         0 orders tried  current cost 4
    W_14: 50490s  114,379,646,200 steps   584676 feasible sets         0 orders tried  current cost 7
    W_14: 50505s  114,414,533,600 steps   584803 feasible sets         0 orders tried  current cost 2
    W_14: 50520s  114,449,361,200 steps   584989 feasible sets         0 orders tried  current cost 11
    W_14: 50535s  114,483,468,200 steps   585148 feasible sets         0 orders tried  current cost 7
    W_14: 50550s  114,517,954,800 steps   585322 feasible sets         0 orders tried  current cost 3
    W_14: 50565s  114,552,570,800 steps   585513 feasible sets         0 orders tried  current cost 2
    W_14: 50580s  114,587,549,400 steps   585709 feasible sets         0 orders tried  current cost 5
    W_14: 50595s  114,622,154,200 steps   585910 feasible sets         0 orders tried  current cost 2
    W_14: 50610s  114,656,795,800 steps   586086 feasible sets         0 orders tried  current cost 4
    W_14: 50625s  114,691,050,200 steps   586251 feasible sets         0 orders tried  current cost 7
    W_14: 50640s  114,725,815,600 steps   586385 feasible sets         0 orders tried  current cost 1
    W_14: 50655s  114,760,179,800 steps   586566 feasible sets         0 orders tried  current cost 2
    W_14: 50670s  114,795,118,000 steps   586735 feasible sets         0 orders tried  current cost 4
    W_14: 50685s  114,829,967,000 steps   586921 feasible sets         0 orders tried  current cost 5
    W_14: 50700s  114,864,473,000 steps   587071 feasible sets         0 orders tried  current cost 2
    W_14: 50715s  114,899,062,200 steps   587255 feasible sets         0 orders tried  current cost 10
    W_14: 50730s  114,933,766,600 steps   587411 feasible sets         0 orders tried  current cost 8
    W_14: 50745s  114,968,433,000 steps   587584 feasible sets         0 orders tried  current cost 4
    W_14: 50760s  115,003,148,800 steps   587755 feasible sets         0 orders tried  current cost 6
    W_14: 50775s  115,037,759,400 steps   587933 feasible sets         0 orders tried  current cost 4
    W_14: 50790s  115,072,573,800 steps   588119 feasible sets         0 orders tried  current cost 3
    W_14: 50805s  115,106,808,200 steps   588302 feasible sets         0 orders tried  current cost 5
    W_14: 50820s  115,141,059,200 steps   588479 feasible sets         0 orders tried  current cost 3
    W_14: 50835s  115,175,628,800 steps   588652 feasible sets         0 orders tried  current cost 4
    W_14: 50850s  115,209,792,200 steps   588851 feasible sets         0 orders tried  current cost 2
    W_14: 50865s  115,244,268,600 steps   589058 feasible sets         0 orders tried  current cost 4
    W_14: 50880s  115,278,945,400 steps   589221 feasible sets         0 orders tried  current cost 6
    W_14: 50895s  115,312,995,000 steps   589409 feasible sets         0 orders tried  current cost 3
    W_14: 50910s  115,347,666,200 steps   589553 feasible sets         0 orders tried  current cost 8
    W_14: 50925s  115,381,989,600 steps   589711 feasible sets         0 orders tried  current cost 1
    W_14: 50940s  115,416,339,400 steps   589904 feasible sets         0 orders tried  current cost 2
    W_14: 50955s  115,450,565,200 steps   590116 feasible sets         0 orders tried  current cost 9
    W_14: 50970s  115,485,363,200 steps   590272 feasible sets         0 orders tried  current cost 10
    W_14: 50985s  115,519,992,200 steps   590426 feasible sets         0 orders tried  current cost 5
    W_14: 51000s  115,554,627,600 steps   590636 feasible sets         0 orders tried  current cost 9
    W_14: 51015s  115,588,776,800 steps   590772 feasible sets         0 orders tried  current cost 3
    W_14: 51030s  115,623,489,400 steps   590938 feasible sets         0 orders tried  current cost 7
    W_14: 51045s  115,657,933,800 steps   591122 feasible sets         0 orders tried  current cost 3
    W_14: 51060s  115,692,386,000 steps   591298 feasible sets         0 orders tried  current cost 5
    W_14: 51075s  115,726,744,000 steps   591498 feasible sets         0 orders tried  current cost 11
    W_14: 51090s  115,761,475,200 steps   591648 feasible sets         0 orders tried  current cost 1
    W_14: 51105s  115,796,148,400 steps   591811 feasible sets         0 orders tried  current cost 4
    W_14: 51120s  115,830,802,400 steps   591991 feasible sets         0 orders tried  current cost 10
    W_14: 51135s  115,865,414,800 steps   592207 feasible sets         0 orders tried  current cost 2
    W_14: 51150s  115,900,173,000 steps   592407 feasible sets         0 orders tried  current cost 3
    W_14: 51165s  115,934,681,400 steps   592578 feasible sets         0 orders tried  current cost 16
    W_14: 51180s  115,969,146,000 steps   592756 feasible sets         0 orders tried  current cost 7
    W_14: 51195s  116,003,968,800 steps   592930 feasible sets         0 orders tried  current cost 2
    W_14: 51210s  116,038,537,000 steps   593110 feasible sets         0 orders tried  current cost 2
    W_14: 51225s  116,072,923,800 steps   593276 feasible sets         0 orders tried  current cost 13
    W_14: 51240s  116,107,587,000 steps   593472 feasible sets         0 orders tried  current cost 6
    W_14: 51255s  116,142,469,600 steps   593618 feasible sets         0 orders tried  current cost 4
    W_14: 51270s  116,176,828,000 steps   593836 feasible sets         0 orders tried  current cost 7
    W_14: 51285s  116,211,288,200 steps   594045 feasible sets         0 orders tried  current cost 6
    W_14: 51300s  116,245,998,000 steps   594240 feasible sets         0 orders tried  current cost 4
    W_14: 51315s  116,280,765,200 steps   594433 feasible sets         0 orders tried  current cost 14
    W_14: 51330s  116,315,543,200 steps   594573 feasible sets         0 orders tried  current cost 7
    W_14: 51345s  116,350,113,200 steps   594726 feasible sets         0 orders tried  current cost 3
    W_14: 51360s  116,384,990,200 steps   594916 feasible sets         0 orders tried  current cost 5
    W_14: 51375s  116,419,441,600 steps   595097 feasible sets         0 orders tried  current cost 12
    W_14: 51390s  116,453,393,600 steps   595274 feasible sets         0 orders tried  current cost 2
    W_14: 51405s  116,487,955,800 steps   595440 feasible sets         0 orders tried  current cost 4
    W_14: 51420s  116,522,705,200 steps   595600 feasible sets         0 orders tried  current cost 4
    W_14: 51435s  116,557,334,800 steps   595805 feasible sets         0 orders tried  current cost 2
    W_14: 51450s  116,591,991,400 steps   595987 feasible sets         0 orders tried  current cost 2
    W_14: 51465s  116,626,768,600 steps   596198 feasible sets         0 orders tried  current cost 3
    W_14: 51480s  116,660,922,800 steps   596357 feasible sets         0 orders tried  current cost 10
    W_14: 51495s  116,695,168,200 steps   596494 feasible sets         0 orders tried  current cost 8
    W_14: 51510s  116,729,654,400 steps   596702 feasible sets         0 orders tried  current cost 2
    W_14: 51525s  116,763,900,400 steps   596897 feasible sets         0 orders tried  current cost 18
    W_14: 51540s  116,798,809,000 steps   597116 feasible sets         0 orders tried  current cost 4
    W_14: 51555s  116,833,749,200 steps   597309 feasible sets         0 orders tried  current cost 6
    W_14: 51570s  116,868,471,600 steps   597477 feasible sets         0 orders tried  current cost 3
    W_14: 51585s  116,903,129,600 steps   597613 feasible sets         0 orders tried  current cost 3
    W_14: 51600s  116,938,197,200 steps   597810 feasible sets         0 orders tried  current cost 2
    W_14: 51615s  116,972,663,600 steps   598000 feasible sets         0 orders tried  current cost 9
    W_14: 51630s  117,007,141,600 steps   598179 feasible sets         0 orders tried  current cost 14
    W_14: 51645s  117,042,184,600 steps   598351 feasible sets         0 orders tried  current cost 6
    W_14: 51660s  117,076,220,200 steps   598534 feasible sets         0 orders tried  current cost 13
    W_14: 51675s  117,110,933,600 steps   598716 feasible sets         0 orders tried  current cost 1
    W_14: 51690s  117,145,566,200 steps   598854 feasible sets         0 orders tried  current cost 7
    W_14: 51705s  117,180,072,800 steps   599016 feasible sets         0 orders tried  current cost 2
    W_14: 51720s  117,214,686,200 steps   599209 feasible sets         0 orders tried  current cost 8
    W_14: 51735s  117,249,388,400 steps   599400 feasible sets         0 orders tried  current cost 4
    W_14: 51750s  117,283,862,400 steps   599592 feasible sets         0 orders tried  current cost 11
    W_14: 51765s  117,318,931,400 steps   599731 feasible sets         0 orders tried  current cost 5
    W_14: 51780s  117,353,453,800 steps   599906 feasible sets         0 orders tried  current cost 4
    W_14: 51795s  117,388,137,000 steps   600095 feasible sets         0 orders tried  current cost 4
    W_14: 51810s  117,422,636,400 steps   600248 feasible sets         0 orders tried  current cost 3
    W_14: 51825s  117,456,812,600 steps   600409 feasible sets         0 orders tried  current cost 3
    W_14: 51840s  117,491,033,600 steps   600594 feasible sets         0 orders tried  current cost 5
    W_14: 51855s  117,525,902,600 steps   600787 feasible sets         0 orders tried  current cost 14
    W_14: 51870s  117,560,500,600 steps   600941 feasible sets         0 orders tried  current cost 13
    W_14: 51885s  117,595,091,200 steps   601113 feasible sets         0 orders tried  current cost 3
    W_14: 51900s  117,629,414,600 steps   601273 feasible sets         0 orders tried  current cost 1
    W_14: 51915s  117,664,146,400 steps   601417 feasible sets         0 orders tried  current cost 8
    W_14: 51930s  117,698,992,200 steps   601588 feasible sets         0 orders tried  current cost 1
    W_14: 51945s  117,733,765,800 steps   601790 feasible sets         0 orders tried  current cost 7
    W_14: 51960s  117,768,474,600 steps   601958 feasible sets         0 orders tried  current cost 4
    W_14: 51975s  117,802,878,400 steps   602141 feasible sets         0 orders tried  current cost 2
    W_14: 51990s  117,837,051,200 steps   602331 feasible sets         0 orders tried  current cost 3
    W_14: 52005s  117,871,538,400 steps   602491 feasible sets         0 orders tried  current cost 3
    W_14: 52020s  117,905,967,600 steps   602707 feasible sets         0 orders tried  current cost 5
    W_14: 52035s  117,940,449,600 steps   602838 feasible sets         0 orders tried  current cost 5
    W_14: 52050s  117,975,037,800 steps   603044 feasible sets         0 orders tried  current cost 5
    W_14: 52065s  118,009,429,000 steps   603221 feasible sets         0 orders tried  current cost 6
    W_14: 52080s  118,044,135,400 steps   603395 feasible sets         0 orders tried  current cost 3
    W_14: 52095s  118,078,983,600 steps   603554 feasible sets         0 orders tried  current cost 7
    W_14: 52110s  118,113,588,800 steps   603747 feasible sets         0 orders tried  current cost 4
    W_14: 52125s  118,147,974,000 steps   603930 feasible sets         0 orders tried  current cost 3
    W_14: 52140s  118,182,684,800 steps   604085 feasible sets         0 orders tried  current cost 7
    W_14: 52155s  118,217,497,800 steps   604288 feasible sets         0 orders tried  current cost 4
    W_14: 52170s  118,252,358,200 steps   604500 feasible sets         0 orders tried  current cost 3
    W_14: 52185s  118,287,361,400 steps   604701 feasible sets         0 orders tried  current cost 11
    W_14: 52200s  118,321,833,600 steps   604865 feasible sets         0 orders tried  current cost 4
    W_14: 52215s  118,356,416,800 steps   605049 feasible sets         0 orders tried  current cost 3
    W_14: 52230s  118,391,316,200 steps   605226 feasible sets         0 orders tried  current cost 3
    W_14: 52245s  118,425,563,800 steps   605385 feasible sets         0 orders tried  current cost 7
    W_14: 52260s  118,460,355,200 steps   605569 feasible sets         0 orders tried  current cost 4
    W_14: 52275s  118,494,742,800 steps   605740 feasible sets         0 orders tried  current cost 8
    W_14: 52290s  118,529,012,600 steps   605894 feasible sets         0 orders tried  current cost 5
    W_14: 52305s  118,563,366,400 steps   606069 feasible sets         0 orders tried  current cost 10
    W_14: 52320s  118,597,543,600 steps   606277 feasible sets         0 orders tried  current cost 11
    W_14: 52335s  118,631,873,200 steps   606460 feasible sets         0 orders tried  current cost 3
    W_14: 52350s  118,666,505,800 steps   606639 feasible sets         0 orders tried  current cost 5
    W_14: 52365s  118,701,380,800 steps   606827 feasible sets         0 orders tried  current cost 14
    W_14: 52380s  118,735,803,800 steps   607001 feasible sets         0 orders tried  current cost 8
    W_14: 52395s  118,770,042,400 steps   607134 feasible sets         0 orders tried  current cost 15
    W_14: 52410s  118,804,189,000 steps   607324 feasible sets         0 orders tried  current cost 7
    W_14: 52425s  118,838,288,400 steps   607464 feasible sets         0 orders tried  current cost 7
    W_14: 52440s  118,872,803,800 steps   607625 feasible sets         0 orders tried  current cost 16
    W_14: 52455s  118,907,217,200 steps   607815 feasible sets         0 orders tried  current cost 3
    W_14: 52470s  118,941,178,800 steps   608042 feasible sets         0 orders tried  current cost 1
    W_14: 52485s  118,975,871,200 steps   608211 feasible sets         0 orders tried  current cost 2
    W_14: 52500s  119,010,261,400 steps   608345 feasible sets         0 orders tried  current cost 15
    W_14: 52515s  119,044,564,600 steps   608547 feasible sets         0 orders tried  current cost 9
    W_14: 52530s  119,079,212,000 steps   608718 feasible sets         0 orders tried  current cost 4
    W_14: 52545s  119,114,138,200 steps   608906 feasible sets         0 orders tried  current cost 4
    W_14: 52560s  119,148,684,800 steps   609105 feasible sets         0 orders tried  current cost 10
    W_14: 52575s  119,183,194,000 steps   609291 feasible sets         0 orders tried  current cost 3
    W_14: 52590s  119,217,940,200 steps   609479 feasible sets         0 orders tried  current cost 9
    W_14: 52605s  119,251,983,000 steps   609678 feasible sets         0 orders tried  current cost 11
    W_14: 52620s  119,286,264,800 steps   609838 feasible sets         0 orders tried  current cost 7
    W_14: 52635s  119,320,590,000 steps   610038 feasible sets         0 orders tried  current cost 5
    W_14: 52650s  119,355,099,000 steps   610189 feasible sets         0 orders tried  current cost 1
    W_14: 52665s  119,389,819,000 steps   610352 feasible sets         0 orders tried  current cost 4
    W_14: 52680s  119,424,057,600 steps   610519 feasible sets         0 orders tried  current cost 4
    W_14: 52695s  119,459,074,800 steps   610719 feasible sets         0 orders tried  current cost 3
    W_14: 52710s  119,493,863,800 steps   610944 feasible sets         0 orders tried  current cost 8
    W_14: 52725s  119,528,988,200 steps   611089 feasible sets         0 orders tried  current cost 5
    W_14: 52740s  119,563,973,400 steps   611264 feasible sets         0 orders tried  current cost 4
    W_14: 52755s  119,598,335,000 steps   611450 feasible sets         0 orders tried  current cost 3
    W_14: 52770s  119,633,040,000 steps   611664 feasible sets         0 orders tried  current cost 5
    W_14: 52785s  119,667,680,000 steps   611836 feasible sets         0 orders tried  current cost 1
    W_14: 52800s  119,702,300,800 steps   611989 feasible sets         0 orders tried  current cost 7
    W_14: 52815s  119,736,651,800 steps   612164 feasible sets         0 orders tried  current cost 3
    W_14: 52830s  119,771,768,000 steps   612344 feasible sets         0 orders tried  current cost 7
    W_14: 52845s  119,807,078,400 steps   612567 feasible sets         0 orders tried  current cost 1
    W_14: 52860s  119,841,813,600 steps   612788 feasible sets         0 orders tried  current cost 3
    W_14: 52875s  119,876,534,000 steps   612962 feasible sets         0 orders tried  current cost 4
    W_14: 52890s  119,911,144,400 steps   613145 feasible sets         0 orders tried  current cost 9
    W_14: 52905s  119,945,459,200 steps   613303 feasible sets         0 orders tried  current cost 2
    W_14: 52920s  119,980,226,800 steps   613438 feasible sets         0 orders tried  current cost 6
    W_14: 52935s  120,014,968,200 steps   613611 feasible sets         0 orders tried  current cost 4
    W_14: 52950s  120,049,665,400 steps   613769 feasible sets         0 orders tried  current cost 6
    W_14: 52965s  120,083,857,600 steps   613927 feasible sets         0 orders tried  current cost 7
    W_14: 52980s  120,118,506,800 steps   614095 feasible sets         0 orders tried  current cost 5
    W_14: 52995s  120,152,892,600 steps   614287 feasible sets         0 orders tried  current cost 4
    W_14: 53010s  120,187,387,800 steps   614460 feasible sets         0 orders tried  current cost 7
    W_14: 53025s  120,222,026,000 steps   614657 feasible sets         0 orders tried  current cost 8
    W_14: 53040s  120,256,433,000 steps   614830 feasible sets         0 orders tried  current cost 4
    W_14: 53055s  120,290,973,000 steps   615040 feasible sets         0 orders tried  current cost 1
    W_14: 53070s  120,325,464,400 steps   615218 feasible sets         0 orders tried  current cost 6
    W_14: 53085s  120,360,280,600 steps   615404 feasible sets         0 orders tried  current cost 13
    W_14: 53100s  120,394,796,400 steps   615584 feasible sets         0 orders tried  current cost 3
    W_14: 53115s  120,429,527,400 steps   615762 feasible sets         0 orders tried  current cost 6
    W_14: 53130s  120,463,985,600 steps   615945 feasible sets         0 orders tried  current cost 9
    W_14: 53145s  120,498,591,200 steps   616116 feasible sets         0 orders tried  current cost 5
    W_14: 53160s  120,532,797,600 steps   616289 feasible sets         0 orders tried  current cost 1
    W_14: 53175s  120,567,090,600 steps   616465 feasible sets         0 orders tried  current cost 3
    W_14: 53190s  120,601,470,400 steps   616620 feasible sets         0 orders tried  current cost 6
    W_14: 53205s  120,636,339,800 steps   616786 feasible sets         0 orders tried  current cost 3
    W_14: 53220s  120,671,027,600 steps   616952 feasible sets         0 orders tried  current cost 6
    W_14: 53235s  120,705,742,600 steps   617105 feasible sets         0 orders tried  current cost 15
    W_14: 53250s  120,740,645,800 steps   617311 feasible sets         0 orders tried  current cost 5
    W_14: 53265s  120,775,383,600 steps   617490 feasible sets         0 orders tried  current cost 7
    W_14: 53280s  120,809,572,600 steps   617689 feasible sets         0 orders tried  current cost 3
    W_14: 53295s  120,843,635,000 steps   617890 feasible sets         0 orders tried  current cost 3
    W_14: 53310s  120,878,103,800 steps   618046 feasible sets         0 orders tried  current cost 8
    W_14: 53325s  120,912,210,800 steps   618211 feasible sets         0 orders tried  current cost 3
    W_14: 53340s  120,946,853,200 steps   618391 feasible sets         0 orders tried  current cost 3
    W_14: 53355s  120,981,258,000 steps   618612 feasible sets         0 orders tried  current cost 2
    W_14: 53370s  121,015,697,600 steps   618821 feasible sets         0 orders tried  current cost 1
    W_14: 53385s  121,050,055,000 steps   618964 feasible sets         0 orders tried  current cost 4
    W_14: 53400s  121,084,503,800 steps   619130 feasible sets         0 orders tried  current cost 8
    W_14: 53415s  121,119,173,000 steps   619285 feasible sets         0 orders tried  current cost 4
    W_14: 53430s  121,153,329,800 steps   619458 feasible sets         0 orders tried  current cost 4
    W_14: 53445s  121,188,104,000 steps   619665 feasible sets         0 orders tried  current cost 8
    W_14: 53460s  121,222,530,200 steps   619887 feasible sets         0 orders tried  current cost 4
    W_14: 53475s  121,256,886,000 steps   620081 feasible sets         0 orders tried  current cost 10
    W_14: 53490s  121,291,542,000 steps   620240 feasible sets         0 orders tried  current cost 8
    W_14: 53505s  121,325,780,200 steps   620371 feasible sets         0 orders tried  current cost 10
    W_14: 53520s  121,360,570,200 steps   620562 feasible sets         0 orders tried  current cost 4
    W_14: 53535s  121,394,985,400 steps   620724 feasible sets         0 orders tried  current cost 9
    W_14: 53550s  121,429,224,600 steps   620882 feasible sets         0 orders tried  current cost 8
    W_14: 53565s  121,463,569,800 steps   621083 feasible sets         0 orders tried  current cost 5
    W_14: 53580s  121,497,887,200 steps   621256 feasible sets         0 orders tried  current cost 5
    W_14: 53595s  121,532,229,000 steps   621400 feasible sets         0 orders tried  current cost 6
    W_14: 53610s  121,566,275,600 steps   621568 feasible sets         0 orders tried  current cost 4
    W_14: 53625s  121,600,397,400 steps   621747 feasible sets         0 orders tried  current cost 4
    W_14: 53640s  121,634,891,400 steps   621932 feasible sets         0 orders tried  current cost 2
    W_14: 53655s  121,669,059,600 steps   622105 feasible sets         0 orders tried  current cost 3
    W_14: 53670s  121,703,253,200 steps   622292 feasible sets         0 orders tried  current cost 4
    W_14: 53685s  121,737,794,400 steps   622434 feasible sets         0 orders tried  current cost 2
    W_14: 53700s  121,772,461,600 steps   622592 feasible sets         0 orders tried  current cost 13
    W_14: 53715s  121,807,085,200 steps   622755 feasible sets         0 orders tried  current cost 8
    W_14: 53730s  121,841,283,200 steps   622934 feasible sets         0 orders tried  current cost 15
    W_14: 53745s  121,875,793,600 steps   623134 feasible sets         0 orders tried  current cost 3
    W_14: 53760s  121,910,496,600 steps   623325 feasible sets         0 orders tried  current cost 4
    W_14: 53775s  121,944,958,200 steps   623502 feasible sets         0 orders tried  current cost 2
    W_14: 53790s  121,977,403,000 steps   623698 feasible sets         0 orders tried  current cost 11
    W_14: 53805s  122,011,970,800 steps   623846 feasible sets         0 orders tried  current cost 6
    W_14: 53820s  122,046,158,600 steps   624028 feasible sets         0 orders tried  current cost 2
    W_14: 53835s  122,080,498,800 steps   624192 feasible sets         0 orders tried  current cost 3
    W_14: 53850s  122,114,422,600 steps   624343 feasible sets         0 orders tried  current cost 15
    W_14: 53865s  122,148,714,000 steps   624504 feasible sets         0 orders tried  current cost 3
    W_14: 53880s  122,183,527,800 steps   624702 feasible sets         0 orders tried  current cost 5
    W_14: 53895s  122,217,867,200 steps   624903 feasible sets         0 orders tried  current cost 5
    W_14: 53910s  122,251,863,200 steps   625064 feasible sets         0 orders tried  current cost 7
    W_14: 53925s  122,286,143,200 steps   625219 feasible sets         0 orders tried  current cost 13
    W_14: 53940s  122,320,801,600 steps   625398 feasible sets         0 orders tried  current cost 11
    W_14: 53955s  122,355,132,600 steps   625589 feasible sets         0 orders tried  current cost 3
    W_14: 53970s  122,389,342,600 steps   625791 feasible sets         0 orders tried  current cost 13
    W_14: 53985s  122,423,784,400 steps   625944 feasible sets         0 orders tried  current cost 12
    W_14: 54000s  122,458,109,800 steps   626112 feasible sets         0 orders tried  current cost 2
    W_14: 54015s  122,492,323,800 steps   626271 feasible sets         0 orders tried  current cost 8
    W_14: 54030s  122,526,384,200 steps   626420 feasible sets         0 orders tried  current cost 10
    W_14: 54045s  122,560,678,600 steps   626554 feasible sets         0 orders tried  current cost 2
    W_14: 54060s  122,594,556,200 steps   626739 feasible sets         0 orders tried  current cost 2
    W_14: 54075s  122,626,721,400 steps   626908 feasible sets         0 orders tried  current cost 13
    W_14: 54090s  122,660,339,400 steps   627076 feasible sets         0 orders tried  current cost 1
    W_14: 54105s  122,694,259,000 steps   627255 feasible sets         0 orders tried  current cost 2
    W_14: 54120s  122,728,484,800 steps   627446 feasible sets         0 orders tried  current cost 12
    W_14: 54135s  122,762,664,000 steps   627651 feasible sets         0 orders tried  current cost 9
    W_14: 54150s  122,796,717,000 steps   627864 feasible sets         0 orders tried  current cost 1
    W_14: 54165s  122,831,121,200 steps   628048 feasible sets         0 orders tried  current cost 10
    W_14: 54180s  122,865,718,400 steps   628182 feasible sets         0 orders tried  current cost 2
    W_14: 54195s  122,900,634,600 steps   628356 feasible sets         0 orders tried  current cost 3
    W_14: 54210s  122,934,742,000 steps   628480 feasible sets         0 orders tried  current cost 10
    W_14: 54225s  122,968,640,600 steps   628621 feasible sets         0 orders tried  current cost 12
    W_14: 54240s  123,002,323,000 steps   628767 feasible sets         0 orders tried  current cost 12
    W_14: 54255s  123,036,263,000 steps   628941 feasible sets         0 orders tried  current cost 8
    W_14: 54270s  123,070,309,600 steps   629147 feasible sets         0 orders tried  current cost 5
    W_14: 54285s  123,104,265,200 steps   629304 feasible sets         0 orders tried  current cost 9
    W_14: 54300s  123,138,071,200 steps   629462 feasible sets         0 orders tried  current cost 4
    W_14: 54315s  123,171,927,200 steps   629631 feasible sets         0 orders tried  current cost 9
    W_14: 54330s  123,205,317,400 steps   629793 feasible sets         0 orders tried  current cost 4
    W_14: 54345s  123,239,050,600 steps   629962 feasible sets         0 orders tried  current cost 4
    W_14: 54360s  123,271,902,400 steps   630115 feasible sets         0 orders tried  current cost 9
    W_14: 54375s  123,303,463,800 steps   630298 feasible sets         0 orders tried  current cost 9
    W_14: 54390s  123,336,849,600 steps   630494 feasible sets         0 orders tried  current cost 6
    W_14: 54405s  123,370,770,000 steps   630660 feasible sets         0 orders tried  current cost 7
    W_14: 54420s  123,404,908,800 steps   630880 feasible sets         0 orders tried  current cost 6
    W_14: 54435s  123,439,304,000 steps   631064 feasible sets         0 orders tried  current cost 8
    W_14: 54450s  123,473,905,200 steps   631217 feasible sets         0 orders tried  current cost 7
    W_14: 54465s  123,507,895,800 steps   631391 feasible sets         0 orders tried  current cost 2
    W_14: 54480s  123,541,717,800 steps   631557 feasible sets         0 orders tried  current cost 4
    W_14: 54495s  123,575,995,600 steps   631720 feasible sets         0 orders tried  current cost 2
    W_14: 54510s  123,610,209,000 steps   631884 feasible sets         0 orders tried  current cost 4
    W_14: 54525s  123,644,502,000 steps   632002 feasible sets         0 orders tried  current cost 9
    W_14: 54540s  123,678,742,600 steps   632162 feasible sets         0 orders tried  current cost 6
    W_14: 54555s  123,713,350,800 steps   632365 feasible sets         0 orders tried  current cost 4
    W_14: 54570s  123,747,249,000 steps   632514 feasible sets         0 orders tried  current cost 4
    W_14: 54585s  123,781,842,000 steps   632678 feasible sets         0 orders tried  current cost 9
    W_14: 54600s  123,815,985,000 steps   632828 feasible sets         0 orders tried  current cost 6
    W_14: 54615s  123,849,822,600 steps   633003 feasible sets         0 orders tried  current cost 13
    W_14: 54630s  123,883,507,600 steps   633179 feasible sets         0 orders tried  current cost 4
    W_14: 54645s  123,918,016,400 steps   633342 feasible sets         0 orders tried  current cost 2
    W_14: 54660s  123,952,372,200 steps   633514 feasible sets         0 orders tried  current cost 5
    W_14: 54675s  123,986,676,800 steps   633667 feasible sets         0 orders tried  current cost 3
    W_14: 54690s  124,020,944,000 steps   633868 feasible sets         0 orders tried  current cost 8
    W_14: 54705s  124,055,035,600 steps   634024 feasible sets         0 orders tried  current cost 3
    W_14: 54720s  124,089,138,600 steps   634221 feasible sets         0 orders tried  current cost 5
    W_14: 54735s  124,122,764,400 steps   634380 feasible sets         0 orders tried  current cost 7
    W_14: 54750s  124,156,886,200 steps   634571 feasible sets         0 orders tried  current cost 3
    W_14: 54765s  124,190,377,600 steps   634756 feasible sets         0 orders tried  current cost 2
    W_14: 54780s  124,221,925,000 steps   634904 feasible sets         0 orders tried  current cost 10
    W_14: 54795s  124,255,691,600 steps   635047 feasible sets         0 orders tried  current cost 3
    W_14: 54810s  124,289,776,200 steps   635224 feasible sets         0 orders tried  current cost 3
    W_14: 54825s  124,324,138,200 steps   635386 feasible sets         0 orders tried  current cost 2
    W_14: 54840s  124,358,185,400 steps   635595 feasible sets         0 orders tried  current cost 10
    W_14: 54855s  124,392,485,800 steps   635755 feasible sets         0 orders tried  current cost 7
    W_14: 54870s  124,426,584,200 steps   635927 feasible sets         0 orders tried  current cost 11
    W_14: 54885s  124,460,924,400 steps   636116 feasible sets         0 orders tried  current cost 7
    W_14: 54900s  124,495,314,400 steps   636302 feasible sets         0 orders tried  current cost 4
    W_14: 54915s  124,529,721,800 steps   636458 feasible sets         0 orders tried  current cost 12
    W_14: 54930s  124,563,985,800 steps   636602 feasible sets         0 orders tried  current cost 7
    W_14: 54945s  124,597,521,600 steps   636792 feasible sets         0 orders tried  current cost 16
    W_14: 54960s  124,631,244,200 steps   636988 feasible sets         0 orders tried  current cost 12
    W_14: 54975s  124,664,781,200 steps   637154 feasible sets         0 orders tried  current cost 10
    W_14: 54990s  124,697,628,800 steps   637351 feasible sets         0 orders tried  current cost 8
    W_14: 55005s  124,727,964,400 steps   637554 feasible sets         0 orders tried  current cost 7
    W_14: 55020s  124,758,855,000 steps   637717 feasible sets         0 orders tried  current cost 4
    W_14: 55035s  124,792,072,200 steps   637933 feasible sets         0 orders tried  current cost 2
    W_14: 55050s  124,826,190,600 steps   638107 feasible sets         0 orders tried  current cost 1
    W_14: 55065s  124,859,561,000 steps   638264 feasible sets         0 orders tried  current cost 19
    W_14: 55080s  124,893,975,400 steps   638435 feasible sets         0 orders tried  current cost 2
    W_14: 55095s  124,928,139,000 steps   638596 feasible sets         0 orders tried  current cost 1
    W_14: 55110s  124,962,266,000 steps   638730 feasible sets         0 orders tried  current cost 8
    W_14: 55125s  124,996,279,200 steps   638874 feasible sets         0 orders tried  current cost 3
    W_14: 55140s  125,030,212,000 steps   639049 feasible sets         0 orders tried  current cost 5
    W_14: 55155s  125,063,582,600 steps   639226 feasible sets         0 orders tried  current cost 12
    W_14: 55170s  125,098,307,400 steps   639388 feasible sets         0 orders tried  current cost 6
    W_14: 55185s  125,133,519,600 steps   639567 feasible sets         0 orders tried  current cost 2
    W_14: 55200s  125,168,298,200 steps   639742 feasible sets         0 orders tried  current cost 2
    W_14: 55215s  125,203,106,400 steps   639908 feasible sets         0 orders tried  current cost 7
    W_14: 55230s  125,238,579,000 steps   640064 feasible sets         0 orders tried  current cost 3
    W_14: 55245s  125,273,777,600 steps   640241 feasible sets         0 orders tried  current cost 5
    W_14: 55260s  125,308,865,400 steps   640406 feasible sets         0 orders tried  current cost 8
    W_14: 55275s  125,343,890,000 steps   640568 feasible sets         0 orders tried  current cost 4
    W_14: 55290s  125,378,990,000 steps   640762 feasible sets         0 orders tried  current cost 5
    W_14: 55305s  125,414,156,200 steps   640954 feasible sets         0 orders tried  current cost 4
    W_14: 55320s  125,449,194,600 steps   641165 feasible sets         0 orders tried  current cost 1
    W_14: 55335s  125,484,214,000 steps   641327 feasible sets         0 orders tried  current cost 5
    W_14: 55350s  125,519,366,600 steps   641517 feasible sets         0 orders tried  current cost 9
    W_14: 55365s  125,554,699,400 steps   641680 feasible sets         0 orders tried  current cost 1
    W_14: 55380s  125,590,107,600 steps   641839 feasible sets         0 orders tried  current cost 5
    W_14: 55395s  125,625,470,000 steps   642032 feasible sets         0 orders tried  current cost 4
    W_14: 55410s  125,660,927,800 steps   642213 feasible sets         0 orders tried  current cost 5
    W_14: 55425s  125,696,346,600 steps   642405 feasible sets         0 orders tried  current cost 6
    W_14: 55440s  125,731,494,800 steps   642564 feasible sets         0 orders tried  current cost 4
    W_14: 55455s  125,766,696,200 steps   642778 feasible sets         0 orders tried  current cost 1
    W_14: 55470s  125,801,851,800 steps   642952 feasible sets         0 orders tried  current cost 7
    W_14: 55485s  125,837,023,000 steps   643143 feasible sets         0 orders tried  current cost 8
    W_14: 55500s  125,872,165,200 steps   643354 feasible sets         0 orders tried  current cost 6
    W_14: 55515s  125,906,478,200 steps   643522 feasible sets         0 orders tried  current cost 3
    W_14: 55530s  125,941,668,400 steps   643675 feasible sets         0 orders tried  current cost 9
    W_14: 55545s  125,976,991,400 steps   643884 feasible sets         0 orders tried  current cost 4
    W_14: 55560s  126,011,848,000 steps   644082 feasible sets         0 orders tried  current cost 5
    W_14: 55575s  126,046,913,000 steps   644296 feasible sets         0 orders tried  current cost 4
    W_14: 55590s  126,081,910,400 steps   644485 feasible sets         0 orders tried  current cost 2
    W_14: 55605s  126,116,975,600 steps   644713 feasible sets         0 orders tried  current cost 2
    W_14: 55620s  126,151,811,800 steps   644915 feasible sets         0 orders tried  current cost 5
    W_14: 55635s  126,186,684,800 steps   645078 feasible sets         0 orders tried  current cost 8
    W_14: 55650s  126,221,659,200 steps   645277 feasible sets         0 orders tried  current cost 2
    W_14: 55665s  126,256,622,200 steps   645477 feasible sets         0 orders tried  current cost 9
    W_14: 55680s  126,292,164,600 steps   645658 feasible sets         0 orders tried  current cost 6
    W_14: 55695s  126,327,547,000 steps   645861 feasible sets         0 orders tried  current cost 7
    W_14: 55710s  126,362,618,600 steps   646086 feasible sets         0 orders tried  current cost 1
    W_14: 55725s  126,397,510,800 steps   646300 feasible sets         0 orders tried  current cost 5
    W_14: 55740s  126,432,690,600 steps   646450 feasible sets         0 orders tried  current cost 6
    W_14: 55755s  126,468,057,000 steps   646631 feasible sets         0 orders tried  current cost 5
    W_14: 55770s  126,502,999,600 steps   646843 feasible sets         0 orders tried  current cost 1
    W_14: 55785s  126,538,025,800 steps   647026 feasible sets         0 orders tried  current cost 7
    W_14: 55800s  126,573,391,400 steps   647183 feasible sets         0 orders tried  current cost 3
    W_14: 55815s  126,608,873,800 steps   647365 feasible sets         0 orders tried  current cost 3
    W_14: 55830s  126,643,669,200 steps   647505 feasible sets         0 orders tried  current cost 5
    W_14: 55845s  126,679,125,600 steps   647709 feasible sets         0 orders tried  current cost 10
    W_14: 55860s  126,714,077,000 steps   647870 feasible sets         0 orders tried  current cost 3
    W_14: 55875s  126,749,276,200 steps   648054 feasible sets         0 orders tried  current cost 3
    W_14: 55890s  126,784,210,000 steps   648294 feasible sets         0 orders tried  current cost 7
    W_14: 55905s  126,819,397,800 steps   648466 feasible sets         0 orders tried  current cost 3
    W_14: 55920s  126,854,149,000 steps   648661 feasible sets         0 orders tried  current cost 4
    W_14: 55935s  126,889,042,200 steps   648812 feasible sets         0 orders tried  current cost 15
    W_14: 55950s  126,924,062,200 steps   648988 feasible sets         0 orders tried  current cost 12
    W_14: 55965s  126,958,623,400 steps   649205 feasible sets         0 orders tried  current cost 9
    W_14: 55980s  126,993,353,200 steps   649347 feasible sets         0 orders tried  current cost 4
    W_14: 55995s  127,028,314,400 steps   649552 feasible sets         0 orders tried  current cost 4
    W_14: 56010s  127,063,696,200 steps   649692 feasible sets         0 orders tried  current cost 4
    W_14: 56025s  127,098,547,000 steps   649868 feasible sets         0 orders tried  current cost 6
    W_14: 56040s  127,133,540,000 steps   650058 feasible sets         0 orders tried  current cost 2
    W_14: 56055s  127,168,469,800 steps   650247 feasible sets         0 orders tried  current cost 3
    W_14: 56070s  127,203,615,000 steps   650425 feasible sets         0 orders tried  current cost 3
    W_14: 56085s  127,238,363,200 steps   650592 feasible sets         0 orders tried  current cost 12
    W_14: 56100s  127,273,148,200 steps   650745 feasible sets         0 orders tried  current cost 6
    W_14: 56115s  127,308,198,800 steps   650920 feasible sets         0 orders tried  current cost 3
    W_14: 56130s  127,342,852,000 steps   651091 feasible sets         0 orders tried  current cost 5
    W_14: 56145s  127,377,882,000 steps   651260 feasible sets         0 orders tried  current cost 15
    W_14: 56160s  127,412,987,000 steps   651474 feasible sets         0 orders tried  current cost 7
    W_14: 56175s  127,447,861,400 steps   651663 feasible sets         0 orders tried  current cost 12
    W_14: 56190s  127,482,600,400 steps   651823 feasible sets         0 orders tried  current cost 14
    W_14: 56205s  127,517,852,400 steps   652024 feasible sets         0 orders tried  current cost 2
    W_14: 56220s  127,552,806,800 steps   652187 feasible sets         0 orders tried  current cost 6
    W_14: 56235s  127,587,572,800 steps   652386 feasible sets         0 orders tried  current cost 5
    W_14: 56250s  127,622,410,400 steps   652594 feasible sets         0 orders tried  current cost 3
    W_14: 56265s  127,657,299,600 steps   652836 feasible sets         0 orders tried  current cost 3
    W_14: 56280s  127,692,325,600 steps   653018 feasible sets         0 orders tried  current cost 9
    W_14: 56295s  127,727,320,600 steps   653195 feasible sets         0 orders tried  current cost 12
    W_14: 56310s  127,762,363,400 steps   653365 feasible sets         0 orders tried  current cost 14
    W_14: 56325s  127,797,305,400 steps   653587 feasible sets         0 orders tried  current cost 7
    W_14: 56340s  127,832,256,800 steps   653745 feasible sets         0 orders tried  current cost 4
    W_14: 56355s  127,867,121,600 steps   653897 feasible sets         0 orders tried  current cost 14
    W_14: 56370s  127,902,018,600 steps   654026 feasible sets         0 orders tried  current cost 4
    W_14: 56385s  127,936,984,600 steps   654208 feasible sets         0 orders tried  current cost 11
    W_14: 56400s  127,971,523,600 steps   654379 feasible sets         0 orders tried  current cost 8
    W_14: 56415s  128,006,238,400 steps   654554 feasible sets         0 orders tried  current cost 2
    W_14: 56430s  128,041,205,400 steps   654730 feasible sets         0 orders tried  current cost 4
    W_14: 56445s  128,076,251,000 steps   654906 feasible sets         0 orders tried  current cost 3
    W_14: 56460s  128,111,643,400 steps   655082 feasible sets         0 orders tried  current cost 9
    W_14: 56475s  128,146,580,000 steps   655259 feasible sets         0 orders tried  current cost 4
    W_14: 56490s  128,182,057,600 steps   655409 feasible sets         0 orders tried  current cost 1
    W_14: 56505s  128,217,010,000 steps   655576 feasible sets         0 orders tried  current cost 5
    W_14: 56520s  128,252,379,800 steps   655743 feasible sets         0 orders tried  current cost 3
    W_14: 56535s  128,287,927,400 steps   655954 feasible sets         0 orders tried  current cost 10
    W_14: 56550s  128,323,153,000 steps   656097 feasible sets         0 orders tried  current cost 2
    W_14: 56565s  128,358,243,200 steps   656284 feasible sets         0 orders tried  current cost 12
    W_14: 56580s  128,393,595,400 steps   656447 feasible sets         0 orders tried  current cost 3
    W_14: 56595s  128,428,361,600 steps   656621 feasible sets         0 orders tried  current cost 16
    W_14: 56610s  128,463,526,600 steps   656791 feasible sets         0 orders tried  current cost 7
    W_14: 56625s  128,498,837,400 steps   656951 feasible sets         0 orders tried  current cost 1
    W_14: 56640s  128,534,137,000 steps   657114 feasible sets         0 orders tried  current cost 3
    W_14: 56655s  128,569,052,200 steps   657299 feasible sets         0 orders tried  current cost 4
    W_14: 56670s  128,603,891,600 steps   657505 feasible sets         0 orders tried  current cost 3
    W_14: 56685s  128,639,224,000 steps   657677 feasible sets         0 orders tried  current cost 8
    W_14: 56700s  128,674,485,800 steps   657879 feasible sets         0 orders tried  current cost 7
    W_14: 56715s  128,709,315,000 steps   658041 feasible sets         0 orders tried  current cost 2
    W_14: 56730s  128,744,680,000 steps   658206 feasible sets         0 orders tried  current cost 8
    W_14: 56745s  128,779,901,800 steps   658400 feasible sets         0 orders tried  current cost 10
    W_14: 56760s  128,814,865,400 steps   658555 feasible sets         0 orders tried  current cost 6
    W_14: 56775s  128,849,983,000 steps   658713 feasible sets         0 orders tried  current cost 19
    W_14: 56790s  128,885,384,600 steps   658946 feasible sets         0 orders tried  current cost 7
    W_14: 56805s  128,920,352,200 steps   659121 feasible sets         0 orders tried  current cost 2
    W_14: 56820s  128,955,377,800 steps   659289 feasible sets         0 orders tried  current cost 2
    W_14: 56835s  128,990,334,600 steps   659463 feasible sets         0 orders tried  current cost 4
    W_14: 56850s  129,025,574,600 steps   659684 feasible sets         0 orders tried  current cost 2
    W_14: 56865s  129,060,985,800 steps   659887 feasible sets         0 orders tried  current cost 6
    W_14: 56880s  129,095,951,200 steps   660073 feasible sets         0 orders tried  current cost 1
    W_14: 56895s  129,131,782,400 steps   660235 feasible sets         0 orders tried  current cost 8
    W_14: 56910s  129,167,405,200 steps   660407 feasible sets         0 orders tried  current cost 6
    W_14: 56925s  129,202,057,400 steps   660625 feasible sets         0 orders tried  current cost 2
    W_14: 56940s  129,237,160,000 steps   660774 feasible sets         0 orders tried  current cost 3
    W_14: 56955s  129,272,194,800 steps   660926 feasible sets         0 orders tried  current cost 3
    W_14: 56970s  129,307,090,400 steps   661074 feasible sets         0 orders tried  current cost 5
    W_14: 56985s  129,342,467,200 steps   661240 feasible sets         0 orders tried  current cost 6
    W_14: 57000s  129,377,626,000 steps   661402 feasible sets         0 orders tried  current cost 11
    W_14: 57015s  129,412,365,600 steps   661578 feasible sets         0 orders tried  current cost 5
    W_14: 57030s  129,447,796,400 steps   661728 feasible sets         0 orders tried  current cost 2
    W_14: 57045s  129,483,020,600 steps   661939 feasible sets         0 orders tried  current cost 10
    W_14: 57060s  129,518,350,200 steps   662125 feasible sets         0 orders tried  current cost 6
    W_14: 57075s  129,553,849,000 steps   662304 feasible sets         0 orders tried  current cost 5
    W_14: 57090s  129,588,807,000 steps   662504 feasible sets         0 orders tried  current cost 7
    W_14: 57105s  129,623,566,800 steps   662716 feasible sets         0 orders tried  current cost 9
    W_14: 57120s  129,658,537,800 steps   662871 feasible sets         0 orders tried  current cost 4
    W_14: 57135s  129,693,838,800 steps   663039 feasible sets         0 orders tried  current cost 2
    W_14: 57150s  129,729,028,200 steps   663215 feasible sets         0 orders tried  current cost 5
    W_14: 57165s  129,764,057,400 steps   663401 feasible sets         0 orders tried  current cost 3
    W_14: 57180s  129,799,476,200 steps   663543 feasible sets         0 orders tried  current cost 3
    W_14: 57195s  129,834,301,400 steps   663741 feasible sets         0 orders tried  current cost 18
    W_14: 57210s  129,869,613,000 steps   663916 feasible sets         0 orders tried  current cost 2
    W_14: 57225s  129,905,220,800 steps   664070 feasible sets         0 orders tried  current cost 7
    W_14: 57240s  129,940,486,800 steps   664254 feasible sets         0 orders tried  current cost 7
    W_14: 57255s  129,975,428,000 steps   664430 feasible sets         0 orders tried  current cost 5
    W_14: 57270s  130,011,100,000 steps   664575 feasible sets         0 orders tried  current cost 1
    W_14: 57285s  130,046,067,000 steps   664755 feasible sets         0 orders tried  current cost 9
    W_14: 57300s  130,081,600,600 steps   664895 feasible sets         0 orders tried  current cost 27
    W_14: 57315s  130,116,945,200 steps   665065 feasible sets         0 orders tried  current cost 7
    W_14: 57330s  130,152,252,200 steps   665247 feasible sets         0 orders tried  current cost 4
    W_14: 57345s  130,187,347,200 steps   665418 feasible sets         0 orders tried  current cost 7
    W_14: 57360s  130,222,316,800 steps   665630 feasible sets         0 orders tried  current cost 3
    W_14: 57375s  130,257,421,000 steps   665778 feasible sets         0 orders tried  current cost 14
    W_14: 57390s  130,292,872,400 steps   665948 feasible sets         0 orders tried  current cost 3
    W_14: 57405s  130,328,148,200 steps   666105 feasible sets         0 orders tried  current cost 10
    W_14: 57420s  130,363,422,000 steps   666259 feasible sets         0 orders tried  current cost 9
    W_14: 57435s  130,398,208,000 steps   666446 feasible sets         0 orders tried  current cost 5
    W_14: 57450s  130,433,038,000 steps   666630 feasible sets         0 orders tried  current cost 2
    W_14: 57465s  130,468,149,400 steps   666801 feasible sets         0 orders tried  current cost 6
    W_14: 57480s  130,503,210,800 steps   666970 feasible sets         0 orders tried  current cost 2
    W_14: 57495s  130,538,364,000 steps   667110 feasible sets         0 orders tried  current cost 10
    W_14: 57510s  130,573,645,600 steps   667304 feasible sets         0 orders tried  current cost 10
    W_14: 57525s  130,608,899,800 steps   667482 feasible sets         0 orders tried  current cost 3
    W_14: 57540s  130,644,297,200 steps   667636 feasible sets         0 orders tried  current cost 2
    W_14: 57555s  130,679,710,000 steps   667813 feasible sets         0 orders tried  current cost 3
    W_14: 57570s  130,715,065,600 steps   667974 feasible sets         0 orders tried  current cost 7
    W_14: 57585s  130,750,524,000 steps   668131 feasible sets         0 orders tried  current cost 7
    W_14: 57600s  130,785,571,600 steps   668313 feasible sets         0 orders tried  current cost 4
    W_14: 57615s  130,821,114,400 steps   668509 feasible sets         0 orders tried  current cost 2
    W_14: 57630s  130,856,499,200 steps   668705 feasible sets         0 orders tried  current cost 2
    W_14: 57645s  130,891,375,600 steps   668877 feasible sets         0 orders tried  current cost 4
    W_14: 57660s  130,926,949,600 steps   669102 feasible sets         0 orders tried  current cost 3
    W_14: 57675s  130,962,293,600 steps   669215 feasible sets         0 orders tried  current cost 2
    W_14: 57690s  130,997,467,400 steps   669375 feasible sets         0 orders tried  current cost 4
    W_14: 57705s  131,032,564,400 steps   669565 feasible sets         0 orders tried  current cost 8
    W_14: 57720s  131,068,243,400 steps   669746 feasible sets         0 orders tried  current cost 9
    W_14: 57735s  131,103,625,800 steps   669927 feasible sets         0 orders tried  current cost 6
    W_14: 57750s  131,138,894,600 steps   670094 feasible sets         0 orders tried  current cost 4
    W_14: 57765s  131,174,091,800 steps   670315 feasible sets         0 orders tried  current cost 4
    W_14: 57780s  131,209,052,000 steps   670497 feasible sets         0 orders tried  current cost 2
    W_14: 57795s  131,244,472,200 steps   670663 feasible sets         0 orders tried  current cost 2
    W_14: 57810s  131,279,458,200 steps   670874 feasible sets         0 orders tried  current cost 4
    W_14: 57825s  131,315,171,200 steps   671040 feasible sets         0 orders tried  current cost 1
    W_14: 57840s  131,350,563,800 steps   671220 feasible sets         0 orders tried  current cost 7
    W_14: 57855s  131,386,058,200 steps   671404 feasible sets         0 orders tried  current cost 3
    W_14: 57870s  131,421,776,000 steps   671626 feasible sets         0 orders tried  current cost 3
    W_14: 57885s  131,457,320,800 steps   671805 feasible sets         0 orders tried  current cost 11
    W_14: 57900s  131,492,715,600 steps   671974 feasible sets         0 orders tried  current cost 3
    W_14: 57915s  131,527,869,800 steps   672167 feasible sets         0 orders tried  current cost 5
    W_14: 57930s  131,563,009,200 steps   672373 feasible sets         0 orders tried  current cost 6
    W_14: 57945s  131,598,275,800 steps   672569 feasible sets         0 orders tried  current cost 2
    W_14: 57960s  131,633,437,200 steps   672714 feasible sets         0 orders tried  current cost 3
    W_14: 57975s  131,668,735,600 steps   672912 feasible sets         0 orders tried  current cost 5
    W_14: 57990s  131,704,445,200 steps   673036 feasible sets         0 orders tried  current cost 11
    W_14: 58005s  131,739,716,000 steps   673220 feasible sets         0 orders tried  current cost 2
    W_14: 58020s  131,775,486,800 steps   673376 feasible sets         0 orders tried  current cost 6
    W_14: 58035s  131,810,846,200 steps   673593 feasible sets         0 orders tried  current cost 9
    W_14: 58050s  131,846,305,000 steps   673757 feasible sets         0 orders tried  current cost 8
    W_14: 58065s  131,881,730,600 steps   673917 feasible sets         0 orders tried  current cost 4
    W_14: 58080s  131,916,710,200 steps   674091 feasible sets         0 orders tried  current cost 3
    W_14: 58095s  131,951,656,200 steps   674261 feasible sets         0 orders tried  current cost 2
    W_14: 58110s  131,986,604,800 steps   674497 feasible sets         0 orders tried  current cost 10
    W_14: 58125s  132,021,635,600 steps   674688 feasible sets         0 orders tried  current cost 2
    W_14: 58140s  132,056,196,800 steps   674826 feasible sets         0 orders tried  current cost 1
    W_14: 58155s  132,090,798,600 steps   674969 feasible sets         0 orders tried  current cost 1
    W_14: 58170s  132,125,556,600 steps   675093 feasible sets         0 orders tried  current cost 4
    W_14: 58185s  132,160,248,800 steps   675253 feasible sets         0 orders tried  current cost 7
    W_14: 58200s  132,195,020,000 steps   675397 feasible sets         0 orders tried  current cost 3
    W_14: 58215s  132,229,780,800 steps   675594 feasible sets         0 orders tried  current cost 13
    W_14: 58230s  132,264,587,000 steps   675814 feasible sets         0 orders tried  current cost 2
    W_14: 58245s  132,299,499,600 steps   676010 feasible sets         0 orders tried  current cost 3
    W_14: 58260s  132,334,585,200 steps   676194 feasible sets         0 orders tried  current cost 7
    W_14: 58275s  132,369,658,600 steps   676381 feasible sets         0 orders tried  current cost 3
    W_14: 58290s  132,404,344,800 steps   676543 feasible sets         0 orders tried  current cost 10
    W_14: 58305s  132,439,248,800 steps   676705 feasible sets         0 orders tried  current cost 4
    W_14: 58320s  132,474,104,800 steps   676846 feasible sets         0 orders tried  current cost 6
    W_14: 58335s  132,509,146,200 steps   677042 feasible sets         0 orders tried  current cost 7
    W_14: 58350s  132,544,259,400 steps   677248 feasible sets         0 orders tried  current cost 4
    W_14: 58365s  132,579,576,400 steps   677451 feasible sets         0 orders tried  current cost 3
    W_14: 58380s  132,612,133,600 steps   677582 feasible sets         0 orders tried  current cost 2
    W_14: 58395s  132,644,183,800 steps   677745 feasible sets         0 orders tried  current cost 8
    W_14: 58410s  132,666,417,000 steps   677865 feasible sets         0 orders tried  current cost 3
    W_14: 58425s  132,701,228,800 steps   678039 feasible sets         0 orders tried  current cost 7
    W_14: 58440s  132,736,254,200 steps   678218 feasible sets         0 orders tried  current cost 4
    W_14: 58455s  132,771,058,000 steps   678412 feasible sets         0 orders tried  current cost 4
    W_14: 58470s  132,805,729,000 steps   678566 feasible sets         0 orders tried  current cost 5
    W_14: 58485s  132,840,654,400 steps   678753 feasible sets         0 orders tried  current cost 4
    W_14: 58500s  132,875,316,200 steps   678924 feasible sets         0 orders tried  current cost 3
    W_14: 58515s  132,910,414,800 steps   679118 feasible sets         0 orders tried  current cost 3
    W_14: 58530s  132,945,446,000 steps   679295 feasible sets         0 orders tried  current cost 12
    W_14: 58545s  132,980,304,600 steps   679493 feasible sets         0 orders tried  current cost 8
    W_14: 58560s  133,015,189,400 steps   679700 feasible sets         0 orders tried  current cost 6
    W_14: 58575s  133,050,388,200 steps   679904 feasible sets         0 orders tried  current cost 7
    W_14: 58590s  133,085,492,000 steps   680121 feasible sets         0 orders tried  current cost 3
    W_14: 58605s  133,120,350,200 steps   680301 feasible sets         0 orders tried  current cost 6
    W_14: 58620s  133,155,509,200 steps   680489 feasible sets         0 orders tried  current cost 4
    W_14: 58635s  133,190,971,000 steps   680659 feasible sets         0 orders tried  current cost 4
    W_14: 58650s  133,225,931,400 steps   680854 feasible sets         0 orders tried  current cost 5
    W_14: 58665s  133,261,055,200 steps   681061 feasible sets         0 orders tried  current cost 4
    W_14: 58680s  133,296,178,800 steps   681270 feasible sets         0 orders tried  current cost 3
    W_14: 58695s  133,331,343,600 steps   681460 feasible sets         0 orders tried  current cost 6
    W_14: 58710s  133,365,969,600 steps   681623 feasible sets         0 orders tried  current cost 2
    W_14: 58725s  133,400,974,400 steps   681827 feasible sets         0 orders tried  current cost 3
    W_14: 58740s  133,435,921,600 steps   682022 feasible sets         0 orders tried  current cost 9
    W_14: 58755s  133,470,864,600 steps   682204 feasible sets         0 orders tried  current cost 8
    W_14: 58770s  133,505,914,800 steps   682404 feasible sets         0 orders tried  current cost 3
    W_14: 58785s  133,540,933,800 steps   682594 feasible sets         0 orders tried  current cost 3
    W_14: 58800s  133,576,283,400 steps   682781 feasible sets         0 orders tried  current cost 9
    W_14: 58815s  133,611,559,200 steps   682984 feasible sets         0 orders tried  current cost 3
    W_14: 58830s  133,646,343,000 steps   683150 feasible sets         0 orders tried  current cost 9
    W_14: 58845s  133,681,506,200 steps   683348 feasible sets         0 orders tried  current cost 9
    W_14: 58860s  133,716,556,400 steps   683545 feasible sets         0 orders tried  current cost 3
    W_14: 58875s  133,751,631,600 steps   683709 feasible sets         0 orders tried  current cost 4
    W_14: 58890s  133,786,593,000 steps   683878 feasible sets         0 orders tried  current cost 4
    W_14: 58905s  133,821,878,200 steps   684093 feasible sets         0 orders tried  current cost 4
    W_14: 58920s  133,857,254,800 steps   684325 feasible sets         0 orders tried  current cost 3
    W_14: 58935s  133,892,333,600 steps   684509 feasible sets         0 orders tried  current cost 3
    W_14: 58950s  133,927,441,800 steps   684680 feasible sets         0 orders tried  current cost 14
    W_14: 58965s  133,962,294,000 steps   684858 feasible sets         0 orders tried  current cost 4
    W_14: 58980s  133,997,284,400 steps   685066 feasible sets         0 orders tried  current cost 7
    W_14: 58995s  134,032,175,000 steps   685231 feasible sets         0 orders tried  current cost 4
    W_14: 59010s  134,067,314,400 steps   685395 feasible sets         0 orders tried  current cost 4
    W_14: 59025s  134,102,222,400 steps   685597 feasible sets         0 orders tried  current cost 14
    W_14: 59040s  134,137,206,400 steps   685790 feasible sets         0 orders tried  current cost 9
    W_14: 59055s  134,172,461,000 steps   685975 feasible sets         0 orders tried  current cost 15
    W_14: 59070s  134,206,962,600 steps   686150 feasible sets         0 orders tried  current cost 14
    W_14: 59085s  134,241,411,200 steps   686324 feasible sets         0 orders tried  current cost 4
    W_14: 59100s  134,276,461,000 steps   686517 feasible sets         0 orders tried  current cost 12
    W_14: 59115s  134,311,444,200 steps   686685 feasible sets         0 orders tried  current cost 10
    W_14: 59130s  134,346,360,000 steps   686837 feasible sets         0 orders tried  current cost 3
    W_14: 59145s  134,381,438,800 steps   686992 feasible sets         0 orders tried  current cost 2
    W_14: 59160s  134,416,252,600 steps   687148 feasible sets         0 orders tried  current cost 4
    W_14: 59175s  134,451,297,000 steps   687307 feasible sets         0 orders tried  current cost 3
    W_14: 59190s  134,486,237,000 steps   687546 feasible sets         0 orders tried  current cost 3
    W_14: 59205s  134,521,303,600 steps   687737 feasible sets         0 orders tried  current cost 12
    W_14: 59220s  134,556,508,000 steps   687945 feasible sets         0 orders tried  current cost 6
    W_14: 59235s  134,591,843,000 steps   688141 feasible sets         0 orders tried  current cost 14
    W_14: 59250s  134,627,049,200 steps   688322 feasible sets         0 orders tried  current cost 5
    W_14: 59265s  134,661,679,400 steps   688503 feasible sets         0 orders tried  current cost 2
    W_14: 59280s  134,695,369,600 steps   688691 feasible sets         0 orders tried  current cost 6
    W_14: 59295s  134,730,342,200 steps   688882 feasible sets         0 orders tried  current cost 11
    W_14: 59310s  134,765,468,200 steps   689071 feasible sets         0 orders tried  current cost 8
    W_14: 59325s  134,800,667,400 steps   689257 feasible sets         0 orders tried  current cost 8
    W_14: 59340s  134,835,331,600 steps   689467 feasible sets         0 orders tried  current cost 2
    W_14: 59355s  134,870,113,000 steps   689647 feasible sets         0 orders tried  current cost 3
    W_14: 59370s  134,904,968,000 steps   689790 feasible sets         0 orders tried  current cost 5
    W_14: 59385s  134,940,028,200 steps   689947 feasible sets         0 orders tried  current cost 5
    W_14: 59400s  134,974,824,600 steps   690149 feasible sets         0 orders tried  current cost 12
    W_14: 59415s  135,009,888,200 steps   690359 feasible sets         0 orders tried  current cost 6
    W_14: 59430s  135,044,950,000 steps   690557 feasible sets         0 orders tried  current cost 4
    W_14: 59445s  135,079,774,600 steps   690788 feasible sets         0 orders tried  current cost 4
    W_14: 59460s  135,114,927,200 steps   690963 feasible sets         0 orders tried  current cost 8
    W_14: 59475s  135,150,509,000 steps   691160 feasible sets         0 orders tried  current cost 2
    W_14: 59490s  135,185,539,000 steps   691344 feasible sets         0 orders tried  current cost 3
    W_14: 59505s  135,220,458,000 steps   691507 feasible sets         0 orders tried  current cost 4
    W_14: 59520s  135,254,825,800 steps   691690 feasible sets         0 orders tried  current cost 3
    W_14: 59535s  135,289,606,800 steps   691846 feasible sets         0 orders tried  current cost 4
    W_14: 59550s  135,324,664,200 steps   692066 feasible sets         0 orders tried  current cost 9
    W_14: 59565s  135,360,043,400 steps   692268 feasible sets         0 orders tried  current cost 14
    W_14: 59580s  135,394,767,800 steps   692455 feasible sets         0 orders tried  current cost 5
    W_14: 59595s  135,429,697,000 steps   692607 feasible sets         0 orders tried  current cost 4
    W_14: 59610s  135,464,675,000 steps   692814 feasible sets         0 orders tried  current cost 3
    W_14: 59625s  135,499,532,000 steps   692990 feasible sets         0 orders tried  current cost 3
    W_14: 59640s  135,534,650,600 steps   693202 feasible sets         0 orders tried  current cost 5
    W_14: 59655s  135,569,740,200 steps   693369 feasible sets         0 orders tried  current cost 19
    W_14: 59670s  135,604,757,200 steps   693543 feasible sets         0 orders tried  current cost 3
    W_14: 59685s  135,639,742,200 steps   693695 feasible sets         0 orders tried  current cost 12
    W_14: 59700s  135,674,645,600 steps   693853 feasible sets         0 orders tried  current cost 9
    W_14: 59715s  135,708,675,800 steps   694023 feasible sets         0 orders tried  current cost 4
    W_14: 59730s  135,743,899,400 steps   694182 feasible sets         0 orders tried  current cost 2
    W_14: 59745s  135,779,371,200 steps   694362 feasible sets         0 orders tried  current cost 3
    W_14: 59760s  135,813,735,800 steps   694509 feasible sets         0 orders tried  current cost 2
    W_14: 59775s  135,848,641,400 steps   694738 feasible sets         0 orders tried  current cost 19
    W_14: 59790s  135,883,994,600 steps   694941 feasible sets         0 orders tried  current cost 3
    W_14: 59805s  135,919,333,400 steps   695112 feasible sets         0 orders tried  current cost 4
    W_14: 59820s  135,954,364,800 steps   695277 feasible sets         0 orders tried  current cost 6
    W_14: 59835s  135,989,742,000 steps   695461 feasible sets         0 orders tried  current cost 10
    W_14: 59850s  136,024,745,800 steps   695666 feasible sets         0 orders tried  current cost 5
    W_14: 59865s  136,059,692,800 steps   695830 feasible sets         0 orders tried  current cost 4
    W_14: 59880s  136,094,774,400 steps   696003 feasible sets         0 orders tried  current cost 3
    W_14: 59895s  136,129,618,000 steps   696176 feasible sets         0 orders tried  current cost 4
    W_14: 59910s  136,165,150,600 steps   696356 feasible sets         0 orders tried  current cost 3
    W_14: 59925s  136,200,218,200 steps   696533 feasible sets         0 orders tried  current cost 3
    W_14: 59940s  136,235,239,000 steps   696709 feasible sets         0 orders tried  current cost 3
    W_14: 59955s  136,270,410,600 steps   696852 feasible sets         0 orders tried  current cost 5
    W_14: 59970s  136,305,448,000 steps   697041 feasible sets         0 orders tried  current cost 7
    W_14: 59985s  136,340,279,800 steps   697249 feasible sets         0 orders tried  current cost 5
    W_14: 60000s  136,375,557,000 steps   697440 feasible sets         0 orders tried  current cost 3
    W_14: 60015s  136,410,859,000 steps   697658 feasible sets         0 orders tried  current cost 3
    W_14: 60030s  136,445,485,000 steps   697818 feasible sets         0 orders tried  current cost 9
    W_14: 60045s  136,480,696,400 steps   698030 feasible sets         0 orders tried  current cost 2
    W_14: 60060s  136,515,288,800 steps   698201 feasible sets         0 orders tried  current cost 3
    W_14: 60075s  136,550,327,600 steps   698353 feasible sets         0 orders tried  current cost 3
    W_14: 60090s  136,585,283,800 steps   698540 feasible sets         0 orders tried  current cost 9
    W_14: 60105s  136,620,587,600 steps   698750 feasible sets         0 orders tried  current cost 7
    W_14: 60120s  136,655,844,600 steps   698939 feasible sets         0 orders tried  current cost 9
    W_14: 60135s  136,690,908,600 steps   699144 feasible sets         0 orders tried  current cost 6
    W_14: 60150s  136,725,859,000 steps   699302 feasible sets         0 orders tried  current cost 3
    W_14: 60165s  136,761,212,400 steps   699487 feasible sets         0 orders tried  current cost 2
    W_14: 60180s  136,796,002,000 steps   699676 feasible sets         0 orders tried  current cost 10
    W_14: 60195s  136,831,152,800 steps   699862 feasible sets         0 orders tried  current cost 3
    W_14: 60210s  136,866,371,000 steps   700050 feasible sets         0 orders tried  current cost 4
    W_14: 60225s  136,901,651,200 steps   700219 feasible sets         0 orders tried  current cost 3
    W_14: 60240s  136,936,436,400 steps   700411 feasible sets         0 orders tried  current cost 3
    W_14: 60255s  136,971,510,800 steps   700591 feasible sets         0 orders tried  current cost 6
    W_14: 60270s  137,006,568,200 steps   700769 feasible sets         0 orders tried  current cost 4
    W_14: 60285s  137,041,822,000 steps   700946 feasible sets         0 orders tried  current cost 12
    W_14: 60300s  137,077,171,600 steps   701115 feasible sets         0 orders tried  current cost 5
    W_14: 60315s  137,112,175,000 steps   701302 feasible sets         0 orders tried  current cost 2
    W_14: 60330s  137,147,171,000 steps   701513 feasible sets         0 orders tried  current cost 2
    W_14: 60345s  137,182,272,800 steps   701660 feasible sets         0 orders tried  current cost 2
    W_14: 60360s  137,217,541,400 steps   701844 feasible sets         0 orders tried  current cost 16
    W_14: 60375s  137,252,579,800 steps   702040 feasible sets         0 orders tried  current cost 3
    W_14: 60390s  137,287,924,000 steps   702190 feasible sets         0 orders tried  current cost 15
    W_14: 60405s  137,322,958,400 steps   702353 feasible sets         0 orders tried  current cost 1
    W_14: 60420s  137,357,935,600 steps   702548 feasible sets         0 orders tried  current cost 5
    W_14: 60435s  137,392,980,000 steps   702748 feasible sets         0 orders tried  current cost 4
    W_14: 60450s  137,428,494,600 steps   702925 feasible sets         0 orders tried  current cost 4
    W_14: 60465s  137,463,386,800 steps   703100 feasible sets         0 orders tried  current cost 9
    W_14: 60480s  137,498,374,800 steps   703271 feasible sets         0 orders tried  current cost 2
    W_14: 60495s  137,533,557,400 steps   703439 feasible sets         0 orders tried  current cost 3
    W_14: 60510s  137,568,362,400 steps   703583 feasible sets         0 orders tried  current cost 17
    W_14: 60525s  137,603,632,800 steps   703763 feasible sets         0 orders tried  current cost 1
    W_14: 60540s  137,638,815,200 steps   703948 feasible sets         0 orders tried  current cost 4
    W_14: 60555s  137,673,918,600 steps   704145 feasible sets         0 orders tried  current cost 2
    W_14: 60570s  137,709,083,800 steps   704341 feasible sets         0 orders tried  current cost 9
    W_14: 60585s  137,743,985,200 steps   704563 feasible sets         0 orders tried  current cost 11
    W_14: 60600s  137,778,976,600 steps   704734 feasible sets         0 orders tried  current cost 1
    W_14: 60615s  137,813,647,600 steps   704901 feasible sets         0 orders tried  current cost 6
    W_14: 60630s  137,848,432,800 steps   705079 feasible sets         0 orders tried  current cost 2
    W_14: 60645s  137,883,792,000 steps   705268 feasible sets         0 orders tried  current cost 1
    W_14: 60660s  137,918,865,600 steps   705437 feasible sets         0 orders tried  current cost 7
    W_14: 60675s  137,953,604,800 steps   705635 feasible sets         0 orders tried  current cost 3
    W_14: 60690s  137,988,924,600 steps   705799 feasible sets         0 orders tried  current cost 11
    W_14: 60705s  138,023,738,600 steps   705967 feasible sets         0 orders tried  current cost 4
    W_14: 60720s  138,058,639,400 steps   706130 feasible sets         0 orders tried  current cost 3
    W_14: 60735s  138,093,662,200 steps   706322 feasible sets         0 orders tried  current cost 18
    W_14: 60750s  138,128,775,600 steps   706476 feasible sets         0 orders tried  current cost 2
    W_14: 60765s  138,163,700,600 steps   706654 feasible sets         0 orders tried  current cost 16
    W_14: 60780s  138,198,870,000 steps   706811 feasible sets         0 orders tried  current cost 5
    W_14: 60795s  138,233,942,600 steps   707074 feasible sets         0 orders tried  current cost 9
    W_14: 60810s  138,265,849,000 steps   707245 feasible sets         0 orders tried  current cost 5
    W_14: 60825s  138,298,407,800 steps   707415 feasible sets         0 orders tried  current cost 8
    W_14: 60840s  138,333,271,000 steps   707585 feasible sets         0 orders tried  current cost 4
    W_14: 60855s  138,368,513,600 steps   707753 feasible sets         0 orders tried  current cost 3
    W_14: 60870s  138,403,425,600 steps   707898 feasible sets         0 orders tried  current cost 12
    W_14: 60885s  138,438,667,200 steps   708109 feasible sets         0 orders tried  current cost 5
    W_14: 60900s  138,473,467,400 steps   708282 feasible sets         0 orders tried  current cost 8
    W_14: 60915s  138,508,339,600 steps   708405 feasible sets         0 orders tried  current cost 3
    W_14: 60930s  138,543,438,600 steps   708578 feasible sets         0 orders tried  current cost 3
    W_14: 60945s  138,578,321,400 steps   708762 feasible sets         0 orders tried  current cost 9
    W_14: 60960s  138,612,775,200 steps   708906 feasible sets         0 orders tried  current cost 3
    W_14: 60975s  138,647,671,200 steps   709077 feasible sets         0 orders tried  current cost 2
    W_14: 60990s  138,683,116,600 steps   709238 feasible sets         0 orders tried  current cost 4
    W_14: 61005s  138,718,473,400 steps   709410 feasible sets         0 orders tried  current cost 5
    W_14: 61020s  138,754,364,200 steps   709594 feasible sets         0 orders tried  current cost 9
    W_14: 61035s  138,789,721,600 steps   709781 feasible sets         0 orders tried  current cost 17
    W_14: 61050s  138,824,590,400 steps   709926 feasible sets         0 orders tried  current cost 4
    W_14: 61065s  138,860,336,400 steps   710114 feasible sets         0 orders tried  current cost 2
    W_14: 61080s  138,895,463,000 steps   710303 feasible sets         0 orders tried  current cost 15
    W_14: 61095s  138,930,947,400 steps   710487 feasible sets         0 orders tried  current cost 10
    W_14: 61110s  138,966,331,800 steps   710668 feasible sets         0 orders tried  current cost 4
    W_14: 61125s  139,001,820,000 steps   710833 feasible sets         0 orders tried  current cost 2
    W_14: 61140s  139,037,591,000 steps   711018 feasible sets         0 orders tried  current cost 5
    W_14: 61155s  139,072,963,800 steps   711197 feasible sets         0 orders tried  current cost 10
    W_14: 61170s  139,108,429,800 steps   711387 feasible sets         0 orders tried  current cost 4
    W_14: 61185s  139,143,864,000 steps   711540 feasible sets         0 orders tried  current cost 12
    W_14: 61200s  139,179,443,400 steps   711739 feasible sets         0 orders tried  current cost 10
    W_14: 61215s  139,215,084,800 steps   711902 feasible sets         0 orders tried  current cost 7
    W_14: 61230s  139,249,999,600 steps   712114 feasible sets         0 orders tried  current cost 2
    W_14: 61245s  139,285,415,200 steps   712259 feasible sets         0 orders tried  current cost 3
    W_14: 61260s  139,320,331,400 steps   712437 feasible sets         0 orders tried  current cost 3
    W_14: 61275s  139,355,595,800 steps   712628 feasible sets         0 orders tried  current cost 1
    W_14: 61290s  139,390,778,200 steps   712808 feasible sets         0 orders tried  current cost 4
    W_14: 61305s  139,425,692,000 steps   712969 feasible sets         0 orders tried  current cost 2
    W_14: 61320s  139,461,041,200 steps   713107 feasible sets         0 orders tried  current cost 10
    W_14: 61335s  139,496,246,000 steps   713277 feasible sets         0 orders tried  current cost 7
    W_14: 61350s  139,531,015,200 steps   713450 feasible sets         0 orders tried  current cost 4
    W_14: 61365s  139,566,483,800 steps   713601 feasible sets         0 orders tried  current cost 8
    W_14: 61380s  139,601,443,600 steps   713800 feasible sets         0 orders tried  current cost 12
    W_14: 61395s  139,636,318,200 steps   713925 feasible sets         0 orders tried  current cost 3
    W_14: 61410s  139,671,344,000 steps   714106 feasible sets         0 orders tried  current cost 12
    W_14: 61425s  139,706,816,800 steps   714273 feasible sets         0 orders tried  current cost 2
    W_14: 61440s  139,741,652,600 steps   714458 feasible sets         0 orders tried  current cost 4
    W_14: 61455s  139,777,060,200 steps   714651 feasible sets         0 orders tried  current cost 16
    W_14: 61470s  139,812,077,800 steps   714810 feasible sets         0 orders tried  current cost 1
    W_14: 61485s  139,847,344,600 steps   714984 feasible sets         0 orders tried  current cost 7
    W_14: 61500s  139,882,668,400 steps   715144 feasible sets         0 orders tried  current cost 3
    W_14: 61515s  139,917,984,800 steps   715310 feasible sets         0 orders tried  current cost 12
    W_14: 61530s  139,952,966,000 steps   715482 feasible sets         0 orders tried  current cost 6
    W_14: 61545s  139,987,923,800 steps   715676 feasible sets         0 orders tried  current cost 16
    W_14: 61560s  140,022,880,800 steps   715843 feasible sets         0 orders tried  current cost 10
    W_14: 61575s  140,057,885,200 steps   715991 feasible sets         0 orders tried  current cost 7
    W_14: 61590s  140,092,920,400 steps   716165 feasible sets         0 orders tried  current cost 15
    W_14: 61605s  140,128,012,800 steps   716334 feasible sets         0 orders tried  current cost 4
    W_14: 61620s  140,163,408,000 steps   716536 feasible sets         0 orders tried  current cost 7
    W_14: 61635s  140,198,270,200 steps   716740 feasible sets         0 orders tried  current cost 3
    W_14: 61650s  140,233,575,000 steps   716918 feasible sets         0 orders tried  current cost 4
    W_14: 61665s  140,268,669,000 steps   717093 feasible sets         0 orders tried  current cost 4
    W_14: 61680s  140,303,839,800 steps   717256 feasible sets         0 orders tried  current cost 3
    W_14: 61695s  140,339,450,600 steps   717425 feasible sets         0 orders tried  current cost 8
    W_14: 61710s  140,374,383,400 steps   717609 feasible sets         0 orders tried  current cost 11
    W_14: 61725s  140,409,541,600 steps   717824 feasible sets         0 orders tried  current cost 12
    W_14: 61740s  140,444,291,000 steps   718006 feasible sets         0 orders tried  current cost 4
    W_14: 61755s  140,479,488,800 steps   718171 feasible sets         0 orders tried  current cost 6
    W_14: 61770s  140,514,277,200 steps   718334 feasible sets         0 orders tried  current cost 1
    W_14: 61785s  140,549,732,800 steps   718561 feasible sets         0 orders tried  current cost 2
    W_14: 61800s  140,585,159,400 steps   718733 feasible sets         0 orders tried  current cost 1
    W_14: 61815s  140,619,900,400 steps   718875 feasible sets         0 orders tried  current cost 15
    W_14: 61830s  140,655,178,800 steps   719027 feasible sets         0 orders tried  current cost 4
    W_14: 61845s  140,690,622,200 steps   719242 feasible sets         0 orders tried  current cost 10
    W_14: 61860s  140,726,170,800 steps   719447 feasible sets         0 orders tried  current cost 4
    W_14: 61875s  140,761,125,400 steps   719610 feasible sets         0 orders tried  current cost 7
    W_14: 61890s  140,796,263,600 steps   719804 feasible sets         0 orders tried  current cost 9
    W_14: 61905s  140,831,176,000 steps   719993 feasible sets         0 orders tried  current cost 3
    W_14: 61920s  140,866,326,600 steps   720177 feasible sets         0 orders tried  current cost 9
    W_14: 61935s  140,901,217,000 steps   720398 feasible sets         0 orders tried  current cost 4
    W_14: 61950s  140,936,396,000 steps   720575 feasible sets         0 orders tried  current cost 1
    W_14: 61965s  140,971,714,800 steps   720762 feasible sets         0 orders tried  current cost 4
    W_14: 61980s  141,006,729,400 steps   720964 feasible sets         0 orders tried  current cost 5
    W_14: 61995s  141,041,933,600 steps   721165 feasible sets         0 orders tried  current cost 2
    W_14: 62010s  141,077,073,600 steps   721349 feasible sets         0 orders tried  current cost 2
    W_14: 62025s  141,112,640,800 steps   721522 feasible sets         0 orders tried  current cost 12
    W_14: 62040s  141,147,940,200 steps   721684 feasible sets         0 orders tried  current cost 13
    W_14: 62055s  141,183,030,200 steps   721845 feasible sets         0 orders tried  current cost 5
    W_14: 62070s  141,218,419,200 steps   721992 feasible sets         0 orders tried  current cost 2
    W_14: 62085s  141,253,392,400 steps   722218 feasible sets         0 orders tried  current cost 4
    W_14: 62100s  141,288,527,400 steps   722401 feasible sets         0 orders tried  current cost 8
    W_14: 62115s  141,323,685,000 steps   722538 feasible sets         0 orders tried  current cost 7
    W_14: 62130s  141,358,374,800 steps   722678 feasible sets         0 orders tried  current cost 5
    W_14: 62145s  141,393,524,400 steps   722818 feasible sets         0 orders tried  current cost 8
    W_14: 62160s  141,428,799,600 steps   722995 feasible sets         0 orders tried  current cost 2
    W_14: 62175s  141,464,440,600 steps   723188 feasible sets         0 orders tried  current cost 13
    W_14: 62190s  141,499,707,400 steps   723402 feasible sets         0 orders tried  current cost 4
    W_14: 62205s  141,534,885,400 steps   723572 feasible sets         0 orders tried  current cost 8
    W_14: 62220s  141,570,171,800 steps   723738 feasible sets         0 orders tried  current cost 1
    W_14: 62235s  141,605,425,800 steps   723945 feasible sets         0 orders tried  current cost 7
    W_14: 62250s  141,640,853,400 steps   724121 feasible sets         0 orders tried  current cost 3
    W_14: 62265s  141,676,002,200 steps   724315 feasible sets         0 orders tried  current cost 9
    W_14: 62280s  141,710,937,600 steps   724483 feasible sets         0 orders tried  current cost 2
    W_14: 62295s  141,745,649,800 steps   724701 feasible sets         0 orders tried  current cost 5
    W_14: 62310s  141,780,858,600 steps   724896 feasible sets         0 orders tried  current cost 3
    W_14: 62325s  141,815,970,800 steps   725083 feasible sets         0 orders tried  current cost 4
    W_14: 62340s  141,850,768,600 steps   725288 feasible sets         0 orders tried  current cost 3
    W_14: 62355s  141,886,438,800 steps   725481 feasible sets         0 orders tried  current cost 1
    W_14: 62370s  141,921,727,400 steps   725621 feasible sets         0 orders tried  current cost 8
    W_14: 62385s  141,957,100,800 steps   725838 feasible sets         0 orders tried  current cost 12
    W_14: 62400s  141,991,828,400 steps   726041 feasible sets         0 orders tried  current cost 4
    W_14: 62415s  142,026,807,000 steps   726228 feasible sets         0 orders tried  current cost 6
    W_14: 62430s  142,062,440,000 steps   726421 feasible sets         0 orders tried  current cost 3
    W_14: 62445s  142,097,508,200 steps   726594 feasible sets         0 orders tried  current cost 5
    W_14: 62460s  142,132,443,200 steps   726796 feasible sets         0 orders tried  current cost 10
    W_14: 62475s  142,167,912,000 steps   726965 feasible sets         0 orders tried  current cost 5
    W_14: 62490s  142,203,333,800 steps   727140 feasible sets         0 orders tried  current cost 3
    W_14: 62505s  142,238,757,000 steps   727305 feasible sets         0 orders tried  current cost 3
    W_14: 62520s  142,274,090,000 steps   727490 feasible sets         0 orders tried  current cost 10
    W_14: 62535s  142,309,338,200 steps   727711 feasible sets         0 orders tried  current cost 2
    W_14: 62550s  142,344,608,800 steps   727874 feasible sets         0 orders tried  current cost 5
    W_14: 62565s  142,379,768,600 steps   728064 feasible sets         0 orders tried  current cost 5
    W_14: 62580s  142,414,776,800 steps   728223 feasible sets         0 orders tried  current cost 3
    W_14: 62595s  142,449,600,000 steps   728377 feasible sets         0 orders tried  current cost 2
    W_14: 62610s  142,484,682,400 steps   728590 feasible sets         0 orders tried  current cost 10
    W_14: 62625s  142,519,597,000 steps   728734 feasible sets         0 orders tried  current cost 3
    W_14: 62640s  142,554,903,800 steps   728920 feasible sets         0 orders tried  current cost 8
    W_14: 62655s  142,589,883,600 steps   729093 feasible sets         0 orders tried  current cost 11
    W_14: 62670s  142,625,245,400 steps   729248 feasible sets         0 orders tried  current cost 7
    W_14: 62685s  142,660,171,400 steps   729409 feasible sets         0 orders tried  current cost 4
    W_14: 62700s  142,694,932,000 steps   729608 feasible sets         0 orders tried  current cost 3
    W_14: 62715s  142,730,069,600 steps   729748 feasible sets         0 orders tried  current cost 3
    W_14: 62730s  142,764,934,000 steps   729951 feasible sets         0 orders tried  current cost 3
    W_14: 62745s  142,800,082,400 steps   730111 feasible sets         0 orders tried  current cost 10
    W_14: 62760s  142,834,976,400 steps   730292 feasible sets         0 orders tried  current cost 2
    W_14: 62775s  142,870,407,000 steps   730507 feasible sets         0 orders tried  current cost 5
    W_14: 62790s  142,905,618,400 steps   730690 feasible sets         0 orders tried  current cost 1
    W_14: 62805s  142,940,767,800 steps   730862 feasible sets         0 orders tried  current cost 6
    W_14: 62820s  142,976,353,400 steps   731016 feasible sets         0 orders tried  current cost 2
    W_14: 62835s  143,011,717,000 steps   731179 feasible sets         0 orders tried  current cost 3
    W_14: 62850s  143,046,848,800 steps   731370 feasible sets         0 orders tried  current cost 7
    W_14: 62865s  143,082,240,400 steps   731545 feasible sets         0 orders tried  current cost 26
    W_14: 62880s  143,117,265,000 steps   731726 feasible sets         0 orders tried  current cost 7
    W_14: 62895s  143,151,989,400 steps   731837 feasible sets         0 orders tried  current cost 7
    W_14: 62910s  143,186,886,600 steps   732028 feasible sets         0 orders tried  current cost 8
    W_14: 62925s  143,221,795,800 steps   732241 feasible sets         0 orders tried  current cost 2
    W_14: 62940s  143,256,984,000 steps   732439 feasible sets         0 orders tried  current cost 7
    W_14: 62955s  143,292,130,800 steps   732651 feasible sets         0 orders tried  current cost 4
    W_14: 62970s  143,327,115,400 steps   732829 feasible sets         0 orders tried  current cost 4
    W_14: 62985s  143,362,292,800 steps   733010 feasible sets         0 orders tried  current cost 4
    W_14: 63000s  143,397,443,400 steps   733210 feasible sets         0 orders tried  current cost 6
    W_14: 63015s  143,432,712,400 steps   733399 feasible sets         0 orders tried  current cost 4
    W_14: 63030s  143,467,996,000 steps   733552 feasible sets         0 orders tried  current cost 3
    W_14: 63045s  143,502,502,000 steps   733735 feasible sets         0 orders tried  current cost 10
    W_14: 63060s  143,537,780,200 steps   733921 feasible sets         0 orders tried  current cost 16
    W_14: 63075s  143,571,191,600 steps   734084 feasible sets         0 orders tried  current cost 1
    W_14: 63090s  143,605,223,400 steps   734292 feasible sets         0 orders tried  current cost 10
    W_14: 63105s  143,639,353,200 steps   734467 feasible sets         0 orders tried  current cost 3
    W_14: 63120s  143,673,345,800 steps   734657 feasible sets         0 orders tried  current cost 8
    W_14: 63135s  143,707,194,400 steps   734820 feasible sets         0 orders tried  current cost 4
    W_14: 63150s  143,740,694,200 steps   735005 feasible sets         0 orders tried  current cost 3
    W_14: 63165s  143,775,201,200 steps   735174 feasible sets         0 orders tried  current cost 12
    W_14: 63180s  143,809,620,800 steps   735320 feasible sets         0 orders tried  current cost 11
    W_14: 63195s  143,843,290,200 steps   735471 feasible sets         0 orders tried  current cost 5
    W_14: 63210s  143,877,344,400 steps   735611 feasible sets         0 orders tried  current cost 8
    W_14: 63225s  143,911,404,800 steps   735751 feasible sets         0 orders tried  current cost 8
    W_14: 63240s  143,946,048,400 steps   735909 feasible sets         0 orders tried  current cost 7
    W_14: 63255s  143,980,526,400 steps   736125 feasible sets         0 orders tried  current cost 6
    W_14: 63270s  144,013,091,000 steps   736309 feasible sets         0 orders tried  current cost 3
    W_14: 63285s  144,046,880,400 steps   736492 feasible sets         0 orders tried  current cost 12
    W_14: 63300s  144,079,491,600 steps   736673 feasible sets         0 orders tried  current cost 7
    W_14: 63315s  144,114,104,000 steps   736834 feasible sets         0 orders tried  current cost 8
    W_14: 63330s  144,149,127,800 steps   736964 feasible sets         0 orders tried  current cost 5
    W_14: 63345s  144,184,533,200 steps   737120 feasible sets         0 orders tried  current cost 4
    W_14: 63360s  144,219,123,400 steps   737291 feasible sets         0 orders tried  current cost 6
    W_14: 63375s  144,254,308,600 steps   737471 feasible sets         0 orders tried  current cost 8
    W_14: 63390s  144,289,152,600 steps   737641 feasible sets         0 orders tried  current cost 3
    W_14: 63405s  144,324,103,400 steps   737828 feasible sets         0 orders tried  current cost 11
    W_14: 63420s  144,358,936,800 steps   738028 feasible sets         0 orders tried  current cost 3
    W_14: 63435s  144,393,756,800 steps   738254 feasible sets         0 orders tried  current cost 4
    W_14: 63450s  144,428,339,800 steps   738478 feasible sets         0 orders tried  current cost 3
    W_14: 63465s  144,463,201,000 steps   738655 feasible sets         0 orders tried  current cost 17
    W_14: 63480s  144,497,892,600 steps   738805 feasible sets         0 orders tried  current cost 1
    W_14: 63495s  144,532,866,200 steps   739003 feasible sets         0 orders tried  current cost 14
    W_14: 63510s  144,568,031,400 steps   739165 feasible sets         0 orders tried  current cost 3
    W_14: 63525s  144,603,358,200 steps   739361 feasible sets         0 orders tried  current cost 2
    W_14: 63540s  144,638,577,200 steps   739590 feasible sets         0 orders tried  current cost 1
    W_14: 63555s  144,673,606,200 steps   739788 feasible sets         0 orders tried  current cost 12
    W_14: 63570s  144,708,402,800 steps   739964 feasible sets         0 orders tried  current cost 11
    W_14: 63585s  144,743,298,000 steps   740131 feasible sets         0 orders tried  current cost 3
    W_14: 63600s  144,777,931,000 steps   740309 feasible sets         0 orders tried  current cost 6
    W_14: 63615s  144,813,013,400 steps   740474 feasible sets         0 orders tried  current cost 1
    W_14: 63630s  144,848,431,600 steps   740658 feasible sets         0 orders tried  current cost 1
    W_14: 63645s  144,883,219,400 steps   740809 feasible sets         0 orders tried  current cost 2
    W_14: 63660s  144,917,982,000 steps   740977 feasible sets         0 orders tried  current cost 14
    W_14: 63675s  144,952,812,600 steps   741170 feasible sets         0 orders tried  current cost 2
    W_14: 63690s  144,987,468,800 steps   741363 feasible sets         0 orders tried  current cost 7
    W_14: 63705s  145,022,317,000 steps   741519 feasible sets         0 orders tried  current cost 3
    W_14: 63720s  145,057,237,400 steps   741674 feasible sets         0 orders tried  current cost 2
    W_14: 63735s  145,091,672,400 steps   741838 feasible sets         0 orders tried  current cost 4
    W_14: 63750s  145,126,566,400 steps   742029 feasible sets         0 orders tried  current cost 6
    W_14: 63765s  145,161,772,000 steps   742210 feasible sets         0 orders tried  current cost 5
    W_14: 63780s  145,197,277,200 steps   742438 feasible sets         0 orders tried  current cost 4
    W_14: 63795s  145,232,508,000 steps   742601 feasible sets         0 orders tried  current cost 5
    W_14: 63810s  145,267,346,400 steps   742784 feasible sets         0 orders tried  current cost 7
    W_14: 63825s  145,302,612,600 steps   743015 feasible sets         0 orders tried  current cost 4
    W_14: 63840s  145,337,815,600 steps   743182 feasible sets         0 orders tried  current cost 1
    W_14: 63855s  145,372,823,800 steps   743325 feasible sets         0 orders tried  current cost 9
    W_14: 63870s  145,407,796,600 steps   743490 feasible sets         0 orders tried  current cost 5
    W_14: 63885s  145,442,364,200 steps   743680 feasible sets         0 orders tried  current cost 7
    W_14: 63900s  145,477,497,200 steps   743832 feasible sets         0 orders tried  current cost 4
    W_14: 63915s  145,512,518,000 steps   743981 feasible sets         0 orders tried  current cost 3
    W_14: 63930s  145,546,761,200 steps   744153 feasible sets         0 orders tried  current cost 8
    W_14: 63945s  145,581,541,000 steps   744338 feasible sets         0 orders tried  current cost 17
    W_14: 63960s  145,616,418,200 steps   744500 feasible sets         0 orders tried  current cost 3
    W_14: 63975s  145,650,998,000 steps   744705 feasible sets         0 orders tried  current cost 2
    W_14: 63990s  145,685,344,000 steps   744867 feasible sets         0 orders tried  current cost 11
    W_14: 64005s  145,720,262,200 steps   745036 feasible sets         0 orders tried  current cost 11
    W_14: 64020s  145,755,191,600 steps   745225 feasible sets         0 orders tried  current cost 4
    W_14: 64035s  145,790,275,200 steps   745416 feasible sets         0 orders tried  current cost 2
    W_14: 64050s  145,824,686,800 steps   745625 feasible sets         0 orders tried  current cost 9
    W_14: 64065s  145,859,753,200 steps   745808 feasible sets         0 orders tried  current cost 3
    W_14: 64080s  145,894,024,600 steps   745992 feasible sets         0 orders tried  current cost 9
    W_14: 64095s  145,928,652,000 steps   746154 feasible sets         0 orders tried  current cost 4
    W_14: 64110s  145,963,303,000 steps   746331 feasible sets         0 orders tried  current cost 10
    W_14: 64125s  145,998,260,800 steps   746529 feasible sets         0 orders tried  current cost 16
    W_14: 64140s  146,033,137,200 steps   746746 feasible sets         0 orders tried  current cost 3
    W_14: 64155s  146,068,305,400 steps   746966 feasible sets         0 orders tried  current cost 4
    W_14: 64170s  146,103,234,400 steps   747162 feasible sets         0 orders tried  current cost 1
    W_14: 64185s  146,137,907,000 steps   747352 feasible sets         0 orders tried  current cost 3
    W_14: 64200s  146,172,343,400 steps   747535 feasible sets         0 orders tried  current cost 12
    W_14: 64215s  146,206,802,800 steps   747683 feasible sets         0 orders tried  current cost 13
    W_14: 64230s  146,241,312,400 steps   747874 feasible sets         0 orders tried  current cost 2
    W_14: 64245s  146,276,206,400 steps   748053 feasible sets         0 orders tried  current cost 7
    W_14: 64260s  146,310,748,200 steps   748228 feasible sets         0 orders tried  current cost 4
    W_14: 64275s  146,345,070,400 steps   748357 feasible sets         0 orders tried  current cost 4
    W_14: 64290s  146,380,083,000 steps   748545 feasible sets         0 orders tried  current cost 16
    W_14: 64305s  146,414,683,400 steps   748702 feasible sets         0 orders tried  current cost 9
    W_14: 64320s  146,448,922,000 steps   748883 feasible sets         0 orders tried  current cost 11
    W_14: 64335s  146,482,935,200 steps   749059 feasible sets         0 orders tried  current cost 3
    W_14: 64350s  146,515,941,600 steps   749227 feasible sets         0 orders tried  current cost 8
    W_14: 64365s  146,548,795,200 steps   749371 feasible sets         0 orders tried  current cost 3
    W_14: 64380s  146,581,884,200 steps   749535 feasible sets         0 orders tried  current cost 8
    W_14: 64395s  146,614,836,000 steps   749691 feasible sets         0 orders tried  current cost 3
    W_14: 64410s  146,648,829,400 steps   749861 feasible sets         0 orders tried  current cost 4
    W_14: 64425s  146,682,443,400 steps   750024 feasible sets         0 orders tried  current cost 13
    W_14: 64440s  146,715,134,000 steps   750183 feasible sets         0 orders tried  current cost 2
    W_14: 64455s  146,748,861,800 steps   750358 feasible sets         0 orders tried  current cost 14
    W_14: 64470s  146,782,661,400 steps   750546 feasible sets         0 orders tried  current cost 13
    W_14: 64485s  146,816,946,800 steps   750714 feasible sets         0 orders tried  current cost 6
    W_14: 64500s  146,850,987,600 steps   750931 feasible sets         0 orders tried  current cost 8
    W_14: 64515s  146,885,462,200 steps   751072 feasible sets         0 orders tried  current cost 9
    W_14: 64530s  146,919,991,200 steps   751239 feasible sets         0 orders tried  current cost 4
    W_14: 64545s  146,953,986,000 steps   751421 feasible sets         0 orders tried  current cost 10
    W_14: 64560s  146,987,984,600 steps   751634 feasible sets         0 orders tried  current cost 6
    W_14: 64575s  147,021,179,600 steps   751809 feasible sets         0 orders tried  current cost 1
    W_14: 64590s  147,055,723,000 steps   752009 feasible sets         0 orders tried  current cost 11
    W_14: 64605s  147,090,780,200 steps   752162 feasible sets         0 orders tried  current cost 11
    W_14: 64620s  147,124,677,600 steps   752331 feasible sets         0 orders tried  current cost 3
    W_14: 64635s  147,157,658,000 steps   752511 feasible sets         0 orders tried  current cost 4
    W_14: 64650s  147,191,565,200 steps   752684 feasible sets         0 orders tried  current cost 7
    W_14: 64665s  147,226,631,800 steps   752856 feasible sets         0 orders tried  current cost 5
    W_14: 64680s  147,261,065,800 steps   753032 feasible sets         0 orders tried  current cost 5
    W_14: 64695s  147,295,568,800 steps   753218 feasible sets         0 orders tried  current cost 3
    W_14: 64710s  147,330,326,600 steps   753383 feasible sets         0 orders tried  current cost 3
    W_14: 64725s  147,364,670,800 steps   753533 feasible sets         0 orders tried  current cost 5
    W_14: 64740s  147,398,714,800 steps   753724 feasible sets         0 orders tried  current cost 2
    W_14: 64755s  147,433,447,800 steps   753891 feasible sets         0 orders tried  current cost 4
    W_14: 64770s  147,468,168,200 steps   754098 feasible sets         0 orders tried  current cost 3
    W_14: 64785s  147,502,001,400 steps   754251 feasible sets         0 orders tried  current cost 5
seed=5, time limit 64800s per wheel

W_14  not found   64800s, 754410 feasible sets, 0 orders tried

0/1 wheels solved and independently verified.
A wheel not solved here is undecided, not shown to be impossible: this search is incomplete by design.
