    W_14:    15s  34,367,200 steps      200 feasible sets         0 orders tried  current cost 7
    W_14:    30s  68,998,000 steps      345 feasible sets         0 orders tried  current cost 4
    W_14:    45s  103,690,600 steps      502 feasible sets         0 orders tried  current cost 5
    W_14:    60s  138,225,400 steps      708 feasible sets         0 orders tried  current cost 11
    W_14:    75s  171,811,800 steps      885 feasible sets         0 orders tried  current cost 4
    W_14:    90s  205,641,400 steps     1054 feasible sets         0 orders tried  current cost 15
    W_14:   105s  239,646,400 steps     1195 feasible sets         0 orders tried  current cost 10
    W_14:   120s  273,494,800 steps     1370 feasible sets         0 orders tried  current cost 2
    W_14:   135s  303,805,800 steps     1504 feasible sets         0 orders tried  current cost 5
    W_14:   150s  322,421,000 steps     1605 feasible sets         0 orders tried  current cost 14
    W_14:   165s  356,013,000 steps     1760 feasible sets         0 orders tried  current cost 4
    W_14:   180s  390,064,600 steps     1902 feasible sets         0 orders tried  current cost 4
    W_14:   195s  424,288,200 steps     2075 feasible sets         0 orders tried  current cost 7
    W_14:   210s  458,437,000 steps     2224 feasible sets         0 orders tried  current cost 1
    W_14:   225s  492,930,000 steps     2384 feasible sets         0 orders tried  current cost 4
    W_14:   240s  527,217,200 steps     2542 feasible sets         0 orders tried  current cost 4
    W_14:   255s  561,184,400 steps     2709 feasible sets         0 orders tried  current cost 9
    W_14:   270s  595,225,800 steps     2888 feasible sets         0 orders tried  current cost 7
    W_14:   285s  629,043,200 steps     3034 feasible sets         0 orders tried  current cost 9
    W_14:   300s  663,114,600 steps     3206 feasible sets         0 orders tried  current cost 4
    W_14:   315s  696,725,400 steps     3350 feasible sets         0 orders tried  current cost 8
    W_14:   330s  730,855,200 steps     3514 feasible sets         0 orders tried  current cost 2
    W_14:   345s  765,251,800 steps     3685 feasible sets         0 orders tried  current cost 4
    W_14:   360s  799,066,000 steps     3867 feasible sets         0 orders tried  current cost 9
    W_14:   375s  833,737,200 steps     4037 feasible sets         0 orders tried  current cost 4
    W_14:   390s  867,460,800 steps     4230 feasible sets         0 orders tried  current cost 14
    W_14:   405s  901,621,400 steps     4374 feasible sets         0 orders tried  current cost 13
    W_14:   420s  935,753,600 steps     4553 feasible sets         0 orders tried  current cost 1
    W_14:   435s  969,774,600 steps     4761 feasible sets         0 orders tried  current cost 2
    W_14:   450s  1,003,901,800 steps     4937 feasible sets         0 orders tried  current cost 10
    W_14:   465s  1,037,938,400 steps     5097 feasible sets         0 orders tried  current cost 4
    W_14:   480s  1,072,148,600 steps     5253 feasible sets         0 orders tried  current cost 5
    W_14:   495s  1,105,960,800 steps     5440 feasible sets         0 orders tried  current cost 12
    W_14:   510s  1,139,953,400 steps     5605 feasible sets         0 orders tried  current cost 1
    W_14:   525s  1,173,934,000 steps     5813 feasible sets         0 orders tried  current cost 4
    W_14:   540s  1,208,153,200 steps     5966 feasible sets         0 orders tried  current cost 3
    W_14:   555s  1,242,154,200 steps     6139 feasible sets         0 orders tried  current cost 3
    W_14:   570s  1,276,222,600 steps     6285 feasible sets         0 orders tried  current cost 10
    W_14:   585s  1,309,321,600 steps     6470 feasible sets         0 orders tried  current cost 10
    W_14:   600s  1,343,269,800 steps     6645 feasible sets         0 orders tried  current cost 4
    W_14:   615s  1,377,214,200 steps     6831 feasible sets         0 orders tried  current cost 3
    W_14:   630s  1,410,789,000 steps     6973 feasible sets         0 orders tried  current cost 4
    W_14:   645s  1,444,574,200 steps     7133 feasible sets         0 orders tried  current cost 5
    W_14:   660s  1,478,542,200 steps     7300 feasible sets         0 orders tried  current cost 12
    W_14:   675s  1,512,682,600 steps     7489 feasible sets         0 orders tried  current cost 7
    W_14:   690s  1,546,601,400 steps     7667 feasible sets         0 orders tried  current cost 10
    W_14:   705s  1,581,129,400 steps     7807 feasible sets         0 orders tried  current cost 5
    W_14:   720s  1,615,553,600 steps     7990 feasible sets         0 orders tried  current cost 4
    W_14:   735s  1,649,443,800 steps     8192 feasible sets         0 orders tried  current cost 10
    W_14:   750s  1,683,488,400 steps     8352 feasible sets         0 orders tried  current cost 10
    W_14:   765s  1,717,760,400 steps     8532 feasible sets         0 orders tried  current cost 16
    W_14:   780s  1,751,505,600 steps     8703 feasible sets         0 orders tried  current cost 8
    W_14:   795s  1,785,318,000 steps     8863 feasible sets         0 orders tried  current cost 3
    W_14:   810s  1,819,208,800 steps     9049 feasible sets         0 orders tried  current cost 7
    W_14:   825s  1,844,466,200 steps     9192 feasible sets         0 orders tried  current cost 8
    W_14:   840s  1,863,452,000 steps     9270 feasible sets         0 orders tried  current cost 4
    W_14:   855s  1,897,479,600 steps     9432 feasible sets         0 orders tried  current cost 3
    W_14:   870s  1,931,780,800 steps     9594 feasible sets         0 orders tried  current cost 11
    W_14:   885s  1,966,091,000 steps     9752 feasible sets         0 orders tried  current cost 3
    W_14:   900s  2,000,355,000 steps     9934 feasible sets         0 orders tried  current cost 4
    W_14:   915s  2,034,634,600 steps    10093 feasible sets         0 orders tried  current cost 4
    W_14:   930s  2,068,897,000 steps    10245 feasible sets         0 orders tried  current cost 5
    W_14:   945s  2,103,094,400 steps    10443 feasible sets         0 orders tried  current cost 5
    W_14:   960s  2,136,997,200 steps    10625 feasible sets         0 orders tried  current cost 2
    W_14:   975s  2,170,878,200 steps    10759 feasible sets         0 orders tried  current cost 2
    W_14:   990s  2,204,778,800 steps    10905 feasible sets         0 orders tried  current cost 4
    W_14:  1005s  2,239,133,600 steps    11073 feasible sets         0 orders tried  current cost 3
    W_14:  1020s  2,273,247,600 steps    11241 feasible sets         0 orders tried  current cost 4
    W_14:  1035s  2,307,738,600 steps    11400 feasible sets         0 orders tried  current cost 3
    W_14:  1050s  2,341,534,400 steps    11552 feasible sets         0 orders tried  current cost 3
    W_14:  1065s  2,376,142,000 steps    11674 feasible sets         0 orders tried  current cost 10
    W_14:  1080s  2,410,586,800 steps    11833 feasible sets         0 orders tried  current cost 9
    W_14:  1095s  2,444,841,600 steps    12015 feasible sets         0 orders tried  current cost 11
    W_14:  1110s  2,479,048,800 steps    12199 feasible sets         0 orders tried  current cost 7
    W_14:  1125s  2,513,422,800 steps    12376 feasible sets         0 orders tried  current cost 8
    W_14:  1140s  2,547,810,400 steps    12536 feasible sets         0 orders tried  current cost 4
    W_14:  1155s  2,582,023,000 steps    12713 feasible sets         0 orders tried  current cost 12
    W_14:  1170s  2,615,831,000 steps    12898 feasible sets         0 orders tried  current cost 6
    W_14:  1185s  2,650,010,200 steps    13033 feasible sets         0 orders tried  current cost 1
    W_14:  1200s  2,684,309,400 steps    13212 feasible sets         0 orders tried  current cost 3
    W_14:  1215s  2,718,692,600 steps    13370 feasible sets         0 orders tried  current cost 3
    W_14:  1230s  2,752,649,800 steps    13531 feasible sets         0 orders tried  current cost 5
    W_14:  1245s  2,786,425,800 steps    13711 feasible sets         0 orders tried  current cost 7
    W_14:  1260s  2,820,448,800 steps    13905 feasible sets         0 orders tried  current cost 9
    W_14:  1275s  2,854,461,400 steps    14089 feasible sets         0 orders tried  current cost 10
    W_14:  1290s  2,888,485,200 steps    14254 feasible sets         0 orders tried  current cost 10
    W_14:  1305s  2,922,575,200 steps    14440 feasible sets         0 orders tried  current cost 3
    W_14:  1320s  2,957,037,600 steps    14681 feasible sets         0 orders tried  current cost 1
    W_14:  1335s  2,991,053,600 steps    14869 feasible sets         0 orders tried  current cost 4
    W_14:  1350s  3,023,015,000 steps    15033 feasible sets         0 orders tried  current cost 2
    W_14:  1365s  3,055,762,800 steps    15171 feasible sets         0 orders tried  current cost 13
    W_14:  1380s  3,089,481,000 steps    15369 feasible sets         0 orders tried  current cost 16
    W_14:  1395s  3,122,759,400 steps    15564 feasible sets         0 orders tried  current cost 5
    W_14:  1410s  3,156,313,800 steps    15744 feasible sets         0 orders tried  current cost 3
    W_14:  1425s  3,189,099,800 steps    15874 feasible sets         0 orders tried  current cost 3
    W_14:  1440s  3,222,296,600 steps    16048 feasible sets         0 orders tried  current cost 4
    W_14:  1455s  3,256,510,800 steps    16205 feasible sets         0 orders tried  current cost 2
    W_14:  1470s  3,290,519,000 steps    16352 feasible sets         0 orders tried  current cost 1
    W_14:  1485s  3,324,791,200 steps    16563 feasible sets         0 orders tried  current cost 2
    W_14:  1500s  3,358,369,600 steps    16723 feasible sets         0 orders tried  current cost 2
    W_14:  1515s  3,386,236,600 steps    16872 feasible sets         0 orders tried  current cost 4
    W_14:  1530s  3,403,226,000 steps    16940 feasible sets         0 orders tried  current cost 7
    W_14:  1545s  3,437,827,400 steps    17130 feasible sets         0 orders tried  current cost 6
    W_14:  1560s  3,472,363,000 steps    17297 feasible sets         0 orders tried  current cost 9
    W_14:  1575s  3,506,555,200 steps    17511 feasible sets         0 orders tried  current cost 2
    W_14:  1590s  3,541,128,000 steps    17693 feasible sets         0 orders tried  current cost 7
    W_14:  1605s  3,575,759,200 steps    17864 feasible sets         0 orders tried  current cost 3
    W_14:  1620s  3,610,083,600 steps    18022 feasible sets         0 orders tried  current cost 7
    W_14:  1635s  3,644,534,600 steps    18152 feasible sets         0 orders tried  current cost 3
    W_14:  1650s  3,678,397,000 steps    18326 feasible sets         0 orders tried  current cost 2
    W_14:  1665s  3,712,265,200 steps    18517 feasible sets         0 orders tried  current cost 7
    W_14:  1680s  3,746,600,400 steps    18726 feasible sets         0 orders tried  current cost 12
    W_14:  1695s  3,781,420,000 steps    18919 feasible sets         0 orders tried  current cost 3
    W_14:  1710s  3,816,249,800 steps    19112 feasible sets         0 orders tried  current cost 5
    W_14:  1725s  3,851,453,200 steps    19307 feasible sets         0 orders tried  current cost 4
    W_14:  1740s  3,885,892,400 steps    19483 feasible sets         0 orders tried  current cost 4
    W_14:  1755s  3,920,286,400 steps    19673 feasible sets         0 orders tried  current cost 8
    W_14:  1770s  3,954,505,800 steps    19850 feasible sets         0 orders tried  current cost 6
    W_14:  1785s  3,988,583,400 steps    20014 feasible sets         0 orders tried  current cost 8
    W_14:  1800s  4,022,679,200 steps    20183 feasible sets         0 orders tried  current cost 1
    W_14:  1815s  4,057,091,200 steps    20352 feasible sets         0 orders tried  current cost 4
    W_14:  1830s  4,091,225,400 steps    20520 feasible sets         0 orders tried  current cost 8
    W_14:  1845s  4,125,225,200 steps    20713 feasible sets         0 orders tried  current cost 7
    W_14:  1860s  4,159,564,800 steps    20885 feasible sets         0 orders tried  current cost 9
    W_14:  1875s  4,193,553,000 steps    21050 feasible sets         0 orders tried  current cost 3
    W_14:  1890s  4,227,561,200 steps    21207 feasible sets         0 orders tried  current cost 11
    W_14:  1905s  4,262,033,600 steps    21363 feasible sets         0 orders tried  current cost 3
    W_14:  1920s  4,296,409,000 steps    21542 feasible sets         0 orders tried  current cost 5
    W_14:  1935s  4,331,209,400 steps    21699 feasible sets         0 orders tried  current cost 5
    W_14:  1950s  4,365,399,200 steps    21854 feasible sets         0 orders tried  current cost 5
    W_14:  1965s  4,399,619,400 steps    22016 feasible sets         0 orders tried  current cost 4
    W_14:  1980s  4,434,132,800 steps    22203 feasible sets         0 orders tried  current cost 4
    W_14:  1995s  4,468,656,600 steps    22369 feasible sets         0 orders tried  current cost 3
    W_14:  2010s  4,503,018,200 steps    22520 feasible sets         0 orders tried  current cost 3
    W_14:  2025s  4,537,315,000 steps    22679 feasible sets         0 orders tried  current cost 3
    W_14:  2040s  4,571,172,400 steps    22861 feasible sets         0 orders tried  current cost 4
    W_14:  2055s  4,605,174,400 steps    23024 feasible sets         0 orders tried  current cost 4
    W_14:  2070s  4,639,638,000 steps    23218 feasible sets         0 orders tried  current cost 6
    W_14:  2085s  4,673,642,800 steps    23417 feasible sets         0 orders tried  current cost 10
    W_14:  2100s  4,707,985,600 steps    23603 feasible sets         0 orders tried  current cost 7
    W_14:  2115s  4,742,537,800 steps    23764 feasible sets         0 orders tried  current cost 3
    W_14:  2130s  4,776,856,600 steps    23964 feasible sets         0 orders tried  current cost 4
    W_14:  2145s  4,811,255,200 steps    24169 feasible sets         0 orders tried  current cost 3
    W_14:  2160s  4,845,648,800 steps    24381 feasible sets         0 orders tried  current cost 7
    W_14:  2175s  4,880,299,400 steps    24553 feasible sets         0 orders tried  current cost 3
    W_14:  2190s  4,913,916,000 steps    24716 feasible sets         0 orders tried  current cost 1
    W_14:  2205s  4,946,592,000 steps    24908 feasible sets         0 orders tried  current cost 2
    W_14:  2220s  4,957,854,600 steps    24980 feasible sets         0 orders tried  current cost 4
    W_14:  2235s  4,990,761,000 steps    25143 feasible sets         0 orders tried  current cost 9
    W_14:  2250s  5,025,111,400 steps    25345 feasible sets         0 orders tried  current cost 3
    W_14:  2265s  5,059,583,600 steps    25556 feasible sets         0 orders tried  current cost 10
    W_14:  2280s  5,093,858,800 steps    25743 feasible sets         0 orders tried  current cost 4
    W_14:  2295s  5,127,958,400 steps    25892 feasible sets         0 orders tried  current cost 1
    W_14:  2310s  5,162,028,200 steps    26051 feasible sets         0 orders tried  current cost 4
    W_14:  2325s  5,196,165,800 steps    26185 feasible sets         0 orders tried  current cost 1
    W_14:  2340s  5,230,628,800 steps    26369 feasible sets         0 orders tried  current cost 5
    W_14:  2355s  5,265,162,600 steps    26535 feasible sets         0 orders tried  current cost 11
    W_14:  2370s  5,299,761,800 steps    26709 feasible sets         0 orders tried  current cost 11
    W_14:  2385s  5,334,116,400 steps    26883 feasible sets         0 orders tried  current cost 3
    W_14:  2400s  5,368,433,600 steps    27132 feasible sets         0 orders tried  current cost 3
    W_14:  2415s  5,402,912,800 steps    27270 feasible sets         0 orders tried  current cost 4
    W_14:  2430s  5,436,996,600 steps    27395 feasible sets         0 orders tried  current cost 3
    W_14:  2445s  5,471,329,200 steps    27564 feasible sets         0 orders tried  current cost 4
    W_14:  2460s  5,505,431,600 steps    27755 feasible sets         0 orders tried  current cost 2
    W_14:  2475s  5,539,305,600 steps    27934 feasible sets         0 orders tried  current cost 10
    W_14:  2490s  5,572,688,200 steps    28094 feasible sets         0 orders tried  current cost 3
    W_14:  2505s  5,606,897,600 steps    28270 feasible sets         0 orders tried  current cost 3
    W_14:  2520s  5,640,986,800 steps    28429 feasible sets         0 orders tried  current cost 5
    W_14:  2535s  5,674,938,200 steps    28596 feasible sets         0 orders tried  current cost 4
    W_14:  2550s  5,709,515,800 steps    28759 feasible sets         0 orders tried  current cost 3
    W_14:  2565s  5,743,956,400 steps    28914 feasible sets         0 orders tried  current cost 4
    W_14:  2580s  5,778,269,400 steps    29074 feasible sets         0 orders tried  current cost 3
    W_14:  2595s  5,812,331,200 steps    29254 feasible sets         0 orders tried  current cost 3
    W_14:  2610s  5,846,511,000 steps    29427 feasible sets         0 orders tried  current cost 8
    W_14:  2625s  5,880,723,400 steps    29577 feasible sets         0 orders tried  current cost 10
    W_14:  2640s  5,915,135,800 steps    29705 feasible sets         0 orders tried  current cost 4
    W_14:  2655s  5,949,098,000 steps    29881 feasible sets         0 orders tried  current cost 2
    W_14:  2670s  5,983,375,400 steps    30055 feasible sets         0 orders tried  current cost 4
    W_14:  2685s  6,017,477,200 steps    30224 feasible sets         0 orders tried  current cost 2
    W_14:  2700s  6,051,525,200 steps    30398 feasible sets         0 orders tried  current cost 8
    W_14:  2715s  6,086,189,200 steps    30581 feasible sets         0 orders tried  current cost 2
    W_14:  2730s  6,120,621,800 steps    30745 feasible sets         0 orders tried  current cost 13
    W_14:  2745s  6,155,020,200 steps    30900 feasible sets         0 orders tried  current cost 18
    W_14:  2760s  6,189,355,200 steps    31056 feasible sets         0 orders tried  current cost 3
    W_14:  2775s  6,223,478,400 steps    31249 feasible sets         0 orders tried  current cost 3
    W_14:  2790s  6,257,336,200 steps    31401 feasible sets         0 orders tried  current cost 1
    W_14:  2805s  6,291,681,000 steps    31541 feasible sets         0 orders tried  current cost 11
    W_14:  2820s  6,326,169,000 steps    31697 feasible sets         0 orders tried  current cost 4
    W_14:  2835s  6,360,454,800 steps    31875 feasible sets         0 orders tried  current cost 3
    W_14:  2850s  6,394,378,000 steps    32049 feasible sets         0 orders tried  current cost 2
    W_14:  2865s  6,428,881,200 steps    32231 feasible sets         0 orders tried  current cost 18
    W_14:  2880s  6,463,338,000 steps    32426 feasible sets         0 orders tried  current cost 4
    W_14:  2895s  6,497,630,000 steps    32618 feasible sets         0 orders tried  current cost 4
    W_14:  2910s  6,531,809,000 steps    32807 feasible sets         0 orders tried  current cost 6
    W_14:  2925s  6,565,887,800 steps    32985 feasible sets         0 orders tried  current cost 4
    W_14:  2940s  6,599,944,000 steps    33132 feasible sets         0 orders tried  current cost 12
    W_14:  2955s  6,634,601,800 steps    33309 feasible sets         0 orders tried  current cost 8
    W_14:  2970s  6,669,087,200 steps    33493 feasible sets         0 orders tried  current cost 5
    W_14:  2985s  6,703,515,000 steps    33665 feasible sets         0 orders tried  current cost 3
    W_14:  3000s  6,737,937,600 steps    33843 feasible sets         0 orders tried  current cost 3
    W_14:  3015s  6,772,288,600 steps    33986 feasible sets         0 orders tried  current cost 8
    W_14:  3030s  6,806,521,600 steps    34196 feasible sets         0 orders tried  current cost 10
    W_14:  3045s  6,840,727,200 steps    34371 feasible sets         0 orders tried  current cost 6
    W_14:  3060s  6,874,712,800 steps    34553 feasible sets         0 orders tried  current cost 3
    W_14:  3075s  6,908,533,800 steps    34771 feasible sets         0 orders tried  current cost 2
    W_14:  3090s  6,942,799,600 steps    34971 feasible sets         0 orders tried  current cost 3
    W_14:  3105s  6,976,915,000 steps    35114 feasible sets         0 orders tried  current cost 2
    W_14:  3120s  7,010,997,000 steps    35317 feasible sets         0 orders tried  current cost 3
    W_14:  3135s  7,045,081,600 steps    35452 feasible sets         0 orders tried  current cost 11
    W_14:  3150s  7,079,575,000 steps    35636 feasible sets         0 orders tried  current cost 4
    W_14:  3165s  7,114,107,000 steps    35817 feasible sets         0 orders tried  current cost 7
    W_14:  3180s  7,147,916,000 steps    36029 feasible sets         0 orders tried  current cost 3
    W_14:  3195s  7,182,074,400 steps    36169 feasible sets         0 orders tried  current cost 5
    W_14:  3210s  7,216,533,800 steps    36343 feasible sets         0 orders tried  current cost 3
    W_14:  3225s  7,250,562,400 steps    36514 feasible sets         0 orders tried  current cost 11
    W_14:  3240s  7,285,329,400 steps    36689 feasible sets         0 orders tried  current cost 6
    W_14:  3255s  7,319,727,400 steps    36872 feasible sets         0 orders tried  current cost 2
    W_14:  3270s  7,353,879,800 steps    37034 feasible sets         0 orders tried  current cost 3
    W_14:  3285s  7,387,582,600 steps    37139 feasible sets         0 orders tried  current cost 10
    W_14:  3300s  7,422,070,200 steps    37318 feasible sets         0 orders tried  current cost 4
    W_14:  3315s  7,456,289,400 steps    37441 feasible sets         0 orders tried  current cost 7
    W_14:  3330s  7,490,966,800 steps    37602 feasible sets         0 orders tried  current cost 7
    W_14:  3345s  7,525,397,400 steps    37756 feasible sets         0 orders tried  current cost 2
    W_14:  3360s  7,558,941,600 steps    37931 feasible sets         0 orders tried  current cost 11
    W_14:  3375s  7,575,704,000 steps    37990 feasible sets         0 orders tried  current cost 11
    W_14:  3390s  7,607,765,000 steps    38147 feasible sets         0 orders tried  current cost 7
    W_14:  3405s  7,641,660,800 steps    38325 feasible sets         0 orders tried  current cost 15
    W_14:  3420s  7,675,422,800 steps    38466 feasible sets         0 orders tried  current cost 11
    W_14:  3435s  7,709,551,000 steps    38633 feasible sets         0 orders tried  current cost 3
    W_14:  3450s  7,743,660,600 steps    38822 feasible sets         0 orders tried  current cost 12
    W_14:  3465s  7,777,809,200 steps    39007 feasible sets         0 orders tried  current cost 3
    W_14:  3480s  7,812,063,200 steps    39173 feasible sets         0 orders tried  current cost 10
    W_14:  3495s  7,846,332,600 steps    39342 feasible sets         0 orders tried  current cost 4
    W_14:  3510s  7,879,861,000 steps    39538 feasible sets         0 orders tried  current cost 8
    W_14:  3525s  7,913,823,800 steps    39738 feasible sets         0 orders tried  current cost 8
    W_14:  3540s  7,947,959,400 steps    39921 feasible sets         0 orders tried  current cost 4
    W_14:  3555s  7,982,148,800 steps    40064 feasible sets         0 orders tried  current cost 3
    W_14:  3570s  8,016,212,200 steps    40233 feasible sets         0 orders tried  current cost 4
    W_14:  3585s  8,050,310,800 steps    40455 feasible sets         0 orders tried  current cost 6
    W_14:  3600s  8,084,287,400 steps    40603 feasible sets         0 orders tried  current cost 8
    W_14:  3615s  8,118,429,800 steps    40779 feasible sets         0 orders tried  current cost 4
    W_14:  3630s  8,152,695,000 steps    40956 feasible sets         0 orders tried  current cost 3
    W_14:  3645s  8,186,682,800 steps    41103 feasible sets         0 orders tried  current cost 7
    W_14:  3660s  8,220,496,600 steps    41284 feasible sets         0 orders tried  current cost 3
    W_14:  3675s  8,254,451,000 steps    41421 feasible sets         0 orders tried  current cost 7
    W_14:  3690s  8,288,255,000 steps    41594 feasible sets         0 orders tried  current cost 2
    W_14:  3705s  8,322,432,400 steps    41772 feasible sets         0 orders tried  current cost 5
    W_14:  3720s  8,356,531,200 steps    41945 feasible sets         0 orders tried  current cost 3
    W_14:  3735s  8,390,505,800 steps    42103 feasible sets         0 orders tried  current cost 7
    W_14:  3750s  8,424,541,800 steps    42266 feasible sets         0 orders tried  current cost 11
    W_14:  3765s  8,458,733,800 steps    42418 feasible sets         0 orders tried  current cost 3
    W_14:  3780s  8,493,042,200 steps    42610 feasible sets         0 orders tried  current cost 9
    W_14:  3795s  8,527,252,800 steps    42752 feasible sets         0 orders tried  current cost 2
    W_14:  3810s  8,561,461,200 steps    42924 feasible sets         0 orders tried  current cost 9
    W_14:  3825s  8,595,757,400 steps    43082 feasible sets         0 orders tried  current cost 5
    W_14:  3840s  8,629,823,600 steps    43286 feasible sets         0 orders tried  current cost 8
    W_14:  3855s  8,663,963,400 steps    43476 feasible sets         0 orders tried  current cost 9
    W_14:  3870s  8,698,112,400 steps    43616 feasible sets         0 orders tried  current cost 1
    W_14:  3885s  8,732,509,000 steps    43764 feasible sets         0 orders tried  current cost 5
    W_14:  3900s  8,766,934,200 steps    43903 feasible sets         0 orders tried  current cost 2
    W_14:  3915s  8,801,158,600 steps    44111 feasible sets         0 orders tried  current cost 3
    W_14:  3930s  8,834,721,800 steps    44270 feasible sets         0 orders tried  current cost 10
    W_14:  3945s  8,868,752,400 steps    44462 feasible sets         0 orders tried  current cost 1
    W_14:  3960s  8,903,060,600 steps    44673 feasible sets         0 orders tried  current cost 13
    W_14:  3975s  8,937,039,000 steps    44826 feasible sets         0 orders tried  current cost 4
    W_14:  3990s  8,971,186,600 steps    44982 feasible sets         0 orders tried  current cost 9
    W_14:  4005s  9,005,614,600 steps    45176 feasible sets         0 orders tried  current cost 4
    W_14:  4020s  9,040,005,000 steps    45341 feasible sets         0 orders tried  current cost 8
    W_14:  4035s  9,073,865,200 steps    45520 feasible sets         0 orders tried  current cost 9
    W_14:  4050s  9,108,261,200 steps    45681 feasible sets         0 orders tried  current cost 10
    W_14:  4065s  9,142,734,400 steps    45878 feasible sets         0 orders tried  current cost 3
    W_14:  4080s  9,177,077,200 steps    46066 feasible sets         0 orders tried  current cost 3
    W_14:  4095s  9,211,167,600 steps    46258 feasible sets         0 orders tried  current cost 5
    W_14:  4110s  9,245,795,400 steps    46445 feasible sets         0 orders tried  current cost 3
    W_14:  4125s  9,280,140,600 steps    46608 feasible sets         0 orders tried  current cost 12
    W_14:  4140s  9,314,278,400 steps    46795 feasible sets         0 orders tried  current cost 5
    W_14:  4155s  9,347,999,800 steps    46987 feasible sets         0 orders tried  current cost 4
    W_14:  4170s  9,382,019,000 steps    47143 feasible sets         0 orders tried  current cost 2
    W_14:  4185s  9,416,161,800 steps    47358 feasible sets         0 orders tried  current cost 11
    W_14:  4200s  9,450,270,600 steps    47556 feasible sets         0 orders tried  current cost 2
    W_14:  4215s  9,484,069,600 steps    47719 feasible sets         0 orders tried  current cost 5
    W_14:  4230s  9,517,914,800 steps    47876 feasible sets         0 orders tried  current cost 4
    W_14:  4245s  9,551,895,000 steps    48044 feasible sets         0 orders tried  current cost 3
    W_14:  4260s  9,585,623,600 steps    48202 feasible sets         0 orders tried  current cost 12
    W_14:  4275s  9,619,635,600 steps    48374 feasible sets         0 orders tried  current cost 4
    W_14:  4290s  9,654,072,200 steps    48537 feasible sets         0 orders tried  current cost 2
    W_14:  4305s  9,687,970,800 steps    48711 feasible sets         0 orders tried  current cost 4
    W_14:  4320s  9,722,058,400 steps    48866 feasible sets         0 orders tried  current cost 4
    W_14:  4335s  9,756,449,800 steps    49029 feasible sets         0 orders tried  current cost 5
    W_14:  4350s  9,790,369,200 steps    49202 feasible sets         0 orders tried  current cost 4
    W_14:  4365s  9,824,435,800 steps    49373 feasible sets         0 orders tried  current cost 3
    W_14:  4380s  9,858,645,400 steps    49544 feasible sets         0 orders tried  current cost 7
    W_14:  4395s  9,892,452,800 steps    49709 feasible sets         0 orders tried  current cost 4
    W_14:  4410s  9,926,562,200 steps    49881 feasible sets         0 orders tried  current cost 14
    W_14:  4425s  9,960,743,000 steps    50043 feasible sets         0 orders tried  current cost 15
    W_14:  4440s  9,994,599,800 steps    50194 feasible sets         0 orders tried  current cost 3
    W_14:  4455s  10,028,781,600 steps    50368 feasible sets         0 orders tried  current cost 15
    W_14:  4470s  10,063,100,600 steps    50582 feasible sets         0 orders tried  current cost 8
    W_14:  4485s  10,096,461,400 steps    50759 feasible sets         0 orders tried  current cost 13
    W_14:  4500s  10,130,739,600 steps    50917 feasible sets         0 orders tried  current cost 3
    W_14:  4515s  10,164,640,000 steps    51088 feasible sets         0 orders tried  current cost 3
    W_14:  4530s  10,181,362,000 steps    51155 feasible sets         0 orders tried  current cost 13
    W_14:  4545s  10,214,753,400 steps    51330 feasible sets         0 orders tried  current cost 3
    W_14:  4560s  10,248,791,600 steps    51490 feasible sets         0 orders tried  current cost 4
    W_14:  4575s  10,283,029,600 steps    51655 feasible sets         0 orders tried  current cost 4
    W_14:  4590s  10,316,904,600 steps    51851 feasible sets         0 orders tried  current cost 7
    W_14:  4605s  10,350,573,000 steps    52004 feasible sets         0 orders tried  current cost 3
    W_14:  4620s  10,384,722,200 steps    52174 feasible sets         0 orders tried  current cost 15
    W_14:  4635s  10,419,034,200 steps    52326 feasible sets         0 orders tried  current cost 4
    W_14:  4650s  10,452,934,000 steps    52507 feasible sets         0 orders tried  current cost 3
    W_14:  4665s  10,487,268,000 steps    52679 feasible sets         0 orders tried  current cost 7
    W_14:  4680s  10,521,605,200 steps    52847 feasible sets         0 orders tried  current cost 9
    W_14:  4695s  10,555,838,800 steps    53045 feasible sets         0 orders tried  current cost 4
    W_14:  4710s  10,589,895,400 steps    53187 feasible sets         0 orders tried  current cost 4
    W_14:  4725s  10,623,781,000 steps    53371 feasible sets         0 orders tried  current cost 13
    W_14:  4740s  10,657,837,200 steps    53547 feasible sets         0 orders tried  current cost 3
    W_14:  4755s  10,691,880,800 steps    53708 feasible sets         0 orders tried  current cost 17
    W_14:  4770s  10,726,200,800 steps    53860 feasible sets         0 orders tried  current cost 13
    W_14:  4785s  10,759,922,200 steps    54030 feasible sets         0 orders tried  current cost 15
    W_14:  4800s  10,793,633,000 steps    54213 feasible sets         0 orders tried  current cost 4
    W_14:  4815s  10,827,814,600 steps    54371 feasible sets         0 orders tried  current cost 2
    W_14:  4830s  10,861,569,200 steps    54511 feasible sets         0 orders tried  current cost 3
    W_14:  4845s  10,895,825,400 steps    54677 feasible sets         0 orders tried  current cost 9
    W_14:  4860s  10,929,978,000 steps    54895 feasible sets         0 orders tried  current cost 2
    W_14:  4875s  10,964,352,400 steps    55061 feasible sets         0 orders tried  current cost 2
    W_14:  4890s  10,998,412,600 steps    55246 feasible sets         0 orders tried  current cost 5
    W_14:  4905s  11,032,832,200 steps    55401 feasible sets         0 orders tried  current cost 3
    W_14:  4920s  11,067,231,200 steps    55577 feasible sets         0 orders tried  current cost 4
    W_14:  4935s  11,101,570,200 steps    55774 feasible sets         0 orders tried  current cost 3
    W_14:  4950s  11,135,744,400 steps    55961 feasible sets         0 orders tried  current cost 9
    W_14:  4965s  11,170,167,200 steps    56149 feasible sets         0 orders tried  current cost 5
    W_14:  4980s  11,204,371,400 steps    56303 feasible sets         0 orders tried  current cost 4
    W_14:  4995s  11,238,471,600 steps    56475 feasible sets         0 orders tried  current cost 6
    W_14:  5010s  11,272,830,200 steps    56636 feasible sets         0 orders tried  current cost 4
    W_14:  5025s  11,307,103,000 steps    56818 feasible sets         0 orders tried  current cost 6
    W_14:  5040s  11,341,443,000 steps    56946 feasible sets         0 orders tried  current cost 10
    W_14:  5055s  11,375,809,600 steps    57127 feasible sets         0 orders tried  current cost 6
    W_14:  5070s  11,410,069,800 steps    57305 feasible sets         0 orders tried  current cost 6
    W_14:  5085s  11,444,134,200 steps    57509 feasible sets         0 orders tried  current cost 5
    W_14:  5100s  11,478,354,000 steps    57686 feasible sets         0 orders tried  current cost 2
    W_14:  5115s  11,512,759,600 steps    57892 feasible sets         0 orders tried  current cost 3
    W_14:  5130s  11,546,573,400 steps    58071 feasible sets         0 orders tried  current cost 3
    W_14:  5145s  11,580,709,000 steps    58258 feasible sets         0 orders tried  current cost 3
    W_14:  5160s  11,614,715,600 steps    58442 feasible sets         0 orders tried  current cost 3
    W_14:  5175s  11,649,096,800 steps    58643 feasible sets         0 orders tried  current cost 2
    W_14:  5190s  11,683,284,800 steps    58755 feasible sets         0 orders tried  current cost 7
    W_14:  5205s  11,717,490,600 steps    58907 feasible sets         0 orders tried  current cost 4
    W_14:  5220s  11,751,582,400 steps    59066 feasible sets         0 orders tried  current cost 11
    W_14:  5235s  11,785,758,400 steps    59260 feasible sets         0 orders tried  current cost 1
    W_14:  5250s  11,820,163,400 steps    59464 feasible sets         0 orders tried  current cost 14
    W_14:  5265s  11,854,301,800 steps    59621 feasible sets         0 orders tried  current cost 13
    W_14:  5280s  11,888,584,800 steps    59803 feasible sets         0 orders tried  current cost 12
    W_14:  5295s  11,922,320,800 steps    59939 feasible sets         0 orders tried  current cost 13
    W_14:  5310s  11,956,337,800 steps    60126 feasible sets         0 orders tried  current cost 4
    W_14:  5325s  11,990,246,200 steps    60277 feasible sets         0 orders tried  current cost 11
    W_14:  5340s  12,024,392,000 steps    60463 feasible sets         0 orders tried  current cost 4
    W_14:  5355s  12,058,852,200 steps    60629 feasible sets         0 orders tried  current cost 1
    W_14:  5370s  12,093,019,600 steps    60781 feasible sets         0 orders tried  current cost 2
    W_14:  5385s  12,127,047,800 steps    60944 feasible sets         0 orders tried  current cost 5
    W_14:  5400s  12,161,227,200 steps    61140 feasible sets         0 orders tried  current cost 7
    W_14:  5415s  12,195,343,200 steps    61316 feasible sets         0 orders tried  current cost 15
    W_14:  5430s  12,229,507,000 steps    61470 feasible sets         0 orders tried  current cost 10
    W_14:  5445s  12,263,704,400 steps    61633 feasible sets         0 orders tried  current cost 10
    W_14:  5460s  12,297,795,000 steps    61831 feasible sets         0 orders tried  current cost 6
    W_14:  5475s  12,332,100,200 steps    61982 feasible sets         0 orders tried  current cost 13
    W_14:  5490s  12,366,246,400 steps    62187 feasible sets         0 orders tried  current cost 6
    W_14:  5505s  12,399,978,200 steps    62371 feasible sets         0 orders tried  current cost 1
    W_14:  5520s  12,434,231,600 steps    62549 feasible sets         0 orders tried  current cost 4
    W_14:  5535s  12,468,366,200 steps    62728 feasible sets         0 orders tried  current cost 9
    W_14:  5550s  12,502,130,400 steps    62879 feasible sets         0 orders tried  current cost 2
    W_14:  5565s  12,535,854,600 steps    63042 feasible sets         0 orders tried  current cost 2
    W_14:  5580s  12,569,572,200 steps    63229 feasible sets         0 orders tried  current cost 3
    W_14:  5595s  12,600,068,600 steps    63390 feasible sets         0 orders tried  current cost 4
    W_14:  5610s  12,629,276,000 steps    63565 feasible sets         0 orders tried  current cost 4
    W_14:  5625s  12,660,055,000 steps    63751 feasible sets         0 orders tried  current cost 3
    W_14:  5640s  12,691,617,400 steps    63910 feasible sets         0 orders tried  current cost 4
    W_14:  5655s  12,725,275,200 steps    64126 feasible sets         0 orders tried  current cost 3
    W_14:  5670s  12,756,608,600 steps    64329 feasible sets         0 orders tried  current cost 4
    W_14:  5685s  12,780,516,800 steps    64476 feasible sets         0 orders tried  current cost 2
    W_14:  5700s  12,788,974,000 steps    64522 feasible sets         0 orders tried  current cost 2
    W_14:  5715s  12,820,875,800 steps    64715 feasible sets         0 orders tried  current cost 4
    W_14:  5730s  12,855,805,600 steps    64897 feasible sets         0 orders tried  current cost 11
    W_14:  5745s  12,890,248,800 steps    65052 feasible sets         0 orders tried  current cost 4
    W_14:  5760s  12,923,009,800 steps    65238 feasible sets         0 orders tried  current cost 4
    W_14:  5775s  12,954,298,800 steps    65407 feasible sets         0 orders tried  current cost 2
    W_14:  5790s  12,984,839,200 steps    65578 feasible sets         0 orders tried  current cost 3
    W_14:  5805s  13,015,791,800 steps    65712 feasible sets         0 orders tried  current cost 5
    W_14:  5820s  13,048,954,800 steps    65891 feasible sets         0 orders tried  current cost 4
    W_14:  5835s  13,082,421,200 steps    66049 feasible sets         0 orders tried  current cost 14
    W_14:  5850s  13,115,985,800 steps    66204 feasible sets         0 orders tried  current cost 9
    W_14:  5865s  13,149,748,200 steps    66356 feasible sets         0 orders tried  current cost 5
    W_14:  5880s  13,183,105,600 steps    66517 feasible sets         0 orders tried  current cost 9
    W_14:  5895s  13,216,744,200 steps    66673 feasible sets         0 orders tried  current cost 9
    W_14:  5910s  13,250,664,400 steps    66825 feasible sets         0 orders tried  current cost 11
    W_14:  5925s  13,285,138,200 steps    66995 feasible sets         0 orders tried  current cost 1
    W_14:  5940s  13,319,422,000 steps    67161 feasible sets         0 orders tried  current cost 7
    W_14:  5955s  13,353,539,400 steps    67330 feasible sets         0 orders tried  current cost 2
    W_14:  5970s  13,387,540,800 steps    67498 feasible sets         0 orders tried  current cost 15
    W_14:  5985s  13,421,875,400 steps    67657 feasible sets         0 orders tried  current cost 4
    W_14:  6000s  13,456,343,400 steps    67848 feasible sets         0 orders tried  current cost 9
    W_14:  6015s  13,490,262,400 steps    68014 feasible sets         0 orders tried  current cost 13
    W_14:  6030s  13,524,444,600 steps    68184 feasible sets         0 orders tried  current cost 6
    W_14:  6045s  13,558,300,000 steps    68330 feasible sets         0 orders tried  current cost 4
    W_14:  6060s  13,592,913,000 steps    68494 feasible sets         0 orders tried  current cost 1
    W_14:  6075s  13,627,388,800 steps    68657 feasible sets         0 orders tried  current cost 6
    W_14:  6090s  13,661,688,400 steps    68831 feasible sets         0 orders tried  current cost 4
    W_14:  6105s  13,696,224,000 steps    69021 feasible sets         0 orders tried  current cost 13
    W_14:  6120s  13,730,158,600 steps    69186 feasible sets         0 orders tried  current cost 4
    W_14:  6135s  13,764,228,400 steps    69370 feasible sets         0 orders tried  current cost 5
    W_14:  6150s  13,798,244,000 steps    69530 feasible sets         0 orders tried  current cost 10
    W_14:  6165s  13,832,546,600 steps    69706 feasible sets         0 orders tried  current cost 6
    W_14:  6180s  13,867,040,600 steps    69883 feasible sets         0 orders tried  current cost 10
    W_14:  6195s  13,901,179,600 steps    70050 feasible sets         0 orders tried  current cost 2
    W_14:  6210s  13,935,255,400 steps    70211 feasible sets         0 orders tried  current cost 2
    W_14:  6225s  13,969,754,600 steps    70454 feasible sets         0 orders tried  current cost 5
    W_14:  6240s  14,004,216,800 steps    70655 feasible sets         0 orders tried  current cost 4
    W_14:  6255s  14,038,210,400 steps    70833 feasible sets         0 orders tried  current cost 3
    W_14:  6270s  14,072,382,200 steps    70994 feasible sets         0 orders tried  current cost 14
    W_14:  6285s  14,106,981,400 steps    71149 feasible sets         0 orders tried  current cost 14
    W_14:  6300s  14,141,523,600 steps    71367 feasible sets         0 orders tried  current cost 12
    W_14:  6315s  14,175,651,600 steps    71544 feasible sets         0 orders tried  current cost 4
    W_14:  6330s  14,209,722,600 steps    71727 feasible sets         0 orders tried  current cost 14
    W_14:  6345s  14,244,148,200 steps    71903 feasible sets         0 orders tried  current cost 6
    W_14:  6360s  14,278,360,200 steps    72100 feasible sets         0 orders tried  current cost 18
    W_14:  6375s  14,312,547,200 steps    72272 feasible sets         0 orders tried  current cost 5
    W_14:  6390s  14,347,250,600 steps    72446 feasible sets         0 orders tried  current cost 5
    W_14:  6405s  14,381,982,200 steps    72601 feasible sets         0 orders tried  current cost 11
    W_14:  6420s  14,416,344,600 steps    72794 feasible sets         0 orders tried  current cost 7
    W_14:  6435s  14,450,674,200 steps    72992 feasible sets         0 orders tried  current cost 3
    W_14:  6450s  14,484,885,000 steps    73177 feasible sets         0 orders tried  current cost 10
    W_14:  6465s  14,519,201,800 steps    73354 feasible sets         0 orders tried  current cost 8
    W_14:  6480s  14,553,234,400 steps    73522 feasible sets         0 orders tried  current cost 3
    W_14:  6495s  14,587,208,600 steps    73696 feasible sets         0 orders tried  current cost 6
    W_14:  6510s  14,621,693,800 steps    73912 feasible sets         0 orders tried  current cost 4
    W_14:  6525s  14,655,968,600 steps    74069 feasible sets         0 orders tried  current cost 5
    W_14:  6540s  14,690,185,200 steps    74247 feasible sets         0 orders tried  current cost 10
    W_14:  6555s  14,724,429,000 steps    74417 feasible sets         0 orders tried  current cost 4
    W_14:  6570s  14,758,894,000 steps    74576 feasible sets         0 orders tried  current cost 1
    W_14:  6585s  14,792,997,800 steps    74749 feasible sets         0 orders tried  current cost 4
    W_14:  6600s  14,827,271,200 steps    74886 feasible sets         0 orders tried  current cost 2
    W_14:  6615s  14,861,166,600 steps    75095 feasible sets         0 orders tried  current cost 6
    W_14:  6630s  14,895,646,400 steps    75302 feasible sets         0 orders tried  current cost 5
    W_14:  6645s  14,929,702,000 steps    75507 feasible sets         0 orders tried  current cost 11
    W_14:  6660s  14,961,356,200 steps    75670 feasible sets         0 orders tried  current cost 1
    W_14:  6675s  14,992,930,400 steps    75850 feasible sets         0 orders tried  current cost 3
    W_14:  6690s  15,024,235,600 steps    75982 feasible sets         0 orders tried  current cost 5
    W_14:  6705s  15,056,952,400 steps    76159 feasible sets         0 orders tried  current cost 1
    W_14:  6720s  15,091,349,600 steps    76369 feasible sets         0 orders tried  current cost 4
    W_14:  6735s  15,125,791,200 steps    76522 feasible sets         0 orders tried  current cost 4
    W_14:  6750s  15,160,161,600 steps    76708 feasible sets         0 orders tried  current cost 9
    W_14:  6765s  15,193,435,000 steps    76887 feasible sets         0 orders tried  current cost 3
    W_14:  6780s  15,227,914,000 steps    77075 feasible sets         0 orders tried  current cost 3
    W_14:  6795s  15,261,905,600 steps    77297 feasible sets         0 orders tried  current cost 6
    W_14:  6810s  15,296,169,600 steps    77453 feasible sets         0 orders tried  current cost 6
    W_14:  6825s  15,329,711,400 steps    77632 feasible sets         0 orders tried  current cost 1
    W_14:  6840s  15,364,553,800 steps    77775 feasible sets         0 orders tried  current cost 3
    W_14:  6855s  15,399,140,000 steps    77956 feasible sets         0 orders tried  current cost 1
    W_14:  6870s  15,433,135,000 steps    78113 feasible sets         0 orders tried  current cost 3
    W_14:  6885s  15,467,200,800 steps    78273 feasible sets         0 orders tried  current cost 10
    W_14:  6900s  15,501,898,800 steps    78451 feasible sets         0 orders tried  current cost 2
    W_14:  6915s  15,536,302,600 steps    78611 feasible sets         0 orders tried  current cost 13
    W_14:  6930s  15,570,623,000 steps    78800 feasible sets         0 orders tried  current cost 10
    W_14:  6945s  15,604,539,800 steps    78943 feasible sets         0 orders tried  current cost 2
    W_14:  6960s  15,638,855,800 steps    79116 feasible sets         0 orders tried  current cost 4
    W_14:  6975s  15,673,085,200 steps    79296 feasible sets         0 orders tried  current cost 9
    W_14:  6990s  15,707,611,000 steps    79515 feasible sets         0 orders tried  current cost 6
    W_14:  7005s  15,741,917,200 steps    79698 feasible sets         0 orders tried  current cost 4
    W_14:  7020s  15,776,342,600 steps    79880 feasible sets         0 orders tried  current cost 15
    W_14:  7035s  15,810,704,600 steps    80123 feasible sets         0 orders tried  current cost 10
    W_14:  7050s  15,845,506,800 steps    80335 feasible sets         0 orders tried  current cost 8
    W_14:  7065s  15,880,261,400 steps    80490 feasible sets         0 orders tried  current cost 11
    W_14:  7080s  15,914,828,600 steps    80658 feasible sets         0 orders tried  current cost 4
    W_14:  7095s  15,949,386,800 steps    80825 feasible sets         0 orders tried  current cost 6
    W_14:  7110s  15,983,793,800 steps    81027 feasible sets         0 orders tried  current cost 1
    W_14:  7125s  16,018,251,200 steps    81188 feasible sets         0 orders tried  current cost 2
    W_14:  7140s  16,052,354,000 steps    81362 feasible sets         0 orders tried  current cost 3
    W_14:  7155s  16,086,829,600 steps    81537 feasible sets         0 orders tried  current cost 6
    W_14:  7170s  16,121,168,400 steps    81670 feasible sets         0 orders tried  current cost 6
    W_14:  7185s  16,155,371,400 steps    81843 feasible sets         0 orders tried  current cost 4
    W_14:  7200s  16,189,163,000 steps    82040 feasible sets         0 orders tried  current cost 8
    W_14:  7215s  16,223,279,400 steps    82171 feasible sets         0 orders tried  current cost 3
    W_14:  7230s  16,257,318,600 steps    82335 feasible sets         0 orders tried  current cost 2
    W_14:  7245s  16,291,619,600 steps    82512 feasible sets         0 orders tried  current cost 2
    W_14:  7260s  16,325,951,600 steps    82682 feasible sets         0 orders tried  current cost 3
    W_14:  7275s  16,360,034,200 steps    82852 feasible sets         0 orders tried  current cost 4
    W_14:  7290s  16,394,482,400 steps    83006 feasible sets         0 orders tried  current cost 17
    W_14:  7305s  16,428,536,200 steps    83188 feasible sets         0 orders tried  current cost 4
    W_14:  7320s  16,462,633,000 steps    83402 feasible sets         0 orders tried  current cost 3
    W_14:  7335s  16,496,565,000 steps    83565 feasible sets         0 orders tried  current cost 7
    W_14:  7350s  16,531,060,000 steps    83733 feasible sets         0 orders tried  current cost 1
    W_14:  7365s  16,565,256,400 steps    83902 feasible sets         0 orders tried  current cost 4
    W_14:  7380s  16,599,819,400 steps    84046 feasible sets         0 orders tried  current cost 3
    W_14:  7395s  16,633,781,400 steps    84198 feasible sets         0 orders tried  current cost 11
    W_14:  7410s  16,668,314,000 steps    84365 feasible sets         0 orders tried  current cost 4
    W_14:  7425s  16,702,748,600 steps    84555 feasible sets         0 orders tried  current cost 6
    W_14:  7440s  16,737,469,200 steps    84743 feasible sets         0 orders tried  current cost 5
    W_14:  7455s  16,771,710,200 steps    84936 feasible sets         0 orders tried  current cost 2
    W_14:  7470s  16,805,767,800 steps    85136 feasible sets         0 orders tried  current cost 3
    W_14:  7485s  16,840,106,000 steps    85313 feasible sets         0 orders tried  current cost 10
    W_14:  7500s  16,874,366,200 steps    85500 feasible sets         0 orders tried  current cost 9
    W_14:  7515s  16,908,983,200 steps    85662 feasible sets         0 orders tried  current cost 7
    W_14:  7530s  16,943,162,600 steps    85832 feasible sets         0 orders tried  current cost 10
    W_14:  7545s  16,977,387,800 steps    86000 feasible sets         0 orders tried  current cost 4
    W_14:  7560s  17,011,638,600 steps    86202 feasible sets         0 orders tried  current cost 3
    W_14:  7575s  17,045,863,400 steps    86387 feasible sets         0 orders tried  current cost 15
    W_14:  7590s  17,080,122,400 steps    86530 feasible sets         0 orders tried  current cost 13
    W_14:  7605s  17,114,773,600 steps    86698 feasible sets         0 orders tried  current cost 4
    W_14:  7620s  17,148,946,000 steps    86862 feasible sets         0 orders tried  current cost 9
    W_14:  7635s  17,183,626,800 steps    87030 feasible sets         0 orders tried  current cost 7
    W_14:  7650s  17,217,841,600 steps    87197 feasible sets         0 orders tried  current cost 9
    W_14:  7665s  17,252,466,600 steps    87356 feasible sets         0 orders tried  current cost 4
    W_14:  7680s  17,287,087,800 steps    87514 feasible sets         0 orders tried  current cost 7
    W_14:  7695s  17,321,354,600 steps    87711 feasible sets         0 orders tried  current cost 4
    W_14:  7710s  17,356,003,000 steps    87890 feasible sets         0 orders tried  current cost 15
    W_14:  7725s  17,390,144,800 steps    88031 feasible sets         0 orders tried  current cost 11
    W_14:  7740s  17,424,462,600 steps    88221 feasible sets         0 orders tried  current cost 13
    W_14:  7755s  17,458,832,600 steps    88398 feasible sets         0 orders tried  current cost 1
    W_14:  7770s  17,492,929,200 steps    88562 feasible sets         0 orders tried  current cost 3
    W_14:  7785s  17,527,189,800 steps    88694 feasible sets         0 orders tried  current cost 4
    W_14:  7800s  17,561,519,600 steps    88851 feasible sets         0 orders tried  current cost 4
    W_14:  7815s  17,595,747,600 steps    89026 feasible sets         0 orders tried  current cost 10
    W_14:  7830s  17,629,985,800 steps    89190 feasible sets         0 orders tried  current cost 8
    W_14:  7845s  17,664,207,800 steps    89385 feasible sets         0 orders tried  current cost 5
    W_14:  7860s  17,698,181,000 steps    89613 feasible sets         0 orders tried  current cost 20
    W_14:  7875s  17,732,802,400 steps    89759 feasible sets         0 orders tried  current cost 8
    W_14:  7890s  17,763,099,000 steps    89903 feasible sets         0 orders tried  current cost 4
    W_14:  7905s  17,792,184,200 steps    90054 feasible sets         0 orders tried  current cost 12
    W_14:  7920s  17,822,816,600 steps    90220 feasible sets         0 orders tried  current cost 3
    W_14:  7935s  17,853,882,200 steps    90368 feasible sets         0 orders tried  current cost 9
    W_14:  7950s  17,887,845,000 steps    90539 feasible sets         0 orders tried  current cost 8
    W_14:  7965s  17,921,882,200 steps    90690 feasible sets         0 orders tried  current cost 8
    W_14:  7980s  17,956,075,000 steps    90851 feasible sets         0 orders tried  current cost 2
    W_14:  7995s  17,990,256,200 steps    91006 feasible sets         0 orders tried  current cost 4
    W_14:  8010s  18,024,206,000 steps    91148 feasible sets         0 orders tried  current cost 8
    W_14:  8025s  18,058,546,000 steps    91332 feasible sets         0 orders tried  current cost 6
    W_14:  8040s  18,092,643,200 steps    91476 feasible sets         0 orders tried  current cost 11
    W_14:  8055s  18,126,728,000 steps    91632 feasible sets         0 orders tried  current cost 4
    W_14:  8070s  18,160,902,600 steps    91804 feasible sets         0 orders tried  current cost 14
    W_14:  8085s  18,195,294,200 steps    92003 feasible sets         0 orders tried  current cost 3
    W_14:  8100s  18,229,700,200 steps    92196 feasible sets         0 orders tried  current cost 17
    W_14:  8115s  18,263,862,200 steps    92380 feasible sets         0 orders tried  current cost 11
    W_14:  8130s  18,298,065,600 steps    92564 feasible sets         0 orders tried  current cost 9
    W_14:  8145s  18,332,130,000 steps    92746 feasible sets         0 orders tried  current cost 6
    W_14:  8160s  18,366,651,600 steps    92909 feasible sets         0 orders tried  current cost 2
    W_14:  8175s  18,400,671,800 steps    93057 feasible sets         0 orders tried  current cost 4
    W_14:  8190s  18,434,720,800 steps    93230 feasible sets         0 orders tried  current cost 17
    W_14:  8205s  18,469,443,800 steps    93362 feasible sets         0 orders tried  current cost 5
    W_14:  8220s  18,503,877,000 steps    93530 feasible sets         0 orders tried  current cost 3
    W_14:  8235s  18,538,165,200 steps    93750 feasible sets         0 orders tried  current cost 10
    W_14:  8250s  18,572,881,200 steps    93917 feasible sets         0 orders tried  current cost 5
    W_14:  8265s  18,607,169,200 steps    94099 feasible sets         0 orders tried  current cost 5
    W_14:  8280s  18,640,971,000 steps    94261 feasible sets         0 orders tried  current cost 5
    W_14:  8295s  18,675,729,800 steps    94428 feasible sets         0 orders tried  current cost 3
    W_14:  8310s  18,710,107,200 steps    94602 feasible sets         0 orders tried  current cost 7
    W_14:  8325s  18,744,601,000 steps    94758 feasible sets         0 orders tried  current cost 14
    W_14:  8340s  18,778,863,600 steps    94934 feasible sets         0 orders tried  current cost 12
    W_14:  8355s  18,813,057,200 steps    95101 feasible sets         0 orders tried  current cost 4
    W_14:  8370s  18,847,298,200 steps    95265 feasible sets         0 orders tried  current cost 2
    W_14:  8385s  18,881,562,000 steps    95451 feasible sets         0 orders tried  current cost 12
    W_14:  8400s  18,915,777,200 steps    95628 feasible sets         0 orders tried  current cost 2
    W_14:  8415s  18,950,095,400 steps    95808 feasible sets         0 orders tried  current cost 4
    W_14:  8430s  18,984,461,800 steps    95934 feasible sets         0 orders tried  current cost 16
    W_14:  8445s  19,018,785,400 steps    96111 feasible sets         0 orders tried  current cost 8
    W_14:  8460s  19,053,352,800 steps    96299 feasible sets         0 orders tried  current cost 5
    W_14:  8475s  19,087,426,400 steps    96469 feasible sets         0 orders tried  current cost 12
    W_14:  8490s  19,121,684,200 steps    96646 feasible sets         0 orders tried  current cost 10
    W_14:  8505s  19,156,063,400 steps    96795 feasible sets         0 orders tried  current cost 10
    W_14:  8520s  19,190,521,000 steps    96961 feasible sets         0 orders tried  current cost 17
    W_14:  8535s  19,224,669,400 steps    97093 feasible sets         0 orders tried  current cost 5
    W_14:  8550s  19,259,470,000 steps    97276 feasible sets         0 orders tried  current cost 5
    W_14:  8565s  19,294,056,000 steps    97467 feasible sets         0 orders tried  current cost 3
    W_14:  8580s  19,328,571,800 steps    97614 feasible sets         0 orders tried  current cost 4
    W_14:  8595s  19,362,652,800 steps    97739 feasible sets         0 orders tried  current cost 1
    W_14:  8610s  19,396,589,200 steps    97952 feasible sets         0 orders tried  current cost 5
    W_14:  8625s  19,430,938,800 steps    98120 feasible sets         0 orders tried  current cost 1
    W_14:  8640s  19,465,277,000 steps    98302 feasible sets         0 orders tried  current cost 2
    W_14:  8655s  19,499,550,600 steps    98515 feasible sets         0 orders tried  current cost 2
    W_14:  8670s  19,533,939,000 steps    98695 feasible sets         0 orders tried  current cost 3
    W_14:  8685s  19,568,137,200 steps    98897 feasible sets         0 orders tried  current cost 3
    W_14:  8700s  19,602,752,400 steps    99046 feasible sets         0 orders tried  current cost 2
    W_14:  8715s  19,637,144,000 steps    99233 feasible sets         0 orders tried  current cost 9
    W_14:  8730s  19,671,660,600 steps    99424 feasible sets         0 orders tried  current cost 13
    W_14:  8745s  19,706,111,600 steps    99574 feasible sets         0 orders tried  current cost 4
    W_14:  8760s  19,740,608,400 steps    99763 feasible sets         0 orders tried  current cost 10
    W_14:  8775s  19,774,731,000 steps    99929 feasible sets         0 orders tried  current cost 5
    W_14:  8790s  19,809,100,400 steps   100078 feasible sets         0 orders tried  current cost 10
    W_14:  8805s  19,843,390,400 steps   100231 feasible sets         0 orders tried  current cost 4
    W_14:  8820s  19,877,547,600 steps   100445 feasible sets         0 orders tried  current cost 6
    W_14:  8835s  19,912,134,400 steps   100595 feasible sets         0 orders tried  current cost 2
    W_14:  8850s  19,946,604,200 steps   100775 feasible sets         0 orders tried  current cost 11
    W_14:  8865s  19,980,678,800 steps   100926 feasible sets         0 orders tried  current cost 2
    W_14:  8880s  20,015,131,200 steps   101098 feasible sets         0 orders tried  current cost 4
    W_14:  8895s  20,049,736,000 steps   101285 feasible sets         0 orders tried  current cost 2
    W_14:  8910s  20,084,417,200 steps   101474 feasible sets         0 orders tried  current cost 2
    W_14:  8925s  20,118,985,400 steps   101642 feasible sets         0 orders tried  current cost 10
    W_14:  8940s  20,153,244,600 steps   101759 feasible sets         0 orders tried  current cost 6
    W_14:  8955s  20,186,900,000 steps   101960 feasible sets         0 orders tried  current cost 1
    W_14:  8970s  20,221,302,000 steps   102119 feasible sets         0 orders tried  current cost 11
    W_14:  8985s  20,255,228,000 steps   102243 feasible sets         0 orders tried  current cost 2
    W_14:  9000s  20,289,495,600 steps   102419 feasible sets         0 orders tried  current cost 2
    W_14:  9015s  20,323,762,000 steps   102565 feasible sets         0 orders tried  current cost 15
    W_14:  9030s  20,358,658,200 steps   102761 feasible sets         0 orders tried  current cost 3
    W_14:  9045s  20,393,154,600 steps   102920 feasible sets         0 orders tried  current cost 1
    W_14:  9060s  20,427,488,200 steps   103121 feasible sets         0 orders tried  current cost 3
    W_14:  9075s  20,462,280,000 steps   103300 feasible sets         0 orders tried  current cost 4
    W_14:  9090s  20,497,178,400 steps   103491 feasible sets         0 orders tried  current cost 2
    W_14:  9105s  20,531,634,000 steps   103690 feasible sets         0 orders tried  current cost 3
    W_14:  9120s  20,566,181,800 steps   103881 feasible sets         0 orders tried  current cost 14
    W_14:  9135s  20,600,935,200 steps   104009 feasible sets         0 orders tried  current cost 4
    W_14:  9150s  20,635,423,400 steps   104176 feasible sets         0 orders tried  current cost 7
    W_14:  9165s  20,669,917,400 steps   104336 feasible sets         0 orders tried  current cost 3
    W_14:  9180s  20,704,227,200 steps   104522 feasible sets         0 orders tried  current cost 8
    W_14:  9195s  20,738,655,400 steps   104728 feasible sets         0 orders tried  current cost 4
    W_14:  9210s  20,773,246,200 steps   104882 feasible sets         0 orders tried  current cost 10
    W_14:  9225s  20,808,160,000 steps   105059 feasible sets         0 orders tried  current cost 3
    W_14:  9240s  20,842,984,600 steps   105250 feasible sets         0 orders tried  current cost 8
    W_14:  9255s  20,877,721,000 steps   105407 feasible sets         0 orders tried  current cost 11
    W_14:  9270s  20,912,169,800 steps   105580 feasible sets         0 orders tried  current cost 5
    W_14:  9285s  20,946,879,400 steps   105784 feasible sets         0 orders tried  current cost 3
    W_14:  9300s  20,980,983,000 steps   105933 feasible sets         0 orders tried  current cost 9
    W_14:  9315s  21,015,560,200 steps   106137 feasible sets         0 orders tried  current cost 13
    W_14:  9330s  21,049,889,600 steps   106337 feasible sets         0 orders tried  current cost 1
    W_14:  9345s  21,084,431,200 steps   106518 feasible sets         0 orders tried  current cost 3
    W_14:  9360s  21,118,510,400 steps   106679 feasible sets         0 orders tried  current cost 4
    W_14:  9375s  21,153,139,200 steps   106827 feasible sets         0 orders tried  current cost 2
    W_14:  9390s  21,188,073,400 steps   106998 feasible sets         0 orders tried  current cost 5
    W_14:  9405s  21,222,830,400 steps   107131 feasible sets         0 orders tried  current cost 4
    W_14:  9420s  21,257,505,600 steps   107286 feasible sets         0 orders tried  current cost 9
    W_14:  9435s  21,292,148,200 steps   107506 feasible sets         0 orders tried  current cost 5
    W_14:  9450s  21,326,441,200 steps   107644 feasible sets         0 orders tried  current cost 13
    W_14:  9465s  21,361,115,000 steps   107811 feasible sets         0 orders tried  current cost 2
    W_14:  9480s  21,395,102,400 steps   108023 feasible sets         0 orders tried  current cost 10
    W_14:  9495s  21,429,036,000 steps   108220 feasible sets         0 orders tried  current cost 4
    W_14:  9510s  21,463,885,600 steps   108382 feasible sets         0 orders tried  current cost 9
    W_14:  9525s  21,498,434,000 steps   108522 feasible sets         0 orders tried  current cost 3
    W_14:  9540s  21,533,142,600 steps   108713 feasible sets         0 orders tried  current cost 13
    W_14:  9555s  21,567,789,400 steps   108902 feasible sets         0 orders tried  current cost 6
    W_14:  9570s  21,602,377,000 steps   109083 feasible sets         0 orders tried  current cost 3
    W_14:  9585s  21,636,789,200 steps   109294 feasible sets         0 orders tried  current cost 5
    W_14:  9600s  21,671,389,800 steps   109455 feasible sets         0 orders tried  current cost 4
    W_14:  9615s  21,705,828,000 steps   109615 feasible sets         0 orders tried  current cost 5
    W_14:  9630s  21,740,448,200 steps   109773 feasible sets         0 orders tried  current cost 8
    W_14:  9645s  21,774,993,600 steps   109980 feasible sets         0 orders tried  current cost 4
    W_14:  9660s  21,809,524,600 steps   110137 feasible sets         0 orders tried  current cost 8
    W_14:  9675s  21,844,230,200 steps   110308 feasible sets         0 orders tried  current cost 5
    W_14:  9690s  21,878,475,600 steps   110434 feasible sets         0 orders tried  current cost 3
    W_14:  9705s  21,913,027,200 steps   110626 feasible sets         0 orders tried  current cost 8
    W_14:  9720s  21,947,811,400 steps   110802 feasible sets         0 orders tried  current cost 4
    W_14:  9735s  21,982,128,800 steps   110992 feasible sets         0 orders tried  current cost 8
    W_14:  9750s  22,016,777,200 steps   111205 feasible sets         0 orders tried  current cost 2
    W_14:  9765s  22,051,417,200 steps   111386 feasible sets         0 orders tried  current cost 4
    W_14:  9780s  22,085,779,600 steps   111573 feasible sets         0 orders tried  current cost 1
    W_14:  9795s  22,120,291,000 steps   111750 feasible sets         0 orders tried  current cost 2
    W_14:  9810s  22,154,678,400 steps   111888 feasible sets         0 orders tried  current cost 3
    W_14:  9825s  22,187,620,400 steps   112080 feasible sets         0 orders tried  current cost 12
    W_14:  9840s  22,221,474,800 steps   112242 feasible sets         0 orders tried  current cost 2
    W_14:  9855s  22,254,910,000 steps   112430 feasible sets         0 orders tried  current cost 4
    W_14:  9870s  22,289,196,000 steps   112625 feasible sets         0 orders tried  current cost 2
    W_14:  9885s  22,323,160,800 steps   112793 feasible sets         0 orders tried  current cost 14
    W_14:  9900s  22,357,364,800 steps   112957 feasible sets         0 orders tried  current cost 7
    W_14:  9915s  22,391,476,000 steps   113132 feasible sets         0 orders tried  current cost 3
    W_14:  9930s  22,425,446,600 steps   113306 feasible sets         0 orders tried  current cost 5
    W_14:  9945s  22,459,341,000 steps   113508 feasible sets         0 orders tried  current cost 14
    W_14:  9960s  22,493,012,200 steps   113656 feasible sets         0 orders tried  current cost 5
    W_14:  9975s  22,526,778,800 steps   113788 feasible sets         0 orders tried  current cost 4
    W_14:  9990s  22,561,011,400 steps   113939 feasible sets         0 orders tried  current cost 4
    W_14: 10005s  22,595,256,200 steps   114181 feasible sets         0 orders tried  current cost 2
    W_14: 10020s  22,628,926,800 steps   114336 feasible sets         0 orders tried  current cost 8
    W_14: 10035s  22,662,762,400 steps   114491 feasible sets         0 orders tried  current cost 8
    W_14: 10050s  22,696,783,800 steps   114678 feasible sets         0 orders tried  current cost 12
    W_14: 10065s  22,730,756,200 steps   114835 feasible sets         0 orders tried  current cost 3
    W_14: 10080s  22,765,059,600 steps   115021 feasible sets         0 orders tried  current cost 4
    W_14: 10095s  22,798,945,800 steps   115210 feasible sets         0 orders tried  current cost 6
    W_14: 10110s  22,833,291,600 steps   115372 feasible sets         0 orders tried  current cost 1
    W_14: 10125s  22,867,176,800 steps   115564 feasible sets         0 orders tried  current cost 3
    W_14: 10140s  22,900,898,800 steps   115733 feasible sets         0 orders tried  current cost 4
    W_14: 10155s  22,934,612,200 steps   115909 feasible sets         0 orders tried  current cost 3
    W_14: 10170s  22,968,619,800 steps   116100 feasible sets         0 orders tried  current cost 1
    W_14: 10185s  23,002,947,400 steps   116264 feasible sets         0 orders tried  current cost 7
    W_14: 10200s  23,037,189,400 steps   116422 feasible sets         0 orders tried  current cost 3
    W_14: 10215s  23,070,535,600 steps   116628 feasible sets         0 orders tried  current cost 4
    W_14: 10230s  23,104,770,600 steps   116776 feasible sets         0 orders tried  current cost 2
    W_14: 10245s  23,139,130,200 steps   116937 feasible sets         0 orders tried  current cost 4
    W_14: 10260s  23,173,111,400 steps   117143 feasible sets         0 orders tried  current cost 4
    W_14: 10275s  23,207,091,400 steps   117274 feasible sets         0 orders tried  current cost 4
    W_14: 10290s  23,240,735,400 steps   117444 feasible sets         0 orders tried  current cost 1
    W_14: 10305s  23,274,570,400 steps   117680 feasible sets         0 orders tried  current cost 6
    W_14: 10320s  23,308,794,800 steps   117838 feasible sets         0 orders tried  current cost 3
    W_14: 10335s  23,342,742,000 steps   118019 feasible sets         0 orders tried  current cost 17
    W_14: 10350s  23,376,011,200 steps   118172 feasible sets         0 orders tried  current cost 4
    W_14: 10365s  23,410,434,200 steps   118380 feasible sets         0 orders tried  current cost 2
    W_14: 10380s  23,444,065,200 steps   118550 feasible sets         0 orders tried  current cost 8
    W_14: 10395s  23,478,325,000 steps   118728 feasible sets         0 orders tried  current cost 8
    W_14: 10410s  23,512,311,200 steps   118919 feasible sets         0 orders tried  current cost 4
    W_14: 10425s  23,546,449,200 steps   119092 feasible sets         0 orders tried  current cost 4
    W_14: 10440s  23,580,683,200 steps   119269 feasible sets         0 orders tried  current cost 11
    W_14: 10455s  23,614,387,000 steps   119443 feasible sets         0 orders tried  current cost 8
    W_14: 10470s  23,647,902,600 steps   119629 feasible sets         0 orders tried  current cost 15
    W_14: 10485s  23,681,935,000 steps   119789 feasible sets         0 orders tried  current cost 3
    W_14: 10500s  23,715,207,600 steps   119921 feasible sets         0 orders tried  current cost 5
    W_14: 10515s  23,749,000,600 steps   120105 feasible sets         0 orders tried  current cost 16
    W_14: 10530s  23,782,964,400 steps   120233 feasible sets         0 orders tried  current cost 11
    W_14: 10545s  23,816,934,400 steps   120440 feasible sets         0 orders tried  current cost 2
    W_14: 10560s  23,851,039,000 steps   120610 feasible sets         0 orders tried  current cost 3
    W_14: 10575s  23,885,270,600 steps   120773 feasible sets         0 orders tried  current cost 4
    W_14: 10590s  23,919,198,600 steps   120959 feasible sets         0 orders tried  current cost 1
    W_14: 10605s  23,953,234,800 steps   121121 feasible sets         0 orders tried  current cost 2
    W_14: 10620s  23,986,886,000 steps   121303 feasible sets         0 orders tried  current cost 10
    W_14: 10635s  24,020,696,000 steps   121485 feasible sets         0 orders tried  current cost 3
    W_14: 10650s  24,055,020,200 steps   121641 feasible sets         0 orders tried  current cost 11
    W_14: 10665s  24,088,845,400 steps   121802 feasible sets         0 orders tried  current cost 9
    W_14: 10680s  24,122,798,400 steps   121972 feasible sets         0 orders tried  current cost 5
    W_14: 10695s  24,157,028,600 steps   122156 feasible sets         0 orders tried  current cost 5
    W_14: 10710s  24,190,912,200 steps   122331 feasible sets         0 orders tried  current cost 4
    W_14: 10725s  24,225,035,400 steps   122513 feasible sets         0 orders tried  current cost 4
    W_14: 10740s  24,259,342,400 steps   122727 feasible sets         0 orders tried  current cost 12
    W_14: 10755s  24,292,940,000 steps   122903 feasible sets         0 orders tried  current cost 1
    W_14: 10770s  24,327,161,800 steps   123063 feasible sets         0 orders tried  current cost 12
    W_14: 10785s  24,360,872,000 steps   123222 feasible sets         0 orders tried  current cost 4
    W_14: 10800s  24,394,552,600 steps   123402 feasible sets         0 orders tried  current cost 4
    W_14: 10815s  24,428,658,200 steps   123553 feasible sets         0 orders tried  current cost 3
    W_14: 10830s  24,462,678,200 steps   123739 feasible sets         0 orders tried  current cost 3
    W_14: 10845s  24,496,884,000 steps   123901 feasible sets         0 orders tried  current cost 9
    W_14: 10860s  24,530,839,800 steps   124084 feasible sets         0 orders tried  current cost 4
    W_14: 10875s  24,564,491,800 steps   124254 feasible sets         0 orders tried  current cost 1
    W_14: 10890s  24,598,922,800 steps   124422 feasible sets         0 orders tried  current cost 9
    W_14: 10905s  24,633,514,600 steps   124566 feasible sets         0 orders tried  current cost 3
    W_14: 10920s  24,667,463,400 steps   124742 feasible sets         0 orders tried  current cost 13
    W_14: 10935s  24,701,378,400 steps   124882 feasible sets         0 orders tried  current cost 1
    W_14: 10950s  24,735,288,800 steps   125035 feasible sets         0 orders tried  current cost 2
    W_14: 10965s  24,769,088,600 steps   125199 feasible sets         0 orders tried  current cost 6
    W_14: 10980s  24,803,455,200 steps   125362 feasible sets         0 orders tried  current cost 3
    W_14: 10995s  24,837,223,600 steps   125531 feasible sets         0 orders tried  current cost 8
    W_14: 11010s  24,870,717,800 steps   125722 feasible sets         0 orders tried  current cost 4
    W_14: 11025s  24,905,032,800 steps   125903 feasible sets         0 orders tried  current cost 5
    W_14: 11040s  24,939,161,200 steps   126096 feasible sets         0 orders tried  current cost 15
    W_14: 11055s  24,973,166,600 steps   126293 feasible sets         0 orders tried  current cost 5
    W_14: 11070s  25,007,561,800 steps   126487 feasible sets         0 orders tried  current cost 9
    W_14: 11085s  25,041,436,600 steps   126675 feasible sets         0 orders tried  current cost 6
    W_14: 11100s  25,075,822,000 steps   126865 feasible sets         0 orders tried  current cost 8
    W_14: 11115s  25,110,106,200 steps   127049 feasible sets         0 orders tried  current cost 6
    W_14: 11130s  25,144,157,800 steps   127252 feasible sets         0 orders tried  current cost 2
    W_14: 11145s  25,178,449,000 steps   127453 feasible sets         0 orders tried  current cost 2
    W_14: 11160s  25,211,915,800 steps   127630 feasible sets         0 orders tried  current cost 2
    W_14: 11175s  25,245,856,600 steps   127778 feasible sets         0 orders tried  current cost 4
    W_14: 11190s  25,279,926,200 steps   127972 feasible sets         0 orders tried  current cost 5
    W_14: 11205s  25,313,886,000 steps   128145 feasible sets         0 orders tried  current cost 7
    W_14: 11220s  25,348,092,400 steps   128276 feasible sets         0 orders tried  current cost 3
    W_14: 11235s  25,381,223,200 steps   128439 feasible sets         0 orders tried  current cost 14
    W_14: 11250s  25,414,586,200 steps   128606 feasible sets         0 orders tried  current cost 7
    W_14: 11265s  25,448,659,600 steps   128760 feasible sets         0 orders tried  current cost 4
    W_14: 11280s  25,482,780,800 steps   128890 feasible sets         0 orders tried  current cost 15
    W_14: 11295s  25,517,011,400 steps   129020 feasible sets         0 orders tried  current cost 4
    W_14: 11310s  25,551,123,800 steps   129188 feasible sets         0 orders tried  current cost 10
    W_14: 11325s  25,584,926,600 steps   129360 feasible sets         0 orders tried  current cost 6
    W_14: 11340s  25,619,282,000 steps   129514 feasible sets         0 orders tried  current cost 8
    W_14: 11355s  25,653,218,800 steps   129683 feasible sets         0 orders tried  current cost 3
    W_14: 11370s  25,687,832,200 steps   129872 feasible sets         0 orders tried  current cost 3
    W_14: 11385s  25,722,481,600 steps   130087 feasible sets         0 orders tried  current cost 9
    W_14: 11400s  25,756,548,400 steps   130251 feasible sets         0 orders tried  current cost 4
    W_14: 11415s  25,790,910,600 steps   130419 feasible sets         0 orders tried  current cost 4
    W_14: 11430s  25,825,212,800 steps   130611 feasible sets         0 orders tried  current cost 5
    W_14: 11445s  25,859,336,200 steps   130777 feasible sets         0 orders tried  current cost 1
    W_14: 11460s  25,893,699,800 steps   130959 feasible sets         0 orders tried  current cost 2
    W_14: 11475s  25,927,909,400 steps   131097 feasible sets         0 orders tried  current cost 6
    W_14: 11490s  25,961,672,200 steps   131231 feasible sets         0 orders tried  current cost 3
    W_14: 11505s  25,995,706,000 steps   131442 feasible sets         0 orders tried  current cost 6
    W_14: 11520s  26,029,866,000 steps   131632 feasible sets         0 orders tried  current cost 7
    W_14: 11535s  26,064,181,800 steps   131804 feasible sets         0 orders tried  current cost 10
    W_14: 11550s  26,098,339,000 steps   131954 feasible sets         0 orders tried  current cost 2
    W_14: 11565s  26,132,813,400 steps   132120 feasible sets         0 orders tried  current cost 3
    W_14: 11580s  26,166,955,200 steps   132292 feasible sets         0 orders tried  current cost 6
    W_14: 11595s  26,201,146,200 steps   132477 feasible sets         0 orders tried  current cost 7
    W_14: 11610s  26,234,525,000 steps   132607 feasible sets         0 orders tried  current cost 7
    W_14: 11625s  26,268,955,600 steps   132772 feasible sets         0 orders tried  current cost 4
    W_14: 11640s  26,303,028,000 steps   132949 feasible sets         0 orders tried  current cost 4
    W_14: 11655s  26,337,359,800 steps   133128 feasible sets         0 orders tried  current cost 5
    W_14: 11670s  26,371,451,400 steps   133319 feasible sets         0 orders tried  current cost 3
    W_14: 11685s  26,405,780,600 steps   133531 feasible sets         0 orders tried  current cost 11
    W_14: 11700s  26,440,086,200 steps   133721 feasible sets         0 orders tried  current cost 7
    W_14: 11715s  26,474,207,800 steps   133905 feasible sets         0 orders tried  current cost 4
    W_14: 11730s  26,508,316,800 steps   134092 feasible sets         0 orders tried  current cost 4
    W_14: 11745s  26,542,425,200 steps   134315 feasible sets         0 orders tried  current cost 6
    W_14: 11760s  26,576,338,200 steps   134469 feasible sets         0 orders tried  current cost 3
    W_14: 11775s  26,610,499,000 steps   134642 feasible sets         0 orders tried  current cost 4
    W_14: 11790s  26,644,702,600 steps   134815 feasible sets         0 orders tried  current cost 11
    W_14: 11805s  26,679,124,600 steps   134975 feasible sets         0 orders tried  current cost 12
    W_14: 11820s  26,713,353,200 steps   135149 feasible sets         0 orders tried  current cost 1
    W_14: 11835s  26,747,524,600 steps   135315 feasible sets         0 orders tried  current cost 10
    W_14: 11850s  26,781,848,200 steps   135496 feasible sets         0 orders tried  current cost 5
    W_14: 11865s  26,816,253,800 steps   135640 feasible sets         0 orders tried  current cost 4
    W_14: 11880s  26,850,497,200 steps   135808 feasible sets         0 orders tried  current cost 4
    W_14: 11895s  26,884,958,600 steps   135999 feasible sets         0 orders tried  current cost 2
    W_14: 11910s  26,919,112,000 steps   136215 feasible sets         0 orders tried  current cost 3
    W_14: 11925s  26,952,950,400 steps   136402 feasible sets         0 orders tried  current cost 3
    W_14: 11940s  26,987,115,600 steps   136546 feasible sets         0 orders tried  current cost 3
    W_14: 11955s  27,021,478,600 steps   136720 feasible sets         0 orders tried  current cost 2
    W_14: 11970s  27,055,746,600 steps   136912 feasible sets         0 orders tried  current cost 5
    W_14: 11985s  27,089,505,000 steps   137081 feasible sets         0 orders tried  current cost 7
    W_14: 12000s  27,123,894,400 steps   137272 feasible sets         0 orders tried  current cost 4
    W_14: 12015s  27,158,445,000 steps   137467 feasible sets         0 orders tried  current cost 8
    W_14: 12030s  27,192,543,200 steps   137679 feasible sets         0 orders tried  current cost 13
    W_14: 12045s  27,226,950,200 steps   137860 feasible sets         0 orders tried  current cost 5
    W_14: 12060s  27,261,031,400 steps   137997 feasible sets         0 orders tried  current cost 2
    W_14: 12075s  27,295,764,600 steps   138167 feasible sets         0 orders tried  current cost 7
    W_14: 12090s  27,330,109,400 steps   138371 feasible sets         0 orders tried  current cost 5
    W_14: 12105s  27,364,358,800 steps   138556 feasible sets         0 orders tried  current cost 2
    W_14: 12120s  27,398,540,000 steps   138714 feasible sets         0 orders tried  current cost 2
    W_14: 12135s  27,432,444,800 steps   138900 feasible sets         0 orders tried  current cost 8
    W_14: 12150s  27,466,888,600 steps   139093 feasible sets         0 orders tried  current cost 6
    W_14: 12165s  27,501,146,800 steps   139274 feasible sets         0 orders tried  current cost 6
    W_14: 12180s  27,535,330,800 steps   139448 feasible sets         0 orders tried  current cost 2
    W_14: 12195s  27,569,636,200 steps   139625 feasible sets         0 orders tried  current cost 2
    W_14: 12210s  27,604,105,800 steps   139796 feasible sets         0 orders tried  current cost 8
    W_14: 12225s  27,638,250,800 steps   139972 feasible sets         0 orders tried  current cost 6
    W_14: 12240s  27,672,250,400 steps   140124 feasible sets         0 orders tried  current cost 3
    W_14: 12255s  27,706,332,600 steps   140299 feasible sets         0 orders tried  current cost 5
    W_14: 12270s  27,740,075,600 steps   140450 feasible sets         0 orders tried  current cost 3
    W_14: 12285s  27,773,701,800 steps   140616 feasible sets         0 orders tried  current cost 9
    W_14: 12300s  27,808,021,800 steps   140795 feasible sets         0 orders tried  current cost 13
    W_14: 12315s  27,841,874,600 steps   140981 feasible sets         0 orders tried  current cost 2
    W_14: 12330s  27,875,774,600 steps   141131 feasible sets         0 orders tried  current cost 3
    W_14: 12345s  27,910,379,800 steps   141315 feasible sets         0 orders tried  current cost 3
    W_14: 12360s  27,945,066,000 steps   141475 feasible sets         0 orders tried  current cost 8
    W_14: 12375s  27,979,421,400 steps   141726 feasible sets         0 orders tried  current cost 7
    W_14: 12390s  28,013,884,000 steps   141937 feasible sets         0 orders tried  current cost 9
    W_14: 12405s  28,048,420,400 steps   142093 feasible sets         0 orders tried  current cost 10
    W_14: 12420s  28,082,786,000 steps   142255 feasible sets         0 orders tried  current cost 7
    W_14: 12435s  28,116,890,000 steps   142454 feasible sets         0 orders tried  current cost 3
    W_14: 12450s  28,151,252,800 steps   142635 feasible sets         0 orders tried  current cost 2
    W_14: 12465s  28,185,506,600 steps   142860 feasible sets         0 orders tried  current cost 10
    W_14: 12480s  28,219,860,800 steps   143049 feasible sets         0 orders tried  current cost 10
    W_14: 12495s  28,254,083,200 steps   143232 feasible sets         0 orders tried  current cost 7
    W_14: 12510s  28,288,667,200 steps   143398 feasible sets         0 orders tried  current cost 6
    W_14: 12525s  28,323,283,600 steps   143550 feasible sets         0 orders tried  current cost 9
    W_14: 12540s  28,357,532,600 steps   143703 feasible sets         0 orders tried  current cost 1
    W_14: 12555s  28,392,163,800 steps   143869 feasible sets         0 orders tried  current cost 9
    W_14: 12570s  28,426,715,800 steps   144061 feasible sets         0 orders tried  current cost 2
    W_14: 12585s  28,461,389,800 steps   144220 feasible sets         0 orders tried  current cost 4
    W_14: 12600s  28,495,631,400 steps   144379 feasible sets         0 orders tried  current cost 4
    W_14: 12615s  28,530,128,800 steps   144574 feasible sets         0 orders tried  current cost 7
    W_14: 12630s  28,564,691,000 steps   144710 feasible sets         0 orders tried  current cost 6
    W_14: 12645s  28,599,216,600 steps   144901 feasible sets         0 orders tried  current cost 3
    W_14: 12660s  28,633,797,400 steps   145064 feasible sets         0 orders tried  current cost 2
    W_14: 12675s  28,668,561,800 steps   145231 feasible sets         0 orders tried  current cost 16
    W_14: 12690s  28,702,958,800 steps   145387 feasible sets         0 orders tried  current cost 4
    W_14: 12705s  28,737,885,800 steps   145549 feasible sets         0 orders tried  current cost 10
    W_14: 12720s  28,772,767,200 steps   145711 feasible sets         0 orders tried  current cost 9
    W_14: 12735s  28,807,219,800 steps   145878 feasible sets         0 orders tried  current cost 4
    W_14: 12750s  28,841,368,600 steps   146030 feasible sets         0 orders tried  current cost 4
    W_14: 12765s  28,875,893,200 steps   146183 feasible sets         0 orders tried  current cost 4
    W_14: 12780s  28,910,198,200 steps   146335 feasible sets         0 orders tried  current cost 2
    W_14: 12795s  28,944,841,400 steps   146510 feasible sets         0 orders tried  current cost 7
    W_14: 12810s  28,979,580,000 steps   146676 feasible sets         0 orders tried  current cost 3
    W_14: 12825s  29,013,927,200 steps   146831 feasible sets         0 orders tried  current cost 6
    W_14: 12840s  29,048,635,000 steps   146995 feasible sets         0 orders tried  current cost 4
    W_14: 12855s  29,082,727,800 steps   147144 feasible sets         0 orders tried  current cost 5
    W_14: 12870s  29,117,203,600 steps   147322 feasible sets         0 orders tried  current cost 10
    W_14: 12885s  29,151,763,600 steps   147494 feasible sets         0 orders tried  current cost 10
    W_14: 12900s  29,186,335,600 steps   147655 feasible sets         0 orders tried  current cost 2
    W_14: 12915s  29,220,840,400 steps   147841 feasible sets         0 orders tried  current cost 15
    W_14: 12930s  29,255,668,200 steps   148001 feasible sets         0 orders tried  current cost 9
    W_14: 12945s  29,290,295,800 steps   148197 feasible sets         0 orders tried  current cost 4
    W_14: 12960s  29,324,614,200 steps   148347 feasible sets         0 orders tried  current cost 4
    W_14: 12975s  29,358,863,000 steps   148517 feasible sets         0 orders tried  current cost 12
    W_14: 12990s  29,392,982,000 steps   148693 feasible sets         0 orders tried  current cost 10
    W_14: 13005s  29,427,103,800 steps   148855 feasible sets         0 orders tried  current cost 9
    W_14: 13020s  29,461,397,200 steps   149016 feasible sets         0 orders tried  current cost 4
    W_14: 13035s  29,495,813,600 steps   149178 feasible sets         0 orders tried  current cost 4
    W_14: 13050s  29,530,166,600 steps   149349 feasible sets         0 orders tried  current cost 9
    W_14: 13065s  29,564,701,400 steps   149501 feasible sets         0 orders tried  current cost 10
    W_14: 13080s  29,599,014,600 steps   149678 feasible sets         0 orders tried  current cost 5
    W_14: 13095s  29,633,321,000 steps   149860 feasible sets         0 orders tried  current cost 14
    W_14: 13110s  29,667,759,200 steps   150003 feasible sets         0 orders tried  current cost 5
    W_14: 13125s  29,702,254,600 steps   150195 feasible sets         0 orders tried  current cost 8
    W_14: 13140s  29,736,354,600 steps   150338 feasible sets         0 orders tried  current cost 3
    W_14: 13155s  29,770,544,000 steps   150467 feasible sets         0 orders tried  current cost 5
    W_14: 13170s  29,805,031,400 steps   150669 feasible sets         0 orders tried  current cost 3
    W_14: 13185s  29,839,622,200 steps   150811 feasible sets         0 orders tried  current cost 10
    W_14: 13200s  29,874,343,000 steps   150984 feasible sets         0 orders tried  current cost 9
    W_14: 13215s  29,908,977,400 steps   151127 feasible sets         0 orders tried  current cost 2
    W_14: 13230s  29,943,227,800 steps   151290 feasible sets         0 orders tried  current cost 6
    W_14: 13245s  29,977,488,600 steps   151478 feasible sets         0 orders tried  current cost 4
    W_14: 13260s  30,011,878,400 steps   151634 feasible sets         0 orders tried  current cost 4
    W_14: 13275s  30,046,097,400 steps   151815 feasible sets         0 orders tried  current cost 3
    W_14: 13290s  30,079,882,400 steps   152002 feasible sets         0 orders tried  current cost 11
    W_14: 13305s  30,114,294,600 steps   152160 feasible sets         0 orders tried  current cost 4
    W_14: 13320s  30,148,825,600 steps   152396 feasible sets         0 orders tried  current cost 10
    W_14: 13335s  30,183,692,800 steps   152587 feasible sets         0 orders tried  current cost 2
    W_14: 13350s  30,217,995,400 steps   152777 feasible sets         0 orders tried  current cost 3
    W_14: 13365s  30,252,584,800 steps   152959 feasible sets         0 orders tried  current cost 13
    W_14: 13380s  30,286,859,400 steps   153132 feasible sets         0 orders tried  current cost 2
    W_14: 13395s  30,321,167,200 steps   153295 feasible sets         0 orders tried  current cost 4
    W_14: 13410s  30,355,717,200 steps   153469 feasible sets         0 orders tried  current cost 4
    W_14: 13425s  30,389,840,000 steps   153657 feasible sets         0 orders tried  current cost 3
    W_14: 13440s  30,424,137,200 steps   153867 feasible sets         0 orders tried  current cost 3
    W_14: 13455s  30,458,458,400 steps   154043 feasible sets         0 orders tried  current cost 1
    W_14: 13470s  30,492,882,600 steps   154223 feasible sets         0 orders tried  current cost 9
    W_14: 13485s  30,527,303,600 steps   154413 feasible sets         0 orders tried  current cost 11
    W_14: 13500s  30,562,483,000 steps   154589 feasible sets         0 orders tried  current cost 11
    W_14: 13515s  30,597,154,200 steps   154747 feasible sets         0 orders tried  current cost 2
    W_14: 13530s  30,631,604,600 steps   154929 feasible sets         0 orders tried  current cost 11
    W_14: 13545s  30,666,096,800 steps   155107 feasible sets         0 orders tried  current cost 2
    W_14: 13560s  30,700,458,000 steps   155255 feasible sets         0 orders tried  current cost 1
    W_14: 13575s  30,734,833,200 steps   155413 feasible sets         0 orders tried  current cost 3
    W_14: 13590s  30,769,492,200 steps   155597 feasible sets         0 orders tried  current cost 2
    W_14: 13605s  30,804,162,000 steps   155755 feasible sets         0 orders tried  current cost 9
    W_14: 13620s  30,838,565,600 steps   155926 feasible sets         0 orders tried  current cost 7
    W_14: 13635s  30,873,614,000 steps   156092 feasible sets         0 orders tried  current cost 3
    W_14: 13650s  30,908,486,200 steps   156282 feasible sets         0 orders tried  current cost 8
    W_14: 13665s  30,943,041,600 steps   156445 feasible sets         0 orders tried  current cost 9
    W_14: 13680s  30,977,666,600 steps   156676 feasible sets         0 orders tried  current cost 6
    W_14: 13695s  31,012,359,000 steps   156817 feasible sets         0 orders tried  current cost 1
    W_14: 13710s  31,046,880,200 steps   157006 feasible sets         0 orders tried  current cost 10
    W_14: 13725s  31,081,300,200 steps   157209 feasible sets         0 orders tried  current cost 15
    W_14: 13740s  31,115,574,200 steps   157379 feasible sets         0 orders tried  current cost 4
    W_14: 13755s  31,150,099,600 steps   157571 feasible sets         0 orders tried  current cost 4
    W_14: 13770s  31,184,553,800 steps   157719 feasible sets         0 orders tried  current cost 3
    W_14: 13785s  31,219,278,600 steps   157890 feasible sets         0 orders tried  current cost 3
    W_14: 13800s  31,253,705,600 steps   158121 feasible sets         0 orders tried  current cost 7
    W_14: 13815s  31,288,184,000 steps   158300 feasible sets         0 orders tried  current cost 11
    W_14: 13830s  31,322,264,400 steps   158481 feasible sets         0 orders tried  current cost 9
    W_14: 13845s  31,356,354,400 steps   158671 feasible sets         0 orders tried  current cost 3
    W_14: 13860s  31,391,230,400 steps   158853 feasible sets         0 orders tried  current cost 5
    W_14: 13875s  31,425,915,400 steps   159029 feasible sets         0 orders tried  current cost 3
    W_14: 13890s  31,460,195,600 steps   159212 feasible sets         0 orders tried  current cost 3
    W_14: 13905s  31,494,435,800 steps   159394 feasible sets         0 orders tried  current cost 3
    W_14: 13920s  31,528,454,400 steps   159561 feasible sets         0 orders tried  current cost 2
    W_14: 13935s  31,562,934,000 steps   159723 feasible sets         0 orders tried  current cost 3
    W_14: 13950s  31,597,441,000 steps   159896 feasible sets         0 orders tried  current cost 13
    W_14: 13965s  31,631,923,200 steps   160046 feasible sets         0 orders tried  current cost 13
    W_14: 13980s  31,666,796,200 steps   160194 feasible sets         0 orders tried  current cost 2
    W_14: 13995s  31,701,315,600 steps   160391 feasible sets         0 orders tried  current cost 3
    W_14: 14010s  31,735,907,200 steps   160592 feasible sets         0 orders tried  current cost 4
    W_14: 14025s  31,770,410,400 steps   160733 feasible sets         0 orders tried  current cost 4
    W_14: 14040s  31,805,104,200 steps   160930 feasible sets         0 orders tried  current cost 8
    W_14: 14055s  31,839,591,200 steps   161102 feasible sets         0 orders tried  current cost 4
    W_14: 14070s  31,874,353,400 steps   161279 feasible sets         0 orders tried  current cost 4
    W_14: 14085s  31,908,731,600 steps   161472 feasible sets         0 orders tried  current cost 5
    W_14: 14100s  31,943,247,000 steps   161652 feasible sets         0 orders tried  current cost 10
    W_14: 14115s  31,977,983,200 steps   161823 feasible sets         0 orders tried  current cost 8
    W_14: 14130s  32,012,622,000 steps   162023 feasible sets         0 orders tried  current cost 12
    W_14: 14145s  32,047,243,400 steps   162180 feasible sets         0 orders tried  current cost 9
    W_14: 14160s  32,082,294,800 steps   162368 feasible sets         0 orders tried  current cost 2
    W_14: 14175s  32,116,540,200 steps   162540 feasible sets         0 orders tried  current cost 11
    W_14: 14190s  32,150,717,000 steps   162701 feasible sets         0 orders tried  current cost 2
    W_14: 14205s  32,185,250,000 steps   162854 feasible sets         0 orders tried  current cost 2
    W_14: 14220s  32,219,555,000 steps   163038 feasible sets         0 orders tried  current cost 2
    W_14: 14235s  32,253,929,000 steps   163213 feasible sets         0 orders tried  current cost 4
    W_14: 14250s  32,288,191,400 steps   163421 feasible sets         0 orders tried  current cost 5
    W_14: 14265s  32,322,193,000 steps   163602 feasible sets         0 orders tried  current cost 3
    W_14: 14280s  32,356,899,600 steps   163763 feasible sets         0 orders tried  current cost 1
    W_14: 14295s  32,391,421,200 steps   163942 feasible sets         0 orders tried  current cost 10
    W_14: 14310s  32,425,853,000 steps   164124 feasible sets         0 orders tried  current cost 5
    W_14: 14325s  32,460,546,200 steps   164326 feasible sets         0 orders tried  current cost 5
    W_14: 14340s  32,494,864,800 steps   164504 feasible sets         0 orders tried  current cost 6
    W_14: 14355s  32,529,715,000 steps   164692 feasible sets         0 orders tried  current cost 4
    W_14: 14370s  32,564,222,200 steps   164888 feasible sets         0 orders tried  current cost 13
    W_14: 14385s  32,598,574,600 steps   165031 feasible sets         0 orders tried  current cost 4
    W_14: 14400s  32,633,166,800 steps   165203 feasible sets         0 orders tried  current cost 7
    W_14: 14415s  32,667,288,000 steps   165391 feasible sets         0 orders tried  current cost 6
    W_14: 14430s  32,702,299,000 steps   165540 feasible sets         0 orders tried  current cost 2
    W_14: 14445s  32,736,801,000 steps   165707 feasible sets         0 orders tried  current cost 14
    W_14: 14460s  32,771,350,000 steps   165854 feasible sets         0 orders tried  current cost 5
    W_14: 14475s  32,806,108,800 steps   166070 feasible sets         0 orders tried  current cost 4
    W_14: 14490s  32,840,161,400 steps   166257 feasible sets         0 orders tried  current cost 11
    W_14: 14505s  32,874,627,000 steps   166429 feasible sets         0 orders tried  current cost 9
    W_14: 14520s  32,909,352,400 steps   166583 feasible sets         0 orders tried  current cost 4
    W_14: 14535s  32,944,249,000 steps   166761 feasible sets         0 orders tried  current cost 5
    W_14: 14550s  32,978,637,200 steps   166951 feasible sets         0 orders tried  current cost 1
    W_14: 14565s  33,013,305,400 steps   167111 feasible sets         0 orders tried  current cost 10
    W_14: 14580s  33,047,620,400 steps   167289 feasible sets         0 orders tried  current cost 12
    W_14: 14595s  33,081,729,400 steps   167483 feasible sets         0 orders tried  current cost 7
    W_14: 14610s  33,115,689,800 steps   167623 feasible sets         0 orders tried  current cost 3
    W_14: 14625s  33,150,252,200 steps   167793 feasible sets         0 orders tried  current cost 1
    W_14: 14640s  33,184,882,000 steps   167969 feasible sets         0 orders tried  current cost 16
    W_14: 14655s  33,219,057,600 steps   168101 feasible sets         0 orders tried  current cost 3
    W_14: 14670s  33,253,690,600 steps   168277 feasible sets         0 orders tried  current cost 3
    W_14: 14685s  33,288,108,800 steps   168472 feasible sets         0 orders tried  current cost 6
    W_14: 14700s  33,322,403,000 steps   168645 feasible sets         0 orders tried  current cost 10
    W_14: 14715s  33,356,866,000 steps   168793 feasible sets         0 orders tried  current cost 7
    W_14: 14730s  33,390,659,600 steps   168941 feasible sets         0 orders tried  current cost 4
    W_14: 14745s  33,425,350,400 steps   169133 feasible sets         0 orders tried  current cost 6
    W_14: 14760s  33,459,502,400 steps   169335 feasible sets         0 orders tried  current cost 14
    W_14: 14775s  33,493,462,800 steps   169544 feasible sets         0 orders tried  current cost 7
    W_14: 14790s  33,527,629,200 steps   169727 feasible sets         0 orders tried  current cost 4
    W_14: 14805s  33,561,810,800 steps   169878 feasible sets         0 orders tried  current cost 4
    W_14: 14820s  33,596,286,200 steps   170041 feasible sets         0 orders tried  current cost 8
    W_14: 14835s  33,631,070,200 steps   170208 feasible sets         0 orders tried  current cost 2
    W_14: 14850s  33,664,400,000 steps   170357 feasible sets         0 orders tried  current cost 2
    W_14: 14865s  33,698,609,000 steps   170504 feasible sets         0 orders tried  current cost 3
    W_14: 14880s  33,732,921,400 steps   170651 feasible sets         0 orders tried  current cost 15
    W_14: 14895s  33,766,872,800 steps   170782 feasible sets         0 orders tried  current cost 2
    W_14: 14910s  33,801,285,800 steps   170951 feasible sets         0 orders tried  current cost 10
    W_14: 14925s  33,835,184,000 steps   171075 feasible sets         0 orders tried  current cost 8
    W_14: 14940s  33,869,363,600 steps   171290 feasible sets         0 orders tried  current cost 7
    W_14: 14955s  33,903,279,200 steps   171481 feasible sets         0 orders tried  current cost 1
    W_14: 14970s  33,937,519,000 steps   171632 feasible sets         0 orders tried  current cost 2
    W_14: 14985s  33,971,296,800 steps   171776 feasible sets         0 orders tried  current cost 5
    W_14: 15000s  34,005,300,000 steps   172003 feasible sets         0 orders tried  current cost 3
    W_14: 15015s  34,039,484,600 steps   172176 feasible sets         0 orders tried  current cost 7
    W_14: 15030s  34,073,550,800 steps   172347 feasible sets         0 orders tried  current cost 3
    W_14: 15045s  34,107,145,200 steps   172519 feasible sets         0 orders tried  current cost 10
    W_14: 15060s  34,141,470,000 steps   172710 feasible sets         0 orders tried  current cost 2
    W_14: 15075s  34,175,792,400 steps   172884 feasible sets         0 orders tried  current cost 3
    W_14: 15090s  34,210,387,600 steps   173075 feasible sets         0 orders tried  current cost 6
    W_14: 15105s  34,244,664,400 steps   173219 feasible sets         0 orders tried  current cost 9
    W_14: 15120s  34,278,948,200 steps   173404 feasible sets         0 orders tried  current cost 4
    W_14: 15135s  34,313,030,800 steps   173567 feasible sets         0 orders tried  current cost 6
    W_14: 15150s  34,347,265,400 steps   173776 feasible sets         0 orders tried  current cost 11
    W_14: 15165s  34,381,711,600 steps   173928 feasible sets         0 orders tried  current cost 5
    W_14: 15180s  34,416,036,800 steps   174133 feasible sets         0 orders tried  current cost 3
    W_14: 15195s  34,450,712,600 steps   174333 feasible sets         0 orders tried  current cost 3
    W_14: 15210s  34,485,332,200 steps   174500 feasible sets         0 orders tried  current cost 2
    W_14: 15225s  34,520,186,200 steps   174703 feasible sets         0 orders tried  current cost 9
    W_14: 15240s  34,554,521,800 steps   174891 feasible sets         0 orders tried  current cost 11
    W_14: 15255s  34,588,961,600 steps   175052 feasible sets         0 orders tried  current cost 7
    W_14: 15270s  34,623,105,200 steps   175212 feasible sets         0 orders tried  current cost 8
    W_14: 15285s  34,657,099,800 steps   175374 feasible sets         0 orders tried  current cost 3
    W_14: 15300s  34,691,455,600 steps   175564 feasible sets         0 orders tried  current cost 3
    W_14: 15315s  34,726,019,800 steps   175755 feasible sets         0 orders tried  current cost 3
    W_14: 15330s  34,760,636,800 steps   175956 feasible sets         0 orders tried  current cost 4
    W_14: 15345s  34,795,327,000 steps   176145 feasible sets         0 orders tried  current cost 8
    W_14: 15360s  34,829,607,000 steps   176306 feasible sets         0 orders tried  current cost 6
    W_14: 15375s  34,863,778,400 steps   176486 feasible sets         0 orders tried  current cost 3
    W_14: 15390s  34,897,923,800 steps   176649 feasible sets         0 orders tried  current cost 9
    W_14: 15405s  34,932,340,800 steps   176828 feasible sets         0 orders tried  current cost 11
    W_14: 15420s  34,966,547,200 steps   177011 feasible sets         0 orders tried  current cost 8
    W_14: 15435s  35,000,746,200 steps   177163 feasible sets         0 orders tried  current cost 5
    W_14: 15450s  35,035,228,200 steps   177381 feasible sets         0 orders tried  current cost 5
    W_14: 15465s  35,069,484,200 steps   177552 feasible sets         0 orders tried  current cost 7
    W_14: 15480s  35,103,558,200 steps   177741 feasible sets         0 orders tried  current cost 3
    W_14: 15495s  35,138,171,000 steps   177893 feasible sets         0 orders tried  current cost 3
    W_14: 15510s  35,172,519,400 steps   178055 feasible sets         0 orders tried  current cost 3
    W_14: 15525s  35,207,042,000 steps   178249 feasible sets         0 orders tried  current cost 14
    W_14: 15540s  35,240,848,800 steps   178426 feasible sets         0 orders tried  current cost 6
    W_14: 15555s  35,274,916,600 steps   178620 feasible sets         0 orders tried  current cost 4
    W_14: 15570s  35,308,982,800 steps   178785 feasible sets         0 orders tried  current cost 8
    W_14: 15585s  35,343,494,400 steps   178902 feasible sets         0 orders tried  current cost 3
    W_14: 15600s  35,378,000,000 steps   179090 feasible sets         0 orders tried  current cost 3
    W_14: 15615s  35,412,801,400 steps   179245 feasible sets         0 orders tried  current cost 10
    W_14: 15630s  35,447,020,600 steps   179457 feasible sets         0 orders tried  current cost 12
    W_14: 15645s  35,481,512,800 steps   179607 feasible sets         0 orders tried  current cost 4
    W_14: 15660s  35,515,791,400 steps   179794 feasible sets         0 orders tried  current cost 3
    W_14: 15675s  35,550,382,000 steps   179931 feasible sets         0 orders tried  current cost 6
    W_14: 15690s  35,585,218,000 steps   180139 feasible sets         0 orders tried  current cost 2
    W_14: 15705s  35,619,344,400 steps   180311 feasible sets         0 orders tried  current cost 8
    W_14: 15720s  35,653,782,800 steps   180482 feasible sets         0 orders tried  current cost 13
    W_14: 15735s  35,688,220,800 steps   180663 feasible sets         0 orders tried  current cost 8
    W_14: 15750s  35,722,563,600 steps   180858 feasible sets         0 orders tried  current cost 11
    W_14: 15765s  35,757,051,600 steps   180998 feasible sets         0 orders tried  current cost 5
    W_14: 15780s  35,791,399,400 steps   181141 feasible sets         0 orders tried  current cost 2
    W_14: 15795s  35,825,937,600 steps   181298 feasible sets         0 orders tried  current cost 2
    W_14: 15810s  35,860,019,200 steps   181524 feasible sets         0 orders tried  current cost 4
    W_14: 15825s  35,894,437,800 steps   181684 feasible sets         0 orders tried  current cost 1
    W_14: 15840s  35,928,006,400 steps   181886 feasible sets         0 orders tried  current cost 12
    W_14: 15855s  35,961,340,600 steps   182096 feasible sets         0 orders tried  current cost 13
    W_14: 15870s  35,994,831,800 steps   182258 feasible sets         0 orders tried  current cost 5
    W_14: 15885s  36,028,466,400 steps   182408 feasible sets         0 orders tried  current cost 4
    W_14: 15900s  36,062,124,200 steps   182557 feasible sets         0 orders tried  current cost 9
    W_14: 15915s  36,095,705,800 steps   182712 feasible sets         0 orders tried  current cost 9
    W_14: 15930s  36,128,986,000 steps   182887 feasible sets         0 orders tried  current cost 9
    W_14: 15945s  36,162,670,600 steps   183090 feasible sets         0 orders tried  current cost 5
    W_14: 15960s  36,196,395,400 steps   183290 feasible sets         0 orders tried  current cost 2
    W_14: 15975s  36,230,119,600 steps   183492 feasible sets         0 orders tried  current cost 2
    W_14: 15990s  36,263,691,000 steps   183637 feasible sets         0 orders tried  current cost 4
    W_14: 16005s  36,297,284,200 steps   183783 feasible sets         0 orders tried  current cost 9
    W_14: 16020s  36,330,799,600 steps   183966 feasible sets         0 orders tried  current cost 3
    W_14: 16035s  36,364,549,600 steps   184159 feasible sets         0 orders tried  current cost 6
    W_14: 16050s  36,398,246,200 steps   184308 feasible sets         0 orders tried  current cost 5
    W_14: 16065s  36,431,421,200 steps   184494 feasible sets         0 orders tried  current cost 9
    W_14: 16080s  36,464,640,800 steps   184647 feasible sets         0 orders tried  current cost 14
    W_14: 16095s  36,498,240,800 steps   184812 feasible sets         0 orders tried  current cost 9
    W_14: 16110s  36,531,633,400 steps   184963 feasible sets         0 orders tried  current cost 5
    W_14: 16125s  36,565,412,200 steps   185132 feasible sets         0 orders tried  current cost 5
    W_14: 16140s  36,597,624,200 steps   185306 feasible sets         0 orders tried  current cost 7
    W_14: 16155s  36,630,909,800 steps   185445 feasible sets         0 orders tried  current cost 4
    W_14: 16170s  36,646,808,600 steps   185516 feasible sets         0 orders tried  current cost 4
    W_14: 16185s  36,679,618,000 steps   185694 feasible sets         0 orders tried  current cost 2
    W_14: 16200s  36,713,437,800 steps   185861 feasible sets         0 orders tried  current cost 3
    W_14: 16215s  36,747,760,800 steps   186031 feasible sets         0 orders tried  current cost 14
    W_14: 16230s  36,781,995,000 steps   186219 feasible sets         0 orders tried  current cost 3
    W_14: 16245s  36,816,061,200 steps   186361 feasible sets         0 orders tried  current cost 16
    W_14: 16260s  36,850,331,400 steps   186574 feasible sets         0 orders tried  current cost 3
    W_14: 16275s  36,884,450,000 steps   186755 feasible sets         0 orders tried  current cost 3
    W_14: 16290s  36,918,528,600 steps   186933 feasible sets         0 orders tried  current cost 5
    W_14: 16305s  36,952,747,800 steps   187076 feasible sets         0 orders tried  current cost 8
    W_14: 16320s  36,987,206,000 steps   187267 feasible sets         0 orders tried  current cost 10
    W_14: 16335s  37,021,536,200 steps   187460 feasible sets         0 orders tried  current cost 3
    W_14: 16350s  37,055,524,600 steps   187641 feasible sets         0 orders tried  current cost 11
    W_14: 16365s  37,090,051,200 steps   187832 feasible sets         0 orders tried  current cost 4
    W_14: 16380s  37,124,441,200 steps   187988 feasible sets         0 orders tried  current cost 13
    W_14: 16395s  37,158,526,400 steps   188154 feasible sets         0 orders tried  current cost 11
    W_14: 16410s  37,192,403,600 steps   188325 feasible sets         0 orders tried  current cost 8
    W_14: 16425s  37,226,169,600 steps   188485 feasible sets         0 orders tried  current cost 2
    W_14: 16440s  37,259,784,600 steps   188651 feasible sets         0 orders tried  current cost 7
    W_14: 16455s  37,293,951,400 steps   188800 feasible sets         0 orders tried  current cost 7
    W_14: 16470s  37,328,450,200 steps   188983 feasible sets         0 orders tried  current cost 4
    W_14: 16485s  37,363,180,000 steps   189161 feasible sets         0 orders tried  current cost 2
    W_14: 16500s  37,397,529,000 steps   189333 feasible sets         0 orders tried  current cost 7
    W_14: 16515s  37,431,378,000 steps   189524 feasible sets         0 orders tried  current cost 1
    W_14: 16530s  37,465,738,200 steps   189724 feasible sets         0 orders tried  current cost 4
    W_14: 16545s  37,499,727,000 steps   189870 feasible sets         0 orders tried  current cost 6
    W_14: 16560s  37,533,771,000 steps   190042 feasible sets         0 orders tried  current cost 3
    W_14: 16575s  37,567,581,200 steps   190215 feasible sets         0 orders tried  current cost 4
    W_14: 16590s  37,601,433,600 steps   190393 feasible sets         0 orders tried  current cost 3
    W_14: 16605s  37,636,017,600 steps   190565 feasible sets         0 orders tried  current cost 3
    W_14: 16620s  37,670,273,400 steps   190773 feasible sets         0 orders tried  current cost 4
    W_14: 16635s  37,704,828,000 steps   190936 feasible sets         0 orders tried  current cost 6
    W_14: 16650s  37,739,423,800 steps   191107 feasible sets         0 orders tried  current cost 7
    W_14: 16665s  37,773,527,800 steps   191281 feasible sets         0 orders tried  current cost 6
    W_14: 16680s  37,808,204,000 steps   191465 feasible sets         0 orders tried  current cost 16
    W_14: 16695s  37,842,325,400 steps   191600 feasible sets         0 orders tried  current cost 6
    W_14: 16710s  37,876,628,000 steps   191764 feasible sets         0 orders tried  current cost 9
    W_14: 16725s  37,910,879,400 steps   191893 feasible sets         0 orders tried  current cost 2
    W_14: 16740s  37,944,790,000 steps   192070 feasible sets         0 orders tried  current cost 3
    W_14: 16755s  37,978,990,200 steps   192238 feasible sets         0 orders tried  current cost 2
    W_14: 16770s  38,013,135,000 steps   192418 feasible sets         0 orders tried  current cost 3
    W_14: 16785s  38,047,073,600 steps   192596 feasible sets         0 orders tried  current cost 3
    W_14: 16800s  38,080,845,800 steps   192779 feasible sets         0 orders tried  current cost 6
    W_14: 16815s  38,115,053,800 steps   192945 feasible sets         0 orders tried  current cost 4
    W_14: 16830s  38,149,526,200 steps   193102 feasible sets         0 orders tried  current cost 6
    W_14: 16845s  38,183,956,400 steps   193250 feasible sets         0 orders tried  current cost 2
    W_14: 16860s  38,218,280,400 steps   193422 feasible sets         0 orders tried  current cost 11
    W_14: 16875s  38,252,133,600 steps   193594 feasible sets         0 orders tried  current cost 2
    W_14: 16890s  38,286,085,800 steps   193773 feasible sets         0 orders tried  current cost 9
    W_14: 16905s  38,319,949,800 steps   193951 feasible sets         0 orders tried  current cost 5
    W_14: 16920s  38,353,840,600 steps   194107 feasible sets         0 orders tried  current cost 20
    W_14: 16935s  38,387,954,400 steps   194314 feasible sets         0 orders tried  current cost 3
    W_14: 16950s  38,422,335,400 steps   194485 feasible sets         0 orders tried  current cost 4
    W_14: 16965s  38,456,565,000 steps   194655 feasible sets         0 orders tried  current cost 11
    W_14: 16980s  38,491,172,400 steps   194802 feasible sets         0 orders tried  current cost 4
    W_14: 16995s  38,525,308,000 steps   194966 feasible sets         0 orders tried  current cost 5
    W_14: 17010s  38,559,501,600 steps   195153 feasible sets         0 orders tried  current cost 13
    W_14: 17025s  38,593,588,600 steps   195316 feasible sets         0 orders tried  current cost 4
    W_14: 17040s  38,627,857,800 steps   195501 feasible sets         0 orders tried  current cost 2
    W_14: 17055s  38,662,030,200 steps   195687 feasible sets         0 orders tried  current cost 4
    W_14: 17070s  38,696,483,400 steps   195850 feasible sets         0 orders tried  current cost 10
    W_14: 17085s  38,730,558,200 steps   196044 feasible sets         0 orders tried  current cost 1
    W_14: 17100s  38,764,721,800 steps   196229 feasible sets         0 orders tried  current cost 11
    W_14: 17115s  38,798,800,200 steps   196407 feasible sets         0 orders tried  current cost 16
    W_14: 17130s  38,832,977,000 steps   196565 feasible sets         0 orders tried  current cost 1
    W_14: 17145s  38,867,340,400 steps   196746 feasible sets         0 orders tried  current cost 17
    W_14: 17160s  38,901,807,600 steps   196947 feasible sets         0 orders tried  current cost 7
    W_14: 17175s  38,935,797,600 steps   197171 feasible sets         0 orders tried  current cost 3
    W_14: 17190s  38,970,016,400 steps   197326 feasible sets         0 orders tried  current cost 3
    W_14: 17205s  39,004,315,000 steps   197509 feasible sets         0 orders tried  current cost 4
    W_14: 17220s  39,038,341,000 steps   197680 feasible sets         0 orders tried  current cost 8
    W_14: 17235s  39,072,361,400 steps   197877 feasible sets         0 orders tried  current cost 12
    W_14: 17250s  39,106,530,400 steps   198020 feasible sets         0 orders tried  current cost 2
    W_14: 17265s  39,141,171,800 steps   198189 feasible sets         0 orders tried  current cost 4
    W_14: 17280s  39,175,455,600 steps   198366 feasible sets         0 orders tried  current cost 5
    W_14: 17295s  39,209,768,400 steps   198528 feasible sets         0 orders tried  current cost 8
    W_14: 17310s  39,244,289,000 steps   198686 feasible sets         0 orders tried  current cost 7
    W_14: 17325s  39,278,038,800 steps   198895 feasible sets         0 orders tried  current cost 4
    W_14: 17340s  39,312,702,200 steps   199071 feasible sets         0 orders tried  current cost 8
    W_14: 17355s  39,346,810,200 steps   199247 feasible sets         0 orders tried  current cost 4
    W_14: 17370s  39,381,306,600 steps   199433 feasible sets         0 orders tried  current cost 11
    W_14: 17385s  39,415,848,800 steps   199623 feasible sets         0 orders tried  current cost 3
    W_14: 17400s  39,450,034,600 steps   199807 feasible sets         0 orders tried  current cost 3
    W_14: 17415s  39,484,382,800 steps   200001 feasible sets         0 orders tried  current cost 10
    W_14: 17430s  39,518,111,800 steps   200189 feasible sets         0 orders tried  current cost 5
    W_14: 17445s  39,552,586,800 steps   200366 feasible sets         0 orders tried  current cost 9
    W_14: 17460s  39,586,438,400 steps   200540 feasible sets         0 orders tried  current cost 1
    W_14: 17475s  39,621,131,000 steps   200777 feasible sets         0 orders tried  current cost 4
    W_14: 17490s  39,655,721,200 steps   200955 feasible sets         0 orders tried  current cost 14
    W_14: 17505s  39,689,986,000 steps   201152 feasible sets         0 orders tried  current cost 8
    W_14: 17520s  39,724,308,600 steps   201326 feasible sets         0 orders tried  current cost 5
    W_14: 17535s  39,758,751,200 steps   201568 feasible sets         0 orders tried  current cost 4
    W_14: 17550s  39,792,777,600 steps   201756 feasible sets         0 orders tried  current cost 3
    W_14: 17565s  39,827,132,800 steps   201929 feasible sets         0 orders tried  current cost 4
    W_14: 17580s  39,861,441,600 steps   202115 feasible sets         0 orders tried  current cost 14
    W_14: 17595s  39,895,363,600 steps   202263 feasible sets         0 orders tried  current cost 12
    W_14: 17610s  39,929,558,200 steps   202477 feasible sets         0 orders tried  current cost 3
    W_14: 17625s  39,963,735,800 steps   202657 feasible sets         0 orders tried  current cost 1
    W_14: 17640s  39,997,718,400 steps   202830 feasible sets         0 orders tried  current cost 4
    W_14: 17655s  40,032,265,200 steps   202993 feasible sets         0 orders tried  current cost 7
    W_14: 17670s  40,066,513,400 steps   203196 feasible sets         0 orders tried  current cost 4
    W_14: 17685s  40,100,865,600 steps   203391 feasible sets         0 orders tried  current cost 7
    W_14: 17700s  40,135,170,200 steps   203595 feasible sets         0 orders tried  current cost 5
    W_14: 17715s  40,168,251,400 steps   203765 feasible sets         0 orders tried  current cost 4
    W_14: 17730s  40,199,963,600 steps   203941 feasible sets         0 orders tried  current cost 11
    W_14: 17745s  40,233,612,000 steps   204135 feasible sets         0 orders tried  current cost 3
    W_14: 17760s  40,267,908,600 steps   204300 feasible sets         0 orders tried  current cost 6
    W_14: 17775s  40,302,692,400 steps   204466 feasible sets         0 orders tried  current cost 3
    W_14: 17790s  40,337,260,200 steps   204643 feasible sets         0 orders tried  current cost 13
    W_14: 17805s  40,371,659,800 steps   204792 feasible sets         0 orders tried  current cost 2
    W_14: 17820s  40,406,063,600 steps   204933 feasible sets         0 orders tried  current cost 8
    W_14: 17835s  40,440,690,200 steps   205095 feasible sets         0 orders tried  current cost 4
    W_14: 17850s  40,475,259,600 steps   205268 feasible sets         0 orders tried  current cost 3
    W_14: 17865s  40,509,685,000 steps   205502 feasible sets         0 orders tried  current cost 6
    W_14: 17880s  40,544,157,800 steps   205676 feasible sets         0 orders tried  current cost 2
    W_14: 17895s  40,578,258,400 steps   205850 feasible sets         0 orders tried  current cost 3
    W_14: 17910s  40,612,724,400 steps   205971 feasible sets         0 orders tried  current cost 14
    W_14: 17925s  40,647,526,400 steps   206136 feasible sets         0 orders tried  current cost 5
    W_14: 17940s  40,681,598,400 steps   206294 feasible sets         0 orders tried  current cost 1
    W_14: 17955s  40,716,466,800 steps   206498 feasible sets         0 orders tried  current cost 7
    W_14: 17970s  40,750,963,200 steps   206709 feasible sets         0 orders tried  current cost 9
    W_14: 17985s  40,785,516,200 steps   206880 feasible sets         0 orders tried  current cost 2
    W_14: 18000s  40,819,981,800 steps   207060 feasible sets         0 orders tried  current cost 12
    W_14: 18015s  40,854,885,600 steps   207250 feasible sets         0 orders tried  current cost 7
    W_14: 18030s  40,889,081,600 steps   207427 feasible sets         0 orders tried  current cost 13
    W_14: 18045s  40,923,465,200 steps   207571 feasible sets         0 orders tried  current cost 12
    W_14: 18060s  40,957,875,800 steps   207756 feasible sets         0 orders tried  current cost 2
    W_14: 18075s  40,992,240,200 steps   207920 feasible sets         0 orders tried  current cost 18
    W_14: 18090s  41,026,683,600 steps   208087 feasible sets         0 orders tried  current cost 10
    W_14: 18105s  41,060,685,000 steps   208245 feasible sets         0 orders tried  current cost 9
    W_14: 18120s  41,095,230,800 steps   208446 feasible sets         0 orders tried  current cost 3
    W_14: 18135s  41,129,765,600 steps   208614 feasible sets         0 orders tried  current cost 6
    W_14: 18150s  41,164,753,400 steps   208776 feasible sets         0 orders tried  current cost 3
    W_14: 18165s  41,199,167,800 steps   208952 feasible sets         0 orders tried  current cost 6
    W_14: 18180s  41,233,278,400 steps   209103 feasible sets         0 orders tried  current cost 3
    W_14: 18195s  41,267,417,000 steps   209304 feasible sets         0 orders tried  current cost 4
    W_14: 18210s  41,301,540,000 steps   209479 feasible sets         0 orders tried  current cost 3
    W_14: 18225s  41,335,774,800 steps   209659 feasible sets         0 orders tried  current cost 4
    W_14: 18240s  41,369,885,600 steps   209834 feasible sets         0 orders tried  current cost 8
    W_14: 18255s  41,404,290,200 steps   210003 feasible sets         0 orders tried  current cost 4
    W_14: 18270s  41,438,363,400 steps   210153 feasible sets         0 orders tried  current cost 11
    W_14: 18285s  41,472,900,000 steps   210321 feasible sets         0 orders tried  current cost 4
    W_14: 18300s  41,507,329,400 steps   210507 feasible sets         0 orders tried  current cost 3
    W_14: 18315s  41,541,637,200 steps   210712 feasible sets         0 orders tried  current cost 1
    W_14: 18330s  41,576,355,600 steps   210897 feasible sets         0 orders tried  current cost 2
    W_14: 18345s  41,610,336,200 steps   211063 feasible sets         0 orders tried  current cost 1
    W_14: 18360s  41,645,172,600 steps   211242 feasible sets         0 orders tried  current cost 4
    W_14: 18375s  41,679,964,800 steps   211399 feasible sets         0 orders tried  current cost 8
    W_14: 18390s  41,713,912,600 steps   211534 feasible sets         0 orders tried  current cost 3
    W_14: 18405s  41,748,185,600 steps   211697 feasible sets         0 orders tried  current cost 5
    W_14: 18420s  41,782,855,400 steps   211879 feasible sets         0 orders tried  current cost 3
    W_14: 18435s  41,816,789,400 steps   212075 feasible sets         0 orders tried  current cost 4
    W_14: 18450s  41,851,427,800 steps   212270 feasible sets         0 orders tried  current cost 9
    W_14: 18465s  41,885,851,600 steps   212424 feasible sets         0 orders tried  current cost 6
    W_14: 18480s  41,920,570,800 steps   212607 feasible sets         0 orders tried  current cost 6
    W_14: 18495s  41,955,081,200 steps   212768 feasible sets         0 orders tried  current cost 14
    W_14: 18510s  41,989,728,600 steps   212937 feasible sets         0 orders tried  current cost 5
    W_14: 18525s  42,024,085,800 steps   213101 feasible sets         0 orders tried  current cost 8
    W_14: 18540s  42,058,727,400 steps   213235 feasible sets         0 orders tried  current cost 5
    W_14: 18555s  42,092,917,600 steps   213376 feasible sets         0 orders tried  current cost 1
    W_14: 18570s  42,127,600,400 steps   213542 feasible sets         0 orders tried  current cost 12
    W_14: 18585s  42,161,823,400 steps   213775 feasible sets         0 orders tried  current cost 10
    W_14: 18600s  42,196,366,800 steps   213942 feasible sets         0 orders tried  current cost 9
    W_14: 18615s  42,230,984,400 steps   214111 feasible sets         0 orders tried  current cost 10
    W_14: 18630s  42,265,765,400 steps   214243 feasible sets         0 orders tried  current cost 8
    W_14: 18645s  42,300,667,200 steps   214392 feasible sets         0 orders tried  current cost 5
    W_14: 18660s  42,335,218,000 steps   214581 feasible sets         0 orders tried  current cost 4
    W_14: 18675s  42,369,356,200 steps   214735 feasible sets         0 orders tried  current cost 2
    W_14: 18690s  42,403,659,400 steps   214885 feasible sets         0 orders tried  current cost 1
    W_14: 18705s  42,438,515,400 steps   215031 feasible sets         0 orders tried  current cost 3
    W_14: 18720s  42,472,865,600 steps   215218 feasible sets         0 orders tried  current cost 6
    W_14: 18735s  42,506,932,000 steps   215383 feasible sets         0 orders tried  current cost 4
    W_14: 18750s  42,541,315,200 steps   215554 feasible sets         0 orders tried  current cost 4
    W_14: 18765s  42,575,743,800 steps   215731 feasible sets         0 orders tried  current cost 13
    W_14: 18780s  42,609,862,400 steps   215877 feasible sets         0 orders tried  current cost 14
    W_14: 18795s  42,644,437,600 steps   216096 feasible sets         0 orders tried  current cost 2
    W_14: 18810s  42,678,669,000 steps   216273 feasible sets         0 orders tried  current cost 8
    W_14: 18825s  42,713,352,400 steps   216475 feasible sets         0 orders tried  current cost 4
    W_14: 18840s  42,748,110,400 steps   216669 feasible sets         0 orders tried  current cost 4
    W_14: 18855s  42,782,394,600 steps   216866 feasible sets         0 orders tried  current cost 3
    W_14: 18870s  42,816,694,800 steps   217047 feasible sets         0 orders tried  current cost 3
    W_14: 18885s  42,851,028,800 steps   217220 feasible sets         0 orders tried  current cost 4
    W_14: 18900s  42,885,323,800 steps   217406 feasible sets         0 orders tried  current cost 8
    W_14: 18915s  42,919,501,600 steps   217582 feasible sets         0 orders tried  current cost 13
    W_14: 18930s  42,954,235,800 steps   217772 feasible sets         0 orders tried  current cost 2
    W_14: 18945s  42,988,465,200 steps   217935 feasible sets         0 orders tried  current cost 6
    W_14: 18960s  43,022,614,400 steps   218104 feasible sets         0 orders tried  current cost 5
    W_14: 18975s  43,056,948,000 steps   218267 feasible sets         0 orders tried  current cost 5
    W_14: 18990s  43,091,362,800 steps   218449 feasible sets         0 orders tried  current cost 7
    W_14: 19005s  43,126,020,400 steps   218621 feasible sets         0 orders tried  current cost 18
    W_14: 19020s  43,160,159,800 steps   218770 feasible sets         0 orders tried  current cost 3
    W_14: 19035s  43,194,283,600 steps   218945 feasible sets         0 orders tried  current cost 10
    W_14: 19050s  43,228,925,600 steps   219137 feasible sets         0 orders tried  current cost 10
    W_14: 19065s  43,263,639,000 steps   219281 feasible sets         0 orders tried  current cost 2
    W_14: 19080s  43,297,918,200 steps   219438 feasible sets         0 orders tried  current cost 3
    W_14: 19095s  43,332,576,200 steps   219609 feasible sets         0 orders tried  current cost 5
    W_14: 19110s  43,367,152,400 steps   219752 feasible sets         0 orders tried  current cost 4
    W_14: 19125s  43,401,764,400 steps   219943 feasible sets         0 orders tried  current cost 10
    W_14: 19140s  43,436,505,600 steps   220120 feasible sets         0 orders tried  current cost 11
    W_14: 19155s  43,471,263,600 steps   220333 feasible sets         0 orders tried  current cost 6
    W_14: 19170s  43,505,675,400 steps   220495 feasible sets         0 orders tried  current cost 4
    W_14: 19185s  43,540,120,200 steps   220674 feasible sets         0 orders tried  current cost 12
    W_14: 19200s  43,574,621,200 steps   220814 feasible sets         0 orders tried  current cost 11
    W_14: 19215s  43,609,126,000 steps   220965 feasible sets         0 orders tried  current cost 6
    W_14: 19230s  43,643,387,200 steps   221110 feasible sets         0 orders tried  current cost 8
    W_14: 19245s  43,677,623,400 steps   221281 feasible sets         0 orders tried  current cost 10
    W_14: 19260s  43,712,289,200 steps   221447 feasible sets         0 orders tried  current cost 4
    W_14: 19275s  43,746,671,600 steps   221619 feasible sets         0 orders tried  current cost 4
    W_14: 19290s  43,781,231,400 steps   221825 feasible sets         0 orders tried  current cost 3
    W_14: 19305s  43,815,858,200 steps   222003 feasible sets         0 orders tried  current cost 1
    W_14: 19320s  43,850,342,200 steps   222171 feasible sets         0 orders tried  current cost 13
    W_14: 19335s  43,885,259,400 steps   222337 feasible sets         0 orders tried  current cost 1
    W_14: 19350s  43,919,844,800 steps   222471 feasible sets         0 orders tried  current cost 9
    W_14: 19365s  43,954,357,200 steps   222680 feasible sets         0 orders tried  current cost 1
    W_14: 19380s  43,988,832,800 steps   222834 feasible sets         0 orders tried  current cost 3
    W_14: 19395s  44,023,333,400 steps   223001 feasible sets         0 orders tried  current cost 3
    W_14: 19410s  44,057,626,400 steps   223181 feasible sets         0 orders tried  current cost 5
    W_14: 19425s  44,091,734,200 steps   223367 feasible sets         0 orders tried  current cost 1
    W_14: 19440s  44,126,178,200 steps   223561 feasible sets         0 orders tried  current cost 2
    W_14: 19455s  44,160,943,200 steps   223771 feasible sets         0 orders tried  current cost 13
    W_14: 19470s  44,195,518,400 steps   223957 feasible sets         0 orders tried  current cost 4
    W_14: 19485s  44,230,013,800 steps   224109 feasible sets         0 orders tried  current cost 3
    W_14: 19500s  44,264,956,400 steps   224291 feasible sets         0 orders tried  current cost 3
    W_14: 19515s  44,299,582,400 steps   224455 feasible sets         0 orders tried  current cost 11
    W_14: 19530s  44,334,154,400 steps   224628 feasible sets         0 orders tried  current cost 3
    W_14: 19545s  44,368,619,000 steps   224784 feasible sets         0 orders tried  current cost 4
    W_14: 19560s  44,403,043,000 steps   224994 feasible sets         0 orders tried  current cost 8
    W_14: 19575s  44,437,439,800 steps   225181 feasible sets         0 orders tried  current cost 2
    W_14: 19590s  44,472,227,000 steps   225352 feasible sets         0 orders tried  current cost 12
    W_14: 19605s  44,507,038,000 steps   225513 feasible sets         0 orders tried  current cost 4
    W_14: 19620s  44,541,872,800 steps   225696 feasible sets         0 orders tried  current cost 4
    W_14: 19635s  44,576,350,200 steps   225865 feasible sets         0 orders tried  current cost 4
    W_14: 19650s  44,610,780,600 steps   226030 feasible sets         0 orders tried  current cost 12
    W_14: 19665s  44,644,954,200 steps   226209 feasible sets         0 orders tried  current cost 3
    W_14: 19680s  44,679,034,800 steps   226386 feasible sets         0 orders tried  current cost 5
    W_14: 19695s  44,713,171,800 steps   226558 feasible sets         0 orders tried  current cost 3
    W_14: 19710s  44,747,033,800 steps   226726 feasible sets         0 orders tried  current cost 1
    W_14: 19725s  44,781,886,600 steps   226912 feasible sets         0 orders tried  current cost 4
    W_14: 19740s  44,816,362,600 steps   227092 feasible sets         0 orders tried  current cost 9
    W_14: 19755s  44,850,601,200 steps   227274 feasible sets         0 orders tried  current cost 17
    W_14: 19770s  44,885,625,600 steps   227429 feasible sets         0 orders tried  current cost 6
    W_14: 19785s  44,920,448,800 steps   227588 feasible sets         0 orders tried  current cost 4
    W_14: 19800s  44,955,413,800 steps   227787 feasible sets         0 orders tried  current cost 1
    W_14: 19815s  44,990,157,600 steps   227944 feasible sets         0 orders tried  current cost 3
    W_14: 19830s  45,024,734,400 steps   228113 feasible sets         0 orders tried  current cost 6
    W_14: 19845s  45,059,256,200 steps   228325 feasible sets         0 orders tried  current cost 2
    W_14: 19860s  45,093,702,800 steps   228498 feasible sets         0 orders tried  current cost 15
    W_14: 19875s  45,128,280,800 steps   228681 feasible sets         0 orders tried  current cost 13
    W_14: 19890s  45,162,450,400 steps   228886 feasible sets         0 orders tried  current cost 1
    W_14: 19905s  45,197,103,200 steps   229077 feasible sets         0 orders tried  current cost 11
    W_14: 19920s  45,231,410,200 steps   229263 feasible sets         0 orders tried  current cost 2
    W_14: 19935s  45,266,033,600 steps   229434 feasible sets         0 orders tried  current cost 1
    W_14: 19950s  45,300,960,000 steps   229608 feasible sets         0 orders tried  current cost 1
    W_14: 19965s  45,335,985,200 steps   229844 feasible sets         0 orders tried  current cost 11
    W_14: 19980s  45,370,744,800 steps   230003 feasible sets         0 orders tried  current cost 6
    W_14: 19995s  45,405,226,800 steps   230224 feasible sets         0 orders tried  current cost 4
    W_14: 20010s  45,439,330,400 steps   230410 feasible sets         0 orders tried  current cost 3
    W_14: 20025s  45,473,931,400 steps   230624 feasible sets         0 orders tried  current cost 3
    W_14: 20040s  45,508,468,200 steps   230784 feasible sets         0 orders tried  current cost 4
    W_14: 20055s  45,542,802,200 steps   230944 feasible sets         0 orders tried  current cost 11
    W_14: 20070s  45,577,523,000 steps   231145 feasible sets         0 orders tried  current cost 14
    W_14: 20085s  45,612,312,800 steps   231329 feasible sets         0 orders tried  current cost 3
    W_14: 20100s  45,646,154,000 steps   231505 feasible sets         0 orders tried  current cost 4
    W_14: 20115s  45,678,706,800 steps   231677 feasible sets         0 orders tried  current cost 7
    W_14: 20130s  45,712,251,600 steps   231848 feasible sets         0 orders tried  current cost 4
    W_14: 20145s  45,747,068,400 steps   231997 feasible sets         0 orders tried  current cost 6
    W_14: 20160s  45,781,547,200 steps   232123 feasible sets         0 orders tried  current cost 13
    W_14: 20175s  45,816,180,600 steps   232299 feasible sets         0 orders tried  current cost 16
    W_14: 20190s  45,850,623,400 steps   232456 feasible sets         0 orders tried  current cost 5
    W_14: 20205s  45,884,791,800 steps   232622 feasible sets         0 orders tried  current cost 1
    W_14: 20220s  45,919,334,200 steps   232825 feasible sets         0 orders tried  current cost 2
    W_14: 20235s  45,953,560,200 steps   233023 feasible sets         0 orders tried  current cost 17
    W_14: 20250s  45,988,001,400 steps   233179 feasible sets         0 orders tried  current cost 11
    W_14: 20265s  46,022,422,600 steps   233364 feasible sets         0 orders tried  current cost 11
    W_14: 20280s  46,056,723,600 steps   233572 feasible sets         0 orders tried  current cost 7
    W_14: 20295s  46,090,938,800 steps   233746 feasible sets         0 orders tried  current cost 2
    W_14: 20310s  46,124,328,000 steps   233944 feasible sets         0 orders tried  current cost 5
    W_14: 20325s  46,158,554,200 steps   234146 feasible sets         0 orders tried  current cost 5
    W_14: 20340s  46,192,774,400 steps   234326 feasible sets         0 orders tried  current cost 2
    W_14: 20355s  46,227,160,000 steps   234505 feasible sets         0 orders tried  current cost 3
    W_14: 20370s  46,261,996,000 steps   234683 feasible sets         0 orders tried  current cost 4
    W_14: 20385s  46,296,409,200 steps   234865 feasible sets         0 orders tried  current cost 5
    W_14: 20400s  46,330,612,800 steps   235045 feasible sets         0 orders tried  current cost 3
    W_14: 20415s  46,364,830,800 steps   235189 feasible sets         0 orders tried  current cost 1
    W_14: 20430s  46,399,669,000 steps   235368 feasible sets         0 orders tried  current cost 5
    W_14: 20445s  46,434,207,000 steps   235517 feasible sets         0 orders tried  current cost 6
    W_14: 20460s  46,469,046,400 steps   235662 feasible sets         0 orders tried  current cost 7
    W_14: 20475s  46,503,484,200 steps   235831 feasible sets         0 orders tried  current cost 14
    W_14: 20490s  46,537,935,400 steps   235999 feasible sets         0 orders tried  current cost 3
    W_14: 20505s  46,572,406,800 steps   236198 feasible sets         0 orders tried  current cost 4
    W_14: 20520s  46,606,748,200 steps   236385 feasible sets         0 orders tried  current cost 8
    W_14: 20535s  46,641,564,600 steps   236566 feasible sets         0 orders tried  current cost 8
    W_14: 20550s  46,676,251,200 steps   236745 feasible sets         0 orders tried  current cost 4
    W_14: 20565s  46,711,041,200 steps   236926 feasible sets         0 orders tried  current cost 14
    W_14: 20580s  46,745,834,600 steps   237105 feasible sets         0 orders tried  current cost 4
    W_14: 20595s  46,780,628,800 steps   237266 feasible sets         0 orders tried  current cost 6
    W_14: 20610s  46,815,188,800 steps   237433 feasible sets         0 orders tried  current cost 3
    W_14: 20625s  46,849,968,600 steps   237621 feasible sets         0 orders tried  current cost 6
    W_14: 20640s  46,884,665,800 steps   237782 feasible sets         0 orders tried  current cost 13
    W_14: 20655s  46,919,364,600 steps   237955 feasible sets         0 orders tried  current cost 7
    W_14: 20670s  46,953,775,600 steps   238137 feasible sets         0 orders tried  current cost 4
    W_14: 20685s  46,988,366,800 steps   238308 feasible sets         0 orders tried  current cost 6
    W_14: 20700s  47,023,181,400 steps   238490 feasible sets         0 orders tried  current cost 10
    W_14: 20715s  47,057,803,000 steps   238672 feasible sets         0 orders tried  current cost 10
    W_14: 20730s  47,092,307,600 steps   238824 feasible sets         0 orders tried  current cost 6
    W_14: 20745s  47,126,602,000 steps   238980 feasible sets         0 orders tried  current cost 10
    W_14: 20760s  47,161,364,600 steps   239144 feasible sets         0 orders tried  current cost 11
    W_14: 20775s  47,196,159,800 steps   239338 feasible sets         0 orders tried  current cost 2
    W_14: 20790s  47,230,837,000 steps   239496 feasible sets         0 orders tried  current cost 2
    W_14: 20805s  47,265,092,000 steps   239625 feasible sets         0 orders tried  current cost 3
    W_14: 20820s  47,299,698,200 steps   239811 feasible sets         0 orders tried  current cost 3
    W_14: 20835s  47,333,634,600 steps   240018 feasible sets         0 orders tried  current cost 4
    W_14: 20850s  47,368,088,600 steps   240198 feasible sets         0 orders tried  current cost 8
    W_14: 20865s  47,402,406,200 steps   240351 feasible sets         0 orders tried  current cost 7
    W_14: 20880s  47,436,767,000 steps   240542 feasible sets         0 orders tried  current cost 7
    W_14: 20895s  47,471,004,400 steps   240695 feasible sets         0 orders tried  current cost 8
    W_14: 20910s  47,505,284,800 steps   240870 feasible sets         0 orders tried  current cost 9
    W_14: 20925s  47,540,172,400 steps   241040 feasible sets         0 orders tried  current cost 5
    W_14: 20940s  47,575,121,000 steps   241219 feasible sets         0 orders tried  current cost 18
    W_14: 20955s  47,609,480,000 steps   241374 feasible sets         0 orders tried  current cost 4
    W_14: 20970s  47,644,095,600 steps   241567 feasible sets         0 orders tried  current cost 3
    W_14: 20985s  47,678,500,200 steps   241756 feasible sets         0 orders tried  current cost 20
    W_14: 21000s  47,712,813,000 steps   241926 feasible sets         0 orders tried  current cost 2
    W_14: 21015s  47,747,481,000 steps   242075 feasible sets         0 orders tried  current cost 16
    W_14: 21030s  47,781,970,400 steps   242270 feasible sets         0 orders tried  current cost 3
    W_14: 21045s  47,816,428,400 steps   242464 feasible sets         0 orders tried  current cost 7
    W_14: 21060s  47,851,180,400 steps   242643 feasible sets         0 orders tried  current cost 14
    W_14: 21075s  47,885,816,800 steps   242797 feasible sets         0 orders tried  current cost 1
    W_14: 21090s  47,920,809,400 steps   242933 feasible sets         0 orders tried  current cost 5
    W_14: 21105s  47,955,236,600 steps   243142 feasible sets         0 orders tried  current cost 1
    W_14: 21120s  47,989,338,200 steps   243313 feasible sets         0 orders tried  current cost 1
    W_14: 21135s  48,023,888,400 steps   243506 feasible sets         0 orders tried  current cost 5
    W_14: 21150s  48,057,932,000 steps   243690 feasible sets         0 orders tried  current cost 4
    W_14: 21165s  48,092,311,800 steps   243871 feasible sets         0 orders tried  current cost 3
    W_14: 21180s  48,126,541,200 steps   244038 feasible sets         0 orders tried  current cost 9
    W_14: 21195s  48,160,885,400 steps   244239 feasible sets         0 orders tried  current cost 12
    W_14: 21210s  48,195,125,600 steps   244447 feasible sets         0 orders tried  current cost 8
    W_14: 21225s  48,229,749,800 steps   244619 feasible sets         0 orders tried  current cost 4
    W_14: 21240s  48,264,196,000 steps   244820 feasible sets         0 orders tried  current cost 5
    W_14: 21255s  48,298,518,200 steps   245027 feasible sets         0 orders tried  current cost 4
    W_14: 21270s  48,332,875,400 steps   245197 feasible sets         0 orders tried  current cost 4
    W_14: 21285s  48,367,572,800 steps   245381 feasible sets         0 orders tried  current cost 4
    W_14: 21300s  48,402,820,000 steps   245545 feasible sets         0 orders tried  current cost 3
    W_14: 21315s  48,437,415,800 steps   245736 feasible sets         0 orders tried  current cost 5
    W_14: 21330s  48,471,621,000 steps   245945 feasible sets         0 orders tried  current cost 12
    W_14: 21345s  48,505,838,800 steps   246130 feasible sets         0 orders tried  current cost 3
    W_14: 21360s  48,540,239,000 steps   246311 feasible sets         0 orders tried  current cost 4
    W_14: 21375s  48,574,726,200 steps   246450 feasible sets         0 orders tried  current cost 6
    W_14: 21390s  48,609,009,800 steps   246615 feasible sets         0 orders tried  current cost 4
    W_14: 21405s  48,643,342,200 steps   246790 feasible sets         0 orders tried  current cost 15
    W_14: 21420s  48,677,677,800 steps   246945 feasible sets         0 orders tried  current cost 3
    W_14: 21435s  48,711,946,000 steps   247102 feasible sets         0 orders tried  current cost 9
    W_14: 21450s  48,746,444,800 steps   247278 feasible sets         0 orders tried  current cost 7
    W_14: 21465s  48,781,132,600 steps   247419 feasible sets         0 orders tried  current cost 2
    W_14: 21480s  48,815,431,200 steps   247575 feasible sets         0 orders tried  current cost 4
    W_14: 21495s  48,849,999,600 steps   247710 feasible sets         0 orders tried  current cost 2
    W_14: 21510s  48,884,462,600 steps   247892 feasible sets         0 orders tried  current cost 9
    W_14: 21525s  48,919,063,600 steps   248056 feasible sets         0 orders tried  current cost 13
    W_14: 21540s  48,953,313,600 steps   248230 feasible sets         0 orders tried  current cost 2
    W_14: 21555s  48,987,867,200 steps   248449 feasible sets         0 orders tried  current cost 5
    W_14: 21570s  49,022,368,200 steps   248642 feasible sets         0 orders tried  current cost 4
    W_14: 21585s  49,056,347,600 steps   248806 feasible sets         0 orders tried  current cost 7
    W_14: 21600s  49,091,064,600 steps   248992 feasible sets         0 orders tried  current cost 7
    W_14: 21615s  49,125,859,400 steps   249204 feasible sets         0 orders tried  current cost 3
    W_14: 21630s  49,160,594,600 steps   249386 feasible sets         0 orders tried  current cost 4
    W_14: 21645s  49,195,091,800 steps   249541 feasible sets         0 orders tried  current cost 2
    W_14: 21660s  49,228,975,000 steps   249687 feasible sets         0 orders tried  current cost 2
    W_14: 21675s  49,263,846,800 steps   249887 feasible sets         0 orders tried  current cost 6
    W_14: 21690s  49,298,064,800 steps   250064 feasible sets         0 orders tried  current cost 8
    W_14: 21705s  49,332,982,200 steps   250218 feasible sets         0 orders tried  current cost 12
    W_14: 21720s  49,367,384,400 steps   250366 feasible sets         0 orders tried  current cost 7
    W_14: 21735s  49,402,162,600 steps   250538 feasible sets         0 orders tried  current cost 8
    W_14: 21750s  49,436,937,600 steps   250737 feasible sets         0 orders tried  current cost 1
    W_14: 21765s  49,471,619,600 steps   250887 feasible sets         0 orders tried  current cost 2
    W_14: 21780s  49,506,041,800 steps   251053 feasible sets         0 orders tried  current cost 14
    W_14: 21795s  49,540,885,000 steps   251238 feasible sets         0 orders tried  current cost 5
    W_14: 21810s  49,575,454,400 steps   251421 feasible sets         0 orders tried  current cost 1
    W_14: 21825s  49,609,975,400 steps   251563 feasible sets         0 orders tried  current cost 4
    W_14: 21840s  49,644,643,000 steps   251735 feasible sets         0 orders tried  current cost 10
    W_14: 21855s  49,679,197,000 steps   251919 feasible sets         0 orders tried  current cost 4
    W_14: 21870s  49,713,593,200 steps   252061 feasible sets         0 orders tried  current cost 4
    W_14: 21885s  49,748,336,000 steps   252249 feasible sets         0 orders tried  current cost 2
    W_14: 21900s  49,782,963,600 steps   252419 feasible sets         0 orders tried  current cost 7
    W_14: 21915s  49,817,846,200 steps   252575 feasible sets         0 orders tried  current cost 9
    W_14: 21930s  49,852,087,800 steps   252740 feasible sets         0 orders tried  current cost 8
    W_14: 21945s  49,887,107,400 steps   252932 feasible sets         0 orders tried  current cost 5
    W_14: 21960s  49,921,937,800 steps   253117 feasible sets         0 orders tried  current cost 1
    W_14: 21975s  49,956,614,200 steps   253261 feasible sets         0 orders tried  current cost 2
    W_14: 21990s  49,991,299,200 steps   253426 feasible sets         0 orders tried  current cost 4
    W_14: 22005s  50,025,803,200 steps   253591 feasible sets         0 orders tried  current cost 10
    W_14: 22020s  50,060,309,000 steps   253770 feasible sets         0 orders tried  current cost 5
    W_14: 22035s  50,094,995,400 steps   253943 feasible sets         0 orders tried  current cost 3
    W_14: 22050s  50,129,525,400 steps   254114 feasible sets         0 orders tried  current cost 3
    W_14: 22065s  50,163,948,800 steps   254271 feasible sets         0 orders tried  current cost 5
    W_14: 22080s  50,198,161,400 steps   254410 feasible sets         0 orders tried  current cost 12
    W_14: 22095s  50,232,802,800 steps   254563 feasible sets         0 orders tried  current cost 12
    W_14: 22110s  50,267,601,600 steps   254720 feasible sets         0 orders tried  current cost 15
    W_14: 22125s  50,302,567,000 steps   254854 feasible sets         0 orders tried  current cost 9
    W_14: 22140s  50,336,963,600 steps   255062 feasible sets         0 orders tried  current cost 12
    W_14: 22155s  50,371,788,200 steps   255226 feasible sets         0 orders tried  current cost 5
    W_14: 22170s  50,406,527,200 steps   255406 feasible sets         0 orders tried  current cost 7
    W_14: 22185s  50,440,978,600 steps   255591 feasible sets         0 orders tried  current cost 4
    W_14: 22200s  50,475,568,800 steps   255765 feasible sets         0 orders tried  current cost 5
    W_14: 22215s  50,509,853,200 steps   255941 feasible sets         0 orders tried  current cost 1
    W_14: 22230s  50,544,141,800 steps   256126 feasible sets         0 orders tried  current cost 17
    W_14: 22245s  50,578,647,000 steps   256319 feasible sets         0 orders tried  current cost 8
    W_14: 22260s  50,613,719,600 steps   256558 feasible sets         0 orders tried  current cost 5
    W_14: 22275s  50,648,234,400 steps   256738 feasible sets         0 orders tried  current cost 2
    W_14: 22290s  50,683,009,800 steps   256917 feasible sets         0 orders tried  current cost 4
    W_14: 22305s  50,717,700,400 steps   257083 feasible sets         0 orders tried  current cost 12
    W_14: 22320s  50,751,915,400 steps   257282 feasible sets         0 orders tried  current cost 1
    W_14: 22335s  50,786,508,600 steps   257458 feasible sets         0 orders tried  current cost 6
    W_14: 22350s  50,820,952,200 steps   257659 feasible sets         0 orders tried  current cost 2
    W_14: 22365s  50,855,386,600 steps   257836 feasible sets         0 orders tried  current cost 6
    W_14: 22380s  50,889,846,600 steps   257997 feasible sets         0 orders tried  current cost 4
    W_14: 22395s  50,924,191,600 steps   258229 feasible sets         0 orders tried  current cost 4
    W_14: 22410s  50,958,562,200 steps   258445 feasible sets         0 orders tried  current cost 15
    W_14: 22425s  50,993,426,200 steps   258665 feasible sets         0 orders tried  current cost 12
    W_14: 22440s  51,028,023,800 steps   258866 feasible sets         0 orders tried  current cost 10
    W_14: 22455s  51,062,561,400 steps   259052 feasible sets         0 orders tried  current cost 9
    W_14: 22470s  51,097,429,000 steps   259267 feasible sets         0 orders tried  current cost 3
    W_14: 22485s  51,131,961,000 steps   259452 feasible sets         0 orders tried  current cost 13
    W_14: 22500s  51,166,805,200 steps   259640 feasible sets         0 orders tried  current cost 5
    W_14: 22515s  51,201,255,800 steps   259827 feasible sets         0 orders tried  current cost 3
    W_14: 22530s  51,235,373,400 steps   260031 feasible sets         0 orders tried  current cost 4
    W_14: 22545s  51,269,547,600 steps   260188 feasible sets         0 orders tried  current cost 12
    W_14: 22560s  51,304,384,400 steps   260349 feasible sets         0 orders tried  current cost 8
    W_14: 22575s  51,338,914,400 steps   260534 feasible sets         0 orders tried  current cost 3
    W_14: 22590s  51,373,476,600 steps   260756 feasible sets         0 orders tried  current cost 4
    W_14: 22605s  51,408,227,200 steps   260934 feasible sets         0 orders tried  current cost 10
    W_14: 22620s  51,443,093,000 steps   261072 feasible sets         0 orders tried  current cost 4
    W_14: 22635s  51,477,850,000 steps   261252 feasible sets         0 orders tried  current cost 4
    W_14: 22650s  51,512,285,200 steps   261427 feasible sets         0 orders tried  current cost 9
    W_14: 22665s  51,547,057,600 steps   261627 feasible sets         0 orders tried  current cost 3
    W_14: 22680s  51,581,248,200 steps   261812 feasible sets         0 orders tried  current cost 6
    W_14: 22695s  51,615,385,400 steps   261992 feasible sets         0 orders tried  current cost 8
    W_14: 22710s  51,649,945,600 steps   262149 feasible sets         0 orders tried  current cost 8
    W_14: 22725s  51,684,912,200 steps   262348 feasible sets         0 orders tried  current cost 2
    W_14: 22740s  51,719,878,400 steps   262494 feasible sets         0 orders tried  current cost 2
    W_14: 22755s  51,754,235,800 steps   262676 feasible sets         0 orders tried  current cost 3
    W_14: 22770s  51,788,949,400 steps   262886 feasible sets         0 orders tried  current cost 6
    W_14: 22785s  51,823,875,200 steps   263034 feasible sets         0 orders tried  current cost 1
    W_14: 22800s  51,858,643,000 steps   263226 feasible sets         0 orders tried  current cost 10
    W_14: 22815s  51,892,864,400 steps   263396 feasible sets         0 orders tried  current cost 9
    W_14: 22830s  51,927,405,800 steps   263607 feasible sets         0 orders tried  current cost 7
    W_14: 22845s  51,962,251,000 steps   263814 feasible sets         0 orders tried  current cost 4
    W_14: 22860s  51,996,265,800 steps   263980 feasible sets         0 orders tried  current cost 6
    W_14: 22875s  52,030,425,000 steps   264184 feasible sets         0 orders tried  current cost 7
    W_14: 22890s  52,064,729,000 steps   264375 feasible sets         0 orders tried  current cost 4
    W_14: 22905s  52,099,389,200 steps   264558 feasible sets         0 orders tried  current cost 7
    W_14: 22920s  52,133,878,200 steps   264762 feasible sets         0 orders tried  current cost 3
    W_14: 22935s  52,167,954,000 steps   264906 feasible sets         0 orders tried  current cost 3
    W_14: 22950s  52,202,745,200 steps   265062 feasible sets         0 orders tried  current cost 11
    W_14: 22965s  52,237,634,200 steps   265215 feasible sets         0 orders tried  current cost 4
    W_14: 22980s  52,272,192,200 steps   265358 feasible sets         0 orders tried  current cost 3
    W_14: 22995s  52,306,739,200 steps   265515 feasible sets         0 orders tried  current cost 1
    W_14: 23010s  52,341,253,400 steps   265642 feasible sets         0 orders tried  current cost 4
    W_14: 23025s  52,375,757,400 steps   265827 feasible sets         0 orders tried  current cost 4
    W_14: 23040s  52,410,275,400 steps   266001 feasible sets         0 orders tried  current cost 5
    W_14: 23055s  52,445,290,800 steps   266171 feasible sets         0 orders tried  current cost 3
    W_14: 23070s  52,479,611,200 steps   266327 feasible sets         0 orders tried  current cost 5
    W_14: 23085s  52,514,212,200 steps   266515 feasible sets         0 orders tried  current cost 4
    W_14: 23100s  52,549,327,400 steps   266705 feasible sets         0 orders tried  current cost 6
    W_14: 23115s  52,583,839,800 steps   266891 feasible sets         0 orders tried  current cost 1
    W_14: 23130s  52,618,477,800 steps   267053 feasible sets         0 orders tried  current cost 3
    W_14: 23145s  52,653,192,800 steps   267259 feasible sets         0 orders tried  current cost 3
    W_14: 23160s  52,687,652,600 steps   267433 feasible sets         0 orders tried  current cost 2
    W_14: 23175s  52,722,043,000 steps   267603 feasible sets         0 orders tried  current cost 10
    W_14: 23190s  52,756,674,800 steps   267770 feasible sets         0 orders tried  current cost 2
    W_14: 23205s  52,791,029,400 steps   267938 feasible sets         0 orders tried  current cost 3
    W_14: 23220s  52,825,510,600 steps   268084 feasible sets         0 orders tried  current cost 4
    W_14: 23235s  52,860,198,400 steps   268263 feasible sets         0 orders tried  current cost 4
    W_14: 23250s  52,895,106,000 steps   268415 feasible sets         0 orders tried  current cost 10
    W_14: 23265s  52,930,142,400 steps   268595 feasible sets         0 orders tried  current cost 11
    W_14: 23280s  52,964,960,800 steps   268763 feasible sets         0 orders tried  current cost 11
    W_14: 23295s  52,999,589,800 steps   268952 feasible sets         0 orders tried  current cost 4
    W_14: 23310s  53,034,013,400 steps   269140 feasible sets         0 orders tried  current cost 5
    W_14: 23325s  53,068,741,800 steps   269333 feasible sets         0 orders tried  current cost 18
    W_14: 23340s  53,103,025,400 steps   269531 feasible sets         0 orders tried  current cost 10
    W_14: 23355s  53,137,537,200 steps   269687 feasible sets         0 orders tried  current cost 3
    W_14: 23370s  53,171,909,000 steps   269848 feasible sets         0 orders tried  current cost 4
    W_14: 23385s  53,206,400,200 steps   270016 feasible sets         0 orders tried  current cost 8
    W_14: 23400s  53,240,789,200 steps   270177 feasible sets         0 orders tried  current cost 5
    W_14: 23415s  53,275,283,600 steps   270379 feasible sets         0 orders tried  current cost 9
    W_14: 23430s  53,309,777,800 steps   270559 feasible sets         0 orders tried  current cost 2
    W_14: 23445s  53,344,375,400 steps   270759 feasible sets         0 orders tried  current cost 3
    W_14: 23460s  53,379,249,400 steps   270908 feasible sets         0 orders tried  current cost 3
    W_14: 23475s  53,411,106,600 steps   271065 feasible sets         0 orders tried  current cost 7
    W_14: 23490s  53,445,620,600 steps   271234 feasible sets         0 orders tried  current cost 12
    W_14: 23505s  53,479,843,800 steps   271401 feasible sets         0 orders tried  current cost 13
    W_14: 23520s  53,514,644,600 steps   271596 feasible sets         0 orders tried  current cost 10
    W_14: 23535s  53,549,229,800 steps   271751 feasible sets         0 orders tried  current cost 5
    W_14: 23550s  53,583,755,400 steps   271924 feasible sets         0 orders tried  current cost 2
    W_14: 23565s  53,618,175,000 steps   272114 feasible sets         0 orders tried  current cost 2
    W_14: 23580s  53,652,658,200 steps   272329 feasible sets         0 orders tried  current cost 5
    W_14: 23595s  53,687,524,400 steps   272545 feasible sets         0 orders tried  current cost 10
    W_14: 23610s  53,721,833,600 steps   272704 feasible sets         0 orders tried  current cost 3
    W_14: 23625s  53,755,879,400 steps   272852 feasible sets         0 orders tried  current cost 3
    W_14: 23640s  53,790,283,000 steps   273065 feasible sets         0 orders tried  current cost 10
    W_14: 23655s  53,825,091,200 steps   273223 feasible sets         0 orders tried  current cost 4
    W_14: 23670s  53,859,643,400 steps   273430 feasible sets         0 orders tried  current cost 16
    W_14: 23685s  53,894,608,400 steps   273586 feasible sets         0 orders tried  current cost 5
    W_14: 23700s  53,929,402,400 steps   273763 feasible sets         0 orders tried  current cost 9
    W_14: 23715s  53,963,987,200 steps   273909 feasible sets         0 orders tried  current cost 7
    W_14: 23730s  53,998,826,800 steps   274068 feasible sets         0 orders tried  current cost 4
    W_14: 23745s  54,033,393,800 steps   274228 feasible sets         0 orders tried  current cost 3
    W_14: 23760s  54,067,848,000 steps   274408 feasible sets         0 orders tried  current cost 3
    W_14: 23775s  54,102,309,200 steps   274594 feasible sets         0 orders tried  current cost 8
    W_14: 23790s  54,136,620,600 steps   274782 feasible sets         0 orders tried  current cost 9
    W_14: 23805s  54,171,210,200 steps   274945 feasible sets         0 orders tried  current cost 6
    W_14: 23820s  54,205,923,200 steps   275121 feasible sets         0 orders tried  current cost 10
    W_14: 23835s  54,240,073,400 steps   275302 feasible sets         0 orders tried  current cost 4
    W_14: 23850s  54,274,923,400 steps   275468 feasible sets         0 orders tried  current cost 13
    W_14: 23865s  54,309,211,400 steps   275654 feasible sets         0 orders tried  current cost 4
    W_14: 23880s  54,343,863,400 steps   275848 feasible sets         0 orders tried  current cost 9
    W_14: 23895s  54,378,462,000 steps   275996 feasible sets         0 orders tried  current cost 9
    W_14: 23910s  54,413,391,200 steps   276190 feasible sets         0 orders tried  current cost 2
    W_14: 23925s  54,447,541,600 steps   276361 feasible sets         0 orders tried  current cost 9
    W_14: 23940s  54,481,826,200 steps   276534 feasible sets         0 orders tried  current cost 2
    W_14: 23955s  54,516,224,000 steps   276715 feasible sets         0 orders tried  current cost 10
    W_14: 23970s  54,550,918,400 steps   276879 feasible sets         0 orders tried  current cost 1
    W_14: 23985s  54,585,324,000 steps   277061 feasible sets         0 orders tried  current cost 9
    W_14: 24000s  54,619,923,400 steps   277223 feasible sets         0 orders tried  current cost 7
    W_14: 24015s  54,654,635,200 steps   277426 feasible sets         0 orders tried  current cost 3
    W_14: 24030s  54,689,391,600 steps   277596 feasible sets         0 orders tried  current cost 4
    W_14: 24045s  54,723,988,000 steps   277771 feasible sets         0 orders tried  current cost 5
    W_14: 24060s  54,758,703,000 steps   277958 feasible sets         0 orders tried  current cost 13
    W_14: 24075s  54,793,767,600 steps   278108 feasible sets         0 orders tried  current cost 4
    W_14: 24090s  54,828,022,400 steps   278275 feasible sets         0 orders tried  current cost 7
    W_14: 24105s  54,862,271,400 steps   278440 feasible sets         0 orders tried  current cost 3
    W_14: 24120s  54,897,052,200 steps   278635 feasible sets         0 orders tried  current cost 3
    W_14: 24135s  54,931,498,000 steps   278817 feasible sets         0 orders tried  current cost 3
    W_14: 24150s  54,966,379,400 steps   278963 feasible sets         0 orders tried  current cost 3
    W_14: 24165s  55,001,226,400 steps   279132 feasible sets         0 orders tried  current cost 10
    W_14: 24180s  55,035,413,200 steps   279320 feasible sets         0 orders tried  current cost 3
    W_14: 24195s  55,069,977,400 steps   279514 feasible sets         0 orders tried  current cost 2
    W_14: 24210s  55,104,869,200 steps   279663 feasible sets         0 orders tried  current cost 4
    W_14: 24225s  55,139,490,200 steps   279825 feasible sets         0 orders tried  current cost 3
    W_14: 24240s  55,173,842,400 steps   280010 feasible sets         0 orders tried  current cost 13
    W_14: 24255s  55,208,627,200 steps   280197 feasible sets         0 orders tried  current cost 9
    W_14: 24270s  55,242,790,000 steps   280354 feasible sets         0 orders tried  current cost 5
    W_14: 24285s  55,277,072,200 steps   280536 feasible sets         0 orders tried  current cost 4
    W_14: 24300s  55,311,388,600 steps   280673 feasible sets         0 orders tried  current cost 3
    W_14: 24315s  55,345,669,000 steps   280852 feasible sets         0 orders tried  current cost 3
    W_14: 24330s  55,380,002,000 steps   281047 feasible sets         0 orders tried  current cost 10
    W_14: 24345s  55,414,414,000 steps   281207 feasible sets         0 orders tried  current cost 3
    W_14: 24360s  55,448,787,200 steps   281410 feasible sets         0 orders tried  current cost 7
    W_14: 24375s  55,482,861,000 steps   281570 feasible sets         0 orders tried  current cost 13
    W_14: 24390s  55,517,486,800 steps   281797 feasible sets         0 orders tried  current cost 6
    W_14: 24405s  55,551,850,000 steps   281956 feasible sets         0 orders tried  current cost 3
    W_14: 24420s  55,586,655,000 steps   282153 feasible sets         0 orders tried  current cost 6
    W_14: 24435s  55,620,983,000 steps   282303 feasible sets         0 orders tried  current cost 13
    W_14: 24450s  55,655,550,600 steps   282475 feasible sets         0 orders tried  current cost 2
    W_14: 24465s  55,689,909,400 steps   282641 feasible sets         0 orders tried  current cost 4
    W_14: 24480s  55,724,601,200 steps   282832 feasible sets         0 orders tried  current cost 10
    W_14: 24495s  55,759,467,400 steps   282984 feasible sets         0 orders tried  current cost 7
    W_14: 24510s  55,794,543,000 steps   283190 feasible sets         0 orders tried  current cost 11
    W_14: 24525s  55,829,225,000 steps   283374 feasible sets         0 orders tried  current cost 9
    W_14: 24540s  55,863,797,000 steps   283524 feasible sets         0 orders tried  current cost 1
    W_14: 24555s  55,898,432,400 steps   283709 feasible sets         0 orders tried  current cost 6
    W_14: 24570s  55,932,954,800 steps   283897 feasible sets         0 orders tried  current cost 2
    W_14: 24585s  55,967,595,400 steps   284047 feasible sets         0 orders tried  current cost 2
    W_14: 24600s  56,002,351,600 steps   284201 feasible sets         0 orders tried  current cost 4
    W_14: 24615s  56,037,018,200 steps   284333 feasible sets         0 orders tried  current cost 4
    W_14: 24630s  56,071,171,600 steps   284504 feasible sets         0 orders tried  current cost 3
    W_14: 24645s  56,105,525,600 steps   284678 feasible sets         0 orders tried  current cost 10
    W_14: 24660s  56,139,777,000 steps   284873 feasible sets         0 orders tried  current cost 1
    W_14: 24675s  56,174,422,400 steps   285088 feasible sets         0 orders tried  current cost 11
    W_14: 24690s  56,209,105,400 steps   285252 feasible sets         0 orders tried  current cost 10
    W_14: 24705s  56,243,336,000 steps   285423 feasible sets         0 orders tried  current cost 2
    W_14: 24720s  56,277,819,600 steps   285581 feasible sets         0 orders tried  current cost 2
    W_14: 24735s  56,312,063,200 steps   285745 feasible sets         0 orders tried  current cost 10
    W_14: 24750s  56,346,950,800 steps   285924 feasible sets         0 orders tried  current cost 4
    W_14: 24765s  56,381,513,400 steps   286113 feasible sets         0 orders tried  current cost 1
    W_14: 24780s  56,415,926,400 steps   286253 feasible sets         0 orders tried  current cost 8
    W_14: 24795s  56,450,543,600 steps   286430 feasible sets         0 orders tried  current cost 8
    W_14: 24810s  56,485,424,400 steps   286605 feasible sets         0 orders tried  current cost 9
    W_14: 24825s  56,520,125,200 steps   286732 feasible sets         0 orders tried  current cost 6
    W_14: 24840s  56,554,277,400 steps   286910 feasible sets         0 orders tried  current cost 4
    W_14: 24855s  56,588,385,800 steps   287057 feasible sets         0 orders tried  current cost 5
    W_14: 24870s  56,622,728,800 steps   287262 feasible sets         0 orders tried  current cost 4
    W_14: 24885s  56,657,168,600 steps   287425 feasible sets         0 orders tried  current cost 3
    W_14: 24900s  56,691,395,000 steps   287605 feasible sets         0 orders tried  current cost 2
    W_14: 24915s  56,725,648,000 steps   287786 feasible sets         0 orders tried  current cost 3
    W_14: 24930s  56,760,168,400 steps   287990 feasible sets         0 orders tried  current cost 4
    W_14: 24945s  56,794,824,600 steps   288136 feasible sets         0 orders tried  current cost 9
    W_14: 24960s  56,829,631,800 steps   288314 feasible sets         0 orders tried  current cost 1
    W_14: 24975s  56,864,413,600 steps   288483 feasible sets         0 orders tried  current cost 3
    W_14: 24990s  56,898,926,400 steps   288660 feasible sets         0 orders tried  current cost 11
    W_14: 25005s  56,933,627,000 steps   288841 feasible sets         0 orders tried  current cost 7
    W_14: 25020s  56,968,575,800 steps   289035 feasible sets         0 orders tried  current cost 3
    W_14: 25035s  57,003,023,000 steps   289243 feasible sets         0 orders tried  current cost 11
    W_14: 25050s  57,037,808,800 steps   289440 feasible sets         0 orders tried  current cost 3
    W_14: 25065s  57,072,454,400 steps   289623 feasible sets         0 orders tried  current cost 2
    W_14: 25080s  57,107,478,400 steps   289824 feasible sets         0 orders tried  current cost 3
    W_14: 25095s  57,142,310,600 steps   289976 feasible sets         0 orders tried  current cost 6
    W_14: 25110s  57,176,512,200 steps   290132 feasible sets         0 orders tried  current cost 4
    W_14: 25125s  57,211,234,800 steps   290257 feasible sets         0 orders tried  current cost 4
    W_14: 25140s  57,245,780,600 steps   290382 feasible sets         0 orders tried  current cost 9
    W_14: 25155s  57,280,603,600 steps   290538 feasible sets         0 orders tried  current cost 11
    W_14: 25170s  57,315,421,200 steps   290700 feasible sets         0 orders tried  current cost 9
    W_14: 25185s  57,349,884,600 steps   290880 feasible sets         0 orders tried  current cost 11
    W_14: 25200s  57,384,421,200 steps   291046 feasible sets         0 orders tried  current cost 16
    W_14: 25215s  57,418,810,800 steps   291220 feasible sets         0 orders tried  current cost 5
    W_14: 25230s  57,453,545,600 steps   291417 feasible sets         0 orders tried  current cost 7
    W_14: 25245s  57,488,336,400 steps   291583 feasible sets         0 orders tried  current cost 3
    W_14: 25260s  57,522,867,000 steps   291758 feasible sets         0 orders tried  current cost 8
    W_14: 25275s  57,557,475,800 steps   291964 feasible sets         0 orders tried  current cost 4
    W_14: 25290s  57,591,913,400 steps   292138 feasible sets         0 orders tried  current cost 4
    W_14: 25305s  57,626,417,600 steps   292310 feasible sets         0 orders tried  current cost 4
    W_14: 25320s  57,660,817,800 steps   292487 feasible sets         0 orders tried  current cost 3
    W_14: 25335s  57,695,288,600 steps   292704 feasible sets         0 orders tried  current cost 7
    W_14: 25350s  57,730,158,400 steps   292867 feasible sets         0 orders tried  current cost 3
    W_14: 25365s  57,764,877,800 steps   293065 feasible sets         0 orders tried  current cost 3
    W_14: 25380s  57,799,529,400 steps   293233 feasible sets         0 orders tried  current cost 6
    W_14: 25395s  57,834,067,400 steps   293381 feasible sets         0 orders tried  current cost 7
    W_14: 25410s  57,868,629,200 steps   293541 feasible sets         0 orders tried  current cost 7
    W_14: 25425s  57,903,220,600 steps   293731 feasible sets         0 orders tried  current cost 14
    W_14: 25440s  57,937,928,200 steps   293882 feasible sets         0 orders tried  current cost 5
    W_14: 25455s  57,972,555,400 steps   294043 feasible sets         0 orders tried  current cost 1
    W_14: 25470s  58,007,250,400 steps   294189 feasible sets         0 orders tried  current cost 5
    W_14: 25485s  58,042,069,800 steps   294322 feasible sets         0 orders tried  current cost 3
    W_14: 25500s  58,076,361,200 steps   294500 feasible sets         0 orders tried  current cost 11
    W_14: 25515s  58,110,762,600 steps   294673 feasible sets         0 orders tried  current cost 14
    W_14: 25530s  58,145,610,800 steps   294807 feasible sets         0 orders tried  current cost 3
    W_14: 25545s  58,180,451,200 steps   294980 feasible sets         0 orders tried  current cost 4
    W_14: 25560s  58,215,427,600 steps   295141 feasible sets         0 orders tried  current cost 4
    W_14: 25575s  58,250,153,200 steps   295348 feasible sets         0 orders tried  current cost 3
    W_14: 25590s  58,285,245,200 steps   295500 feasible sets         0 orders tried  current cost 12
    W_14: 25605s  58,319,937,800 steps   295700 feasible sets         0 orders tried  current cost 2
    W_14: 25620s  58,354,623,600 steps   295846 feasible sets         0 orders tried  current cost 12
    W_14: 25635s  58,389,099,200 steps   296002 feasible sets         0 orders tried  current cost 3
    W_14: 25650s  58,423,712,000 steps   296175 feasible sets         0 orders tried  current cost 5
    W_14: 25665s  58,457,567,000 steps   296350 feasible sets         0 orders tried  current cost 7
    W_14: 25680s  58,490,276,000 steps   296503 feasible sets         0 orders tried  current cost 1
    W_14: 25695s  58,524,909,200 steps   296707 feasible sets         0 orders tried  current cost 3
    W_14: 25710s  58,559,624,800 steps   296923 feasible sets         0 orders tried  current cost 6
    W_14: 25725s  58,594,195,800 steps   297110 feasible sets         0 orders tried  current cost 3
    W_14: 25740s  58,629,289,400 steps   297275 feasible sets         0 orders tried  current cost 2
    W_14: 25755s  58,664,079,800 steps   297430 feasible sets         0 orders tried  current cost 3
    W_14: 25770s  58,698,529,200 steps   297605 feasible sets         0 orders tried  current cost 4
    W_14: 25785s  58,733,133,000 steps   297774 feasible sets         0 orders tried  current cost 2
    W_14: 25800s  58,767,871,000 steps   297932 feasible sets         0 orders tried  current cost 3
    W_14: 25815s  58,802,380,800 steps   298100 feasible sets         0 orders tried  current cost 13
    W_14: 25830s  58,837,282,600 steps   298312 feasible sets         0 orders tried  current cost 10
    W_14: 25845s  58,872,143,600 steps   298495 feasible sets         0 orders tried  current cost 7
    W_14: 25860s  58,906,435,600 steps   298670 feasible sets         0 orders tried  current cost 4
    W_14: 25875s  58,941,172,400 steps   298843 feasible sets         0 orders tried  current cost 4
    W_14: 25890s  58,976,155,000 steps   299045 feasible sets         0 orders tried  current cost 1
    W_14: 25905s  59,011,264,600 steps   299210 feasible sets         0 orders tried  current cost 8
    W_14: 25920s  59,045,997,600 steps   299401 feasible sets         0 orders tried  current cost 1
    W_14: 25935s  59,080,579,000 steps   299573 feasible sets         0 orders tried  current cost 2
    W_14: 25950s  59,115,468,400 steps   299752 feasible sets         0 orders tried  current cost 5
    W_14: 25965s  59,150,294,000 steps   299929 feasible sets         0 orders tried  current cost 3
    W_14: 25980s  59,185,025,000 steps   300087 feasible sets         0 orders tried  current cost 7
    W_14: 25995s  59,219,353,800 steps   300232 feasible sets         0 orders tried  current cost 3
    W_14: 26010s  59,254,008,200 steps   300390 feasible sets         0 orders tried  current cost 7
    W_14: 26025s  59,288,294,800 steps   300575 feasible sets         0 orders tried  current cost 3
    W_14: 26040s  59,322,752,800 steps   300751 feasible sets         0 orders tried  current cost 2
    W_14: 26055s  59,357,434,200 steps   300933 feasible sets         0 orders tried  current cost 4
    W_14: 26070s  59,391,966,400 steps   301098 feasible sets         0 orders tried  current cost 6
    W_14: 26085s  59,426,842,600 steps   301279 feasible sets         0 orders tried  current cost 13
    W_14: 26100s  59,461,396,000 steps   301425 feasible sets         0 orders tried  current cost 1
    W_14: 26115s  59,496,162,200 steps   301595 feasible sets         0 orders tried  current cost 12
    W_14: 26130s  59,530,501,800 steps   301753 feasible sets         0 orders tried  current cost 17
    W_14: 26145s  59,565,017,000 steps   301915 feasible sets         0 orders tried  current cost 3
    W_14: 26160s  59,599,653,000 steps   302088 feasible sets         0 orders tried  current cost 4
    W_14: 26175s  59,634,225,400 steps   302234 feasible sets         0 orders tried  current cost 6
    W_14: 26190s  59,668,418,200 steps   302364 feasible sets         0 orders tried  current cost 4
    W_14: 26205s  59,702,609,000 steps   302517 feasible sets         0 orders tried  current cost 4
    W_14: 26220s  59,736,798,200 steps   302702 feasible sets         0 orders tried  current cost 2
    W_14: 26235s  59,770,630,200 steps   302872 feasible sets         0 orders tried  current cost 4
    W_14: 26250s  59,804,414,600 steps   303078 feasible sets         0 orders tried  current cost 4
    W_14: 26265s  59,838,256,400 steps   303237 feasible sets         0 orders tried  current cost 2
    W_14: 26280s  59,871,783,800 steps   303400 feasible sets         0 orders tried  current cost 12
    W_14: 26295s  59,905,833,400 steps   303574 feasible sets         0 orders tried  current cost 2
    W_14: 26310s  59,939,085,600 steps   303707 feasible sets         0 orders tried  current cost 8
    W_14: 26325s  59,972,734,200 steps   303870 feasible sets         0 orders tried  current cost 5
    W_14: 26340s  60,006,816,800 steps   304043 feasible sets         0 orders tried  current cost 4
    W_14: 26355s  60,040,716,600 steps   304192 feasible sets         0 orders tried  current cost 2
    W_14: 26370s  60,074,982,800 steps   304375 feasible sets         0 orders tried  current cost 11
    W_14: 26385s  60,109,196,000 steps   304554 feasible sets         0 orders tried  current cost 3
    W_14: 26400s  60,143,441,200 steps   304732 feasible sets         0 orders tried  current cost 17
    W_14: 26415s  60,177,634,400 steps   304864 feasible sets         0 orders tried  current cost 3
    W_14: 26430s  60,212,034,000 steps   305037 feasible sets         0 orders tried  current cost 3
    W_14: 26445s  60,245,660,000 steps   305237 feasible sets         0 orders tried  current cost 4
    W_14: 26460s  60,279,540,200 steps   305398 feasible sets         0 orders tried  current cost 13
    W_14: 26475s  60,313,727,800 steps   305564 feasible sets         0 orders tried  current cost 3
    W_14: 26490s  60,347,588,600 steps   305745 feasible sets         0 orders tried  current cost 5
    W_14: 26505s  60,381,520,800 steps   305920 feasible sets         0 orders tried  current cost 12
    W_14: 26520s  60,415,684,400 steps   306088 feasible sets         0 orders tried  current cost 10
    W_14: 26535s  60,448,215,600 steps   306279 feasible sets         0 orders tried  current cost 4
    W_14: 26550s  60,473,630,800 steps   306399 feasible sets         0 orders tried  current cost 3
    W_14: 26565s  60,502,503,600 steps   306565 feasible sets         0 orders tried  current cost 12
    W_14: 26580s  60,536,842,400 steps   306708 feasible sets         0 orders tried  current cost 16
    W_14: 26595s  60,571,007,600 steps   306889 feasible sets         0 orders tried  current cost 8
    W_14: 26610s  60,605,039,400 steps   307066 feasible sets         0 orders tried  current cost 5
    W_14: 26625s  60,638,885,600 steps   307247 feasible sets         0 orders tried  current cost 10
    W_14: 26640s  60,672,891,800 steps   307399 feasible sets         0 orders tried  current cost 3
    W_14: 26655s  60,707,251,000 steps   307571 feasible sets         0 orders tried  current cost 4
    W_14: 26670s  60,741,166,600 steps   307749 feasible sets         0 orders tried  current cost 6
    W_14: 26685s  60,775,177,800 steps   307927 feasible sets         0 orders tried  current cost 3
    W_14: 26700s  60,809,184,600 steps   308057 feasible sets         0 orders tried  current cost 10
    W_14: 26715s  60,843,219,600 steps   308218 feasible sets         0 orders tried  current cost 3
    W_14: 26730s  60,877,253,000 steps   308392 feasible sets         0 orders tried  current cost 3
    W_14: 26745s  60,911,452,000 steps   308556 feasible sets         0 orders tried  current cost 4
    W_14: 26760s  60,945,128,600 steps   308722 feasible sets         0 orders tried  current cost 4
    W_14: 26775s  60,978,882,600 steps   308891 feasible sets         0 orders tried  current cost 7
    W_14: 26790s  61,012,801,400 steps   309064 feasible sets         0 orders tried  current cost 9
    W_14: 26805s  61,046,948,400 steps   309221 feasible sets         0 orders tried  current cost 7
    W_14: 26820s  61,081,124,600 steps   309393 feasible sets         0 orders tried  current cost 10
    W_14: 26835s  61,114,934,400 steps   309533 feasible sets         0 orders tried  current cost 4
    W_14: 26850s  61,148,424,800 steps   309696 feasible sets         0 orders tried  current cost 7
    W_14: 26865s  61,182,061,400 steps   309864 feasible sets         0 orders tried  current cost 10
    W_14: 26880s  61,214,912,200 steps   310031 feasible sets         0 orders tried  current cost 3
    W_14: 26895s  61,248,246,200 steps   310180 feasible sets         0 orders tried  current cost 9
    W_14: 26910s  61,270,844,400 steps   310300 feasible sets         0 orders tried  current cost 10
    W_14: 26925s  61,304,887,800 steps   310470 feasible sets         0 orders tried  current cost 6
    W_14: 26940s  61,338,693,400 steps   310632 feasible sets         0 orders tried  current cost 1
    W_14: 26955s  61,373,066,000 steps   310844 feasible sets         0 orders tried  current cost 3
    W_14: 26970s  61,407,539,400 steps   311046 feasible sets         0 orders tried  current cost 2
    W_14: 26985s  61,442,168,800 steps   311253 feasible sets         0 orders tried  current cost 6
    W_14: 27000s  61,476,365,600 steps   311423 feasible sets         0 orders tried  current cost 8
    W_14: 27015s  61,510,921,800 steps   311574 feasible sets         0 orders tried  current cost 12
    W_14: 27030s  61,545,384,600 steps   311741 feasible sets         0 orders tried  current cost 3
    W_14: 27045s  61,579,749,400 steps   311884 feasible sets         0 orders tried  current cost 4
    W_14: 27060s  61,614,202,400 steps   312056 feasible sets         0 orders tried  current cost 14
    W_14: 27075s  61,649,081,000 steps   312194 feasible sets         0 orders tried  current cost 11
    W_14: 27090s  61,683,197,600 steps   312376 feasible sets         0 orders tried  current cost 2
    W_14: 27105s  61,717,907,800 steps   312589 feasible sets         0 orders tried  current cost 2
    W_14: 27120s  61,752,380,600 steps   312744 feasible sets         0 orders tried  current cost 13
    W_14: 27135s  61,787,084,200 steps   312902 feasible sets         0 orders tried  current cost 13
    W_14: 27150s  61,821,748,200 steps   313054 feasible sets         0 orders tried  current cost 6
    W_14: 27165s  61,856,567,600 steps   313223 feasible sets         0 orders tried  current cost 6
    W_14: 27180s  61,891,268,400 steps   313400 feasible sets         0 orders tried  current cost 3
    W_14: 27195s  61,926,026,800 steps   313572 feasible sets         0 orders tried  current cost 6
    W_14: 27210s  61,960,577,000 steps   313783 feasible sets         0 orders tried  current cost 4
    W_14: 27225s  61,995,294,400 steps   313947 feasible sets         0 orders tried  current cost 2
    W_14: 27240s  62,030,159,800 steps   314123 feasible sets         0 orders tried  current cost 5
    W_14: 27255s  62,064,241,200 steps   314304 feasible sets         0 orders tried  current cost 15
    W_14: 27270s  62,098,325,000 steps   314484 feasible sets         0 orders tried  current cost 15
    W_14: 27285s  62,132,792,800 steps   314667 feasible sets         0 orders tried  current cost 4
    W_14: 27300s  62,167,212,000 steps   314828 feasible sets         0 orders tried  current cost 3
    W_14: 27315s  62,201,797,800 steps   315012 feasible sets         0 orders tried  current cost 4
    W_14: 27330s  62,236,375,000 steps   315183 feasible sets         0 orders tried  current cost 3
    W_14: 27345s  62,270,495,600 steps   315378 feasible sets         0 orders tried  current cost 3
    W_14: 27360s  62,305,124,000 steps   315550 feasible sets         0 orders tried  current cost 9
    W_14: 27375s  62,339,723,200 steps   315713 feasible sets         0 orders tried  current cost 7
    W_14: 27390s  62,374,152,000 steps   315925 feasible sets         0 orders tried  current cost 4
    W_14: 27405s  62,408,765,000 steps   316105 feasible sets         0 orders tried  current cost 7
    W_14: 27420s  62,443,061,000 steps   316288 feasible sets         0 orders tried  current cost 22
    W_14: 27435s  62,477,241,800 steps   316454 feasible sets         0 orders tried  current cost 14
    W_14: 27450s  62,511,606,200 steps   316631 feasible sets         0 orders tried  current cost 10
    W_14: 27465s  62,546,266,000 steps   316828 feasible sets         0 orders tried  current cost 5
    W_14: 27480s  62,580,679,800 steps   317000 feasible sets         0 orders tried  current cost 4
    W_14: 27495s  62,615,144,000 steps   317181 feasible sets         0 orders tried  current cost 12
    W_14: 27510s  62,649,784,600 steps   317392 feasible sets         0 orders tried  current cost 6
    W_14: 27525s  62,684,478,000 steps   317569 feasible sets         0 orders tried  current cost 2
    W_14: 27540s  62,719,005,800 steps   317733 feasible sets         0 orders tried  current cost 11
    W_14: 27555s  62,753,928,600 steps   317901 feasible sets         0 orders tried  current cost 5
    W_14: 27570s  62,788,509,000 steps   318067 feasible sets         0 orders tried  current cost 3
    W_14: 27585s  62,823,226,200 steps   318244 feasible sets         0 orders tried  current cost 9
    W_14: 27600s  62,857,490,000 steps   318416 feasible sets         0 orders tried  current cost 3
    W_14: 27615s  62,892,027,600 steps   318601 feasible sets         0 orders tried  current cost 5
    W_14: 27630s  62,926,703,600 steps   318780 feasible sets         0 orders tried  current cost 12
    W_14: 27645s  62,961,374,000 steps   318995 feasible sets         0 orders tried  current cost 3
    W_14: 27660s  62,995,977,400 steps   319205 feasible sets         0 orders tried  current cost 4
    W_14: 27675s  63,030,558,800 steps   319421 feasible sets         0 orders tried  current cost 2
    W_14: 27690s  63,065,191,200 steps   319587 feasible sets         0 orders tried  current cost 1
    W_14: 27705s  63,099,625,000 steps   319747 feasible sets         0 orders tried  current cost 6
    W_14: 27720s  63,134,233,400 steps   319923 feasible sets         0 orders tried  current cost 1
    W_14: 27735s  63,169,016,800 steps   320153 feasible sets         0 orders tried  current cost 3
    W_14: 27750s  63,203,877,000 steps   320324 feasible sets         0 orders tried  current cost 3
    W_14: 27765s  63,238,520,400 steps   320511 feasible sets         0 orders tried  current cost 19
    W_14: 27780s  63,272,638,200 steps   320675 feasible sets         0 orders tried  current cost 1
    W_14: 27795s  63,306,788,200 steps   320860 feasible sets         0 orders tried  current cost 4
    W_14: 27810s  63,340,871,600 steps   321067 feasible sets         0 orders tried  current cost 3
    W_14: 27825s  63,375,674,000 steps   321242 feasible sets         0 orders tried  current cost 5
    W_14: 27840s  63,409,846,400 steps   321409 feasible sets         0 orders tried  current cost 8
    W_14: 27855s  63,444,229,000 steps   321577 feasible sets         0 orders tried  current cost 5
    W_14: 27870s  63,478,459,000 steps   321770 feasible sets         0 orders tried  current cost 2
    W_14: 27885s  63,512,990,200 steps   321955 feasible sets         0 orders tried  current cost 4
    W_14: 27900s  63,547,981,800 steps   322142 feasible sets         0 orders tried  current cost 13
    W_14: 27915s  63,582,527,600 steps   322300 feasible sets         0 orders tried  current cost 4
    W_14: 27930s  63,616,969,000 steps   322464 feasible sets         0 orders tried  current cost 8
    W_14: 27945s  63,651,846,200 steps   322607 feasible sets         0 orders tried  current cost 7
    W_14: 27960s  63,686,761,800 steps   322775 feasible sets         0 orders tried  current cost 10
    W_14: 27975s  63,721,609,600 steps   322922 feasible sets         0 orders tried  current cost 3
    W_14: 27990s  63,756,307,400 steps   323109 feasible sets         0 orders tried  current cost 7
    W_14: 28005s  63,790,968,600 steps   323292 feasible sets         0 orders tried  current cost 7
    W_14: 28020s  63,825,927,600 steps   323484 feasible sets         0 orders tried  current cost 6
    W_14: 28035s  63,860,724,600 steps   323651 feasible sets         0 orders tried  current cost 7
    W_14: 28050s  63,895,955,400 steps   323817 feasible sets         0 orders tried  current cost 1
    W_14: 28065s  63,930,764,000 steps   324011 feasible sets         0 orders tried  current cost 9
    W_14: 28080s  63,965,336,600 steps   324194 feasible sets         0 orders tried  current cost 4
    W_14: 28095s  64,000,091,800 steps   324363 feasible sets         0 orders tried  current cost 4
    W_14: 28110s  64,034,921,200 steps   324549 feasible sets         0 orders tried  current cost 16
    W_14: 28125s  64,069,424,200 steps   324712 feasible sets         0 orders tried  current cost 9
    W_14: 28140s  64,103,881,400 steps   324884 feasible sets         0 orders tried  current cost 16
    W_14: 28155s  64,138,253,000 steps   325041 feasible sets         0 orders tried  current cost 4
    W_14: 28170s  64,172,707,400 steps   325256 feasible sets         0 orders tried  current cost 9
    W_14: 28185s  64,206,954,200 steps   325450 feasible sets         0 orders tried  current cost 6
    W_14: 28200s  64,241,486,000 steps   325626 feasible sets         0 orders tried  current cost 6
    W_14: 28215s  64,275,955,000 steps   325835 feasible sets         0 orders tried  current cost 5
    W_14: 28230s  64,310,701,600 steps   326021 feasible sets         0 orders tried  current cost 18
    W_14: 28245s  64,345,737,200 steps   326147 feasible sets         0 orders tried  current cost 1
    W_14: 28260s  64,380,141,800 steps   326329 feasible sets         0 orders tried  current cost 10
    W_14: 28275s  64,414,654,200 steps   326473 feasible sets         0 orders tried  current cost 5
    W_14: 28290s  64,449,056,200 steps   326685 feasible sets         0 orders tried  current cost 3
    W_14: 28305s  64,483,286,600 steps   326825 feasible sets         0 orders tried  current cost 6
    W_14: 28320s  64,518,001,400 steps   326977 feasible sets         0 orders tried  current cost 16
    W_14: 28335s  64,552,376,000 steps   327129 feasible sets         0 orders tried  current cost 3
    W_14: 28350s  64,586,945,000 steps   327308 feasible sets         0 orders tried  current cost 13
    W_14: 28365s  64,621,743,000 steps   327498 feasible sets         0 orders tried  current cost 11
    W_14: 28380s  64,656,838,000 steps   327639 feasible sets         0 orders tried  current cost 3
    W_14: 28395s  64,691,894,200 steps   327785 feasible sets         0 orders tried  current cost 1
    W_14: 28410s  64,726,664,800 steps   327943 feasible sets         0 orders tried  current cost 12
    W_14: 28425s  64,761,278,000 steps   328085 feasible sets         0 orders tried  current cost 3
    W_14: 28440s  64,795,607,200 steps   328234 feasible sets         0 orders tried  current cost 11
    W_14: 28455s  64,830,129,400 steps   328394 feasible sets         0 orders tried  current cost 4
    W_14: 28470s  64,864,551,200 steps   328566 feasible sets         0 orders tried  current cost 5
    W_14: 28485s  64,899,304,000 steps   328756 feasible sets         0 orders tried  current cost 9
    W_14: 28500s  64,933,897,200 steps   328950 feasible sets         0 orders tried  current cost 3
    W_14: 28515s  64,968,544,200 steps   329155 feasible sets         0 orders tried  current cost 11
    W_14: 28530s  65,003,108,800 steps   329335 feasible sets         0 orders tried  current cost 6
    W_14: 28545s  65,037,916,200 steps   329500 feasible sets         0 orders tried  current cost 3
    W_14: 28560s  65,072,685,800 steps   329711 feasible sets         0 orders tried  current cost 7
    W_14: 28575s  65,107,327,000 steps   329887 feasible sets         0 orders tried  current cost 8
    W_14: 28590s  65,142,316,400 steps   330064 feasible sets         0 orders tried  current cost 2
    W_14: 28605s  65,177,487,800 steps   330216 feasible sets         0 orders tried  current cost 6
    W_14: 28620s  65,212,088,400 steps   330428 feasible sets         0 orders tried  current cost 7
    W_14: 28635s  65,246,733,600 steps   330632 feasible sets         0 orders tried  current cost 3
    W_14: 28650s  65,281,129,000 steps   330808 feasible sets         0 orders tried  current cost 4
    W_14: 28665s  65,315,526,400 steps   330944 feasible sets         0 orders tried  current cost 5
    W_14: 28680s  65,350,381,000 steps   331136 feasible sets         0 orders tried  current cost 19
    W_14: 28695s  65,384,956,000 steps   331315 feasible sets         0 orders tried  current cost 2
    W_14: 28710s  65,419,962,400 steps   331488 feasible sets         0 orders tried  current cost 12
    W_14: 28725s  65,454,435,400 steps   331691 feasible sets         0 orders tried  current cost 3
    W_14: 28740s  65,489,294,000 steps   331887 feasible sets         0 orders tried  current cost 3
    W_14: 28755s  65,524,091,400 steps   332044 feasible sets         0 orders tried  current cost 5
    W_14: 28770s  65,558,590,800 steps   332226 feasible sets         0 orders tried  current cost 5
    W_14: 28785s  65,592,926,000 steps   332414 feasible sets         0 orders tried  current cost 6
    W_14: 28800s  65,627,385,200 steps   332596 feasible sets         0 orders tried  current cost 6
    W_14: 28815s  65,661,862,600 steps   332778 feasible sets         0 orders tried  current cost 9
    W_14: 28830s  65,696,277,200 steps   332959 feasible sets         0 orders tried  current cost 3
    W_14: 28845s  65,730,824,200 steps   333105 feasible sets         0 orders tried  current cost 10
    W_14: 28860s  65,765,328,000 steps   333274 feasible sets         0 orders tried  current cost 5
    W_14: 28875s  65,800,084,000 steps   333483 feasible sets         0 orders tried  current cost 10
    W_14: 28890s  65,834,283,000 steps   333663 feasible sets         0 orders tried  current cost 7
    W_14: 28905s  65,869,324,800 steps   333866 feasible sets         0 orders tried  current cost 8
    W_14: 28920s  65,904,189,600 steps   334034 feasible sets         0 orders tried  current cost 5
    W_14: 28935s  65,938,801,600 steps   334202 feasible sets         0 orders tried  current cost 14
    W_14: 28950s  65,973,515,200 steps   334361 feasible sets         0 orders tried  current cost 1
    W_14: 28965s  66,007,861,000 steps   334504 feasible sets         0 orders tried  current cost 9
    W_14: 28980s  66,042,797,800 steps   334673 feasible sets         0 orders tried  current cost 2
    W_14: 28995s  66,077,521,000 steps   334836 feasible sets         0 orders tried  current cost 11
    W_14: 29010s  66,112,468,600 steps   335042 feasible sets         0 orders tried  current cost 5
    W_14: 29025s  66,147,517,000 steps   335216 feasible sets         0 orders tried  current cost 4
    W_14: 29040s  66,181,863,800 steps   335404 feasible sets         0 orders tried  current cost 16
    W_14: 29055s  66,216,103,600 steps   335597 feasible sets         0 orders tried  current cost 11
    W_14: 29070s  66,250,743,000 steps   335760 feasible sets         0 orders tried  current cost 10
    W_14: 29085s  66,285,346,600 steps   335929 feasible sets         0 orders tried  current cost 9
    W_14: 29100s  66,319,967,400 steps   336123 feasible sets         0 orders tried  current cost 8
    W_14: 29115s  66,354,890,400 steps   336274 feasible sets         0 orders tried  current cost 5
    W_14: 29130s  66,389,320,000 steps   336465 feasible sets         0 orders tried  current cost 2
    W_14: 29145s  66,423,765,400 steps   336665 feasible sets         0 orders tried  current cost 15
    W_14: 29160s  66,457,998,800 steps   336836 feasible sets         0 orders tried  current cost 2
    W_14: 29175s  66,492,740,800 steps   336986 feasible sets         0 orders tried  current cost 13
    W_14: 29190s  66,527,424,600 steps   337186 feasible sets         0 orders tried  current cost 8
    W_14: 29205s  66,562,210,000 steps   337330 feasible sets         0 orders tried  current cost 6
    W_14: 29220s  66,596,600,400 steps   337498 feasible sets         0 orders tried  current cost 11
    W_14: 29235s  66,631,806,600 steps   337682 feasible sets         0 orders tried  current cost 7
    W_14: 29250s  66,666,542,800 steps   337865 feasible sets         0 orders tried  current cost 10
    W_14: 29265s  66,701,350,800 steps   338051 feasible sets         0 orders tried  current cost 6
    W_14: 29280s  66,735,645,800 steps   338197 feasible sets         0 orders tried  current cost 8
    W_14: 29295s  66,769,962,600 steps   338391 feasible sets         0 orders tried  current cost 11
    W_14: 29310s  66,804,449,000 steps   338589 feasible sets         0 orders tried  current cost 7
    W_14: 29325s  66,838,941,600 steps   338771 feasible sets         0 orders tried  current cost 10
    W_14: 29340s  66,873,498,400 steps   338951 feasible sets         0 orders tried  current cost 4
    W_14: 29355s  66,908,245,800 steps   339115 feasible sets         0 orders tried  current cost 7
    W_14: 29370s  66,943,129,200 steps   339327 feasible sets         0 orders tried  current cost 4
    W_14: 29385s  66,978,152,600 steps   339485 feasible sets         0 orders tried  current cost 3
    W_14: 29400s  67,010,626,600 steps   339650 feasible sets         0 orders tried  current cost 5
    W_14: 29415s  67,044,736,000 steps   339817 feasible sets         0 orders tried  current cost 2
    W_14: 29430s  67,078,944,600 steps   340002 feasible sets         0 orders tried  current cost 7
    W_14: 29445s  67,113,718,000 steps   340190 feasible sets         0 orders tried  current cost 3
    W_14: 29460s  67,147,889,400 steps   340376 feasible sets         0 orders tried  current cost 2
    W_14: 29475s  67,182,074,600 steps   340559 feasible sets         0 orders tried  current cost 4
    W_14: 29490s  67,216,510,600 steps   340728 feasible sets         0 orders tried  current cost 3
    W_14: 29505s  67,251,272,600 steps   340900 feasible sets         0 orders tried  current cost 4
    W_14: 29520s  67,285,968,200 steps   341062 feasible sets         0 orders tried  current cost 5
    W_14: 29535s  67,320,388,800 steps   341215 feasible sets         0 orders tried  current cost 3
    W_14: 29550s  67,354,754,600 steps   341375 feasible sets         0 orders tried  current cost 3
    W_14: 29565s  67,388,856,000 steps   341545 feasible sets         0 orders tried  current cost 1
    W_14: 29580s  67,421,183,800 steps   341685 feasible sets         0 orders tried  current cost 9
    W_14: 29595s  67,446,704,600 steps   341819 feasible sets         0 orders tried  current cost 12
    W_14: 29610s  67,470,601,000 steps   341927 feasible sets         0 orders tried  current cost 10
    W_14: 29625s  67,504,543,000 steps   342095 feasible sets         0 orders tried  current cost 8
    W_14: 29640s  67,538,546,400 steps   342242 feasible sets         0 orders tried  current cost 7
    W_14: 29655s  67,570,937,000 steps   342416 feasible sets         0 orders tried  current cost 2
    W_14: 29670s  67,599,221,000 steps   342563 feasible sets         0 orders tried  current cost 9
    W_14: 29685s  67,614,316,400 steps   342642 feasible sets         0 orders tried  current cost 2
    W_14: 29700s  67,649,052,800 steps   342806 feasible sets         0 orders tried  current cost 3
    W_14: 29715s  67,679,414,800 steps   342970 feasible sets         0 orders tried  current cost 3
    W_14: 29730s  67,708,113,800 steps   343144 feasible sets         0 orders tried  current cost 3
    W_14: 29745s  67,727,340,200 steps   343214 feasible sets         0 orders tried  current cost 18
    W_14: 29760s  67,757,325,200 steps   343384 feasible sets         0 orders tried  current cost 10
    W_14: 29775s  67,788,111,600 steps   343485 feasible sets         0 orders tried  current cost 3
    W_14: 29790s  67,822,484,200 steps   343639 feasible sets         0 orders tried  current cost 8
    W_14: 29805s  67,856,639,000 steps   343792 feasible sets         0 orders tried  current cost 3
    W_14: 29820s  67,890,460,000 steps   343952 feasible sets         0 orders tried  current cost 5
    W_14: 29835s  67,924,951,400 steps   344126 feasible sets         0 orders tried  current cost 4
    W_14: 29850s  67,958,958,000 steps   344301 feasible sets         0 orders tried  current cost 3
    W_14: 29865s  67,993,199,800 steps   344461 feasible sets         0 orders tried  current cost 3
    W_14: 29880s  68,026,476,200 steps   344590 feasible sets         0 orders tried  current cost 1
    W_14: 29895s  68,059,153,000 steps   344773 feasible sets         0 orders tried  current cost 2
    W_14: 29910s  68,093,647,600 steps   344925 feasible sets         0 orders tried  current cost 9
    W_14: 29925s  68,127,934,800 steps   345070 feasible sets         0 orders tried  current cost 2
    W_14: 29940s  68,161,734,600 steps   345213 feasible sets         0 orders tried  current cost 4
    W_14: 29955s  68,195,879,600 steps   345381 feasible sets         0 orders tried  current cost 1
    W_14: 29970s  68,230,238,200 steps   345554 feasible sets         0 orders tried  current cost 4
    W_14: 29985s  68,264,456,600 steps   345717 feasible sets         0 orders tried  current cost 3
    W_14: 30000s  68,299,158,200 steps   345892 feasible sets         0 orders tried  current cost 3
    W_14: 30015s  68,333,249,800 steps   346083 feasible sets         0 orders tried  current cost 6
    W_14: 30030s  68,365,243,400 steps   346243 feasible sets         0 orders tried  current cost 9
    W_14: 30045s  68,398,900,400 steps   346398 feasible sets         0 orders tried  current cost 20
    W_14: 30060s  68,433,434,000 steps   346600 feasible sets         0 orders tried  current cost 1
    W_14: 30075s  68,466,958,400 steps   346768 feasible sets         0 orders tried  current cost 3
    W_14: 30090s  68,501,413,000 steps   346924 feasible sets         0 orders tried  current cost 2
    W_14: 30105s  68,534,400,000 steps   347104 feasible sets         0 orders tried  current cost 3
    W_14: 30120s  68,567,982,200 steps   347239 feasible sets         0 orders tried  current cost 12
    W_14: 30135s  68,602,661,400 steps   347403 feasible sets         0 orders tried  current cost 12
    W_14: 30150s  68,636,775,200 steps   347574 feasible sets         0 orders tried  current cost 2
    W_14: 30165s  68,670,680,400 steps   347740 feasible sets         0 orders tried  current cost 11
    W_14: 30180s  68,703,749,600 steps   347920 feasible sets         0 orders tried  current cost 6
    W_14: 30195s  68,736,097,800 steps   348063 feasible sets         0 orders tried  current cost 4
    W_14: 30210s  68,769,969,800 steps   348261 feasible sets         0 orders tried  current cost 5
    W_14: 30225s  68,802,594,000 steps   348412 feasible sets         0 orders tried  current cost 1
    W_14: 30240s  68,836,096,400 steps   348582 feasible sets         0 orders tried  current cost 3
    W_14: 30255s  68,867,635,800 steps   348731 feasible sets         0 orders tried  current cost 2
    W_14: 30270s  68,900,440,600 steps   348895 feasible sets         0 orders tried  current cost 14
    W_14: 30285s  68,934,825,000 steps   349068 feasible sets         0 orders tried  current cost 8
    W_14: 30300s  68,967,780,200 steps   349257 feasible sets         0 orders tried  current cost 10
    W_14: 30315s  68,997,740,000 steps   349399 feasible sets         0 orders tried  current cost 1
    W_14: 30330s  69,028,894,800 steps   349574 feasible sets         0 orders tried  current cost 4
    W_14: 30345s  69,060,672,600 steps   349759 feasible sets         0 orders tried  current cost 3
    W_14: 30360s  69,092,514,800 steps   349909 feasible sets         0 orders tried  current cost 2
    W_14: 30375s  69,124,120,400 steps   350093 feasible sets         0 orders tried  current cost 13
    W_14: 30390s  69,155,627,000 steps   350281 feasible sets         0 orders tried  current cost 9
    W_14: 30405s  69,187,099,000 steps   350435 feasible sets         0 orders tried  current cost 2
    W_14: 30420s  69,218,549,200 steps   350600 feasible sets         0 orders tried  current cost 7
    W_14: 30435s  69,249,930,400 steps   350772 feasible sets         0 orders tried  current cost 6
    W_14: 30450s  69,281,403,800 steps   350955 feasible sets         0 orders tried  current cost 10
    W_14: 30465s  69,313,269,400 steps   351110 feasible sets         0 orders tried  current cost 3
    W_14: 30480s  69,344,515,400 steps   351265 feasible sets         0 orders tried  current cost 3
    W_14: 30495s  69,376,284,200 steps   351419 feasible sets         0 orders tried  current cost 7
    W_14: 30510s  69,407,990,400 steps   351574 feasible sets         0 orders tried  current cost 1
    W_14: 30525s  69,439,442,800 steps   351735 feasible sets         0 orders tried  current cost 10
    W_14: 30540s  69,470,970,400 steps   351870 feasible sets         0 orders tried  current cost 1
    W_14: 30555s  69,502,278,800 steps   352014 feasible sets         0 orders tried  current cost 4
    W_14: 30570s  69,533,956,000 steps   352194 feasible sets         0 orders tried  current cost 2
    W_14: 30585s  69,565,367,000 steps   352379 feasible sets         0 orders tried  current cost 6
    W_14: 30600s  69,596,320,200 steps   352516 feasible sets         0 orders tried  current cost 12
    W_14: 30615s  69,627,227,200 steps   352648 feasible sets         0 orders tried  current cost 7
    W_14: 30630s  69,658,608,800 steps   352847 feasible sets         0 orders tried  current cost 4
    W_14: 30645s  69,690,642,800 steps   352998 feasible sets         0 orders tried  current cost 10
    W_14: 30660s  69,722,326,400 steps   353160 feasible sets         0 orders tried  current cost 6
    W_14: 30675s  69,753,907,800 steps   353289 feasible sets         0 orders tried  current cost 5
    W_14: 30690s  69,785,883,600 steps   353465 feasible sets         0 orders tried  current cost 9
    W_14: 30705s  69,818,066,000 steps   353568 feasible sets         0 orders tried  current cost 7
    W_14: 30720s  69,849,545,600 steps   353709 feasible sets         0 orders tried  current cost 9
    W_14: 30735s  69,881,243,000 steps   353885 feasible sets         0 orders tried  current cost 11
    W_14: 30750s  69,912,722,000 steps   354051 feasible sets         0 orders tried  current cost 19
    W_14: 30765s  69,944,694,400 steps   354207 feasible sets         0 orders tried  current cost 4
    W_14: 30780s  69,976,379,600 steps   354398 feasible sets         0 orders tried  current cost 3
    W_14: 30795s  70,007,710,400 steps   354544 feasible sets         0 orders tried  current cost 4
    W_14: 30810s  70,038,847,600 steps   354695 feasible sets         0 orders tried  current cost 6
    W_14: 30825s  70,068,551,400 steps   354824 feasible sets         0 orders tried  current cost 5
    W_14: 30840s  70,100,627,400 steps   354982 feasible sets         0 orders tried  current cost 7
    W_14: 30855s  70,134,930,200 steps   355119 feasible sets         0 orders tried  current cost 5
    W_14: 30870s  70,166,600,400 steps   355299 feasible sets         0 orders tried  current cost 17
    W_14: 30885s  70,197,833,000 steps   355450 feasible sets         0 orders tried  current cost 4
    W_14: 30900s  70,229,005,800 steps   355616 feasible sets         0 orders tried  current cost 8
    W_14: 30915s  70,260,577,800 steps   355814 feasible sets         0 orders tried  current cost 2
    W_14: 30930s  70,292,447,600 steps   355973 feasible sets         0 orders tried  current cost 6
    W_14: 30945s  70,324,393,400 steps   356148 feasible sets         0 orders tried  current cost 2
    W_14: 30960s  70,356,479,000 steps   356306 feasible sets         0 orders tried  current cost 2
    W_14: 30975s  70,388,420,600 steps   356439 feasible sets         0 orders tried  current cost 11
    W_14: 30990s  70,421,837,600 steps   356597 feasible sets         0 orders tried  current cost 2
    W_14: 31005s  70,456,343,800 steps   356763 feasible sets         0 orders tried  current cost 8
    W_14: 31020s  70,490,738,400 steps   356901 feasible sets         0 orders tried  current cost 3
    W_14: 31035s  70,524,586,800 steps   357091 feasible sets         0 orders tried  current cost 7
    W_14: 31050s  70,558,640,600 steps   357280 feasible sets         0 orders tried  current cost 11
    W_14: 31065s  70,592,292,200 steps   357417 feasible sets         0 orders tried  current cost 5
    W_14: 31080s  70,626,344,800 steps   357617 feasible sets         0 orders tried  current cost 10
    W_14: 31095s  70,660,730,200 steps   357803 feasible sets         0 orders tried  current cost 2
    W_14: 31110s  70,695,064,600 steps   357993 feasible sets         0 orders tried  current cost 10
    W_14: 31125s  70,729,217,000 steps   358171 feasible sets         0 orders tried  current cost 3
    W_14: 31140s  70,763,538,000 steps   358325 feasible sets         0 orders tried  current cost 1
    W_14: 31155s  70,796,631,200 steps   358519 feasible sets         0 orders tried  current cost 2
    W_14: 31170s  70,830,878,400 steps   358719 feasible sets         0 orders tried  current cost 4
    W_14: 31185s  70,864,734,800 steps   358907 feasible sets         0 orders tried  current cost 4
    W_14: 31200s  70,896,906,800 steps   359071 feasible sets         0 orders tried  current cost 7
    W_14: 31215s  70,930,743,000 steps   359262 feasible sets         0 orders tried  current cost 11
    W_14: 31230s  70,964,804,400 steps   359430 feasible sets         0 orders tried  current cost 8
    W_14: 31245s  70,998,933,800 steps   359621 feasible sets         0 orders tried  current cost 4
    W_14: 31260s  71,033,057,800 steps   359809 feasible sets         0 orders tried  current cost 5
    W_14: 31275s  71,067,481,600 steps   359977 feasible sets         0 orders tried  current cost 14
    W_14: 31290s  71,101,163,600 steps   360151 feasible sets         0 orders tried  current cost 12
    W_14: 31305s  71,135,043,000 steps   360325 feasible sets         0 orders tried  current cost 12
    W_14: 31320s  71,167,971,600 steps   360522 feasible sets         0 orders tried  current cost 3
    W_14: 31335s  71,202,273,600 steps   360675 feasible sets         0 orders tried  current cost 1
    W_14: 31350s  71,236,725,800 steps   360878 feasible sets         0 orders tried  current cost 10
    W_14: 31365s  71,271,171,400 steps   361103 feasible sets         0 orders tried  current cost 2
    W_14: 31380s  71,305,921,600 steps   361281 feasible sets         0 orders tried  current cost 14
    W_14: 31395s  71,340,065,200 steps   361435 feasible sets         0 orders tried  current cost 8
    W_14: 31410s  71,374,234,600 steps   361599 feasible sets         0 orders tried  current cost 2
    W_14: 31425s  71,408,741,400 steps   361809 feasible sets         0 orders tried  current cost 11
    W_14: 31440s  71,443,124,400 steps   362026 feasible sets         0 orders tried  current cost 7
    W_14: 31455s  71,477,557,200 steps   362202 feasible sets         0 orders tried  current cost 2
    W_14: 31470s  71,512,008,400 steps   362368 feasible sets         0 orders tried  current cost 3
    W_14: 31485s  71,545,771,600 steps   362522 feasible sets         0 orders tried  current cost 4
    W_14: 31500s  71,579,871,000 steps   362676 feasible sets         0 orders tried  current cost 5
    W_14: 31515s  71,614,143,400 steps   362851 feasible sets         0 orders tried  current cost 13
    W_14: 31530s  71,648,261,200 steps   363043 feasible sets         0 orders tried  current cost 14
    W_14: 31545s  71,682,289,200 steps   363193 feasible sets         0 orders tried  current cost 3
    W_14: 31560s  71,716,457,800 steps   363339 feasible sets         0 orders tried  current cost 5
    W_14: 31575s  71,750,590,800 steps   363526 feasible sets         0 orders tried  current cost 3
    W_14: 31590s  71,783,629,400 steps   363689 feasible sets         0 orders tried  current cost 3
    W_14: 31605s  71,817,415,000 steps   363861 feasible sets         0 orders tried  current cost 4
    W_14: 31620s  71,851,772,200 steps   364023 feasible sets         0 orders tried  current cost 1
    W_14: 31635s  71,885,949,800 steps   364191 feasible sets         0 orders tried  current cost 4
    W_14: 31650s  71,917,795,200 steps   364361 feasible sets         0 orders tried  current cost 2
    W_14: 31665s  71,951,337,200 steps   364550 feasible sets         0 orders tried  current cost 2
    W_14: 31680s  71,985,434,000 steps   364728 feasible sets         0 orders tried  current cost 2
    W_14: 31695s  72,019,293,600 steps   364879 feasible sets         0 orders tried  current cost 4
    W_14: 31710s  72,053,498,800 steps   365018 feasible sets         0 orders tried  current cost 2
    W_14: 31725s  72,087,756,600 steps   365189 feasible sets         0 orders tried  current cost 4
    W_14: 31740s  72,121,947,400 steps   365335 feasible sets         0 orders tried  current cost 8
    W_14: 31755s  72,156,174,200 steps   365526 feasible sets         0 orders tried  current cost 4
    W_14: 31770s  72,190,804,000 steps   365720 feasible sets         0 orders tried  current cost 10
    W_14: 31785s  72,224,939,800 steps   365850 feasible sets         0 orders tried  current cost 3
    W_14: 31800s  72,259,183,800 steps   366049 feasible sets         0 orders tried  current cost 14
    W_14: 31815s  72,293,498,400 steps   366209 feasible sets         0 orders tried  current cost 3
    W_14: 31830s  72,327,796,800 steps   366386 feasible sets         0 orders tried  current cost 4
    W_14: 31845s  72,361,854,400 steps   366562 feasible sets         0 orders tried  current cost 5
    W_14: 31860s  72,395,724,400 steps   366773 feasible sets         0 orders tried  current cost 6
    W_14: 31875s  72,430,189,800 steps   366944 feasible sets         0 orders tried  current cost 7
    W_14: 31890s  72,464,532,200 steps   367118 feasible sets         0 orders tried  current cost 5
    W_14: 31905s  72,494,092,600 steps   367267 feasible sets         0 orders tried  current cost 5
    W_14: 31920s  72,527,162,800 steps   367443 feasible sets         0 orders tried  current cost 12
    W_14: 31935s  72,559,539,800 steps   367615 feasible sets         0 orders tried  current cost 3
    W_14: 31950s  72,592,505,600 steps   367751 feasible sets         0 orders tried  current cost 9
    W_14: 31965s  72,627,368,000 steps   367934 feasible sets         0 orders tried  current cost 5
    W_14: 31980s  72,661,785,200 steps   368068 feasible sets         0 orders tried  current cost 11
    W_14: 31995s  72,696,252,600 steps   368255 feasible sets         0 orders tried  current cost 2
    W_14: 32010s  72,730,336,400 steps   368418 feasible sets         0 orders tried  current cost 4
    W_14: 32025s  72,764,179,600 steps   368601 feasible sets         0 orders tried  current cost 1
    W_14: 32040s  72,798,486,600 steps   368793 feasible sets         0 orders tried  current cost 9
    W_14: 32055s  72,832,653,600 steps   368973 feasible sets         0 orders tried  current cost 2
    W_14: 32070s  72,866,884,800 steps   369127 feasible sets         0 orders tried  current cost 8
    W_14: 32085s  72,901,191,200 steps   369309 feasible sets         0 orders tried  current cost 6
    W_14: 32100s  72,935,294,400 steps   369524 feasible sets         0 orders tried  current cost 4
    W_14: 32115s  72,969,916,200 steps   369680 feasible sets         0 orders tried  current cost 2
    W_14: 32130s  73,004,271,600 steps   369840 feasible sets         0 orders tried  current cost 3
    W_14: 32145s  73,038,625,400 steps   369980 feasible sets         0 orders tried  current cost 9
    W_14: 32160s  73,073,147,400 steps   370178 feasible sets         0 orders tried  current cost 5
    W_14: 32175s  73,107,879,800 steps   370366 feasible sets         0 orders tried  current cost 4
    W_14: 32190s  73,142,285,000 steps   370548 feasible sets         0 orders tried  current cost 7
    W_14: 32205s  73,176,932,200 steps   370690 feasible sets         0 orders tried  current cost 5
    W_14: 32220s  73,211,342,000 steps   370859 feasible sets         0 orders tried  current cost 9
    W_14: 32235s  73,245,663,000 steps   371034 feasible sets         0 orders tried  current cost 9
    W_14: 32250s  73,280,256,200 steps   371230 feasible sets         0 orders tried  current cost 4
    W_14: 32265s  73,314,661,400 steps   371419 feasible sets         0 orders tried  current cost 11
    W_14: 32280s  73,348,973,400 steps   371610 feasible sets         0 orders tried  current cost 3
    W_14: 32295s  73,383,589,000 steps   371741 feasible sets         0 orders tried  current cost 4
    W_14: 32310s  73,418,093,200 steps   371855 feasible sets         0 orders tried  current cost 3
    W_14: 32325s  73,452,895,400 steps   371992 feasible sets         0 orders tried  current cost 4
    W_14: 32340s  73,487,723,800 steps   372150 feasible sets         0 orders tried  current cost 19
    W_14: 32355s  73,522,389,000 steps   372325 feasible sets         0 orders tried  current cost 10
    W_14: 32370s  73,556,354,000 steps   372497 feasible sets         0 orders tried  current cost 5
    W_14: 32385s  73,590,156,200 steps   372687 feasible sets         0 orders tried  current cost 4
    W_14: 32400s  73,623,919,400 steps   372849 feasible sets         0 orders tried  current cost 3
    W_14: 32415s  73,658,005,000 steps   373022 feasible sets         0 orders tried  current cost 11
    W_14: 32430s  73,692,377,000 steps   373190 feasible sets         0 orders tried  current cost 5
    W_14: 32445s  73,727,015,000 steps   373358 feasible sets         0 orders tried  current cost 1
    W_14: 32460s  73,759,654,400 steps   373496 feasible sets         0 orders tried  current cost 2
    W_14: 32475s  73,793,130,000 steps   373659 feasible sets         0 orders tried  current cost 5
    W_14: 32490s  73,825,787,800 steps   373807 feasible sets         0 orders tried  current cost 4
    W_14: 32505s  73,858,242,000 steps   374006 feasible sets         0 orders tried  current cost 12
    W_14: 32520s  73,890,226,600 steps   374146 feasible sets         0 orders tried  current cost 6
    W_14: 32535s  73,923,709,800 steps   374316 feasible sets         0 orders tried  current cost 5
    W_14: 32550s  73,955,975,800 steps   374514 feasible sets         0 orders tried  current cost 4
    W_14: 32565s  73,989,008,000 steps   374708 feasible sets         0 orders tried  current cost 8
    W_14: 32580s  74,023,184,400 steps   374927 feasible sets         0 orders tried  current cost 8
    W_14: 32595s  74,057,898,600 steps   375121 feasible sets         0 orders tried  current cost 2
    W_14: 32610s  74,092,116,000 steps   375296 feasible sets         0 orders tried  current cost 5
    W_14: 32625s  74,124,949,600 steps   375505 feasible sets         0 orders tried  current cost 5
    W_14: 32640s  74,158,478,000 steps   375675 feasible sets         0 orders tried  current cost 3
    W_14: 32655s  74,192,730,800 steps   375849 feasible sets         0 orders tried  current cost 2
    W_14: 32670s  74,226,927,600 steps   376042 feasible sets         0 orders tried  current cost 8
    W_14: 32685s  74,260,484,400 steps   376208 feasible sets         0 orders tried  current cost 7
    W_14: 32700s  74,291,867,400 steps   376335 feasible sets         0 orders tried  current cost 8
    W_14: 32715s  74,323,858,400 steps   376504 feasible sets         0 orders tried  current cost 4
    W_14: 32730s  74,357,986,400 steps   376668 feasible sets         0 orders tried  current cost 9
    W_14: 32745s  74,390,756,200 steps   376843 feasible sets         0 orders tried  current cost 3
    W_14: 32760s  74,422,720,600 steps   377032 feasible sets         0 orders tried  current cost 10
    W_14: 32775s  74,456,053,400 steps   377211 feasible sets         0 orders tried  current cost 2
    W_14: 32790s  74,489,990,200 steps   377400 feasible sets         0 orders tried  current cost 2
    W_14: 32805s  74,521,634,200 steps   377511 feasible sets         0 orders tried  current cost 3
    W_14: 32820s  74,555,425,400 steps   377670 feasible sets         0 orders tried  current cost 6
    W_14: 32835s  74,588,785,200 steps   377870 feasible sets         0 orders tried  current cost 6
    W_14: 32850s  74,621,969,200 steps   378048 feasible sets         0 orders tried  current cost 4
    W_14: 32865s  74,654,677,000 steps   378242 feasible sets         0 orders tried  current cost 3
    W_14: 32880s  74,688,200,200 steps   378423 feasible sets         0 orders tried  current cost 9
    W_14: 32895s  74,722,088,600 steps   378611 feasible sets         0 orders tried  current cost 2
    W_14: 32910s  74,755,410,000 steps   378810 feasible sets         0 orders tried  current cost 4
    W_14: 32925s  74,789,283,200 steps   378988 feasible sets         0 orders tried  current cost 15
    W_14: 32940s  74,820,302,800 steps   379166 feasible sets         0 orders tried  current cost 10
    W_14: 32955s  74,851,690,400 steps   379319 feasible sets         0 orders tried  current cost 4
    W_14: 32970s  74,884,144,800 steps   379474 feasible sets         0 orders tried  current cost 10
    W_14: 32985s  74,917,928,200 steps   379645 feasible sets         0 orders tried  current cost 6
    W_14: 33000s  74,949,891,800 steps   379807 feasible sets         0 orders tried  current cost 5
    W_14: 33015s  74,980,491,400 steps   379937 feasible sets         0 orders tried  current cost 5
    W_14: 33030s  75,012,045,400 steps   380109 feasible sets         0 orders tried  current cost 8
    W_14: 33045s  75,041,864,400 steps   380296 feasible sets         0 orders tried  current cost 10
    W_14: 33060s  75,073,724,000 steps   380460 feasible sets         0 orders tried  current cost 9
    W_14: 33075s  75,107,917,800 steps   380626 feasible sets         0 orders tried  current cost 3
    W_14: 33090s  75,142,179,600 steps   380813 feasible sets         0 orders tried  current cost 2
    W_14: 33105s  75,176,433,200 steps   381017 feasible sets         0 orders tried  current cost 4
    W_14: 33120s  75,210,668,600 steps   381220 feasible sets         0 orders tried  current cost 3
    W_14: 33135s  75,245,441,200 steps   381405 feasible sets         0 orders tried  current cost 21
    W_14: 33150s  75,280,199,600 steps   381573 feasible sets         0 orders tried  current cost 1
    W_14: 33165s  75,313,632,000 steps   381701 feasible sets         0 orders tried  current cost 3
    W_14: 33180s  75,348,240,600 steps   381869 feasible sets         0 orders tried  current cost 15
    W_14: 33195s  75,382,226,600 steps   382017 feasible sets         0 orders tried  current cost 7
    W_14: 33210s  75,414,844,600 steps   382187 feasible sets         0 orders tried  current cost 9
    W_14: 33225s  75,448,573,600 steps   382352 feasible sets         0 orders tried  current cost 3
    W_14: 33240s  75,482,720,200 steps   382494 feasible sets         0 orders tried  current cost 23
    W_14: 33255s  75,516,990,200 steps   382620 feasible sets         0 orders tried  current cost 4
    W_14: 33270s  75,551,071,600 steps   382782 feasible sets         0 orders tried  current cost 4
    W_14: 33285s  75,585,243,200 steps   382946 feasible sets         0 orders tried  current cost 9
    W_14: 33300s  75,619,703,000 steps   383123 feasible sets         0 orders tried  current cost 8
    W_14: 33315s  75,653,807,000 steps   383285 feasible sets         0 orders tried  current cost 6
    W_14: 33330s  75,688,471,800 steps   383455 feasible sets         0 orders tried  current cost 4
    W_14: 33345s  75,722,583,800 steps   383637 feasible sets         0 orders tried  current cost 10
    W_14: 33360s  75,756,897,400 steps   383818 feasible sets         0 orders tried  current cost 4
    W_14: 33375s  75,791,069,600 steps   383999 feasible sets         0 orders tried  current cost 4
    W_14: 33390s  75,825,073,600 steps   384164 feasible sets         0 orders tried  current cost 3
    W_14: 33405s  75,859,556,600 steps   384337 feasible sets         0 orders tried  current cost 3
    W_14: 33420s  75,893,849,600 steps   384506 feasible sets         0 orders tried  current cost 7
    W_14: 33435s  75,928,275,600 steps   384651 feasible sets         0 orders tried  current cost 3
    W_14: 33450s  75,962,279,600 steps   384826 feasible sets         0 orders tried  current cost 3
    W_14: 33465s  75,996,276,200 steps   385054 feasible sets         0 orders tried  current cost 3
    W_14: 33480s  76,030,893,600 steps   385215 feasible sets         0 orders tried  current cost 4
    W_14: 33495s  76,064,886,000 steps   385397 feasible sets         0 orders tried  current cost 6
    W_14: 33510s  76,099,041,200 steps   385560 feasible sets         0 orders tried  current cost 12
    W_14: 33525s  76,132,712,600 steps   385710 feasible sets         0 orders tried  current cost 4
    W_14: 33540s  76,166,731,000 steps   385904 feasible sets         0 orders tried  current cost 3
    W_14: 33555s  76,201,179,200 steps   386074 feasible sets         0 orders tried  current cost 2
    W_14: 33570s  76,235,405,200 steps   386260 feasible sets         0 orders tried  current cost 12
    W_14: 33585s  76,269,276,200 steps   386408 feasible sets         0 orders tried  current cost 1
    W_14: 33600s  76,302,459,000 steps   386575 feasible sets         0 orders tried  current cost 4
    W_14: 33615s  76,335,715,200 steps   386763 feasible sets         0 orders tried  current cost 2
    W_14: 33630s  76,369,177,400 steps   386944 feasible sets         0 orders tried  current cost 4
    W_14: 33645s  76,402,820,200 steps   387153 feasible sets         0 orders tried  current cost 15
    W_14: 33660s  76,435,477,800 steps   387334 feasible sets         0 orders tried  current cost 3
    W_14: 33675s  76,468,498,200 steps   387468 feasible sets         0 orders tried  current cost 2
    W_14: 33690s  76,501,597,400 steps   387615 feasible sets         0 orders tried  current cost 2
    W_14: 33705s  76,535,238,200 steps   387799 feasible sets         0 orders tried  current cost 3
    W_14: 33720s  76,567,481,600 steps   387974 feasible sets         0 orders tried  current cost 10
    W_14: 33735s  76,600,780,400 steps   388115 feasible sets         0 orders tried  current cost 15
    W_14: 33750s  76,635,051,000 steps   388270 feasible sets         0 orders tried  current cost 1
    W_14: 33765s  76,668,368,400 steps   388432 feasible sets         0 orders tried  current cost 6
    W_14: 33780s  76,702,434,600 steps   388607 feasible sets         0 orders tried  current cost 2
    W_14: 33795s  76,736,188,600 steps   388819 feasible sets         0 orders tried  current cost 6
    W_14: 33810s  76,769,890,000 steps   389006 feasible sets         0 orders tried  current cost 5
    W_14: 33825s  76,801,951,000 steps   389165 feasible sets         0 orders tried  current cost 5
    W_14: 33840s  76,834,547,200 steps   389357 feasible sets         0 orders tried  current cost 5
    W_14: 33855s  76,867,273,800 steps   389511 feasible sets         0 orders tried  current cost 3
    W_14: 33870s  76,899,966,000 steps   389697 feasible sets         0 orders tried  current cost 8
    W_14: 33885s  76,933,178,200 steps   389885 feasible sets         0 orders tried  current cost 3
    W_14: 33900s  76,965,212,800 steps   390024 feasible sets         0 orders tried  current cost 3
    W_14: 33915s  76,998,040,200 steps   390170 feasible sets         0 orders tried  current cost 14
    W_14: 33930s  77,029,994,800 steps   390334 feasible sets         0 orders tried  current cost 5
    W_14: 33945s  77,062,429,400 steps   390511 feasible sets         0 orders tried  current cost 6
    W_14: 33960s  77,095,131,000 steps   390649 feasible sets         0 orders tried  current cost 4
    W_14: 33975s  77,128,699,200 steps   390844 feasible sets         0 orders tried  current cost 1
    W_14: 33990s  77,162,020,000 steps   391027 feasible sets         0 orders tried  current cost 1
    W_14: 34005s  77,195,806,800 steps   391183 feasible sets         0 orders tried  current cost 7
    W_14: 34020s  77,228,734,600 steps   391365 feasible sets         0 orders tried  current cost 2
    W_14: 34035s  77,261,055,800 steps   391573 feasible sets         0 orders tried  current cost 4
    W_14: 34050s  77,294,275,600 steps   391756 feasible sets         0 orders tried  current cost 3
    W_14: 34065s  77,327,768,600 steps   391927 feasible sets         0 orders tried  current cost 6
    W_14: 34080s  77,361,390,400 steps   392070 feasible sets         0 orders tried  current cost 5
    W_14: 34095s  77,395,063,800 steps   392256 feasible sets         0 orders tried  current cost 8
    W_14: 34110s  77,428,286,000 steps   392401 feasible sets         0 orders tried  current cost 6
    W_14: 34125s  77,461,261,800 steps   392584 feasible sets         0 orders tried  current cost 9
    W_14: 34140s  77,493,564,000 steps   392729 feasible sets         0 orders tried  current cost 2
    W_14: 34155s  77,526,817,000 steps   392896 feasible sets         0 orders tried  current cost 3
    W_14: 34170s  77,559,928,000 steps   393033 feasible sets         0 orders tried  current cost 5
    W_14: 34185s  77,592,225,600 steps   393223 feasible sets         0 orders tried  current cost 6
    W_14: 34200s  77,625,771,600 steps   393422 feasible sets         0 orders tried  current cost 4
    W_14: 34215s  77,658,404,800 steps   393614 feasible sets         0 orders tried  current cost 8
    W_14: 34230s  77,691,750,200 steps   393794 feasible sets         0 orders tried  current cost 2
    W_14: 34245s  77,724,967,800 steps   393953 feasible sets         0 orders tried  current cost 5
    W_14: 34260s  77,757,644,400 steps   394130 feasible sets         0 orders tried  current cost 9
    W_14: 34275s  77,791,210,000 steps   394324 feasible sets         0 orders tried  current cost 4
    W_14: 34290s  77,824,019,800 steps   394486 feasible sets         0 orders tried  current cost 3
    W_14: 34305s  77,855,649,800 steps   394682 feasible sets         0 orders tried  current cost 4
    W_14: 34320s  77,886,864,400 steps   394864 feasible sets         0 orders tried  current cost 8
    W_14: 34335s  77,918,153,200 steps   395019 feasible sets         0 orders tried  current cost 3
    W_14: 34350s  77,949,207,400 steps   395178 feasible sets         0 orders tried  current cost 6
    W_14: 34365s  77,980,500,200 steps   395299 feasible sets         0 orders tried  current cost 11
    W_14: 34380s  78,011,979,800 steps   395485 feasible sets         0 orders tried  current cost 2
    W_14: 34395s  78,043,366,200 steps   395684 feasible sets         0 orders tried  current cost 7
    W_14: 34410s  78,074,920,200 steps   395862 feasible sets         0 orders tried  current cost 14
    W_14: 34425s  78,106,098,400 steps   396044 feasible sets         0 orders tried  current cost 2
    W_14: 34440s  78,137,630,600 steps   396224 feasible sets         0 orders tried  current cost 6
    W_14: 34455s  78,169,204,200 steps   396385 feasible sets         0 orders tried  current cost 8
    W_14: 34470s  78,200,876,400 steps   396552 feasible sets         0 orders tried  current cost 3
    W_14: 34485s  78,232,007,200 steps   396705 feasible sets         0 orders tried  current cost 8
    W_14: 34500s  78,263,398,800 steps   396841 feasible sets         0 orders tried  current cost 4
    W_14: 34515s  78,295,262,200 steps   396986 feasible sets         0 orders tried  current cost 10
    W_14: 34530s  78,326,467,400 steps   397152 feasible sets         0 orders tried  current cost 7
    W_14: 34545s  78,358,067,400 steps   397325 feasible sets         0 orders tried  current cost 6
    W_14: 34560s  78,389,939,800 steps   397496 feasible sets         0 orders tried  current cost 4
    W_14: 34575s  78,421,922,000 steps   397651 feasible sets         0 orders tried  current cost 13
    W_14: 34590s  78,453,681,600 steps   397857 feasible sets         0 orders tried  current cost 11
    W_14: 34605s  78,484,929,200 steps   398027 feasible sets         0 orders tried  current cost 6
    W_14: 34620s  78,515,430,600 steps   398193 feasible sets         0 orders tried  current cost 4
    W_14: 34635s  78,547,328,400 steps   398346 feasible sets         0 orders tried  current cost 6
    W_14: 34650s  78,578,851,600 steps   398519 feasible sets         0 orders tried  current cost 5
    W_14: 34665s  78,610,483,000 steps   398679 feasible sets         0 orders tried  current cost 15
    W_14: 34680s  78,641,825,200 steps   398834 feasible sets         0 orders tried  current cost 8
    W_14: 34695s  78,673,811,400 steps   398966 feasible sets         0 orders tried  current cost 5
    W_14: 34710s  78,705,251,800 steps   399118 feasible sets         0 orders tried  current cost 1
    W_14: 34725s  78,736,940,800 steps   399290 feasible sets         0 orders tried  current cost 15
    W_14: 34740s  78,768,712,600 steps   399482 feasible sets         0 orders tried  current cost 3
    W_14: 34755s  78,800,279,800 steps   399651 feasible sets         0 orders tried  current cost 2
    W_14: 34770s  78,832,186,600 steps   399815 feasible sets         0 orders tried  current cost 7
    W_14: 34785s  78,864,185,800 steps   399979 feasible sets         0 orders tried  current cost 8
    W_14: 34800s  78,896,162,200 steps   400153 feasible sets         0 orders tried  current cost 15
    W_14: 34815s  78,928,206,000 steps   400301 feasible sets         0 orders tried  current cost 6
    W_14: 34830s  78,960,018,800 steps   400523 feasible sets         0 orders tried  current cost 2
    W_14: 34845s  78,991,671,000 steps   400677 feasible sets         0 orders tried  current cost 4
    W_14: 34860s  79,023,420,200 steps   400812 feasible sets         0 orders tried  current cost 18
    W_14: 34875s  79,055,134,600 steps   400967 feasible sets         0 orders tried  current cost 5
    W_14: 34890s  79,086,857,400 steps   401124 feasible sets         0 orders tried  current cost 2
    W_14: 34905s  79,118,209,600 steps   401279 feasible sets         0 orders tried  current cost 5
    W_14: 34920s  79,150,038,400 steps   401443 feasible sets         0 orders tried  current cost 5
    W_14: 34935s  79,182,113,600 steps   401542 feasible sets         0 orders tried  current cost 5
    W_14: 34950s  79,213,933,800 steps   401689 feasible sets         0 orders tried  current cost 2
    W_14: 34965s  79,245,401,200 steps   401844 feasible sets         0 orders tried  current cost 9
    W_14: 34980s  79,277,081,600 steps   401985 feasible sets         0 orders tried  current cost 12
    W_14: 34995s  79,308,449,600 steps   402131 feasible sets         0 orders tried  current cost 3
    W_14: 35010s  79,340,532,400 steps   402285 feasible sets         0 orders tried  current cost 4
    W_14: 35025s  79,372,562,000 steps   402463 feasible sets         0 orders tried  current cost 12
    W_14: 35040s  79,404,638,800 steps   402640 feasible sets         0 orders tried  current cost 4
    W_14: 35055s  79,436,811,000 steps   402777 feasible sets         0 orders tried  current cost 5
    W_14: 35070s  79,468,394,600 steps   402921 feasible sets         0 orders tried  current cost 3
    W_14: 35085s  79,499,768,200 steps   403086 feasible sets         0 orders tried  current cost 6
    W_14: 35100s  79,531,292,200 steps   403267 feasible sets         0 orders tried  current cost 3
    W_14: 35115s  79,562,942,600 steps   403437 feasible sets         0 orders tried  current cost 10
    W_14: 35130s  79,594,563,600 steps   403567 feasible sets         0 orders tried  current cost 11
    W_14: 35145s  79,626,408,200 steps   403721 feasible sets         0 orders tried  current cost 4
    W_14: 35160s  79,657,730,600 steps   403881 feasible sets         0 orders tried  current cost 3
    W_14: 35175s  79,688,911,800 steps   404049 feasible sets         0 orders tried  current cost 3
    W_14: 35190s  79,720,577,400 steps   404215 feasible sets         0 orders tried  current cost 1
    W_14: 35205s  79,752,061,600 steps   404385 feasible sets         0 orders tried  current cost 12
    W_14: 35220s  79,783,695,400 steps   404540 feasible sets         0 orders tried  current cost 5
    W_14: 35235s  79,815,189,200 steps   404708 feasible sets         0 orders tried  current cost 1
    W_14: 35250s  79,846,685,200 steps   404828 feasible sets         0 orders tried  current cost 11
    W_14: 35265s  79,878,684,600 steps   404997 feasible sets         0 orders tried  current cost 7
    W_14: 35280s  79,910,068,600 steps   405148 feasible sets         0 orders tried  current cost 5
    W_14: 35295s  79,941,772,200 steps   405309 feasible sets         0 orders tried  current cost 1
    W_14: 35310s  79,974,264,200 steps   405492 feasible sets         0 orders tried  current cost 15
    W_14: 35325s  80,005,786,400 steps   405666 feasible sets         0 orders tried  current cost 8
    W_14: 35340s  80,037,121,600 steps   405842 feasible sets         0 orders tried  current cost 13
    W_14: 35355s  80,068,591,600 steps   405969 feasible sets         0 orders tried  current cost 4
    W_14: 35370s  80,100,488,200 steps   406160 feasible sets         0 orders tried  current cost 4
    W_14: 35385s  80,132,405,000 steps   406304 feasible sets         0 orders tried  current cost 5
    W_14: 35400s  80,164,522,400 steps   406479 feasible sets         0 orders tried  current cost 8
    W_14: 35415s  80,196,584,600 steps   406655 feasible sets         0 orders tried  current cost 7
    W_14: 35430s  80,228,900,600 steps   406814 feasible sets         0 orders tried  current cost 16
    W_14: 35445s  80,261,264,400 steps   406960 feasible sets         0 orders tried  current cost 8
    W_14: 35460s  80,292,248,800 steps   407121 feasible sets         0 orders tried  current cost 4
    W_14: 35475s  80,323,903,400 steps   407262 feasible sets         0 orders tried  current cost 10
    W_14: 35490s  80,355,246,000 steps   407445 feasible sets         0 orders tried  current cost 7
    W_14: 35505s  80,387,606,800 steps   407655 feasible sets         0 orders tried  current cost 8
    W_14: 35520s  80,419,661,000 steps   407849 feasible sets         0 orders tried  current cost 10
    W_14: 35535s  80,452,025,200 steps   408028 feasible sets         0 orders tried  current cost 9
    W_14: 35550s  80,484,415,600 steps   408157 feasible sets         0 orders tried  current cost 3
    W_14: 35565s  80,516,410,000 steps   408338 feasible sets         0 orders tried  current cost 5
    W_14: 35580s  80,548,680,000 steps   408514 feasible sets         0 orders tried  current cost 4
    W_14: 35595s  80,580,785,400 steps   408695 feasible sets         0 orders tried  current cost 6
    W_14: 35610s  80,612,443,000 steps   408831 feasible sets         0 orders tried  current cost 9
    W_14: 35625s  80,644,400,600 steps   409002 feasible sets         0 orders tried  current cost 10
    W_14: 35640s  80,676,757,000 steps   409200 feasible sets         0 orders tried  current cost 2
    W_14: 35655s  80,709,069,800 steps   409353 feasible sets         0 orders tried  current cost 7
    W_14: 35670s  80,741,188,600 steps   409474 feasible sets         0 orders tried  current cost 8
    W_14: 35685s  80,773,484,200 steps   409649 feasible sets         0 orders tried  current cost 9
    W_14: 35700s  80,805,688,400 steps   409804 feasible sets         0 orders tried  current cost 6
    W_14: 35715s  80,837,619,000 steps   409946 feasible sets         0 orders tried  current cost 2
    W_14: 35730s  80,869,803,800 steps   410118 feasible sets         0 orders tried  current cost 5
    W_14: 35745s  80,902,244,400 steps   410288 feasible sets         0 orders tried  current cost 9
    W_14: 35760s  80,934,217,000 steps   410445 feasible sets         0 orders tried  current cost 1
    W_14: 35775s  80,966,549,000 steps   410594 feasible sets         0 orders tried  current cost 7
    W_14: 35790s  80,999,022,600 steps   410776 feasible sets         0 orders tried  current cost 11
    W_14: 35805s  81,031,587,600 steps   410937 feasible sets         0 orders tried  current cost 5
    W_14: 35820s  81,064,176,600 steps   411079 feasible sets         0 orders tried  current cost 2
    W_14: 35835s  81,095,948,600 steps   411235 feasible sets         0 orders tried  current cost 4
    W_14: 35850s  81,128,232,000 steps   411439 feasible sets         0 orders tried  current cost 4
    W_14: 35865s  81,160,873,400 steps   411594 feasible sets         0 orders tried  current cost 3
    W_14: 35880s  81,193,586,800 steps   411745 feasible sets         0 orders tried  current cost 11
    W_14: 35895s  81,226,725,400 steps   411906 feasible sets         0 orders tried  current cost 8
    W_14: 35910s  81,259,648,400 steps   412081 feasible sets         0 orders tried  current cost 4
    W_14: 35925s  81,292,975,000 steps   412268 feasible sets         0 orders tried  current cost 2
    W_14: 35940s  81,325,907,600 steps   412438 feasible sets         0 orders tried  current cost 5
    W_14: 35955s  81,358,836,600 steps   412595 feasible sets         0 orders tried  current cost 5
    W_14: 35970s  81,391,607,400 steps   412812 feasible sets         0 orders tried  current cost 5
    W_14: 35985s  81,424,565,200 steps   412959 feasible sets         0 orders tried  current cost 10
    W_14: 36000s  81,457,057,200 steps   413121 feasible sets         0 orders tried  current cost 5
    W_14: 36015s  81,489,744,400 steps   413247 feasible sets         0 orders tried  current cost 10
    W_14: 36030s  81,522,444,000 steps   413428 feasible sets         0 orders tried  current cost 8
    W_14: 36045s  81,555,253,000 steps   413602 feasible sets         0 orders tried  current cost 2
    W_14: 36060s  81,588,117,200 steps   413750 feasible sets         0 orders tried  current cost 3
    W_14: 36075s  81,620,840,000 steps   413943 feasible sets         0 orders tried  current cost 4
    W_14: 36090s  81,653,696,600 steps   414110 feasible sets         0 orders tried  current cost 3
    W_14: 36105s  81,686,509,600 steps   414265 feasible sets         0 orders tried  current cost 4
    W_14: 36120s  81,718,971,000 steps   414428 feasible sets         0 orders tried  current cost 6
    W_14: 36135s  81,751,954,800 steps   414631 feasible sets         0 orders tried  current cost 5
    W_14: 36150s  81,784,606,000 steps   414793 feasible sets         0 orders tried  current cost 10
    W_14: 36165s  81,817,237,200 steps   414964 feasible sets         0 orders tried  current cost 3
    W_14: 36180s  81,850,165,600 steps   415120 feasible sets         0 orders tried  current cost 7
    W_14: 36195s  81,882,962,400 steps   415279 feasible sets         0 orders tried  current cost 19
    W_14: 36210s  81,915,933,800 steps   415448 feasible sets         0 orders tried  current cost 4
    W_14: 36225s  81,948,454,200 steps   415590 feasible sets         0 orders tried  current cost 4
    W_14: 36240s  81,981,053,400 steps   415774 feasible sets         0 orders tried  current cost 3
    W_14: 36255s  82,014,003,800 steps   415913 feasible sets         0 orders tried  current cost 9
    W_14: 36270s  82,046,976,000 steps   416116 feasible sets         0 orders tried  current cost 1
    W_14: 36285s  82,079,764,400 steps   416285 feasible sets         0 orders tried  current cost 12
    W_14: 36300s  82,112,459,200 steps   416433 feasible sets         0 orders tried  current cost 3
    W_14: 36315s  82,145,381,000 steps   416585 feasible sets         0 orders tried  current cost 12
    W_14: 36330s  82,178,106,200 steps   416756 feasible sets         0 orders tried  current cost 5
    W_14: 36345s  82,210,823,000 steps   416928 feasible sets         0 orders tried  current cost 13
    W_14: 36360s  82,243,506,200 steps   417071 feasible sets         0 orders tried  current cost 9
    W_14: 36375s  82,276,171,400 steps   417191 feasible sets         0 orders tried  current cost 2
    W_14: 36390s  82,309,330,000 steps   417365 feasible sets         0 orders tried  current cost 4
    W_14: 36405s  82,342,150,600 steps   417528 feasible sets         0 orders tried  current cost 6
    W_14: 36420s  82,374,802,400 steps   417701 feasible sets         0 orders tried  current cost 7
    W_14: 36435s  82,407,702,000 steps   417886 feasible sets         0 orders tried  current cost 14
    W_14: 36450s  82,440,613,400 steps   418041 feasible sets         0 orders tried  current cost 3
    W_14: 36465s  82,473,593,800 steps   418180 feasible sets         0 orders tried  current cost 2
    W_14: 36480s  82,506,597,200 steps   418334 feasible sets         0 orders tried  current cost 3
    W_14: 36495s  82,539,290,200 steps   418493 feasible sets         0 orders tried  current cost 4
    W_14: 36510s  82,571,657,400 steps   418638 feasible sets         0 orders tried  current cost 3
    W_14: 36525s  82,604,362,600 steps   418828 feasible sets         0 orders tried  current cost 10
    W_14: 36540s  82,637,223,400 steps   418992 feasible sets         0 orders tried  current cost 8
    W_14: 36555s  82,669,895,600 steps   419176 feasible sets         0 orders tried  current cost 2
    W_14: 36570s  82,702,868,600 steps   419345 feasible sets         0 orders tried  current cost 8
    W_14: 36585s  82,735,947,000 steps   419515 feasible sets         0 orders tried  current cost 6
    W_14: 36600s  82,768,548,200 steps   419698 feasible sets         0 orders tried  current cost 8
    W_14: 36615s  82,801,332,200 steps   419850 feasible sets         0 orders tried  current cost 2
    W_14: 36630s  82,834,079,400 steps   420027 feasible sets         0 orders tried  current cost 3
    W_14: 36645s  82,866,705,200 steps   420208 feasible sets         0 orders tried  current cost 7
    W_14: 36660s  82,899,174,400 steps   420361 feasible sets         0 orders tried  current cost 3
    W_14: 36675s  82,931,869,000 steps   420536 feasible sets         0 orders tried  current cost 4
    W_14: 36690s  82,964,439,800 steps   420702 feasible sets         0 orders tried  current cost 4
    W_14: 36705s  82,997,146,000 steps   420877 feasible sets         0 orders tried  current cost 8
    W_14: 36720s  83,029,838,400 steps   421045 feasible sets         0 orders tried  current cost 3
    W_14: 36735s  83,062,727,600 steps   421190 feasible sets         0 orders tried  current cost 7
    W_14: 36750s  83,095,378,400 steps   421350 feasible sets         0 orders tried  current cost 3
    W_14: 36765s  83,128,400,200 steps   421531 feasible sets         0 orders tried  current cost 16
    W_14: 36780s  83,161,388,000 steps   421702 feasible sets         0 orders tried  current cost 5
    W_14: 36795s  83,194,325,400 steps   421883 feasible sets         0 orders tried  current cost 7
    W_14: 36810s  83,226,783,600 steps   422065 feasible sets         0 orders tried  current cost 9
    W_14: 36825s  83,259,265,400 steps   422224 feasible sets         0 orders tried  current cost 10
    W_14: 36840s  83,291,966,000 steps   422430 feasible sets         0 orders tried  current cost 8
    W_14: 36855s  83,324,555,600 steps   422627 feasible sets         0 orders tried  current cost 3
    W_14: 36870s  83,357,103,800 steps   422834 feasible sets         0 orders tried  current cost 12
    W_14: 36885s  83,389,735,600 steps   422998 feasible sets         0 orders tried  current cost 2
    W_14: 36900s  83,422,354,400 steps   423181 feasible sets         0 orders tried  current cost 3
    W_14: 36915s  83,454,978,800 steps   423338 feasible sets         0 orders tried  current cost 3
    W_14: 36930s  83,487,117,000 steps   423509 feasible sets         0 orders tried  current cost 2
    W_14: 36945s  83,519,896,600 steps   423665 feasible sets         0 orders tried  current cost 4
    W_14: 36960s  83,552,834,000 steps   423876 feasible sets         0 orders tried  current cost 2
    W_14: 36975s  83,585,384,600 steps   424067 feasible sets         0 orders tried  current cost 8
    W_14: 36990s  83,618,164,800 steps   424246 feasible sets         0 orders tried  current cost 10
    W_14: 37005s  83,650,566,600 steps   424415 feasible sets         0 orders tried  current cost 8
    W_14: 37020s  83,683,124,000 steps   424581 feasible sets         0 orders tried  current cost 10
    W_14: 37035s  83,715,592,200 steps   424724 feasible sets         0 orders tried  current cost 3
    W_14: 37050s  83,747,643,400 steps   424864 feasible sets         0 orders tried  current cost 11
    W_14: 37065s  83,779,876,200 steps   425051 feasible sets         0 orders tried  current cost 2
    W_14: 37080s  83,811,998,200 steps   425210 feasible sets         0 orders tried  current cost 2
    W_14: 37095s  83,844,199,800 steps   425366 feasible sets         0 orders tried  current cost 3
    W_14: 37110s  83,876,416,000 steps   425507 feasible sets         0 orders tried  current cost 3
    W_14: 37125s  83,908,775,000 steps   425677 feasible sets         0 orders tried  current cost 1
    W_14: 37140s  83,940,829,200 steps   425859 feasible sets         0 orders tried  current cost 4
    W_14: 37155s  83,972,747,800 steps   426030 feasible sets         0 orders tried  current cost 4
    W_14: 37170s  84,004,732,400 steps   426212 feasible sets         0 orders tried  current cost 2
    W_14: 37185s  84,036,612,800 steps   426392 feasible sets         0 orders tried  current cost 3
    W_14: 37200s  84,068,962,000 steps   426547 feasible sets         0 orders tried  current cost 9
    W_14: 37215s  84,101,100,400 steps   426730 feasible sets         0 orders tried  current cost 23
    W_14: 37230s  84,133,059,800 steps   426895 feasible sets         0 orders tried  current cost 4
    W_14: 37245s  84,165,206,600 steps   427064 feasible sets         0 orders tried  current cost 7
    W_14: 37260s  84,197,498,800 steps   427237 feasible sets         0 orders tried  current cost 3
    W_14: 37275s  84,229,245,400 steps   427390 feasible sets         0 orders tried  current cost 7
    W_14: 37290s  84,261,248,400 steps   427533 feasible sets         0 orders tried  current cost 3
    W_14: 37305s  84,293,199,000 steps   427708 feasible sets         0 orders tried  current cost 3
    W_14: 37320s  84,324,787,000 steps   427866 feasible sets         0 orders tried  current cost 8
    W_14: 37335s  84,356,676,800 steps   428035 feasible sets         0 orders tried  current cost 2
    W_14: 37350s  84,386,982,600 steps   428179 feasible sets         0 orders tried  current cost 12
    W_14: 37365s  84,418,741,400 steps   428354 feasible sets         0 orders tried  current cost 9
    W_14: 37380s  84,430,769,400 steps   428409 feasible sets         0 orders tried  current cost 4
    W_14: 37395s  84,441,493,000 steps   428493 feasible sets         0 orders tried  current cost 3
    W_14: 37410s  84,473,898,400 steps   428663 feasible sets         0 orders tried  current cost 3
    W_14: 37425s  84,506,153,200 steps   428801 feasible sets         0 orders tried  current cost 2
    W_14: 37440s  84,538,749,800 steps   428969 feasible sets         0 orders tried  current cost 3
    W_14: 37455s  84,571,806,200 steps   429160 feasible sets         0 orders tried  current cost 6
    W_14: 37470s  84,604,796,400 steps   429326 feasible sets         0 orders tried  current cost 5
    W_14: 37485s  84,637,503,800 steps   429462 feasible sets         0 orders tried  current cost 10
    W_14: 37500s  84,670,448,400 steps   429658 feasible sets         0 orders tried  current cost 7
    W_14: 37515s  84,703,349,200 steps   429856 feasible sets         0 orders tried  current cost 3
    W_14: 37530s  84,736,149,600 steps   430017 feasible sets         0 orders tried  current cost 4
    W_14: 37545s  84,768,960,400 steps   430187 feasible sets         0 orders tried  current cost 9
    W_14: 37560s  84,801,892,800 steps   430329 feasible sets         0 orders tried  current cost 5
    W_14: 37575s  84,834,651,400 steps   430506 feasible sets         0 orders tried  current cost 2
    W_14: 37590s  84,867,076,000 steps   430702 feasible sets         0 orders tried  current cost 1
    W_14: 37605s  84,899,859,800 steps   430891 feasible sets         0 orders tried  current cost 2
    W_14: 37620s  84,932,678,200 steps   431056 feasible sets         0 orders tried  current cost 1
    W_14: 37635s  84,965,360,000 steps   431206 feasible sets         0 orders tried  current cost 6
    W_14: 37650s  84,997,732,400 steps   431361 feasible sets         0 orders tried  current cost 5
    W_14: 37665s  85,030,489,000 steps   431550 feasible sets         0 orders tried  current cost 5
    W_14: 37680s  85,063,453,000 steps   431726 feasible sets         0 orders tried  current cost 3
    W_14: 37695s  85,096,069,400 steps   431867 feasible sets         0 orders tried  current cost 5
    W_14: 37710s  85,128,920,400 steps   432055 feasible sets         0 orders tried  current cost 20
    W_14: 37725s  85,161,408,600 steps   432195 feasible sets         0 orders tried  current cost 4
    W_14: 37740s  85,194,042,600 steps   432398 feasible sets         0 orders tried  current cost 12
    W_14: 37755s  85,226,914,000 steps   432601 feasible sets         0 orders tried  current cost 4
    W_14: 37770s  85,259,807,400 steps   432775 feasible sets         0 orders tried  current cost 4
    W_14: 37785s  85,292,328,000 steps   432947 feasible sets         0 orders tried  current cost 3
    W_14: 37800s  85,325,226,400 steps   433131 feasible sets         0 orders tried  current cost 7
    W_14: 37815s  85,358,068,400 steps   433300 feasible sets         0 orders tried  current cost 4
    W_14: 37830s  85,390,799,600 steps   433464 feasible sets         0 orders tried  current cost 3
    W_14: 37845s  85,423,903,400 steps   433651 feasible sets         0 orders tried  current cost 10
    W_14: 37860s  85,456,732,800 steps   433833 feasible sets         0 orders tried  current cost 5
    W_14: 37875s  85,489,509,200 steps   434008 feasible sets         0 orders tried  current cost 3
    W_14: 37890s  85,522,326,200 steps   434204 feasible sets         0 orders tried  current cost 6
    W_14: 37905s  85,555,622,600 steps   434379 feasible sets         0 orders tried  current cost 11
    W_14: 37920s  85,588,691,200 steps   434562 feasible sets         0 orders tried  current cost 2
    W_14: 37935s  85,621,612,400 steps   434722 feasible sets         0 orders tried  current cost 3
    W_14: 37950s  85,654,591,000 steps   434889 feasible sets         0 orders tried  current cost 1
    W_14: 37965s  85,685,642,400 steps   435049 feasible sets         0 orders tried  current cost 10
    W_14: 37980s  85,714,649,400 steps   435170 feasible sets         0 orders tried  current cost 6
    W_14: 37995s  85,744,194,800 steps   435348 feasible sets         0 orders tried  current cost 3
    W_14: 38010s  85,774,680,200 steps   435512 feasible sets         0 orders tried  current cost 17
    W_14: 38025s  85,807,601,400 steps   435667 feasible sets         0 orders tried  current cost 10
    W_14: 38040s  85,841,531,600 steps   435786 feasible sets         0 orders tried  current cost 4
    W_14: 38055s  85,876,123,600 steps   435960 feasible sets         0 orders tried  current cost 10
    W_14: 38070s  85,910,651,000 steps   436149 feasible sets         0 orders tried  current cost 3
    W_14: 38085s  85,945,487,800 steps   436365 feasible sets         0 orders tried  current cost 10
    W_14: 38100s  85,980,448,200 steps   436547 feasible sets         0 orders tried  current cost 6
    W_14: 38115s  86,014,943,000 steps   436687 feasible sets         0 orders tried  current cost 10
    W_14: 38130s  86,049,017,800 steps   436861 feasible sets         0 orders tried  current cost 3
    W_14: 38145s  86,083,423,600 steps   437084 feasible sets         0 orders tried  current cost 12
    W_14: 38160s  86,118,107,800 steps   437250 feasible sets         0 orders tried  current cost 4
    W_14: 38175s  86,152,629,800 steps   437456 feasible sets         0 orders tried  current cost 6
    W_14: 38190s  86,187,252,000 steps   437602 feasible sets         0 orders tried  current cost 4
    W_14: 38205s  86,221,633,400 steps   437717 feasible sets         0 orders tried  current cost 4
    W_14: 38220s  86,256,621,800 steps   437949 feasible sets         0 orders tried  current cost 10
    W_14: 38235s  86,291,211,000 steps   438095 feasible sets         0 orders tried  current cost 1
    W_14: 38250s  86,326,099,200 steps   438289 feasible sets         0 orders tried  current cost 3
    W_14: 38265s  86,361,355,200 steps   438466 feasible sets         0 orders tried  current cost 5
    W_14: 38280s  86,395,838,000 steps   438608 feasible sets         0 orders tried  current cost 4
    W_14: 38295s  86,430,906,800 steps   438772 feasible sets         0 orders tried  current cost 8
    W_14: 38310s  86,465,576,600 steps   438959 feasible sets         0 orders tried  current cost 3
    W_14: 38325s  86,499,963,000 steps   439154 feasible sets         0 orders tried  current cost 9
    W_14: 38340s  86,534,505,000 steps   439302 feasible sets         0 orders tried  current cost 12
    W_14: 38355s  86,569,263,800 steps   439500 feasible sets         0 orders tried  current cost 5
    W_14: 38370s  86,603,505,400 steps   439664 feasible sets         0 orders tried  current cost 7
    W_14: 38385s  86,637,769,600 steps   439836 feasible sets         0 orders tried  current cost 3
    W_14: 38400s  86,672,783,600 steps   439975 feasible sets         0 orders tried  current cost 7
    W_14: 38415s  86,707,472,000 steps   440146 feasible sets         0 orders tried  current cost 2
    W_14: 38430s  86,742,117,400 steps   440334 feasible sets         0 orders tried  current cost 4
    W_14: 38445s  86,776,519,000 steps   440515 feasible sets         0 orders tried  current cost 4
    W_14: 38460s  86,811,280,600 steps   440683 feasible sets         0 orders tried  current cost 13
    W_14: 38475s  86,845,941,800 steps   440881 feasible sets         0 orders tried  current cost 11
    W_14: 38490s  86,881,093,600 steps   441074 feasible sets         0 orders tried  current cost 3
    W_14: 38505s  86,915,332,200 steps   441232 feasible sets         0 orders tried  current cost 3
    W_14: 38520s  86,950,136,000 steps   441405 feasible sets         0 orders tried  current cost 1
    W_14: 38535s  86,984,988,000 steps   441574 feasible sets         0 orders tried  current cost 6
    W_14: 38550s  87,019,705,400 steps   441768 feasible sets         0 orders tried  current cost 11
    W_14: 38565s  87,055,112,200 steps   441954 feasible sets         0 orders tried  current cost 3
    W_14: 38580s  87,089,855,600 steps   442127 feasible sets         0 orders tried  current cost 2
    W_14: 38595s  87,124,604,200 steps   442325 feasible sets         0 orders tried  current cost 7
    W_14: 38610s  87,159,133,800 steps   442500 feasible sets         0 orders tried  current cost 3
    W_14: 38625s  87,193,553,200 steps   442649 feasible sets         0 orders tried  current cost 3
    W_14: 38640s  87,228,340,800 steps   442827 feasible sets         0 orders tried  current cost 14
    W_14: 38655s  87,262,641,200 steps   442994 feasible sets         0 orders tried  current cost 17
    W_14: 38670s  87,296,977,000 steps   443165 feasible sets         0 orders tried  current cost 4
    W_14: 38685s  87,331,441,200 steps   443348 feasible sets         0 orders tried  current cost 18
    W_14: 38700s  87,366,581,400 steps   443526 feasible sets         0 orders tried  current cost 11
    W_14: 38715s  87,401,205,600 steps   443661 feasible sets         0 orders tried  current cost 9
    W_14: 38730s  87,436,071,000 steps   443835 feasible sets         0 orders tried  current cost 2
    W_14: 38745s  87,471,035,400 steps   444026 feasible sets         0 orders tried  current cost 3
    W_14: 38760s  87,505,678,000 steps   444207 feasible sets         0 orders tried  current cost 1
    W_14: 38775s  87,540,270,200 steps   444352 feasible sets         0 orders tried  current cost 4
    W_14: 38790s  87,575,115,000 steps   444518 feasible sets         0 orders tried  current cost 3
    W_14: 38805s  87,609,876,400 steps   444700 feasible sets         0 orders tried  current cost 3
    W_14: 38820s  87,644,217,400 steps   444899 feasible sets         0 orders tried  current cost 3
    W_14: 38835s  87,678,707,600 steps   445068 feasible sets         0 orders tried  current cost 9
    W_14: 38850s  87,713,744,200 steps   445253 feasible sets         0 orders tried  current cost 9
    W_14: 38865s  87,748,478,000 steps   445418 feasible sets         0 orders tried  current cost 3
    W_14: 38880s  87,782,637,200 steps   445600 feasible sets         0 orders tried  current cost 3
    W_14: 38895s  87,817,202,400 steps   445769 feasible sets         0 orders tried  current cost 14
    W_14: 38910s  87,849,940,000 steps   445939 feasible sets         0 orders tried  current cost 1
    W_14: 38925s  87,884,912,200 steps   446088 feasible sets         0 orders tried  current cost 6
    W_14: 38940s  87,919,583,200 steps   446278 feasible sets         0 orders tried  current cost 8
    W_14: 38955s  87,954,023,200 steps   446472 feasible sets         0 orders tried  current cost 9
    W_14: 38970s  87,988,767,000 steps   446623 feasible sets         0 orders tried  current cost 8
    W_14: 38985s  88,023,398,000 steps   446796 feasible sets         0 orders tried  current cost 3
    W_14: 39000s  88,057,958,000 steps   446998 feasible sets         0 orders tried  current cost 2
    W_14: 39015s  88,092,546,600 steps   447159 feasible sets         0 orders tried  current cost 8
    W_14: 39030s  88,127,253,600 steps   447335 feasible sets         0 orders tried  current cost 3
    W_14: 39045s  88,161,932,200 steps   447504 feasible sets         0 orders tried  current cost 4
    W_14: 39060s  88,196,269,200 steps   447668 feasible sets         0 orders tried  current cost 2
    W_14: 39075s  88,230,867,800 steps   447900 feasible sets         0 orders tried  current cost 5
    W_14: 39090s  88,265,581,600 steps   448100 feasible sets         0 orders tried  current cost 13
    W_14: 39105s  88,300,296,200 steps   448289 feasible sets         0 orders tried  current cost 3
    W_14: 39120s  88,334,703,600 steps   448480 feasible sets         0 orders tried  current cost 11
    W_14: 39135s  88,369,013,000 steps   448672 feasible sets         0 orders tried  current cost 4
    W_14: 39150s  88,403,510,800 steps   448887 feasible sets         0 orders tried  current cost 8
    W_14: 39165s  88,438,038,000 steps   449086 feasible sets         0 orders tried  current cost 3
    W_14: 39180s  88,472,710,800 steps   449279 feasible sets         0 orders tried  current cost 3
    W_14: 39195s  88,506,911,800 steps   449470 feasible sets         0 orders tried  current cost 3
    W_14: 39210s  88,541,541,800 steps   449629 feasible sets         0 orders tried  current cost 15
    W_14: 39225s  88,575,946,400 steps   449802 feasible sets         0 orders tried  current cost 5
    W_14: 39240s  88,610,482,400 steps   449959 feasible sets         0 orders tried  current cost 14
    W_14: 39255s  88,644,761,200 steps   450143 feasible sets         0 orders tried  current cost 14
    W_14: 39270s  88,679,545,400 steps   450312 feasible sets         0 orders tried  current cost 6
    W_14: 39285s  88,713,722,000 steps   450464 feasible sets         0 orders tried  current cost 11
    W_14: 39300s  88,748,294,600 steps   450603 feasible sets         0 orders tried  current cost 4
    W_14: 39315s  88,783,090,600 steps   450750 feasible sets         0 orders tried  current cost 2
    W_14: 39330s  88,817,470,800 steps   450939 feasible sets         0 orders tried  current cost 3
    W_14: 39345s  88,852,152,600 steps   451094 feasible sets         0 orders tried  current cost 2
    W_14: 39360s  88,886,368,200 steps   451266 feasible sets         0 orders tried  current cost 3
    W_14: 39375s  88,920,914,000 steps   451467 feasible sets         0 orders tried  current cost 3
    W_14: 39390s  88,955,799,600 steps   451660 feasible sets         0 orders tried  current cost 3
    W_14: 39405s  88,990,051,800 steps   451796 feasible sets         0 orders tried  current cost 4
    W_14: 39420s  89,024,334,600 steps   451984 feasible sets         0 orders tried  current cost 2
    W_14: 39435s  89,058,237,800 steps   452143 feasible sets         0 orders tried  current cost 4
    W_14: 39450s  89,092,191,000 steps   452312 feasible sets         0 orders tried  current cost 4
    W_14: 39465s  89,126,673,400 steps   452495 feasible sets         0 orders tried  current cost 2
    W_14: 39480s  89,161,344,200 steps   452656 feasible sets         0 orders tried  current cost 12
    W_14: 39495s  89,195,844,400 steps   452814 feasible sets         0 orders tried  current cost 12
    W_14: 39510s  89,230,370,400 steps   452976 feasible sets         0 orders tried  current cost 5
    W_14: 39525s  89,265,165,400 steps   453125 feasible sets         0 orders tried  current cost 2
    W_14: 39540s  89,299,742,400 steps   453321 feasible sets         0 orders tried  current cost 12
    W_14: 39555s  89,334,613,600 steps   453479 feasible sets         0 orders tried  current cost 6
    W_14: 39570s  89,368,975,600 steps   453640 feasible sets         0 orders tried  current cost 3
    W_14: 39585s  89,402,988,400 steps   453796 feasible sets         0 orders tried  current cost 6
    W_14: 39600s  89,437,088,600 steps   453928 feasible sets         0 orders tried  current cost 5
    W_14: 39615s  89,471,939,000 steps   454103 feasible sets         0 orders tried  current cost 1
    W_14: 39630s  89,506,151,400 steps   454291 feasible sets         0 orders tried  current cost 4
    W_14: 39645s  89,540,458,000 steps   454458 feasible sets         0 orders tried  current cost 5
    W_14: 39660s  89,575,005,000 steps   454644 feasible sets         0 orders tried  current cost 7
    W_14: 39675s  89,609,717,800 steps   454819 feasible sets         0 orders tried  current cost 5
    W_14: 39690s  89,644,042,400 steps   454969 feasible sets         0 orders tried  current cost 11
    W_14: 39705s  89,678,228,400 steps   455128 feasible sets         0 orders tried  current cost 7
    W_14: 39720s  89,712,582,200 steps   455325 feasible sets         0 orders tried  current cost 12
    W_14: 39735s  89,746,840,000 steps   455482 feasible sets         0 orders tried  current cost 4
    W_14: 39750s  89,781,254,800 steps   455651 feasible sets         0 orders tried  current cost 3
    W_14: 39765s  89,815,721,800 steps   455787 feasible sets         0 orders tried  current cost 10
    W_14: 39780s  89,850,388,800 steps   455970 feasible sets         0 orders tried  current cost 4
    W_14: 39795s  89,884,531,400 steps   456124 feasible sets         0 orders tried  current cost 5
    W_14: 39810s  89,919,165,400 steps   456325 feasible sets         0 orders tried  current cost 12
    W_14: 39825s  89,953,327,000 steps   456486 feasible sets         0 orders tried  current cost 6
    W_14: 39840s  89,987,503,800 steps   456661 feasible sets         0 orders tried  current cost 16
    W_14: 39855s  90,021,475,800 steps   456857 feasible sets         0 orders tried  current cost 1
    W_14: 39870s  90,056,200,600 steps   457021 feasible sets         0 orders tried  current cost 17
    W_14: 39885s  90,090,561,800 steps   457224 feasible sets         0 orders tried  current cost 13
    W_14: 39900s  90,124,967,600 steps   457376 feasible sets         0 orders tried  current cost 7
    W_14: 39915s  90,159,386,400 steps   457588 feasible sets         0 orders tried  current cost 6
    W_14: 39930s  90,193,841,000 steps   457751 feasible sets         0 orders tried  current cost 9
    W_14: 39945s  90,228,136,600 steps   457895 feasible sets         0 orders tried  current cost 4
    W_14: 39960s  90,262,468,800 steps   458061 feasible sets         0 orders tried  current cost 4
    W_14: 39975s  90,296,724,000 steps   458234 feasible sets         0 orders tried  current cost 13
    W_14: 39990s  90,331,243,600 steps   458416 feasible sets         0 orders tried  current cost 8
    W_14: 40005s  90,365,558,000 steps   458595 feasible sets         0 orders tried  current cost 3
    W_14: 40020s  90,400,024,400 steps   458782 feasible sets         0 orders tried  current cost 9
    W_14: 40035s  90,434,632,600 steps   458987 feasible sets         0 orders tried  current cost 5
    W_14: 40050s  90,468,956,200 steps   459163 feasible sets         0 orders tried  current cost 3
    W_14: 40065s  90,503,730,600 steps   459307 feasible sets         0 orders tried  current cost 4
    W_14: 40080s  90,538,127,400 steps   459487 feasible sets         0 orders tried  current cost 7
    W_14: 40095s  90,572,227,200 steps   459664 feasible sets         0 orders tried  current cost 6
    W_14: 40110s  90,606,314,600 steps   459847 feasible sets         0 orders tried  current cost 3
    W_14: 40125s  90,640,807,600 steps   460020 feasible sets         0 orders tried  current cost 4
    W_14: 40140s  90,675,450,600 steps   460207 feasible sets         0 orders tried  current cost 4
    W_14: 40155s  90,710,035,400 steps   460371 feasible sets         0 orders tried  current cost 3
    W_14: 40170s  90,744,429,800 steps   460535 feasible sets         0 orders tried  current cost 3
    W_14: 40185s  90,779,012,600 steps   460711 feasible sets         0 orders tried  current cost 3
    W_14: 40200s  90,813,488,800 steps   460872 feasible sets         0 orders tried  current cost 5
    W_14: 40215s  90,848,121,800 steps   461057 feasible sets         0 orders tried  current cost 15
    W_14: 40230s  90,882,421,200 steps   461249 feasible sets         0 orders tried  current cost 16
    W_14: 40245s  90,916,705,600 steps   461432 feasible sets         0 orders tried  current cost 6
    W_14: 40260s  90,951,062,600 steps   461647 feasible sets         0 orders tried  current cost 13
    W_14: 40275s  90,985,435,600 steps   461783 feasible sets         0 orders tried  current cost 4
    W_14: 40290s  91,019,940,800 steps   461967 feasible sets         0 orders tried  current cost 21
    W_14: 40305s  91,054,427,400 steps   462143 feasible sets         0 orders tried  current cost 7
    W_14: 40320s  91,088,926,400 steps   462339 feasible sets         0 orders tried  current cost 5
    W_14: 40335s  91,123,143,600 steps   462515 feasible sets         0 orders tried  current cost 14
    W_14: 40350s  91,157,749,600 steps   462672 feasible sets         0 orders tried  current cost 5
    W_14: 40365s  91,192,574,600 steps   462856 feasible sets         0 orders tried  current cost 2
    W_14: 40380s  91,226,701,600 steps   463043 feasible sets         0 orders tried  current cost 10
    W_14: 40395s  91,260,805,400 steps   463235 feasible sets         0 orders tried  current cost 12
    W_14: 40410s  91,295,273,400 steps   463390 feasible sets         0 orders tried  current cost 4
    W_14: 40425s  91,330,013,200 steps   463599 feasible sets         0 orders tried  current cost 4
    W_14: 40440s  91,364,893,600 steps   463793 feasible sets         0 orders tried  current cost 4
    W_14: 40455s  91,399,456,800 steps   463984 feasible sets         0 orders tried  current cost 3
    W_14: 40470s  91,434,472,800 steps   464189 feasible sets         0 orders tried  current cost 4
    W_14: 40485s  91,469,126,400 steps   464365 feasible sets         0 orders tried  current cost 7
    W_14: 40500s  91,503,235,000 steps   464585 feasible sets         0 orders tried  current cost 3
    W_14: 40515s  91,537,921,000 steps   464778 feasible sets         0 orders tried  current cost 7
    W_14: 40530s  91,572,064,400 steps   464963 feasible sets         0 orders tried  current cost 8
    W_14: 40545s  91,605,888,400 steps   465145 feasible sets         0 orders tried  current cost 2
    W_14: 40560s  91,640,120,600 steps   465293 feasible sets         0 orders tried  current cost 14
    W_14: 40575s  91,673,862,000 steps   465478 feasible sets         0 orders tried  current cost 11
    W_14: 40590s  91,708,107,600 steps   465662 feasible sets         0 orders tried  current cost 8
    W_14: 40605s  91,742,259,000 steps   465818 feasible sets         0 orders tried  current cost 2
    W_14: 40620s  91,776,450,800 steps   466005 feasible sets         0 orders tried  current cost 6
    W_14: 40635s  91,811,075,000 steps   466202 feasible sets         0 orders tried  current cost 4
    W_14: 40650s  91,845,345,800 steps   466379 feasible sets         0 orders tried  current cost 11
    W_14: 40665s  91,879,550,000 steps   466540 feasible sets         0 orders tried  current cost 3
    W_14: 40680s  91,913,727,400 steps   466738 feasible sets         0 orders tried  current cost 10
    W_14: 40695s  91,948,500,200 steps   466933 feasible sets         0 orders tried  current cost 19
    W_14: 40710s  91,983,027,000 steps   467108 feasible sets         0 orders tried  current cost 10
    W_14: 40725s  92,017,665,800 steps   467288 feasible sets         0 orders tried  current cost 9
    W_14: 40740s  92,052,231,800 steps   467463 feasible sets         0 orders tried  current cost 6
    W_14: 40755s  92,086,438,600 steps   467619 feasible sets         0 orders tried  current cost 4
    W_14: 40770s  92,120,738,400 steps   467848 feasible sets         0 orders tried  current cost 3
    W_14: 40785s  92,155,167,600 steps   468036 feasible sets         0 orders tried  current cost 4
    W_14: 40800s  92,189,597,000 steps   468238 feasible sets         0 orders tried  current cost 4
    W_14: 40815s  92,224,195,600 steps   468445 feasible sets         0 orders tried  current cost 3
    W_14: 40830s  92,258,882,800 steps   468613 feasible sets         0 orders tried  current cost 10
    W_14: 40845s  92,293,197,600 steps   468748 feasible sets         0 orders tried  current cost 1
    W_14: 40860s  92,327,656,600 steps   468934 feasible sets         0 orders tried  current cost 2
    W_14: 40875s  92,361,593,000 steps   469131 feasible sets         0 orders tried  current cost 2
    W_14: 40890s  92,396,018,600 steps   469339 feasible sets         0 orders tried  current cost 3
    W_14: 40905s  92,430,527,400 steps   469514 feasible sets         0 orders tried  current cost 6
    W_14: 40920s  92,464,243,200 steps   469656 feasible sets         0 orders tried  current cost 9
    W_14: 40935s  92,498,799,800 steps   469815 feasible sets         0 orders tried  current cost 2
    W_14: 40950s  92,533,208,800 steps   469978 feasible sets         0 orders tried  current cost 5
    W_14: 40965s  92,567,790,600 steps   470198 feasible sets         0 orders tried  current cost 6
    W_14: 40980s  92,602,010,400 steps   470366 feasible sets         0 orders tried  current cost 5
    W_14: 40995s  92,636,283,400 steps   470526 feasible sets         0 orders tried  current cost 9
    W_14: 41010s  92,670,420,600 steps   470705 feasible sets         0 orders tried  current cost 19
    W_14: 41025s  92,705,264,400 steps   470883 feasible sets         0 orders tried  current cost 6
    W_14: 41040s  92,739,672,600 steps   471081 feasible sets         0 orders tried  current cost 3
    W_14: 41055s  92,774,709,400 steps   471221 feasible sets         0 orders tried  current cost 4
    W_14: 41070s  92,809,276,600 steps   471407 feasible sets         0 orders tried  current cost 3
    W_14: 41085s  92,843,903,400 steps   471605 feasible sets         0 orders tried  current cost 11
    W_14: 41100s  92,878,615,000 steps   471779 feasible sets         0 orders tried  current cost 3
    W_14: 41115s  92,913,207,800 steps   471979 feasible sets         0 orders tried  current cost 7
    W_14: 41130s  92,947,289,200 steps   472160 feasible sets         0 orders tried  current cost 5
    W_14: 41145s  92,981,677,600 steps   472337 feasible sets         0 orders tried  current cost 3
    W_14: 41160s  93,016,493,800 steps   472512 feasible sets         0 orders tried  current cost 2
    W_14: 41175s  93,050,651,400 steps   472660 feasible sets         0 orders tried  current cost 4
    W_14: 41190s  93,085,437,400 steps   472852 feasible sets         0 orders tried  current cost 3
    W_14: 41205s  93,119,496,600 steps   473026 feasible sets         0 orders tried  current cost 2
    W_14: 41220s  93,154,265,200 steps   473224 feasible sets         0 orders tried  current cost 10
    W_14: 41235s  93,188,881,600 steps   473369 feasible sets         0 orders tried  current cost 11
    W_14: 41250s  93,223,353,600 steps   473555 feasible sets         0 orders tried  current cost 2
    W_14: 41265s  93,257,966,400 steps   473708 feasible sets         0 orders tried  current cost 10
    W_14: 41280s  93,291,707,200 steps   473888 feasible sets         0 orders tried  current cost 7
    W_14: 41295s  93,324,096,200 steps   474085 feasible sets         0 orders tried  current cost 3
    W_14: 41310s  93,357,943,800 steps   474241 feasible sets         0 orders tried  current cost 9
    W_14: 41325s  93,392,625,200 steps   474451 feasible sets         0 orders tried  current cost 8
    W_14: 41340s  93,427,057,400 steps   474662 feasible sets         0 orders tried  current cost 4
    W_14: 41355s  93,461,711,600 steps   474822 feasible sets         0 orders tried  current cost 3
    W_14: 41370s  93,496,574,200 steps   474951 feasible sets         0 orders tried  current cost 1
    W_14: 41385s  93,531,199,400 steps   475081 feasible sets         0 orders tried  current cost 2
    W_14: 41400s  93,565,780,600 steps   475266 feasible sets         0 orders tried  current cost 15
    W_14: 41415s  93,600,314,600 steps   475510 feasible sets         0 orders tried  current cost 4
    W_14: 41430s  93,634,811,600 steps   475698 feasible sets         0 orders tried  current cost 5
    W_14: 41445s  93,669,564,600 steps   475864 feasible sets         0 orders tried  current cost 9
    W_14: 41460s  93,704,016,600 steps   476082 feasible sets         0 orders tried  current cost 4
    W_14: 41475s  93,738,287,800 steps   476274 feasible sets         0 orders tried  current cost 3
    W_14: 41490s  93,773,343,600 steps   476478 feasible sets         0 orders tried  current cost 10
    W_14: 41505s  93,807,916,000 steps   476654 feasible sets         0 orders tried  current cost 4
    W_14: 41520s  93,842,446,000 steps   476860 feasible sets         0 orders tried  current cost 8
    W_14: 41535s  93,877,710,000 steps   477039 feasible sets         0 orders tried  current cost 3
    W_14: 41550s  93,912,398,000 steps   477203 feasible sets         0 orders tried  current cost 2
    W_14: 41565s  93,947,076,400 steps   477364 feasible sets         0 orders tried  current cost 4
    W_14: 41580s  93,981,470,800 steps   477552 feasible sets         0 orders tried  current cost 4
    W_14: 41595s  94,016,176,800 steps   477717 feasible sets         0 orders tried  current cost 3
    W_14: 41610s  94,050,735,200 steps   477893 feasible sets         0 orders tried  current cost 4
    W_14: 41625s  94,085,329,800 steps   478041 feasible sets         0 orders tried  current cost 3
    W_14: 41640s  94,120,280,000 steps   478233 feasible sets         0 orders tried  current cost 2
    W_14: 41655s  94,155,129,200 steps   478390 feasible sets         0 orders tried  current cost 5
    W_14: 41670s  94,190,222,600 steps   478525 feasible sets         0 orders tried  current cost 17
    W_14: 41685s  94,224,716,000 steps   478685 feasible sets         0 orders tried  current cost 4
    W_14: 41700s  94,259,750,000 steps   478885 feasible sets         0 orders tried  current cost 4
    W_14: 41715s  94,294,949,400 steps   479070 feasible sets         0 orders tried  current cost 7
    W_14: 41730s  94,329,970,200 steps   479249 feasible sets         0 orders tried  current cost 2
    W_14: 41745s  94,364,592,200 steps   479409 feasible sets         0 orders tried  current cost 3
    W_14: 41760s  94,399,111,200 steps   479623 feasible sets         0 orders tried  current cost 3
    W_14: 41775s  94,434,130,000 steps   479779 feasible sets         0 orders tried  current cost 4
    W_14: 41790s  94,468,498,400 steps   479972 feasible sets         0 orders tried  current cost 3
    W_14: 41805s  94,503,339,800 steps   480172 feasible sets         0 orders tried  current cost 3
    W_14: 41820s  94,537,947,000 steps   480390 feasible sets         0 orders tried  current cost 10
    W_14: 41835s  94,572,774,600 steps   480569 feasible sets         0 orders tried  current cost 3
    W_14: 41850s  94,607,514,800 steps   480729 feasible sets         0 orders tried  current cost 3
    W_14: 41865s  94,642,484,000 steps   480927 feasible sets         0 orders tried  current cost 8
    W_14: 41880s  94,677,657,000 steps   481084 feasible sets         0 orders tried  current cost 4
    W_14: 41895s  94,712,341,200 steps   481286 feasible sets         0 orders tried  current cost 14
    W_14: 41910s  94,746,721,400 steps   481432 feasible sets         0 orders tried  current cost 11
    W_14: 41925s  94,781,722,600 steps   481607 feasible sets         0 orders tried  current cost 12
    W_14: 41940s  94,816,590,000 steps   481814 feasible sets         0 orders tried  current cost 5
    W_14: 41955s  94,851,195,000 steps   481999 feasible sets         0 orders tried  current cost 2
    W_14: 41970s  94,885,923,600 steps   482177 feasible sets         0 orders tried  current cost 5
    W_14: 41985s  94,920,715,800 steps   482376 feasible sets         0 orders tried  current cost 3
    W_14: 42000s  94,955,224,000 steps   482559 feasible sets         0 orders tried  current cost 13
    W_14: 42015s  94,989,713,400 steps   482755 feasible sets         0 orders tried  current cost 4
    W_14: 42030s  95,024,304,200 steps   482928 feasible sets         0 orders tried  current cost 9
    W_14: 42045s  95,059,139,400 steps   483097 feasible sets         0 orders tried  current cost 2
    W_14: 42060s  95,094,273,400 steps   483268 feasible sets         0 orders tried  current cost 3
    W_14: 42075s  95,129,196,600 steps   483474 feasible sets         0 orders tried  current cost 5
    W_14: 42090s  95,163,972,800 steps   483679 feasible sets         0 orders tried  current cost 2
    W_14: 42105s  95,198,428,000 steps   483847 feasible sets         0 orders tried  current cost 2
    W_14: 42120s  95,233,488,600 steps   484049 feasible sets         0 orders tried  current cost 5
    W_14: 42135s  95,268,079,200 steps   484227 feasible sets         0 orders tried  current cost 3
    W_14: 42150s  95,302,795,000 steps   484389 feasible sets         0 orders tried  current cost 4
    W_14: 42165s  95,337,532,600 steps   484572 feasible sets         0 orders tried  current cost 1
    W_14: 42180s  95,372,443,800 steps   484754 feasible sets         0 orders tried  current cost 10
    W_14: 42195s  95,407,557,000 steps   484923 feasible sets         0 orders tried  current cost 4
    W_14: 42210s  95,442,434,400 steps   485099 feasible sets         0 orders tried  current cost 1
    W_14: 42225s  95,476,992,000 steps   485281 feasible sets         0 orders tried  current cost 5
    W_14: 42240s  95,511,661,400 steps   485476 feasible sets         0 orders tried  current cost 17
    W_14: 42255s  95,546,700,400 steps   485665 feasible sets         0 orders tried  current cost 16
    W_14: 42270s  95,581,500,800 steps   485849 feasible sets         0 orders tried  current cost 11
    W_14: 42285s  95,616,342,000 steps   486032 feasible sets         0 orders tried  current cost 11
    W_14: 42300s  95,651,084,200 steps   486251 feasible sets         0 orders tried  current cost 12
    W_14: 42315s  95,685,813,600 steps   486420 feasible sets         0 orders tried  current cost 3
    W_14: 42330s  95,720,458,000 steps   486627 feasible sets         0 orders tried  current cost 5
    W_14: 42345s  95,755,221,200 steps   486791 feasible sets         0 orders tried  current cost 15
    W_14: 42360s  95,789,614,000 steps   486976 feasible sets         0 orders tried  current cost 4
    W_14: 42375s  95,824,543,000 steps   487154 feasible sets         0 orders tried  current cost 11
    W_14: 42390s  95,859,726,400 steps   487324 feasible sets         0 orders tried  current cost 8
    W_14: 42405s  95,894,446,400 steps   487513 feasible sets         0 orders tried  current cost 9
    W_14: 42420s  95,928,984,400 steps   487695 feasible sets         0 orders tried  current cost 11
    W_14: 42435s  95,963,103,600 steps   487847 feasible sets         0 orders tried  current cost 9
    W_14: 42450s  95,997,288,600 steps   488012 feasible sets         0 orders tried  current cost 8
    W_14: 42465s  96,031,917,400 steps   488198 feasible sets         0 orders tried  current cost 3
    W_14: 42480s  96,067,276,200 steps   488364 feasible sets         0 orders tried  current cost 1
    W_14: 42495s  96,101,762,800 steps   488518 feasible sets         0 orders tried  current cost 11
    W_14: 42510s  96,136,389,200 steps   488711 feasible sets         0 orders tried  current cost 6
    W_14: 42525s  96,170,721,600 steps   488869 feasible sets         0 orders tried  current cost 14
    W_14: 42540s  96,205,742,000 steps   489068 feasible sets         0 orders tried  current cost 13
    W_14: 42555s  96,240,311,600 steps   489232 feasible sets         0 orders tried  current cost 3
    W_14: 42570s  96,275,302,400 steps   489443 feasible sets         0 orders tried  current cost 14
    W_14: 42585s  96,309,904,400 steps   489627 feasible sets         0 orders tried  current cost 9
    W_14: 42600s  96,343,947,000 steps   489778 feasible sets         0 orders tried  current cost 8
    W_14: 42615s  96,378,528,400 steps   489955 feasible sets         0 orders tried  current cost 5
    W_14: 42630s  96,413,118,000 steps   490149 feasible sets         0 orders tried  current cost 2
    W_14: 42645s  96,447,895,200 steps   490322 feasible sets         0 orders tried  current cost 2
    W_14: 42660s  96,482,719,000 steps   490473 feasible sets         0 orders tried  current cost 2
    W_14: 42675s  96,517,475,000 steps   490667 feasible sets         0 orders tried  current cost 3
    W_14: 42690s  96,552,352,600 steps   490841 feasible sets         0 orders tried  current cost 4
    W_14: 42705s  96,587,340,000 steps   491005 feasible sets         0 orders tried  current cost 3
    W_14: 42720s  96,622,100,600 steps   491153 feasible sets         0 orders tried  current cost 12
    W_14: 42735s  96,656,719,200 steps   491338 feasible sets         0 orders tried  current cost 2
    W_14: 42750s  96,691,132,600 steps   491534 feasible sets         0 orders tried  current cost 2
    W_14: 42765s  96,725,723,000 steps   491719 feasible sets         0 orders tried  current cost 10
    W_14: 42780s  96,760,307,600 steps   491870 feasible sets         0 orders tried  current cost 6
    W_14: 42795s  96,795,387,000 steps   492073 feasible sets         0 orders tried  current cost 10
    W_14: 42810s  96,830,200,600 steps   492262 feasible sets         0 orders tried  current cost 10
    W_14: 42825s  96,865,065,000 steps   492485 feasible sets         0 orders tried  current cost 11
    W_14: 42840s  96,899,675,600 steps   492639 feasible sets         0 orders tried  current cost 4
    W_14: 42855s  96,934,235,000 steps   492775 feasible sets         0 orders tried  current cost 3
    W_14: 42870s  96,969,403,800 steps   492962 feasible sets         0 orders tried  current cost 12
    W_14: 42885s  97,003,995,600 steps   493177 feasible sets         0 orders tried  current cost 3
    W_14: 42900s  97,038,907,200 steps   493384 feasible sets         0 orders tried  current cost 7
    W_14: 42915s  97,073,586,400 steps   493566 feasible sets         0 orders tried  current cost 9
    W_14: 42930s  97,107,860,600 steps   493752 feasible sets         0 orders tried  current cost 15
    W_14: 42945s  97,142,727,000 steps   493903 feasible sets         0 orders tried  current cost 9
    W_14: 42960s  97,177,228,200 steps   494101 feasible sets         0 orders tried  current cost 4
    W_14: 42975s  97,211,519,400 steps   494264 feasible sets         0 orders tried  current cost 5
    W_14: 42990s  97,246,225,000 steps   494478 feasible sets         0 orders tried  current cost 9
    W_14: 43005s  97,280,886,200 steps   494664 feasible sets         0 orders tried  current cost 5
    W_14: 43020s  97,315,309,800 steps   494845 feasible sets         0 orders tried  current cost 2
    W_14: 43035s  97,350,468,200 steps   495024 feasible sets         0 orders tried  current cost 2
    W_14: 43050s  97,385,413,000 steps   495157 feasible sets         0 orders tried  current cost 2
    W_14: 43065s  97,420,102,200 steps   495327 feasible sets         0 orders tried  current cost 11
    W_14: 43080s  97,454,696,800 steps   495503 feasible sets         0 orders tried  current cost 3
    W_14: 43095s  97,489,074,800 steps   495643 feasible sets         0 orders tried  current cost 3
    W_14: 43110s  97,523,276,200 steps   495826 feasible sets         0 orders tried  current cost 1
    W_14: 43125s  97,557,788,000 steps   496021 feasible sets         0 orders tried  current cost 6
    W_14: 43140s  97,592,274,600 steps   496233 feasible sets         0 orders tried  current cost 4
    W_14: 43155s  97,627,158,000 steps   496379 feasible sets         0 orders tried  current cost 3
    W_14: 43170s  97,661,352,200 steps   496543 feasible sets         0 orders tried  current cost 5
    W_14: 43185s  97,696,135,400 steps   496687 feasible sets         0 orders tried  current cost 4
    W_14: 43200s  97,731,116,400 steps   496884 feasible sets         0 orders tried  current cost 2
    W_14: 43215s  97,765,973,600 steps   497054 feasible sets         0 orders tried  current cost 3
    W_14: 43230s  97,800,927,200 steps   497222 feasible sets         0 orders tried  current cost 7
    W_14: 43245s  97,835,410,200 steps   497407 feasible sets         0 orders tried  current cost 4
    W_14: 43260s  97,869,947,200 steps   497594 feasible sets         0 orders tried  current cost 6
    W_14: 43275s  97,904,311,800 steps   497742 feasible sets         0 orders tried  current cost 4
    W_14: 43290s  97,938,775,400 steps   497925 feasible sets         0 orders tried  current cost 3
    W_14: 43305s  97,973,272,200 steps   498064 feasible sets         0 orders tried  current cost 1
    W_14: 43320s  98,007,941,200 steps   498233 feasible sets         0 orders tried  current cost 11
    W_14: 43335s  98,042,673,400 steps   498398 feasible sets         0 orders tried  current cost 3
    W_14: 43350s  98,077,311,000 steps   498555 feasible sets         0 orders tried  current cost 4
    W_14: 43365s  98,111,809,800 steps   498756 feasible sets         0 orders tried  current cost 3
    W_14: 43380s  98,146,813,600 steps   498965 feasible sets         0 orders tried  current cost 4
    W_14: 43395s  98,181,377,400 steps   499109 feasible sets         0 orders tried  current cost 3
    W_14: 43410s  98,216,182,800 steps   499318 feasible sets         0 orders tried  current cost 10
    W_14: 43425s  98,251,019,600 steps   499485 feasible sets         0 orders tried  current cost 3
    W_14: 43440s  98,285,377,200 steps   499693 feasible sets         0 orders tried  current cost 2
    W_14: 43455s  98,320,261,200 steps   499891 feasible sets         0 orders tried  current cost 19
    W_14: 43470s  98,354,566,200 steps   500062 feasible sets         0 orders tried  current cost 7
    W_14: 43485s  98,389,035,600 steps   500229 feasible sets         0 orders tried  current cost 3
    W_14: 43500s  98,424,103,800 steps   500444 feasible sets         0 orders tried  current cost 5
    W_14: 43515s  98,459,092,800 steps   500659 feasible sets         0 orders tried  current cost 2
    W_14: 43530s  98,493,647,200 steps   500835 feasible sets         0 orders tried  current cost 6
    W_14: 43545s  98,528,118,600 steps   500993 feasible sets         0 orders tried  current cost 3
    W_14: 43560s  98,562,965,600 steps   501167 feasible sets         0 orders tried  current cost 7
    W_14: 43575s  98,597,621,400 steps   501391 feasible sets         0 orders tried  current cost 10
    W_14: 43590s  98,632,081,400 steps   501537 feasible sets         0 orders tried  current cost 16
    W_14: 43605s  98,666,426,200 steps   501726 feasible sets         0 orders tried  current cost 10
    W_14: 43620s  98,701,198,800 steps   501913 feasible sets         0 orders tried  current cost 3
    W_14: 43635s  98,735,900,000 steps   502085 feasible sets         0 orders tried  current cost 3
    W_14: 43650s  98,770,441,000 steps   502262 feasible sets         0 orders tried  current cost 11
    W_14: 43665s  98,805,223,600 steps   502438 feasible sets         0 orders tried  current cost 8
    W_14: 43680s  98,839,788,000 steps   502622 feasible sets         0 orders tried  current cost 6
    W_14: 43695s  98,874,849,200 steps   502846 feasible sets         0 orders tried  current cost 4
    W_14: 43710s  98,909,757,000 steps   503048 feasible sets         0 orders tried  current cost 2
    W_14: 43725s  98,944,459,400 steps   503209 feasible sets         0 orders tried  current cost 3
    W_14: 43740s  98,979,345,000 steps   503410 feasible sets         0 orders tried  current cost 9
    W_14: 43755s  99,014,160,000 steps   503591 feasible sets         0 orders tried  current cost 3
    W_14: 43770s  99,048,643,400 steps   503781 feasible sets         0 orders tried  current cost 13
    W_14: 43785s  99,083,287,200 steps   503947 feasible sets         0 orders tried  current cost 5
    W_14: 43800s  99,117,755,800 steps   504106 feasible sets         0 orders tried  current cost 4
    W_14: 43815s  99,152,471,400 steps   504302 feasible sets         0 orders tried  current cost 4
    W_14: 43830s  99,187,280,200 steps   504457 feasible sets         0 orders tried  current cost 22
    W_14: 43845s  99,221,964,200 steps   504611 feasible sets         0 orders tried  current cost 9
    W_14: 43860s  99,256,816,800 steps   504804 feasible sets         0 orders tried  current cost 4
    W_14: 43875s  99,291,443,200 steps   504963 feasible sets         0 orders tried  current cost 8
    W_14: 43890s  99,326,066,600 steps   505117 feasible sets         0 orders tried  current cost 6
    W_14: 43905s  99,360,877,000 steps   505283 feasible sets         0 orders tried  current cost 4
    W_14: 43920s  99,395,408,200 steps   505458 feasible sets         0 orders tried  current cost 6
    W_14: 43935s  99,430,091,800 steps   505644 feasible sets         0 orders tried  current cost 3
    W_14: 43950s  99,465,227,600 steps   505835 feasible sets         0 orders tried  current cost 4
    W_14: 43965s  99,499,842,600 steps   506032 feasible sets         0 orders tried  current cost 12
    W_14: 43980s  99,534,235,400 steps   506204 feasible sets         0 orders tried  current cost 5
    W_14: 43995s  99,569,155,000 steps   506378 feasible sets         0 orders tried  current cost 1
    W_14: 44010s  99,603,910,200 steps   506603 feasible sets         0 orders tried  current cost 4
    W_14: 44025s  99,638,828,200 steps   506807 feasible sets         0 orders tried  current cost 6
    W_14: 44040s  99,673,539,800 steps   506957 feasible sets         0 orders tried  current cost 1
    W_14: 44055s  99,708,218,000 steps   507135 feasible sets         0 orders tried  current cost 3
    W_14: 44070s  99,742,889,800 steps   507371 feasible sets         0 orders tried  current cost 4
    W_14: 44085s  99,777,548,200 steps   507559 feasible sets         0 orders tried  current cost 6
    W_14: 44100s  99,812,063,400 steps   507721 feasible sets         0 orders tried  current cost 8
    W_14: 44115s  99,846,778,800 steps   507904 feasible sets         0 orders tried  current cost 1
    W_14: 44130s  99,881,270,200 steps   508040 feasible sets         0 orders tried  current cost 4
    W_14: 44145s  99,915,017,400 steps   508199 feasible sets         0 orders tried  current cost 3
    W_14: 44160s  99,949,138,000 steps   508378 feasible sets         0 orders tried  current cost 2
    W_14: 44175s  99,984,317,000 steps   508592 feasible sets         0 orders tried  current cost 2
    W_14: 44190s  100,019,250,200 steps   508733 feasible sets         0 orders tried  current cost 5
    W_14: 44205s  100,054,025,800 steps   508891 feasible sets         0 orders tried  current cost 6
    W_14: 44220s  100,088,605,600 steps   509038 feasible sets         0 orders tried  current cost 8
    W_14: 44235s  100,123,190,400 steps   509225 feasible sets         0 orders tried  current cost 1
    W_14: 44250s  100,157,482,000 steps   509401 feasible sets         0 orders tried  current cost 13
    W_14: 44265s  100,192,118,000 steps   509573 feasible sets         0 orders tried  current cost 2
    W_14: 44280s  100,226,411,800 steps   509759 feasible sets         0 orders tried  current cost 2
    W_14: 44295s  100,260,837,200 steps   509928 feasible sets         0 orders tried  current cost 2
    W_14: 44310s  100,295,499,800 steps   510115 feasible sets         0 orders tried  current cost 4
    W_14: 44325s  100,329,855,400 steps   510332 feasible sets         0 orders tried  current cost 4
    W_14: 44340s  100,364,826,800 steps   510536 feasible sets         0 orders tried  current cost 9
    W_14: 44355s  100,399,334,800 steps   510701 feasible sets         0 orders tried  current cost 2
    W_14: 44370s  100,433,917,600 steps   510901 feasible sets         0 orders tried  current cost 1
    W_14: 44385s  100,468,644,200 steps   511095 feasible sets         0 orders tried  current cost 10
    W_14: 44400s  100,503,254,600 steps   511305 feasible sets         0 orders tried  current cost 2
    W_14: 44415s  100,537,892,800 steps   511468 feasible sets         0 orders tried  current cost 4
    W_14: 44430s  100,572,303,000 steps   511633 feasible sets         0 orders tried  current cost 15
    W_14: 44445s  100,606,515,000 steps   511795 feasible sets         0 orders tried  current cost 3
    W_14: 44460s  100,641,222,800 steps   511947 feasible sets         0 orders tried  current cost 12
    W_14: 44475s  100,675,592,800 steps   512122 feasible sets         0 orders tried  current cost 3
    W_14: 44490s  100,710,310,000 steps   512313 feasible sets         0 orders tried  current cost 2
    W_14: 44505s  100,745,086,600 steps   512522 feasible sets         0 orders tried  current cost 8
    W_14: 44520s  100,779,503,600 steps   512680 feasible sets         0 orders tried  current cost 11
    W_14: 44535s  100,814,805,200 steps   512849 feasible sets         0 orders tried  current cost 6
    W_14: 44550s  100,849,428,400 steps   513046 feasible sets         0 orders tried  current cost 10
    W_14: 44565s  100,884,095,400 steps   513223 feasible sets         0 orders tried  current cost 3
    W_14: 44580s  100,918,570,000 steps   513376 feasible sets         0 orders tried  current cost 5
    W_14: 44595s  100,952,709,600 steps   513553 feasible sets         0 orders tried  current cost 4
    W_14: 44610s  100,987,262,800 steps   513778 feasible sets         0 orders tried  current cost 19
    W_14: 44625s  101,021,874,400 steps   513924 feasible sets         0 orders tried  current cost 2
    W_14: 44640s  101,055,972,200 steps   514069 feasible sets         0 orders tried  current cost 4
    W_14: 44655s  101,090,415,000 steps   514239 feasible sets         0 orders tried  current cost 2
    W_14: 44670s  101,125,393,400 steps   514469 feasible sets         0 orders tried  current cost 2
    W_14: 44685s  101,160,482,000 steps   514679 feasible sets         0 orders tried  current cost 10
    W_14: 44700s  101,195,408,600 steps   514851 feasible sets         0 orders tried  current cost 6
    W_14: 44715s  101,229,868,600 steps   515085 feasible sets         0 orders tried  current cost 4
    W_14: 44730s  101,264,435,800 steps   515259 feasible sets         0 orders tried  current cost 1
    W_14: 44745s  101,298,898,400 steps   515418 feasible sets         0 orders tried  current cost 3
    W_14: 44760s  101,333,574,200 steps   515582 feasible sets         0 orders tried  current cost 2
    W_14: 44775s  101,367,788,000 steps   515721 feasible sets         0 orders tried  current cost 4
    W_14: 44790s  101,402,542,400 steps   515869 feasible sets         0 orders tried  current cost 11
    W_14: 44805s  101,437,342,200 steps   516065 feasible sets         0 orders tried  current cost 10
    W_14: 44820s  101,472,153,400 steps   516242 feasible sets         0 orders tried  current cost 1
    W_14: 44835s  101,507,283,000 steps   516406 feasible sets         0 orders tried  current cost 13
    W_14: 44850s  101,542,209,400 steps   516575 feasible sets         0 orders tried  current cost 2
    W_14: 44865s  101,576,719,200 steps   516781 feasible sets         0 orders tried  current cost 3
    W_14: 44880s  101,611,258,000 steps   516958 feasible sets         0 orders tried  current cost 3
    W_14: 44895s  101,646,072,800 steps   517139 feasible sets         0 orders tried  current cost 4
    W_14: 44910s  101,680,929,400 steps   517292 feasible sets         0 orders tried  current cost 5
    W_14: 44925s  101,715,727,800 steps   517452 feasible sets         0 orders tried  current cost 6
    W_14: 44940s  101,749,939,800 steps   517584 feasible sets         0 orders tried  current cost 3
    W_14: 44955s  101,784,347,800 steps   517751 feasible sets         0 orders tried  current cost 5
    W_14: 44970s  101,819,025,200 steps   517926 feasible sets         0 orders tried  current cost 9
    W_14: 44985s  101,853,750,800 steps   518108 feasible sets         0 orders tried  current cost 5
    W_14: 45000s  101,888,434,200 steps   518304 feasible sets         0 orders tried  current cost 3
    W_14: 45015s  101,923,233,800 steps   518454 feasible sets         0 orders tried  current cost 2
    W_14: 45030s  101,957,790,400 steps   518624 feasible sets         0 orders tried  current cost 2
    W_14: 45045s  101,992,437,000 steps   518803 feasible sets         0 orders tried  current cost 2
    W_14: 45060s  102,027,179,400 steps   518974 feasible sets         0 orders tried  current cost 3
    W_14: 45075s  102,061,707,200 steps   519147 feasible sets         0 orders tried  current cost 6
    W_14: 45090s  102,096,054,600 steps   519350 feasible sets         0 orders tried  current cost 4
    W_14: 45105s  102,130,360,000 steps   519553 feasible sets         0 orders tried  current cost 3
    W_14: 45120s  102,164,912,000 steps   519758 feasible sets         0 orders tried  current cost 5
    W_14: 45135s  102,198,834,000 steps   519928 feasible sets         0 orders tried  current cost 3
    W_14: 45150s  102,233,857,600 steps   520063 feasible sets         0 orders tried  current cost 1
    W_14: 45165s  102,268,616,200 steps   520220 feasible sets         0 orders tried  current cost 3
    W_14: 45180s  102,303,282,400 steps   520378 feasible sets         0 orders tried  current cost 13
    W_14: 45195s  102,338,332,400 steps   520573 feasible sets         0 orders tried  current cost 3
    W_14: 45210s  102,373,159,200 steps   520753 feasible sets         0 orders tried  current cost 5
    W_14: 45225s  102,407,372,600 steps   520911 feasible sets         0 orders tried  current cost 5
    W_14: 45240s  102,441,667,000 steps   521049 feasible sets         0 orders tried  current cost 5
    W_14: 45255s  102,475,957,400 steps   521219 feasible sets         0 orders tried  current cost 4
    W_14: 45270s  102,510,124,200 steps   521436 feasible sets         0 orders tried  current cost 11
    W_14: 45285s  102,544,913,200 steps   521636 feasible sets         0 orders tried  current cost 2
    W_14: 45300s  102,579,815,800 steps   521844 feasible sets         0 orders tried  current cost 4
    W_14: 45315s  102,614,612,400 steps   522026 feasible sets         0 orders tried  current cost 1
    W_14: 45330s  102,649,484,400 steps   522196 feasible sets         0 orders tried  current cost 9
    W_14: 45345s  102,683,961,800 steps   522388 feasible sets         0 orders tried  current cost 16
    W_14: 45360s  102,718,584,400 steps   522554 feasible sets         0 orders tried  current cost 10
    W_14: 45375s  102,753,404,600 steps   522725 feasible sets         0 orders tried  current cost 6
    W_14: 45390s  102,787,885,400 steps   522891 feasible sets         0 orders tried  current cost 9
    W_14: 45405s  102,821,785,400 steps   523036 feasible sets         0 orders tried  current cost 7
    W_14: 45420s  102,856,018,800 steps   523245 feasible sets         0 orders tried  current cost 2
    W_14: 45435s  102,890,775,200 steps   523438 feasible sets         0 orders tried  current cost 4
    W_14: 45450s  102,925,247,800 steps   523582 feasible sets         0 orders tried  current cost 6
    W_14: 45465s  102,959,953,200 steps   523750 feasible sets         0 orders tried  current cost 4
    W_14: 45480s  102,994,941,200 steps   523898 feasible sets         0 orders tried  current cost 7
    W_14: 45495s  103,029,771,800 steps   524083 feasible sets         0 orders tried  current cost 5
    W_14: 45510s  103,064,067,200 steps   524260 feasible sets         0 orders tried  current cost 6
    W_14: 45525s  103,098,660,200 steps   524465 feasible sets         0 orders tried  current cost 7
    W_14: 45540s  103,133,063,000 steps   524673 feasible sets         0 orders tried  current cost 7
    W_14: 45555s  103,167,446,400 steps   524837 feasible sets         0 orders tried  current cost 6
    W_14: 45570s  103,201,791,400 steps   525011 feasible sets         0 orders tried  current cost 4
    W_14: 45585s  103,235,968,400 steps   525179 feasible sets         0 orders tried  current cost 6
    W_14: 45600s  103,270,156,600 steps   525320 feasible sets         0 orders tried  current cost 4
    W_14: 45615s  103,304,603,000 steps   525515 feasible sets         0 orders tried  current cost 8
    W_14: 45630s  103,339,137,000 steps   525710 feasible sets         0 orders tried  current cost 4
    W_14: 45645s  103,373,771,800 steps   525855 feasible sets         0 orders tried  current cost 2
    W_14: 45660s  103,408,267,600 steps   526005 feasible sets         0 orders tried  current cost 6
    W_14: 45675s  103,442,951,400 steps   526192 feasible sets         0 orders tried  current cost 4
    W_14: 45690s  103,477,061,600 steps   526356 feasible sets         0 orders tried  current cost 11
    W_14: 45705s  103,511,718,600 steps   526507 feasible sets         0 orders tried  current cost 4
    W_14: 45720s  103,546,116,600 steps   526705 feasible sets         0 orders tried  current cost 1
    W_14: 45735s  103,580,744,000 steps   526857 feasible sets         0 orders tried  current cost 10
    W_14: 45750s  103,614,826,600 steps   527031 feasible sets         0 orders tried  current cost 7
    W_14: 45765s  103,649,547,200 steps   527167 feasible sets         0 orders tried  current cost 6
    W_14: 45780s  103,684,081,600 steps   527340 feasible sets         0 orders tried  current cost 11
    W_14: 45795s  103,718,497,000 steps   527552 feasible sets         0 orders tried  current cost 3
    W_14: 45810s  103,753,177,600 steps   527740 feasible sets         0 orders tried  current cost 1
    W_14: 45825s  103,787,707,400 steps   527919 feasible sets         0 orders tried  current cost 5
    W_14: 45840s  103,822,355,600 steps   528048 feasible sets         0 orders tried  current cost 3
    W_14: 45855s  103,856,902,200 steps   528215 feasible sets         0 orders tried  current cost 19
    W_14: 45870s  103,891,354,000 steps   528403 feasible sets         0 orders tried  current cost 3
    W_14: 45885s  103,925,867,000 steps   528586 feasible sets         0 orders tried  current cost 5
    W_14: 45900s  103,960,589,600 steps   528753 feasible sets         0 orders tried  current cost 6
    W_14: 45915s  103,994,909,800 steps   528910 feasible sets         0 orders tried  current cost 7
    W_14: 45930s  104,029,521,000 steps   529103 feasible sets         0 orders tried  current cost 14
    W_14: 45945s  104,063,928,000 steps   529296 feasible sets         0 orders tried  current cost 6
    W_14: 45960s  104,098,295,000 steps   529452 feasible sets         0 orders tried  current cost 4
    W_14: 45975s  104,132,513,800 steps   529611 feasible sets         0 orders tried  current cost 3
    W_14: 45990s  104,166,713,000 steps   529828 feasible sets         0 orders tried  current cost 2
    W_14: 46005s  104,201,356,600 steps   529984 feasible sets         0 orders tried  current cost 2
    W_14: 46020s  104,235,792,800 steps   530157 feasible sets         0 orders tried  current cost 4
    W_14: 46035s  104,270,252,000 steps   530331 feasible sets         0 orders tried  current cost 4
    W_14: 46050s  104,304,466,800 steps   530505 feasible sets         0 orders tried  current cost 10
    W_14: 46065s  104,339,224,400 steps   530647 feasible sets         0 orders tried  current cost 9
    W_14: 46080s  104,373,705,000 steps   530863 feasible sets         0 orders tried  current cost 14
    W_14: 46095s  104,408,299,600 steps   531044 feasible sets         0 orders tried  current cost 2
    W_14: 46110s  104,442,673,800 steps   531240 feasible sets         0 orders tried  current cost 2
    W_14: 46125s  104,477,665,800 steps   531404 feasible sets         0 orders tried  current cost 7
    W_14: 46140s  104,512,467,400 steps   531616 feasible sets         0 orders tried  current cost 2
    W_14: 46155s  104,546,952,800 steps   531775 feasible sets         0 orders tried  current cost 4
    W_14: 46170s  104,581,673,000 steps   531975 feasible sets         0 orders tried  current cost 4
    W_14: 46185s  104,615,902,600 steps   532156 feasible sets         0 orders tried  current cost 17
    W_14: 46200s  104,649,792,800 steps   532302 feasible sets         0 orders tried  current cost 4
    W_14: 46215s  104,684,608,400 steps   532484 feasible sets         0 orders tried  current cost 4
    W_14: 46230s  104,719,546,000 steps   532644 feasible sets         0 orders tried  current cost 7
    W_14: 46245s  104,754,211,600 steps   532801 feasible sets         0 orders tried  current cost 6
    W_14: 46260s  104,788,552,800 steps   532961 feasible sets         0 orders tried  current cost 4
    W_14: 46275s  104,823,038,200 steps   533134 feasible sets         0 orders tried  current cost 1
    W_14: 46290s  104,857,754,000 steps   533339 feasible sets         0 orders tried  current cost 2
    W_14: 46305s  104,892,403,400 steps   533527 feasible sets         0 orders tried  current cost 9
    W_14: 46320s  104,926,771,600 steps   533701 feasible sets         0 orders tried  current cost 5
    W_14: 46335s  104,961,301,800 steps   533859 feasible sets         0 orders tried  current cost 13
    W_14: 46350s  104,995,792,000 steps   534045 feasible sets         0 orders tried  current cost 2
    W_14: 46365s  105,030,302,000 steps   534203 feasible sets         0 orders tried  current cost 13
    W_14: 46380s  105,064,816,400 steps   534351 feasible sets         0 orders tried  current cost 4
    W_14: 46395s  105,099,306,600 steps   534544 feasible sets         0 orders tried  current cost 7
    W_14: 46410s  105,133,757,600 steps   534748 feasible sets         0 orders tried  current cost 3
    W_14: 46425s  105,168,245,000 steps   534919 feasible sets         0 orders tried  current cost 6
    W_14: 46440s  105,202,858,000 steps   535112 feasible sets         0 orders tried  current cost 2
    W_14: 46455s  105,237,233,600 steps   535278 feasible sets         0 orders tried  current cost 4
    W_14: 46470s  105,271,875,600 steps   535469 feasible sets         0 orders tried  current cost 4
    W_14: 46485s  105,306,920,800 steps   535651 feasible sets         0 orders tried  current cost 12
    W_14: 46500s  105,341,413,000 steps   535851 feasible sets         0 orders tried  current cost 3
    W_14: 46515s  105,375,672,400 steps   536009 feasible sets         0 orders tried  current cost 4
    W_14: 46530s  105,409,864,200 steps   536167 feasible sets         0 orders tried  current cost 9
    W_14: 46545s  105,444,455,800 steps   536341 feasible sets         0 orders tried  current cost 3
    W_14: 46560s  105,478,900,600 steps   536520 feasible sets         0 orders tried  current cost 16
    W_14: 46575s  105,513,539,200 steps   536675 feasible sets         0 orders tried  current cost 3
    W_14: 46590s  105,547,814,400 steps   536854 feasible sets         0 orders tried  current cost 2
    W_14: 46605s  105,582,372,800 steps   537039 feasible sets         0 orders tried  current cost 4
    W_14: 46620s  105,616,958,600 steps   537198 feasible sets         0 orders tried  current cost 1
    W_14: 46635s  105,651,365,200 steps   537387 feasible sets         0 orders tried  current cost 6
    W_14: 46650s  105,685,955,000 steps   537572 feasible sets         0 orders tried  current cost 2
    W_14: 46665s  105,720,099,200 steps   537772 feasible sets         0 orders tried  current cost 3
    W_14: 46680s  105,754,584,200 steps   537951 feasible sets         0 orders tried  current cost 8
    W_14: 46695s  105,788,811,600 steps   538116 feasible sets         0 orders tried  current cost 4
    W_14: 46710s  105,823,209,400 steps   538278 feasible sets         0 orders tried  current cost 5
    W_14: 46725s  105,857,848,600 steps   538466 feasible sets         0 orders tried  current cost 7
    W_14: 46740s  105,892,370,800 steps   538632 feasible sets         0 orders tried  current cost 5
    W_14: 46755s  105,926,969,600 steps   538800 feasible sets         0 orders tried  current cost 5
    W_14: 46770s  105,961,449,600 steps   538950 feasible sets         0 orders tried  current cost 6
    W_14: 46785s  105,996,264,200 steps   539114 feasible sets         0 orders tried  current cost 9
    W_14: 46800s  106,030,945,800 steps   539288 feasible sets         0 orders tried  current cost 12
    W_14: 46815s  106,065,455,600 steps   539461 feasible sets         0 orders tried  current cost 2
    W_14: 46830s  106,099,971,200 steps   539642 feasible sets         0 orders tried  current cost 3
    W_14: 46845s  106,134,730,600 steps   539792 feasible sets         0 orders tried  current cost 7
    W_14: 46860s  106,168,922,200 steps   539978 feasible sets         0 orders tried  current cost 10
    W_14: 46875s  106,203,455,800 steps   540149 feasible sets         0 orders tried  current cost 5
    W_14: 46890s  106,238,062,800 steps   540345 feasible sets         0 orders tried  current cost 10
    W_14: 46905s  106,272,383,600 steps   540531 feasible sets         0 orders tried  current cost 11
    W_14: 46920s  106,306,720,200 steps   540769 feasible sets         0 orders tried  current cost 17
    W_14: 46935s  106,340,850,000 steps   540931 feasible sets         0 orders tried  current cost 4
    W_14: 46950s  106,375,400,200 steps   541089 feasible sets         0 orders tried  current cost 13
    W_14: 46965s  106,410,222,800 steps   541298 feasible sets         0 orders tried  current cost 10
    W_14: 46980s  106,444,524,400 steps   541489 feasible sets         0 orders tried  current cost 9
    W_14: 46995s  106,479,001,800 steps   541678 feasible sets         0 orders tried  current cost 14
    W_14: 47010s  106,513,768,600 steps   541873 feasible sets         0 orders tried  current cost 6
    W_14: 47025s  106,548,223,200 steps   542052 feasible sets         0 orders tried  current cost 13
    W_14: 47040s  106,582,511,400 steps   542224 feasible sets         0 orders tried  current cost 3
    W_14: 47055s  106,617,301,800 steps   542401 feasible sets         0 orders tried  current cost 11
    W_14: 47070s  106,651,739,600 steps   542555 feasible sets         0 orders tried  current cost 1
    W_14: 47085s  106,686,497,000 steps   542743 feasible sets         0 orders tried  current cost 4
    W_14: 47100s  106,721,010,000 steps   542912 feasible sets         0 orders tried  current cost 4
    W_14: 47115s  106,755,597,200 steps   543103 feasible sets         0 orders tried  current cost 1
    W_14: 47130s  106,790,006,600 steps   543301 feasible sets         0 orders tried  current cost 7
    W_14: 47145s  106,824,679,200 steps   543489 feasible sets         0 orders tried  current cost 3
    W_14: 47160s  106,859,577,600 steps   543651 feasible sets         0 orders tried  current cost 5
    W_14: 47175s  106,894,319,000 steps   543878 feasible sets         0 orders tried  current cost 3
    W_14: 47190s  106,928,442,200 steps   544094 feasible sets         0 orders tried  current cost 15
    W_14: 47205s  106,962,486,000 steps   544269 feasible sets         0 orders tried  current cost 6
    W_14: 47220s  106,997,098,200 steps   544440 feasible sets         0 orders tried  current cost 4
    W_14: 47235s  107,031,850,800 steps   544630 feasible sets         0 orders tried  current cost 4
    W_14: 47250s  107,066,179,400 steps   544821 feasible sets         0 orders tried  current cost 1
    W_14: 47265s  107,100,477,800 steps   545011 feasible sets         0 orders tried  current cost 4
    W_14: 47280s  107,134,938,200 steps   545229 feasible sets         0 orders tried  current cost 3
    W_14: 47295s  107,169,529,200 steps   545382 feasible sets         0 orders tried  current cost 2
    W_14: 47310s  107,203,791,000 steps   545554 feasible sets         0 orders tried  current cost 2
    W_14: 47325s  107,238,695,200 steps   545723 feasible sets         0 orders tried  current cost 3
    W_14: 47340s  107,273,582,400 steps   545878 feasible sets         0 orders tried  current cost 10
    W_14: 47355s  107,308,093,600 steps   546095 feasible sets         0 orders tried  current cost 5
    W_14: 47370s  107,342,503,200 steps   546280 feasible sets         0 orders tried  current cost 10
    W_14: 47385s  107,376,979,800 steps   546458 feasible sets         0 orders tried  current cost 3
    W_14: 47400s  107,411,703,800 steps   546640 feasible sets         0 orders tried  current cost 13
    W_14: 47415s  107,446,190,400 steps   546843 feasible sets         0 orders tried  current cost 4
    W_14: 47430s  107,480,310,200 steps   547045 feasible sets         0 orders tried  current cost 4
    W_14: 47445s  107,514,425,400 steps   547245 feasible sets         0 orders tried  current cost 8
    W_14: 47460s  107,548,385,800 steps   547394 feasible sets         0 orders tried  current cost 9
    W_14: 47475s  107,582,479,400 steps   547630 feasible sets         0 orders tried  current cost 2
    W_14: 47490s  107,616,365,200 steps   547797 feasible sets         0 orders tried  current cost 7
    W_14: 47505s  107,650,566,400 steps   547942 feasible sets         0 orders tried  current cost 5
    W_14: 47520s  107,684,173,200 steps   548139 feasible sets         0 orders tried  current cost 3
    W_14: 47535s  107,718,227,200 steps   548333 feasible sets         0 orders tried  current cost 8
    W_14: 47550s  107,752,037,000 steps   548490 feasible sets         0 orders tried  current cost 4
    W_14: 47565s  107,786,070,400 steps   548687 feasible sets         0 orders tried  current cost 3
    W_14: 47580s  107,820,037,800 steps   548885 feasible sets         0 orders tried  current cost 1
    W_14: 47595s  107,853,921,000 steps   549028 feasible sets         0 orders tried  current cost 17
    W_14: 47610s  107,887,895,800 steps   549224 feasible sets         0 orders tried  current cost 3
    W_14: 47625s  107,921,709,800 steps   549392 feasible sets         0 orders tried  current cost 4
    W_14: 47640s  107,955,791,000 steps   549574 feasible sets         0 orders tried  current cost 2
    W_14: 47655s  107,989,667,200 steps   549752 feasible sets         0 orders tried  current cost 6
    W_14: 47670s  108,023,602,000 steps   549948 feasible sets         0 orders tried  current cost 13
    W_14: 47685s  108,057,603,800 steps   550122 feasible sets         0 orders tried  current cost 9
    W_14: 47700s  108,091,569,600 steps   550273 feasible sets         0 orders tried  current cost 5
    W_14: 47715s  108,125,535,000 steps   550424 feasible sets         0 orders tried  current cost 5
    W_14: 47730s  108,159,619,400 steps   550611 feasible sets         0 orders tried  current cost 3
    W_14: 47745s  108,192,083,000 steps   550752 feasible sets         0 orders tried  current cost 8
    W_14: 47760s  108,225,885,000 steps   550926 feasible sets         0 orders tried  current cost 11
    W_14: 47775s  108,245,758,800 steps   551031 feasible sets         0 orders tried  current cost 4
    W_14: 47790s  108,280,007,400 steps   551186 feasible sets         0 orders tried  current cost 3
    W_14: 47805s  108,314,026,800 steps   551383 feasible sets         0 orders tried  current cost 7
    W_14: 47820s  108,347,877,800 steps   551562 feasible sets         0 orders tried  current cost 2
    W_14: 47835s  108,381,453,400 steps   551726 feasible sets         0 orders tried  current cost 4
    W_14: 47850s  108,414,994,800 steps   551887 feasible sets         0 orders tried  current cost 2
    W_14: 47865s  108,449,089,200 steps   552066 feasible sets         0 orders tried  current cost 7
    W_14: 47880s  108,482,870,400 steps   552250 feasible sets         0 orders tried  current cost 5
    W_14: 47895s  108,517,030,400 steps   552444 feasible sets         0 orders tried  current cost 5
    W_14: 47910s  108,551,102,600 steps   552669 feasible sets         0 orders tried  current cost 12
    W_14: 47925s  108,585,174,400 steps   552819 feasible sets         0 orders tried  current cost 3
    W_14: 47940s  108,619,118,800 steps   553003 feasible sets         0 orders tried  current cost 1
    W_14: 47955s  108,653,133,800 steps   553170 feasible sets         0 orders tried  current cost 3
    W_14: 47970s  108,687,700,800 steps   553347 feasible sets         0 orders tried  current cost 15
    W_14: 47985s  108,721,785,600 steps   553510 feasible sets         0 orders tried  current cost 8
    W_14: 48000s  108,755,876,000 steps   553679 feasible sets         0 orders tried  current cost 5
    W_14: 48015s  108,789,789,000 steps   553865 feasible sets         0 orders tried  current cost 3
    W_14: 48030s  108,823,758,000 steps   554030 feasible sets         0 orders tried  current cost 2
    W_14: 48045s  108,857,912,800 steps   554201 feasible sets         0 orders tried  current cost 3
    W_14: 48060s  108,892,389,000 steps   554407 feasible sets         0 orders tried  current cost 7
    W_14: 48075s  108,926,661,000 steps   554582 feasible sets         0 orders tried  current cost 18
    W_14: 48090s  108,960,767,800 steps   554761 feasible sets         0 orders tried  current cost 3
    W_14: 48105s  108,992,562,400 steps   554925 feasible sets         0 orders tried  current cost 15
    W_14: 48120s  109,013,108,000 steps   555032 feasible sets         0 orders tried  current cost 4
    W_14: 48135s  109,046,217,800 steps   555193 feasible sets         0 orders tried  current cost 4
    W_14: 48150s  109,080,682,600 steps   555360 feasible sets         0 orders tried  current cost 10
    W_14: 48165s  109,115,093,800 steps   555540 feasible sets         0 orders tried  current cost 5
    W_14: 48180s  109,149,828,400 steps   555718 feasible sets         0 orders tried  current cost 6
    W_14: 48195s  109,184,585,600 steps   555897 feasible sets         0 orders tried  current cost 6
    W_14: 48210s  109,218,754,800 steps   556068 feasible sets         0 orders tried  current cost 4
    W_14: 48225s  109,253,141,800 steps   556250 feasible sets         0 orders tried  current cost 16
    W_14: 48240s  109,287,570,200 steps   556441 feasible sets         0 orders tried  current cost 5
    W_14: 48255s  109,322,123,400 steps   556582 feasible sets         0 orders tried  current cost 13
    W_14: 48270s  109,357,088,200 steps   556770 feasible sets         0 orders tried  current cost 4
    W_14: 48285s  109,391,326,800 steps   556939 feasible sets         0 orders tried  current cost 6
    W_14: 48300s  109,426,089,600 steps   557108 feasible sets         0 orders tried  current cost 4
    W_14: 48315s  109,460,871,600 steps   557247 feasible sets         0 orders tried  current cost 4
    W_14: 48330s  109,495,528,400 steps   557383 feasible sets         0 orders tried  current cost 5
    W_14: 48345s  109,530,365,400 steps   557552 feasible sets         0 orders tried  current cost 8
    W_14: 48360s  109,565,363,600 steps   557724 feasible sets         0 orders tried  current cost 8
    W_14: 48375s  109,599,662,200 steps   557858 feasible sets         0 orders tried  current cost 18
    W_14: 48390s  109,634,433,000 steps   558024 feasible sets         0 orders tried  current cost 2
    W_14: 48405s  109,669,055,200 steps   558198 feasible sets         0 orders tried  current cost 2
    W_14: 48420s  109,703,930,800 steps   558390 feasible sets         0 orders tried  current cost 5
    W_14: 48435s  109,738,424,200 steps   558530 feasible sets         0 orders tried  current cost 5
    W_14: 48450s  109,773,017,600 steps   558715 feasible sets         0 orders tried  current cost 3
    W_14: 48465s  109,807,776,000 steps   558923 feasible sets         0 orders tried  current cost 1
    W_14: 48480s  109,842,639,000 steps   559072 feasible sets         0 orders tried  current cost 4
    W_14: 48495s  109,877,708,200 steps   559242 feasible sets         0 orders tried  current cost 5
    W_14: 48510s  109,912,440,800 steps   559448 feasible sets         0 orders tried  current cost 14
    W_14: 48525s  109,947,236,000 steps   559611 feasible sets         0 orders tried  current cost 3
    W_14: 48540s  109,981,745,000 steps   559793 feasible sets         0 orders tried  current cost 6
    W_14: 48555s  110,016,349,600 steps   559947 feasible sets         0 orders tried  current cost 6
    W_14: 48570s  110,050,291,600 steps   560139 feasible sets         0 orders tried  current cost 3
    W_14: 48585s  110,084,960,400 steps   560341 feasible sets         0 orders tried  current cost 10
    W_14: 48600s  110,119,579,800 steps   560516 feasible sets         0 orders tried  current cost 2
    W_14: 48615s  110,154,447,400 steps   560713 feasible sets         0 orders tried  current cost 7
    W_14: 48630s  110,189,625,200 steps   560877 feasible sets         0 orders tried  current cost 7
    W_14: 48645s  110,224,128,600 steps   561011 feasible sets         0 orders tried  current cost 7
    W_14: 48660s  110,258,907,400 steps   561193 feasible sets         0 orders tried  current cost 3
    W_14: 48675s  110,293,988,600 steps   561362 feasible sets         0 orders tried  current cost 3
    W_14: 48690s  110,328,454,200 steps   561531 feasible sets         0 orders tried  current cost 3
    W_14: 48705s  110,363,019,600 steps   561668 feasible sets         0 orders tried  current cost 2
    W_14: 48720s  110,397,970,600 steps   561840 feasible sets         0 orders tried  current cost 2
    W_14: 48735s  110,432,426,200 steps   562013 feasible sets         0 orders tried  current cost 5
    W_14: 48750s  110,466,884,600 steps   562187 feasible sets         0 orders tried  current cost 6
    W_14: 48765s  110,501,362,800 steps   562338 feasible sets         0 orders tried  current cost 11
    W_14: 48780s  110,536,355,200 steps   562514 feasible sets         0 orders tried  current cost 2
    W_14: 48795s  110,571,254,800 steps   562721 feasible sets         0 orders tried  current cost 3
    W_14: 48810s  110,606,045,400 steps   562885 feasible sets         0 orders tried  current cost 8
    W_14: 48825s  110,641,006,000 steps   563061 feasible sets         0 orders tried  current cost 5
    W_14: 48840s  110,675,755,800 steps   563234 feasible sets         0 orders tried  current cost 3
    W_14: 48855s  110,710,816,200 steps   563422 feasible sets         0 orders tried  current cost 3
    W_14: 48870s  110,745,159,400 steps   563592 feasible sets         0 orders tried  current cost 5
    W_14: 48885s  110,779,574,200 steps   563814 feasible sets         0 orders tried  current cost 4
    W_14: 48900s  110,813,744,200 steps   563975 feasible sets         0 orders tried  current cost 7
    W_14: 48915s  110,848,416,200 steps   564118 feasible sets         0 orders tried  current cost 3
    W_14: 48930s  110,882,899,000 steps   564321 feasible sets         0 orders tried  current cost 4
    W_14: 48945s  110,917,926,000 steps   564500 feasible sets         0 orders tried  current cost 7
    W_14: 48960s  110,952,562,200 steps   564678 feasible sets         0 orders tried  current cost 15
    W_14: 48975s  110,987,090,200 steps   564922 feasible sets         0 orders tried  current cost 3
    W_14: 48990s  111,021,580,000 steps   565095 feasible sets         0 orders tried  current cost 1
    W_14: 49005s  111,056,433,800 steps   565273 feasible sets         0 orders tried  current cost 4
    W_14: 49020s  111,091,177,200 steps   565439 feasible sets         0 orders tried  current cost 6
    W_14: 49035s  111,125,634,400 steps   565645 feasible sets         0 orders tried  current cost 4
    W_14: 49050s  111,160,196,800 steps   565821 feasible sets         0 orders tried  current cost 2
    W_14: 49065s  111,194,938,600 steps   566029 feasible sets         0 orders tried  current cost 1
    W_14: 49080s  111,229,370,800 steps   566198 feasible sets         0 orders tried  current cost 5
    W_14: 49095s  111,264,520,000 steps   566382 feasible sets         0 orders tried  current cost 2
    W_14: 49110s  111,299,516,200 steps   566579 feasible sets         0 orders tried  current cost 3
    W_14: 49125s  111,334,467,400 steps   566768 feasible sets         0 orders tried  current cost 7
    W_14: 49140s  111,369,640,400 steps   566931 feasible sets         0 orders tried  current cost 14
    W_14: 49155s  111,404,209,800 steps   567113 feasible sets         0 orders tried  current cost 3
    W_14: 49170s  111,438,658,200 steps   567276 feasible sets         0 orders tried  current cost 3
    W_14: 49185s  111,473,193,000 steps   567468 feasible sets         0 orders tried  current cost 2
    W_14: 49200s  111,508,091,800 steps   567652 feasible sets         0 orders tried  current cost 4
    W_14: 49215s  111,542,757,400 steps   567812 feasible sets         0 orders tried  current cost 6
    W_14: 49230s  111,577,567,200 steps   568044 feasible sets         0 orders tried  current cost 6
    W_14: 49245s  111,612,088,000 steps   568201 feasible sets         0 orders tried  current cost 7
    W_14: 49260s  111,646,543,800 steps   568361 feasible sets         0 orders tried  current cost 12
    W_14: 49275s  111,681,463,000 steps   568548 feasible sets         0 orders tried  current cost 15
    W_14: 49290s  111,716,495,000 steps   568738 feasible sets         0 orders tried  current cost 3
    W_14: 49305s  111,751,348,400 steps   568923 feasible sets         0 orders tried  current cost 9
    W_14: 49320s  111,785,719,800 steps   569107 feasible sets         0 orders tried  current cost 4
    W_14: 49335s  111,820,067,400 steps   569256 feasible sets         0 orders tried  current cost 7
    W_14: 49350s  111,854,665,800 steps   569394 feasible sets         0 orders tried  current cost 9
    W_14: 49365s  111,889,142,400 steps   569577 feasible sets         0 orders tried  current cost 10
    W_14: 49380s  111,923,766,600 steps   569780 feasible sets         0 orders tried  current cost 7
    W_14: 49395s  111,958,435,400 steps   570020 feasible sets         0 orders tried  current cost 2
    W_14: 49410s  111,992,404,600 steps   570206 feasible sets         0 orders tried  current cost 7
    W_14: 49425s  112,027,235,800 steps   570353 feasible sets         0 orders tried  current cost 3
    W_14: 49440s  112,061,457,600 steps   570529 feasible sets         0 orders tried  current cost 3
    W_14: 49455s  112,095,952,200 steps   570694 feasible sets         0 orders tried  current cost 4
    W_14: 49470s  112,129,849,400 steps   570895 feasible sets         0 orders tried  current cost 3
    W_14: 49485s  112,164,085,800 steps   571094 feasible sets         0 orders tried  current cost 9
    W_14: 49500s  112,198,561,400 steps   571279 feasible sets         0 orders tried  current cost 9
    W_14: 49515s  112,233,573,400 steps   571463 feasible sets         0 orders tried  current cost 1
    W_14: 49530s  112,268,544,000 steps   571648 feasible sets         0 orders tried  current cost 10
    W_14: 49545s  112,302,990,000 steps   571872 feasible sets         0 orders tried  current cost 6
    W_14: 49560s  112,337,791,600 steps   572076 feasible sets         0 orders tried  current cost 3
    W_14: 49575s  112,372,479,400 steps   572242 feasible sets         0 orders tried  current cost 3
    W_14: 49590s  112,407,014,600 steps   572436 feasible sets         0 orders tried  current cost 3
    W_14: 49605s  112,441,714,600 steps   572619 feasible sets         0 orders tried  current cost 4
    W_14: 49620s  112,476,423,200 steps   572754 feasible sets         0 orders tried  current cost 14
    W_14: 49635s  112,511,634,000 steps   572927 feasible sets         0 orders tried  current cost 2
    W_14: 49650s  112,546,524,400 steps   573137 feasible sets         0 orders tried  current cost 8
    W_14: 49665s  112,580,891,000 steps   573318 feasible sets         0 orders tried  current cost 3
    W_14: 49680s  112,615,980,400 steps   573511 feasible sets         0 orders tried  current cost 10
    W_14: 49695s  112,650,760,600 steps   573708 feasible sets         0 orders tried  current cost 11
    W_14: 49710s  112,685,043,000 steps   573856 feasible sets         0 orders tried  current cost 12
    W_14: 49725s  112,719,829,200 steps   574061 feasible sets         0 orders tried  current cost 6
    W_14: 49740s  112,754,354,600 steps   574226 feasible sets         0 orders tried  current cost 4
    W_14: 49755s  112,789,237,800 steps   574400 feasible sets         0 orders tried  current cost 3
    W_14: 49770s  112,824,164,000 steps   574585 feasible sets         0 orders tried  current cost 12
    W_14: 49785s  112,859,379,800 steps   574771 feasible sets         0 orders tried  current cost 3
    W_14: 49800s  112,894,141,000 steps   574938 feasible sets         0 orders tried  current cost 21
    W_14: 49815s  112,929,325,200 steps   575105 feasible sets         0 orders tried  current cost 6
    W_14: 49830s  112,964,041,200 steps   575258 feasible sets         0 orders tried  current cost 7
    W_14: 49845s  112,998,730,200 steps   575435 feasible sets         0 orders tried  current cost 5
    W_14: 49860s  113,033,235,400 steps   575592 feasible sets         0 orders tried  current cost 3
    W_14: 49875s  113,068,004,000 steps   575754 feasible sets         0 orders tried  current cost 10
    W_14: 49890s  113,102,823,000 steps   575938 feasible sets         0 orders tried  current cost 13
    W_14: 49905s  113,137,602,000 steps   576100 feasible sets         0 orders tried  current cost 14
    W_14: 49920s  113,172,261,600 steps   576242 feasible sets         0 orders tried  current cost 16
    W_14: 49935s  113,206,986,600 steps   576383 feasible sets         0 orders tried  current cost 5
    W_14: 49950s  113,241,564,000 steps   576588 feasible sets         0 orders tried  current cost 10
    W_14: 49965s  113,276,695,200 steps   576740 feasible sets         0 orders tried  current cost 2
    W_14: 49980s  113,311,386,200 steps   576940 feasible sets         0 orders tried  current cost 7
    W_14: 49995s  113,346,062,600 steps   577108 feasible sets         0 orders tried  current cost 15
    W_14: 50010s  113,380,772,000 steps   577292 feasible sets         0 orders tried  current cost 2
    W_14: 50025s  113,415,487,400 steps   577466 feasible sets         0 orders tried  current cost 4
    W_14: 50040s  113,450,698,400 steps   577664 feasible sets         0 orders tried  current cost 3
    W_14: 50055s  113,485,756,000 steps   577851 feasible sets         0 orders tried  current cost 3
    W_14: 50070s  113,520,599,600 steps   578029 feasible sets         0 orders tried  current cost 2
    W_14: 50085s  113,555,090,600 steps   578200 feasible sets         0 orders tried  current cost 5
    W_14: 50100s  113,589,415,200 steps   578380 feasible sets         0 orders tried  current cost 3
    W_14: 50115s  113,624,674,000 steps   578563 feasible sets         0 orders tried  current cost 3
    W_14: 50130s  113,659,694,200 steps   578747 feasible sets         0 orders tried  current cost 2
    W_14: 50145s  113,694,476,800 steps   578920 feasible sets         0 orders tried  current cost 2
    W_14: 50160s  113,729,311,000 steps   579089 feasible sets         0 orders tried  current cost 5
    W_14: 50175s  113,763,920,600 steps   579260 feasible sets         0 orders tried  current cost 14
    W_14: 50190s  113,798,728,400 steps   579424 feasible sets         0 orders tried  current cost 7
    W_14: 50205s  113,833,366,800 steps   579593 feasible sets         0 orders tried  current cost 6
    W_14: 50220s  113,868,390,400 steps   579805 feasible sets         0 orders tried  current cost 3
    W_14: 50235s  113,903,163,400 steps   579968 feasible sets         0 orders tried  current cost 6
    W_14: 50250s  113,938,089,400 steps   580170 feasible sets         0 orders tried  current cost 3
    W_14: 50265s  113,973,322,200 steps   580339 feasible sets         0 orders tried  current cost 8
    W_14: 50280s  114,008,087,800 steps   580525 feasible sets         0 orders tried  current cost 8
    W_14: 50295s  114,042,650,000 steps   580692 feasible sets         0 orders tried  current cost 4
    W_14: 50310s  114,077,265,400 steps   580887 feasible sets         0 orders tried  current cost 12
    W_14: 50325s  114,112,190,600 steps   581060 feasible sets         0 orders tried  current cost 4
    W_14: 50340s  114,146,984,600 steps   581262 feasible sets         0 orders tried  current cost 6
    W_14: 50355s  114,181,711,400 steps   581419 feasible sets         0 orders tried  current cost 4
    W_14: 50370s  114,216,561,400 steps   581612 feasible sets         0 orders tried  current cost 16
    W_14: 50385s  114,251,378,400 steps   581775 feasible sets         0 orders tried  current cost 4
    W_14: 50400s  114,286,046,200 steps   581943 feasible sets         0 orders tried  current cost 6
    W_14: 50415s  114,320,977,400 steps   582099 feasible sets         0 orders tried  current cost 4
    W_14: 50430s  114,355,773,400 steps   582281 feasible sets         0 orders tried  current cost 3
    W_14: 50445s  114,390,950,400 steps   582448 feasible sets         0 orders tried  current cost 4
    W_14: 50460s  114,425,870,800 steps   582632 feasible sets         0 orders tried  current cost 4
    W_14: 50475s  114,460,887,600 steps   582837 feasible sets         0 orders tried  current cost 9
    W_14: 50490s  114,495,876,000 steps   582999 feasible sets         0 orders tried  current cost 3
    W_14: 50505s  114,530,209,800 steps   583182 feasible sets         0 orders tried  current cost 5
    W_14: 50520s  114,564,523,600 steps   583341 feasible sets         0 orders tried  current cost 14
    W_14: 50535s  114,599,420,600 steps   583501 feasible sets         0 orders tried  current cost 14
    W_14: 50550s  114,634,060,200 steps   583664 feasible sets         0 orders tried  current cost 12
    W_14: 50565s  114,668,382,000 steps   583872 feasible sets         0 orders tried  current cost 10
    W_14: 50580s  114,702,839,400 steps   584084 feasible sets         0 orders tried  current cost 4
    W_14: 50595s  114,737,640,000 steps   584283 feasible sets         0 orders tried  current cost 1
    W_14: 50610s  114,772,206,600 steps   584466 feasible sets         0 orders tried  current cost 5
    W_14: 50625s  114,807,615,000 steps   584651 feasible sets         0 orders tried  current cost 2
    W_14: 50640s  114,842,577,400 steps   584809 feasible sets         0 orders tried  current cost 3
    W_14: 50655s  114,877,441,400 steps   585013 feasible sets         0 orders tried  current cost 12
    W_14: 50670s  114,911,855,800 steps   585202 feasible sets         0 orders tried  current cost 2
    W_14: 50685s  114,946,045,600 steps   585335 feasible sets         0 orders tried  current cost 6
    W_14: 50700s  114,981,152,200 steps   585527 feasible sets         0 orders tried  current cost 3
    W_14: 50715s  115,016,084,800 steps   585705 feasible sets         0 orders tried  current cost 11
    W_14: 50730s  115,051,131,600 steps   585891 feasible sets         0 orders tried  current cost 3
    W_14: 50745s  115,085,668,200 steps   586078 feasible sets         0 orders tried  current cost 3
    W_14: 50760s  115,120,741,400 steps   586227 feasible sets         0 orders tried  current cost 9
    W_14: 50775s  115,155,591,600 steps   586412 feasible sets         0 orders tried  current cost 3
    W_14: 50790s  115,190,341,200 steps   586609 feasible sets         0 orders tried  current cost 8
    W_14: 50805s  115,225,084,600 steps   586783 feasible sets         0 orders tried  current cost 8
    W_14: 50820s  115,259,666,200 steps   586968 feasible sets         0 orders tried  current cost 2
    W_14: 50835s  115,294,364,600 steps   587142 feasible sets         0 orders tried  current cost 9
    W_14: 50850s  115,328,807,800 steps   587320 feasible sets         0 orders tried  current cost 3
    W_14: 50865s  115,363,581,400 steps   587517 feasible sets         0 orders tried  current cost 19
    W_14: 50880s  115,398,357,200 steps   587657 feasible sets         0 orders tried  current cost 3
    W_14: 50895s  115,433,101,600 steps   587810 feasible sets         0 orders tried  current cost 14
    W_14: 50910s  115,467,463,800 steps   587969 feasible sets         0 orders tried  current cost 11
    W_14: 50925s  115,501,748,800 steps   588116 feasible sets         0 orders tried  current cost 5
    W_14: 50940s  115,536,280,800 steps   588288 feasible sets         0 orders tried  current cost 14
    W_14: 50955s  115,571,496,400 steps   588485 feasible sets         0 orders tried  current cost 1
    W_14: 50970s  115,606,148,000 steps   588670 feasible sets         0 orders tried  current cost 8
    W_14: 50985s  115,640,969,800 steps   588834 feasible sets         0 orders tried  current cost 2
    W_14: 51000s  115,675,489,600 steps   589018 feasible sets         0 orders tried  current cost 6
    W_14: 51015s  115,710,383,200 steps   589185 feasible sets         0 orders tried  current cost 8
    W_14: 51030s  115,745,009,200 steps   589356 feasible sets         0 orders tried  current cost 5
    W_14: 51045s  115,780,352,600 steps   589540 feasible sets         0 orders tried  current cost 5
    W_14: 51060s  115,815,091,800 steps   589733 feasible sets         0 orders tried  current cost 4
    W_14: 51075s  115,849,890,600 steps   589942 feasible sets         0 orders tried  current cost 1
    W_14: 51090s  115,884,790,800 steps   590137 feasible sets         0 orders tried  current cost 3
    W_14: 51105s  115,919,767,200 steps   590282 feasible sets         0 orders tried  current cost 6
    W_14: 51120s  115,954,757,800 steps   590451 feasible sets         0 orders tried  current cost 3
    W_14: 51135s  115,989,427,400 steps   590607 feasible sets         0 orders tried  current cost 6
    W_14: 51150s  116,023,913,000 steps   590743 feasible sets         0 orders tried  current cost 3
    W_14: 51165s  116,058,330,000 steps   590916 feasible sets         0 orders tried  current cost 6
    W_14: 51180s  116,092,535,200 steps   591045 feasible sets         0 orders tried  current cost 4
    W_14: 51195s  116,127,330,600 steps   591190 feasible sets         0 orders tried  current cost 6
    W_14: 51210s  116,161,828,800 steps   591370 feasible sets         0 orders tried  current cost 5
    W_14: 51225s  116,196,786,800 steps   591530 feasible sets         0 orders tried  current cost 5
    W_14: 51240s  116,231,193,600 steps   591687 feasible sets         0 orders tried  current cost 4
    W_14: 51255s  116,265,783,000 steps   591902 feasible sets         0 orders tried  current cost 11
    W_14: 51270s  116,300,735,800 steps   592074 feasible sets         0 orders tried  current cost 5
    W_14: 51285s  116,335,730,000 steps   592234 feasible sets         0 orders tried  current cost 1
    W_14: 51300s  116,370,522,800 steps   592426 feasible sets         0 orders tried  current cost 12
    W_14: 51315s  116,405,649,600 steps   592603 feasible sets         0 orders tried  current cost 5
    W_14: 51330s  116,440,419,600 steps   592775 feasible sets         0 orders tried  current cost 3
    W_14: 51345s  116,474,980,600 steps   592969 feasible sets         0 orders tried  current cost 11
    W_14: 51360s  116,509,621,400 steps   593149 feasible sets         0 orders tried  current cost 19
    W_14: 51375s  116,544,409,800 steps   593310 feasible sets         0 orders tried  current cost 2
    W_14: 51390s  116,579,080,000 steps   593490 feasible sets         0 orders tried  current cost 4
    W_14: 51405s  116,613,992,400 steps   593647 feasible sets         0 orders tried  current cost 4
    W_14: 51420s  116,648,686,400 steps   593836 feasible sets         0 orders tried  current cost 9
    W_14: 51435s  116,683,744,800 steps   594025 feasible sets         0 orders tried  current cost 6
    W_14: 51450s  116,718,530,200 steps   594187 feasible sets         0 orders tried  current cost 1
    W_14: 51465s  116,753,320,000 steps   594378 feasible sets         0 orders tried  current cost 4
    W_14: 51480s  116,787,721,800 steps   594525 feasible sets         0 orders tried  current cost 11
    W_14: 51495s  116,822,853,200 steps   594733 feasible sets         0 orders tried  current cost 3
    W_14: 51510s  116,857,512,400 steps   594914 feasible sets         0 orders tried  current cost 5
    W_14: 51525s  116,892,490,800 steps   595088 feasible sets         0 orders tried  current cost 2
    W_14: 51540s  116,927,406,400 steps   595247 feasible sets         0 orders tried  current cost 6
    W_14: 51555s  116,962,019,400 steps   595432 feasible sets         0 orders tried  current cost 3
    W_14: 51570s  116,996,528,200 steps   595588 feasible sets         0 orders tried  current cost 5
    W_14: 51585s  117,031,532,600 steps   595749 feasible sets         0 orders tried  current cost 3
    W_14: 51600s  117,066,185,000 steps   595940 feasible sets         0 orders tried  current cost 6
    W_14: 51615s  117,101,593,800 steps   596107 feasible sets         0 orders tried  current cost 2
    W_14: 51630s  117,136,270,400 steps   596283 feasible sets         0 orders tried  current cost 3
    W_14: 51645s  117,171,067,800 steps   596443 feasible sets         0 orders tried  current cost 7
    W_14: 51660s  117,205,776,600 steps   596603 feasible sets         0 orders tried  current cost 3
    W_14: 51675s  117,240,299,200 steps   596759 feasible sets         0 orders tried  current cost 3
    W_14: 51690s  117,275,037,400 steps   596945 feasible sets         0 orders tried  current cost 4
    W_14: 51705s  117,310,033,400 steps   597109 feasible sets         0 orders tried  current cost 2
    W_14: 51720s  117,344,759,800 steps   597277 feasible sets         0 orders tried  current cost 3
    W_14: 51735s  117,379,666,600 steps   597463 feasible sets         0 orders tried  current cost 6
    W_14: 51750s  117,414,624,000 steps   597616 feasible sets         0 orders tried  current cost 9
    W_14: 51765s  117,449,536,400 steps   597754 feasible sets         0 orders tried  current cost 3
    W_14: 51780s  117,484,161,800 steps   597932 feasible sets         0 orders tried  current cost 9
    W_14: 51795s  117,518,255,400 steps   598123 feasible sets         0 orders tried  current cost 2
    W_14: 51810s  117,552,783,600 steps   598303 feasible sets         0 orders tried  current cost 7
    W_14: 51825s  117,587,474,600 steps   598478 feasible sets         0 orders tried  current cost 1
    W_14: 51840s  117,622,053,000 steps   598680 feasible sets         0 orders tried  current cost 4
    W_14: 51855s  117,656,631,200 steps   598856 feasible sets         0 orders tried  current cost 3
    W_14: 51870s  117,691,127,800 steps   599062 feasible sets         0 orders tried  current cost 6
    W_14: 51885s  117,726,023,200 steps   599225 feasible sets         0 orders tried  current cost 5
    W_14: 51900s  117,760,687,000 steps   599390 feasible sets         0 orders tried  current cost 6
    W_14: 51915s  117,795,665,400 steps   599586 feasible sets         0 orders tried  current cost 6
    W_14: 51930s  117,829,988,800 steps   599776 feasible sets         0 orders tried  current cost 8
    W_14: 51945s  117,864,561,800 steps   599926 feasible sets         0 orders tried  current cost 14
    W_14: 51960s  117,899,808,800 steps   600092 feasible sets         0 orders tried  current cost 6
    W_14: 51975s  117,934,556,800 steps   600285 feasible sets         0 orders tried  current cost 4
    W_14: 51990s  117,969,210,200 steps   600450 feasible sets         0 orders tried  current cost 2
    W_14: 52005s  118,003,550,000 steps   600596 feasible sets         0 orders tried  current cost 4
    W_14: 52020s  118,038,249,000 steps   600769 feasible sets         0 orders tried  current cost 3
    W_14: 52035s  118,072,878,000 steps   600923 feasible sets         0 orders tried  current cost 1
    W_14: 52050s  118,107,355,800 steps   601054 feasible sets         0 orders tried  current cost 1
    W_14: 52065s  118,141,554,800 steps   601201 feasible sets         0 orders tried  current cost 1
    W_14: 52080s  118,176,382,800 steps   601349 feasible sets         0 orders tried  current cost 10
    W_14: 52095s  118,211,216,800 steps   601522 feasible sets         0 orders tried  current cost 5
    W_14: 52110s  118,245,938,400 steps   601708 feasible sets         0 orders tried  current cost 3
    W_14: 52125s  118,280,699,200 steps   601873 feasible sets         0 orders tried  current cost 2
    W_14: 52140s  118,315,321,200 steps   602113 feasible sets         0 orders tried  current cost 10
    W_14: 52155s  118,350,023,200 steps   602272 feasible sets         0 orders tried  current cost 10
    W_14: 52170s  118,384,659,800 steps   602445 feasible sets         0 orders tried  current cost 4
    W_14: 52185s  118,419,369,400 steps   602605 feasible sets         0 orders tried  current cost 7
    W_14: 52200s  118,453,922,200 steps   602741 feasible sets         0 orders tried  current cost 10
    W_14: 52215s  118,489,001,600 steps   602915 feasible sets         0 orders tried  current cost 18
    W_14: 52230s  118,523,714,400 steps   603075 feasible sets         0 orders tried  current cost 2
    W_14: 52245s  118,558,793,400 steps   603268 feasible sets         0 orders tried  current cost 4
    W_14: 52260s  118,593,279,600 steps   603454 feasible sets         0 orders tried  current cost 2
    W_14: 52275s  118,628,138,400 steps   603593 feasible sets         0 orders tried  current cost 2
    W_14: 52290s  118,662,911,000 steps   603783 feasible sets         0 orders tried  current cost 4
    W_14: 52305s  118,697,659,200 steps   603965 feasible sets         0 orders tried  current cost 1
    W_14: 52320s  118,732,309,400 steps   604109 feasible sets         0 orders tried  current cost 7
    W_14: 52335s  118,767,063,000 steps   604276 feasible sets         0 orders tried  current cost 12
    W_14: 52350s  118,801,501,600 steps   604466 feasible sets         0 orders tried  current cost 11
    W_14: 52365s  118,836,491,000 steps   604650 feasible sets         0 orders tried  current cost 4
    W_14: 52380s  118,871,073,200 steps   604781 feasible sets         0 orders tried  current cost 3
    W_14: 52395s  118,905,700,000 steps   604975 feasible sets         0 orders tried  current cost 3
    W_14: 52410s  118,940,609,200 steps   605129 feasible sets         0 orders tried  current cost 6
    W_14: 52425s  118,975,311,400 steps   605298 feasible sets         0 orders tried  current cost 4
    W_14: 52440s  119,010,410,600 steps   605469 feasible sets         0 orders tried  current cost 2
    W_14: 52455s  119,045,169,400 steps   605641 feasible sets         0 orders tried  current cost 5
    W_14: 52470s  119,080,026,400 steps   605845 feasible sets         0 orders tried  current cost 9
    W_14: 52485s  119,114,549,600 steps   606023 feasible sets         0 orders tried  current cost 4
    W_14: 52500s  119,149,203,600 steps   606210 feasible sets         0 orders tried  current cost 7
    W_14: 52515s  119,183,999,400 steps   606386 feasible sets         0 orders tried  current cost 2
    W_14: 52530s  119,219,062,800 steps   606560 feasible sets         0 orders tried  current cost 9
    W_14: 52545s  119,254,201,000 steps   606759 feasible sets         0 orders tried  current cost 15
    W_14: 52560s  119,289,169,200 steps   606950 feasible sets         0 orders tried  current cost 3
    W_14: 52575s  119,323,486,000 steps   607138 feasible sets         0 orders tried  current cost 7
    W_14: 52590s  119,358,390,600 steps   607344 feasible sets         0 orders tried  current cost 5
    W_14: 52605s  119,393,107,800 steps   607526 feasible sets         0 orders tried  current cost 5
    W_14: 52620s  119,428,317,600 steps   607677 feasible sets         0 orders tried  current cost 2
    W_14: 52635s  119,463,366,200 steps   607837 feasible sets         0 orders tried  current cost 8
    W_14: 52650s  119,498,263,200 steps   608034 feasible sets         0 orders tried  current cost 7
    W_14: 52665s  119,532,990,200 steps   608198 feasible sets         0 orders tried  current cost 4
    W_14: 52680s  119,568,031,000 steps   608335 feasible sets         0 orders tried  current cost 2
    W_14: 52695s  119,602,991,000 steps   608519 feasible sets         0 orders tried  current cost 4
    W_14: 52710s  119,637,909,800 steps   608722 feasible sets         0 orders tried  current cost 6
    W_14: 52725s  119,672,756,800 steps   608871 feasible sets         0 orders tried  current cost 1
    W_14: 52740s  119,707,954,800 steps   609051 feasible sets         0 orders tried  current cost 4
    W_14: 52755s  119,742,820,400 steps   609245 feasible sets         0 orders tried  current cost 21
    W_14: 52770s  119,777,381,600 steps   609380 feasible sets         0 orders tried  current cost 16
    W_14: 52785s  119,812,278,400 steps   609541 feasible sets         0 orders tried  current cost 3
    W_14: 52800s  119,846,978,600 steps   609749 feasible sets         0 orders tried  current cost 3
    W_14: 52815s  119,881,548,800 steps   609933 feasible sets         0 orders tried  current cost 3
    W_14: 52830s  119,916,335,600 steps   610122 feasible sets         0 orders tried  current cost 2
    W_14: 52845s  119,951,233,800 steps   610298 feasible sets         0 orders tried  current cost 4
    W_14: 52860s  119,985,875,800 steps   610464 feasible sets         0 orders tried  current cost 2
    W_14: 52875s  120,020,522,600 steps   610707 feasible sets         0 orders tried  current cost 12
    W_14: 52890s  120,055,254,800 steps   610875 feasible sets         0 orders tried  current cost 3
    W_14: 52905s  120,090,163,800 steps   611059 feasible sets         0 orders tried  current cost 11
    W_14: 52920s  120,125,116,600 steps   611233 feasible sets         0 orders tried  current cost 5
    W_14: 52935s  120,160,138,600 steps   611417 feasible sets         0 orders tried  current cost 2
    W_14: 52950s  120,195,090,600 steps   611616 feasible sets         0 orders tried  current cost 3
    W_14: 52965s  120,229,577,800 steps   611804 feasible sets         0 orders tried  current cost 1
    W_14: 52980s  120,264,265,200 steps   611945 feasible sets         0 orders tried  current cost 9
    W_14: 52995s  120,299,264,800 steps   612130 feasible sets         0 orders tried  current cost 9
    W_14: 53010s  120,333,849,200 steps   612313 feasible sets         0 orders tried  current cost 6
    W_14: 53025s  120,368,678,800 steps   612478 feasible sets         0 orders tried  current cost 2
    W_14: 53040s  120,403,244,200 steps   612631 feasible sets         0 orders tried  current cost 9
    W_14: 53055s  120,437,545,800 steps   612823 feasible sets         0 orders tried  current cost 8
    W_14: 53070s  120,471,680,200 steps   612979 feasible sets         0 orders tried  current cost 13
    W_14: 53085s  120,506,323,800 steps   613174 feasible sets         0 orders tried  current cost 7
    W_14: 53100s  120,541,335,200 steps   613357 feasible sets         0 orders tried  current cost 3
    W_14: 53115s  120,576,419,200 steps   613569 feasible sets         0 orders tried  current cost 2
    W_14: 53130s  120,611,094,800 steps   613742 feasible sets         0 orders tried  current cost 2
    W_14: 53145s  120,645,616,400 steps   613998 feasible sets         0 orders tried  current cost 3
    W_14: 53160s  120,680,125,200 steps   614174 feasible sets         0 orders tried  current cost 10
    W_14: 53175s  120,714,450,400 steps   614359 feasible sets         0 orders tried  current cost 5
    W_14: 53190s  120,749,304,800 steps   614525 feasible sets         0 orders tried  current cost 8
    W_14: 53205s  120,784,000,600 steps   614695 feasible sets         0 orders tried  current cost 9
    W_14: 53220s  120,818,578,000 steps   614902 feasible sets         0 orders tried  current cost 2
    W_14: 53235s  120,853,124,200 steps   615072 feasible sets         0 orders tried  current cost 11
    W_14: 53250s  120,888,145,400 steps   615252 feasible sets         0 orders tried  current cost 8
    W_14: 53265s  120,923,002,600 steps   615389 feasible sets         0 orders tried  current cost 20
    W_14: 53280s  120,958,020,000 steps   615556 feasible sets         0 orders tried  current cost 4
    W_14: 53295s  120,992,823,800 steps   615732 feasible sets         0 orders tried  current cost 14
    W_14: 53310s  121,027,332,600 steps   615889 feasible sets         0 orders tried  current cost 4
    W_14: 53325s  121,062,134,200 steps   616027 feasible sets         0 orders tried  current cost 2
    W_14: 53340s  121,096,767,400 steps   616200 feasible sets         0 orders tried  current cost 7
    W_14: 53355s  121,131,306,800 steps   616371 feasible sets         0 orders tried  current cost 8
    W_14: 53370s  121,165,922,600 steps   616530 feasible sets         0 orders tried  current cost 13
    W_14: 53385s  121,200,696,400 steps   616733 feasible sets         0 orders tried  current cost 2
    W_14: 53400s  121,235,447,800 steps   616889 feasible sets         0 orders tried  current cost 7
    W_14: 53415s  121,270,238,600 steps   617033 feasible sets         0 orders tried  current cost 4
    W_14: 53430s  121,305,168,400 steps   617225 feasible sets         0 orders tried  current cost 4
    W_14: 53445s  121,339,650,600 steps   617401 feasible sets         0 orders tried  current cost 4
    W_14: 53460s  121,374,414,000 steps   617576 feasible sets         0 orders tried  current cost 3
    W_14: 53475s  121,408,946,000 steps   617750 feasible sets         0 orders tried  current cost 10
    W_14: 53490s  121,443,483,000 steps   617938 feasible sets         0 orders tried  current cost 6
    W_14: 53505s  121,478,164,600 steps   618111 feasible sets         0 orders tried  current cost 8
    W_14: 53520s  121,512,473,200 steps   618283 feasible sets         0 orders tried  current cost 5
    W_14: 53535s  121,547,263,600 steps   618461 feasible sets         0 orders tried  current cost 9
    W_14: 53550s  121,581,965,200 steps   618642 feasible sets         0 orders tried  current cost 5
    W_14: 53565s  121,616,661,400 steps   618845 feasible sets         0 orders tried  current cost 12
    W_14: 53580s  121,651,418,400 steps   618993 feasible sets         0 orders tried  current cost 2
    W_14: 53595s  121,686,779,400 steps   619148 feasible sets         0 orders tried  current cost 2
    W_14: 53610s  121,721,566,200 steps   619314 feasible sets         0 orders tried  current cost 6
    W_14: 53625s  121,756,280,600 steps   619491 feasible sets         0 orders tried  current cost 16
    W_14: 53640s  121,790,828,600 steps   619655 feasible sets         0 orders tried  current cost 6
    W_14: 53655s  121,825,302,200 steps   619840 feasible sets         0 orders tried  current cost 12
    W_14: 53670s  121,860,151,800 steps   620006 feasible sets         0 orders tried  current cost 2
    W_14: 53685s  121,894,815,400 steps   620231 feasible sets         0 orders tried  current cost 4
    W_14: 53700s  121,929,198,000 steps   620395 feasible sets         0 orders tried  current cost 1
    W_14: 53715s  121,963,842,200 steps   620600 feasible sets         0 orders tried  current cost 13
    W_14: 53730s  121,998,287,200 steps   620764 feasible sets         0 orders tried  current cost 5
    W_14: 53745s  122,032,892,800 steps   620943 feasible sets         0 orders tried  current cost 3
    W_14: 53760s  122,067,854,400 steps   621110 feasible sets         0 orders tried  current cost 5
    W_14: 53775s  122,102,721,600 steps   621287 feasible sets         0 orders tried  current cost 10
    W_14: 53790s  122,135,207,800 steps   621435 feasible sets         0 orders tried  current cost 7
    W_14: 53805s  122,169,701,000 steps   621599 feasible sets         0 orders tried  current cost 11
    W_14: 53820s  122,204,116,800 steps   621807 feasible sets         0 orders tried  current cost 3
    W_14: 53835s  122,238,971,200 steps   621957 feasible sets         0 orders tried  current cost 4
    W_14: 53850s  122,273,054,200 steps   622142 feasible sets         0 orders tried  current cost 4
    W_14: 53865s  122,307,388,400 steps   622304 feasible sets         0 orders tried  current cost 3
    W_14: 53880s  122,341,867,200 steps   622484 feasible sets         0 orders tried  current cost 5
    W_14: 53895s  122,376,584,200 steps   622650 feasible sets         0 orders tried  current cost 10
    W_14: 53910s  122,410,863,400 steps   622826 feasible sets         0 orders tried  current cost 7
    W_14: 53925s  122,445,452,800 steps   623013 feasible sets         0 orders tried  current cost 1
    W_14: 53940s  122,479,901,000 steps   623199 feasible sets         0 orders tried  current cost 12
    W_14: 53955s  122,514,145,000 steps   623367 feasible sets         0 orders tried  current cost 15
    W_14: 53970s  122,548,222,000 steps   623589 feasible sets         0 orders tried  current cost 14
    W_14: 53985s  122,582,736,000 steps   623738 feasible sets         0 orders tried  current cost 3
    W_14: 54000s  122,617,399,000 steps   623901 feasible sets         0 orders tried  current cost 3
    W_14: 54015s  122,651,392,200 steps   624083 feasible sets         0 orders tried  current cost 2
    W_14: 54030s  122,685,377,200 steps   624255 feasible sets         0 orders tried  current cost 2
    W_14: 54045s  122,719,774,200 steps   624452 feasible sets         0 orders tried  current cost 2
    W_14: 54060s  122,753,648,800 steps   624648 feasible sets         0 orders tried  current cost 7
    W_14: 54075s  122,785,880,400 steps   624833 feasible sets         0 orders tried  current cost 9
    W_14: 54090s  122,819,613,800 steps   625007 feasible sets         0 orders tried  current cost 3
    W_14: 54105s  122,853,430,600 steps   625200 feasible sets         0 orders tried  current cost 3
    W_14: 54120s  122,888,076,200 steps   625364 feasible sets         0 orders tried  current cost 2
    W_14: 54135s  122,922,157,800 steps   625527 feasible sets         0 orders tried  current cost 1
    W_14: 54150s  122,956,397,600 steps   625663 feasible sets         0 orders tried  current cost 3
    W_14: 54165s  122,991,243,400 steps   625858 feasible sets         0 orders tried  current cost 11
    W_14: 54180s  123,026,130,800 steps   626003 feasible sets         0 orders tried  current cost 6
    W_14: 54195s  123,061,045,200 steps   626189 feasible sets         0 orders tried  current cost 6
    W_14: 54210s  123,095,228,600 steps   626362 feasible sets         0 orders tried  current cost 5
    W_14: 54225s  123,129,089,800 steps   626554 feasible sets         0 orders tried  current cost 5
    W_14: 54240s  123,162,756,000 steps   626740 feasible sets         0 orders tried  current cost 3
    W_14: 54255s  123,197,183,800 steps   626922 feasible sets         0 orders tried  current cost 8
    W_14: 54270s  123,231,418,800 steps   627075 feasible sets         0 orders tried  current cost 3
    W_14: 54285s  123,266,092,400 steps   627263 feasible sets         0 orders tried  current cost 4
    W_14: 54300s  123,300,218,600 steps   627456 feasible sets         0 orders tried  current cost 1
    W_14: 54315s  123,334,148,400 steps   627652 feasible sets         0 orders tried  current cost 5
    W_14: 54330s  123,367,745,200 steps   627821 feasible sets         0 orders tried  current cost 12
    W_14: 54345s  123,401,883,000 steps   628040 feasible sets         0 orders tried  current cost 11
    W_14: 54360s  123,435,084,400 steps   628245 feasible sets         0 orders tried  current cost 11
    W_14: 54375s  123,466,881,400 steps   628404 feasible sets         0 orders tried  current cost 10
    W_14: 54390s  123,500,345,400 steps   628566 feasible sets         0 orders tried  current cost 5
    W_14: 54405s  123,534,033,400 steps   628732 feasible sets         0 orders tried  current cost 4
    W_14: 54420s  123,568,458,800 steps   628909 feasible sets         0 orders tried  current cost 2
    W_14: 54435s  123,602,742,800 steps   629074 feasible sets         0 orders tried  current cost 13
    W_14: 54450s  123,637,116,200 steps   629250 feasible sets         0 orders tried  current cost 2
    W_14: 54465s  123,671,268,000 steps   629454 feasible sets         0 orders tried  current cost 6
    W_14: 54480s  123,704,769,200 steps   629654 feasible sets         0 orders tried  current cost 5
    W_14: 54495s  123,739,370,600 steps   629798 feasible sets         0 orders tried  current cost 6
    W_14: 54510s  123,774,410,400 steps   629927 feasible sets         0 orders tried  current cost 5
    W_14: 54525s  123,808,775,200 steps   630081 feasible sets         0 orders tried  current cost 3
    W_14: 54540s  123,843,134,800 steps   630287 feasible sets         0 orders tried  current cost 2
    W_14: 54555s  123,878,230,600 steps   630503 feasible sets         0 orders tried  current cost 4
    W_14: 54570s  123,912,407,600 steps   630656 feasible sets         0 orders tried  current cost 6
    W_14: 54585s  123,946,994,400 steps   630803 feasible sets         0 orders tried  current cost 2
    W_14: 54600s  123,981,386,800 steps   630964 feasible sets         0 orders tried  current cost 8
    W_14: 54615s  124,015,678,200 steps   631171 feasible sets         0 orders tried  current cost 2
    W_14: 54630s  124,050,074,200 steps   631336 feasible sets         0 orders tried  current cost 4
    W_14: 54645s  124,084,610,600 steps   631522 feasible sets         0 orders tried  current cost 4
    W_14: 54660s  124,119,008,800 steps   631683 feasible sets         0 orders tried  current cost 5
    W_14: 54675s  124,153,655,800 steps   631867 feasible sets         0 orders tried  current cost 2
    W_14: 54690s  124,187,688,400 steps   632036 feasible sets         0 orders tried  current cost 4
    W_14: 54705s  124,222,417,400 steps   632204 feasible sets         0 orders tried  current cost 3
    W_14: 54720s  124,256,816,000 steps   632380 feasible sets         0 orders tried  current cost 6
    W_14: 54735s  124,291,161,400 steps   632578 feasible sets         0 orders tried  current cost 14
    W_14: 54750s  124,325,880,800 steps   632741 feasible sets         0 orders tried  current cost 12
    W_14: 54765s  124,359,681,400 steps   632921 feasible sets         0 orders tried  current cost 17
    W_14: 54780s  124,390,610,600 steps   633039 feasible sets         0 orders tried  current cost 4
    W_14: 54795s  124,424,459,200 steps   633237 feasible sets         0 orders tried  current cost 2
    W_14: 54810s  124,458,462,000 steps   633386 feasible sets         0 orders tried  current cost 11
    W_14: 54825s  124,493,072,000 steps   633582 feasible sets         0 orders tried  current cost 6
    W_14: 54840s  124,527,646,000 steps   633785 feasible sets         0 orders tried  current cost 5
    W_14: 54855s  124,561,915,400 steps   633946 feasible sets         0 orders tried  current cost 5
    W_14: 54870s  124,595,913,400 steps   634120 feasible sets         0 orders tried  current cost 4
    W_14: 54885s  124,630,093,200 steps   634292 feasible sets         0 orders tried  current cost 4
    W_14: 54900s  124,664,666,200 steps   634440 feasible sets         0 orders tried  current cost 10
    W_14: 54915s  124,698,701,800 steps   634600 feasible sets         0 orders tried  current cost 19
    W_14: 54930s  124,732,951,600 steps   634762 feasible sets         0 orders tried  current cost 4
    W_14: 54945s  124,766,710,200 steps   634902 feasible sets         0 orders tried  current cost 2
    W_14: 54960s  124,800,193,800 steps   635120 feasible sets         0 orders tried  current cost 4
    W_14: 54975s  124,833,611,600 steps   635304 feasible sets         0 orders tried  current cost 3
    W_14: 54990s  124,866,569,800 steps   635460 feasible sets         0 orders tried  current cost 3
    W_14: 55005s  124,897,039,400 steps   635595 feasible sets         0 orders tried  current cost 4
    W_14: 55020s  124,928,051,400 steps   635730 feasible sets         0 orders tried  current cost 3
    W_14: 55035s  124,961,835,600 steps   635897 feasible sets         0 orders tried  current cost 3
    W_14: 55050s  124,996,156,600 steps   636049 feasible sets         0 orders tried  current cost 3
    W_14: 55065s  125,029,950,800 steps   636194 feasible sets         0 orders tried  current cost 5
    W_14: 55080s  125,064,389,800 steps   636359 feasible sets         0 orders tried  current cost 6
    W_14: 55095s  125,098,827,600 steps   636548 feasible sets         0 orders tried  current cost 8
    W_14: 55110s  125,132,936,800 steps   636734 feasible sets         0 orders tried  current cost 4
    W_14: 55125s  125,167,135,400 steps   636885 feasible sets         0 orders tried  current cost 1
    W_14: 55140s  125,201,078,200 steps   637069 feasible sets         0 orders tried  current cost 4
    W_14: 55155s  125,234,469,000 steps   637262 feasible sets         0 orders tried  current cost 5
    W_14: 55170s  125,269,478,200 steps   637404 feasible sets         0 orders tried  current cost 2
    W_14: 55185s  125,304,850,800 steps   637564 feasible sets         0 orders tried  current cost 5
    W_14: 55200s  125,339,848,000 steps   637769 feasible sets         0 orders tried  current cost 5
    W_14: 55215s  125,374,827,600 steps   637970 feasible sets         0 orders tried  current cost 3
    W_14: 55230s  125,410,137,800 steps   638169 feasible sets         0 orders tried  current cost 3
    W_14: 55245s  125,444,992,200 steps   638336 feasible sets         0 orders tried  current cost 4
    W_14: 55260s  125,480,622,800 steps   638507 feasible sets         0 orders tried  current cost 14
    W_14: 55275s  125,516,150,600 steps   638701 feasible sets         0 orders tried  current cost 4
    W_14: 55290s  125,551,297,600 steps   638866 feasible sets         0 orders tried  current cost 3
    W_14: 55305s  125,586,455,400 steps   639032 feasible sets         0 orders tried  current cost 1
    W_14: 55320s  125,621,452,400 steps   639215 feasible sets         0 orders tried  current cost 3
    W_14: 55335s  125,656,402,800 steps   639377 feasible sets         0 orders tried  current cost 9
    W_14: 55350s  125,691,552,600 steps   639552 feasible sets         0 orders tried  current cost 1
    W_14: 55365s  125,726,372,800 steps   639754 feasible sets         0 orders tried  current cost 3
    W_14: 55380s  125,761,662,000 steps   639952 feasible sets         0 orders tried  current cost 12
    W_14: 55395s  125,796,742,800 steps   640142 feasible sets         0 orders tried  current cost 8
    W_14: 55410s  125,832,407,000 steps   640279 feasible sets         0 orders tried  current cost 5
    W_14: 55425s  125,867,482,600 steps   640420 feasible sets         0 orders tried  current cost 15
    W_14: 55440s  125,902,441,000 steps   640580 feasible sets         0 orders tried  current cost 14
    W_14: 55455s  125,937,544,400 steps   640775 feasible sets         0 orders tried  current cost 10
    W_14: 55470s  125,972,389,600 steps   640938 feasible sets         0 orders tried  current cost 3
    W_14: 55485s  126,007,814,400 steps   641120 feasible sets         0 orders tried  current cost 3
    W_14: 55500s  126,042,661,800 steps   641292 feasible sets         0 orders tried  current cost 14
    W_14: 55515s  126,077,236,400 steps   641473 feasible sets         0 orders tried  current cost 3
    W_14: 55530s  126,112,500,000 steps   641648 feasible sets         0 orders tried  current cost 1
    W_14: 55545s  126,148,090,800 steps   641833 feasible sets         0 orders tried  current cost 6
    W_14: 55560s  126,183,700,800 steps   642029 feasible sets         0 orders tried  current cost 17
    W_14: 55575s  126,218,921,600 steps   642189 feasible sets         0 orders tried  current cost 12
    W_14: 55590s  126,254,178,600 steps   642377 feasible sets         0 orders tried  current cost 5
    W_14: 55605s  126,288,881,200 steps   642554 feasible sets         0 orders tried  current cost 9
    W_14: 55620s  126,324,016,800 steps   642704 feasible sets         0 orders tried  current cost 4
    W_14: 55635s  126,359,028,800 steps   642850 feasible sets         0 orders tried  current cost 5
    W_14: 55650s  126,394,327,800 steps   643013 feasible sets         0 orders tried  current cost 7
    W_14: 55665s  126,429,592,400 steps   643194 feasible sets         0 orders tried  current cost 2
    W_14: 55680s  126,464,585,200 steps   643368 feasible sets         0 orders tried  current cost 10
    W_14: 55695s  126,499,791,600 steps   643526 feasible sets         0 orders tried  current cost 4
    W_14: 55710s  126,534,782,600 steps   643675 feasible sets         0 orders tried  current cost 10
    W_14: 55725s  126,570,099,200 steps   643866 feasible sets         0 orders tried  current cost 3
    W_14: 55740s  126,605,234,800 steps   644062 feasible sets         0 orders tried  current cost 4
    W_14: 55755s  126,640,571,600 steps   644235 feasible sets         0 orders tried  current cost 1
    W_14: 55770s  126,676,005,000 steps   644416 feasible sets         0 orders tried  current cost 10
    W_14: 55785s  126,711,224,600 steps   644614 feasible sets         0 orders tried  current cost 12
    W_14: 55800s  126,746,543,600 steps   644798 feasible sets         0 orders tried  current cost 15
    W_14: 55815s  126,781,185,000 steps   644957 feasible sets         0 orders tried  current cost 9
    W_14: 55830s  126,816,173,800 steps   645126 feasible sets         0 orders tried  current cost 3
    W_14: 55845s  126,851,018,400 steps   645298 feasible sets         0 orders tried  current cost 2
    W_14: 55860s  126,885,735,800 steps   645459 feasible sets         0 orders tried  current cost 5
    W_14: 55875s  126,920,659,800 steps   645664 feasible sets         0 orders tried  current cost 2
    W_14: 55890s  126,955,986,200 steps   645847 feasible sets         0 orders tried  current cost 2
    W_14: 55905s  126,991,311,800 steps   646023 feasible sets         0 orders tried  current cost 3
    W_14: 55920s  127,026,762,400 steps   646170 feasible sets         0 orders tried  current cost 11
    W_14: 55935s  127,061,628,800 steps   646316 feasible sets         0 orders tried  current cost 6
    W_14: 55950s  127,096,840,000 steps   646518 feasible sets         0 orders tried  current cost 2
    W_14: 55965s  127,131,928,200 steps   646671 feasible sets         0 orders tried  current cost 3
    W_14: 55980s  127,167,400,400 steps   646862 feasible sets         0 orders tried  current cost 12
    W_14: 55995s  127,202,641,000 steps   646986 feasible sets         0 orders tried  current cost 15
    W_14: 56010s  127,237,479,800 steps   647152 feasible sets         0 orders tried  current cost 4
    W_14: 56025s  127,272,424,200 steps   647362 feasible sets         0 orders tried  current cost 10
    W_14: 56040s  127,308,053,200 steps   647533 feasible sets         0 orders tried  current cost 3
    W_14: 56055s  127,343,553,600 steps   647701 feasible sets         0 orders tried  current cost 4
    W_14: 56070s  127,379,062,000 steps   647867 feasible sets         0 orders tried  current cost 12
    W_14: 56085s  127,414,433,600 steps   648021 feasible sets         0 orders tried  current cost 3
    W_14: 56100s  127,449,783,600 steps   648211 feasible sets         0 orders tried  current cost 9
    W_14: 56115s  127,485,024,400 steps   648378 feasible sets         0 orders tried  current cost 7
    W_14: 56130s  127,519,765,800 steps   648562 feasible sets         0 orders tried  current cost 9
    W_14: 56145s  127,554,559,600 steps   648753 feasible sets         0 orders tried  current cost 4
    W_14: 56160s  127,589,967,000 steps   648934 feasible sets         0 orders tried  current cost 4
    W_14: 56175s  127,624,895,000 steps   649110 feasible sets         0 orders tried  current cost 5
    W_14: 56190s  127,659,803,400 steps   649265 feasible sets         0 orders tried  current cost 9
    W_14: 56205s  127,695,101,400 steps   649447 feasible sets         0 orders tried  current cost 9
    W_14: 56220s  127,730,227,000 steps   649636 feasible sets         0 orders tried  current cost 5
    W_14: 56235s  127,765,625,600 steps   649869 feasible sets         0 orders tried  current cost 10
    W_14: 56250s  127,800,552,000 steps   650091 feasible sets         0 orders tried  current cost 5
    W_14: 56265s  127,835,874,200 steps   650270 feasible sets         0 orders tried  current cost 1
    W_14: 56280s  127,870,890,400 steps   650454 feasible sets         0 orders tried  current cost 4
    W_14: 56295s  127,906,172,400 steps   650597 feasible sets         0 orders tried  current cost 1
    W_14: 56310s  127,941,240,200 steps   650814 feasible sets         0 orders tried  current cost 19
    W_14: 56325s  127,976,410,800 steps   650955 feasible sets         0 orders tried  current cost 2
    W_14: 56340s  128,011,637,400 steps   651126 feasible sets         0 orders tried  current cost 4
    W_14: 56355s  128,046,948,200 steps   651308 feasible sets         0 orders tried  current cost 6
    W_14: 56370s  128,082,157,000 steps   651513 feasible sets         0 orders tried  current cost 5
    W_14: 56385s  128,117,276,400 steps   651741 feasible sets         0 orders tried  current cost 2
    W_14: 56400s  128,152,480,400 steps   651901 feasible sets         0 orders tried  current cost 12
    W_14: 56415s  128,187,072,200 steps   652082 feasible sets         0 orders tried  current cost 1
    W_14: 56430s  128,222,024,800 steps   652261 feasible sets         0 orders tried  current cost 11
    W_14: 56445s  128,257,378,400 steps   652445 feasible sets         0 orders tried  current cost 4
    W_14: 56460s  128,292,609,800 steps   652626 feasible sets         0 orders tried  current cost 4
    W_14: 56475s  128,327,944,400 steps   652794 feasible sets         0 orders tried  current cost 11
    W_14: 56490s  128,363,037,800 steps   652996 feasible sets         0 orders tried  current cost 3
    W_14: 56505s  128,398,469,000 steps   653178 feasible sets         0 orders tried  current cost 5
    W_14: 56520s  128,433,899,200 steps   653328 feasible sets         0 orders tried  current cost 4
    W_14: 56535s  128,469,562,200 steps   653480 feasible sets         0 orders tried  current cost 12
    W_14: 56550s  128,504,645,800 steps   653660 feasible sets         0 orders tried  current cost 8
    W_14: 56565s  128,539,575,200 steps   653831 feasible sets         0 orders tried  current cost 3
    W_14: 56580s  128,573,983,800 steps   653979 feasible sets         0 orders tried  current cost 12
    W_14: 56595s  128,609,099,400 steps   654158 feasible sets         0 orders tried  current cost 3
    W_14: 56610s  128,644,174,200 steps   654308 feasible sets         0 orders tried  current cost 4
    W_14: 56625s  128,679,239,800 steps   654516 feasible sets         0 orders tried  current cost 1
    W_14: 56640s  128,714,424,000 steps   654671 feasible sets         0 orders tried  current cost 12
    W_14: 56655s  128,749,517,400 steps   654862 feasible sets         0 orders tried  current cost 3
    W_14: 56670s  128,784,277,600 steps   655073 feasible sets         0 orders tried  current cost 4
    W_14: 56685s  128,819,108,400 steps   655296 feasible sets         0 orders tried  current cost 6
    W_14: 56700s  128,854,092,800 steps   655466 feasible sets         0 orders tried  current cost 5
    W_14: 56715s  128,889,068,000 steps   655638 feasible sets         0 orders tried  current cost 6
    W_14: 56730s  128,923,981,600 steps   655801 feasible sets         0 orders tried  current cost 11
    W_14: 56745s  128,959,224,200 steps   655995 feasible sets         0 orders tried  current cost 11
    W_14: 56760s  128,994,603,400 steps   656156 feasible sets         0 orders tried  current cost 8
    W_14: 56775s  129,029,584,800 steps   656311 feasible sets         0 orders tried  current cost 7
    W_14: 56790s  129,064,715,600 steps   656529 feasible sets         0 orders tried  current cost 1
    W_14: 56805s  129,100,517,800 steps   656701 feasible sets         0 orders tried  current cost 2
    W_14: 56820s  129,135,772,800 steps   656884 feasible sets         0 orders tried  current cost 1
    W_14: 56835s  129,171,224,000 steps   657075 feasible sets         0 orders tried  current cost 10
    W_14: 56850s  129,206,094,600 steps   657271 feasible sets         0 orders tried  current cost 3
    W_14: 56865s  129,241,339,200 steps   657483 feasible sets         0 orders tried  current cost 2
    W_14: 56880s  129,276,925,800 steps   657676 feasible sets         0 orders tried  current cost 9
    W_14: 56895s  129,312,483,000 steps   657839 feasible sets         0 orders tried  current cost 16
    W_14: 56910s  129,347,576,200 steps   658047 feasible sets         0 orders tried  current cost 5
    W_14: 56925s  129,382,569,400 steps   658194 feasible sets         0 orders tried  current cost 6
    W_14: 56940s  129,417,968,200 steps   658351 feasible sets         0 orders tried  current cost 5
    W_14: 56955s  129,452,891,200 steps   658518 feasible sets         0 orders tried  current cost 3
    W_14: 56970s  129,487,717,200 steps   658703 feasible sets         0 orders tried  current cost 5
    W_14: 56985s  129,522,975,400 steps   658922 feasible sets         0 orders tried  current cost 4
    W_14: 57000s  129,557,851,400 steps   659121 feasible sets         0 orders tried  current cost 4
    W_14: 57015s  129,592,656,200 steps   659312 feasible sets         0 orders tried  current cost 4
    W_14: 57030s  129,627,517,400 steps   659497 feasible sets         0 orders tried  current cost 1
    W_14: 57045s  129,662,681,400 steps   659677 feasible sets         0 orders tried  current cost 12
    W_14: 57060s  129,698,103,400 steps   659868 feasible sets         0 orders tried  current cost 10
    W_14: 57075s  129,733,567,200 steps   660027 feasible sets         0 orders tried  current cost 4
    W_14: 57090s  129,768,643,000 steps   660228 feasible sets         0 orders tried  current cost 9
    W_14: 57105s  129,803,591,200 steps   660415 feasible sets         0 orders tried  current cost 3
    W_14: 57120s  129,838,641,200 steps   660590 feasible sets         0 orders tried  current cost 13
    W_14: 57135s  129,873,824,800 steps   660773 feasible sets         0 orders tried  current cost 10
    W_14: 57150s  129,909,023,200 steps   660971 feasible sets         0 orders tried  current cost 13
    W_14: 57165s  129,944,350,800 steps   661159 feasible sets         0 orders tried  current cost 4
    W_14: 57180s  129,979,288,000 steps   661333 feasible sets         0 orders tried  current cost 1
    W_14: 57195s  130,014,446,800 steps   661521 feasible sets         0 orders tried  current cost 6
    W_14: 57210s  130,049,429,600 steps   661657 feasible sets         0 orders tried  current cost 5
    W_14: 57225s  130,085,144,200 steps   661888 feasible sets         0 orders tried  current cost 12
    W_14: 57240s  130,120,066,600 steps   662078 feasible sets         0 orders tried  current cost 5
    W_14: 57255s  130,155,513,000 steps   662276 feasible sets         0 orders tried  current cost 4
    W_14: 57270s  130,190,493,800 steps   662457 feasible sets         0 orders tried  current cost 2
    W_14: 57285s  130,225,765,200 steps   662634 feasible sets         0 orders tried  current cost 8
    W_14: 57300s  130,260,720,400 steps   662822 feasible sets         0 orders tried  current cost 9
    W_14: 57315s  130,295,136,200 steps   662996 feasible sets         0 orders tried  current cost 2
    W_14: 57330s  130,330,236,200 steps   663167 feasible sets         0 orders tried  current cost 1
    W_14: 57345s  130,365,266,200 steps   663365 feasible sets         0 orders tried  current cost 9
    W_14: 57360s  130,400,256,000 steps   663549 feasible sets         0 orders tried  current cost 3
    W_14: 57375s  130,435,418,400 steps   663716 feasible sets         0 orders tried  current cost 3
    W_14: 57390s  130,470,713,600 steps   663883 feasible sets         0 orders tried  current cost 4
    W_14: 57405s  130,506,239,800 steps   664051 feasible sets         0 orders tried  current cost 1
    W_14: 57420s  130,540,785,800 steps   664233 feasible sets         0 orders tried  current cost 9
    W_14: 57435s  130,576,211,600 steps   664440 feasible sets         0 orders tried  current cost 5
    W_14: 57450s  130,611,378,000 steps   664606 feasible sets         0 orders tried  current cost 4
    W_14: 57465s  130,646,562,000 steps   664767 feasible sets         0 orders tried  current cost 13
    W_14: 57480s  130,681,692,600 steps   664954 feasible sets         0 orders tried  current cost 4
    W_14: 57495s  130,717,013,800 steps   665138 feasible sets         0 orders tried  current cost 3
    W_14: 57510s  130,752,348,800 steps   665275 feasible sets         0 orders tried  current cost 4
    W_14: 57525s  130,787,300,200 steps   665458 feasible sets         0 orders tried  current cost 19
    W_14: 57540s  130,822,261,600 steps   665628 feasible sets         0 orders tried  current cost 10
    W_14: 57555s  130,857,417,000 steps   665829 feasible sets         0 orders tried  current cost 3
    W_14: 57570s  130,892,371,800 steps   666034 feasible sets         0 orders tried  current cost 4
    W_14: 57585s  130,927,106,400 steps   666241 feasible sets         0 orders tried  current cost 7
    W_14: 57600s  130,961,837,800 steps   666432 feasible sets         0 orders tried  current cost 1
    W_14: 57615s  130,996,691,800 steps   666606 feasible sets         0 orders tried  current cost 1
    W_14: 57630s  131,031,933,200 steps   666782 feasible sets         0 orders tried  current cost 4
    W_14: 57645s  131,066,989,400 steps   666962 feasible sets         0 orders tried  current cost 6
    W_14: 57660s  131,101,917,200 steps   667178 feasible sets         0 orders tried  current cost 2
    W_14: 57675s  131,136,772,400 steps   667355 feasible sets         0 orders tried  current cost 4
    W_14: 57690s  131,171,732,000 steps   667532 feasible sets         0 orders tried  current cost 4
    W_14: 57705s  131,207,128,400 steps   667756 feasible sets         0 orders tried  current cost 6
    W_14: 57720s  131,242,294,000 steps   667961 feasible sets         0 orders tried  current cost 2
    W_14: 57735s  131,277,057,400 steps   668139 feasible sets         0 orders tried  current cost 2
    W_14: 57750s  131,312,272,200 steps   668322 feasible sets         0 orders tried  current cost 4
    W_14: 57765s  131,347,164,600 steps   668494 feasible sets         0 orders tried  current cost 6
    W_14: 57780s  131,382,571,400 steps   668697 feasible sets         0 orders tried  current cost 3
    W_14: 57795s  131,417,330,200 steps   668882 feasible sets         0 orders tried  current cost 8
    W_14: 57810s  131,452,430,000 steps   669104 feasible sets         0 orders tried  current cost 2
    W_14: 57825s  131,487,082,600 steps   669301 feasible sets         0 orders tried  current cost 8
    W_14: 57840s  131,522,311,200 steps   669444 feasible sets         0 orders tried  current cost 3
    W_14: 57855s  131,557,540,000 steps   669638 feasible sets         0 orders tried  current cost 2
    W_14: 57870s  131,592,442,400 steps   669820 feasible sets         0 orders tried  current cost 14
    W_14: 57885s  131,627,938,800 steps   669990 feasible sets         0 orders tried  current cost 4
    W_14: 57900s  131,663,110,600 steps   670211 feasible sets         0 orders tried  current cost 4
    W_14: 57915s  131,698,371,800 steps   670425 feasible sets         0 orders tried  current cost 3
    W_14: 57930s  131,733,571,600 steps   670587 feasible sets         0 orders tried  current cost 4
    W_14: 57945s  131,768,776,800 steps   670777 feasible sets         0 orders tried  current cost 1
    W_14: 57960s  131,803,950,600 steps   670945 feasible sets         0 orders tried  current cost 5
    W_14: 57975s  131,839,142,200 steps   671101 feasible sets         0 orders tried  current cost 13
    W_14: 57990s  131,874,470,000 steps   671260 feasible sets         0 orders tried  current cost 2
    W_14: 58005s  131,909,796,200 steps   671462 feasible sets         0 orders tried  current cost 4
    W_14: 58020s  131,944,862,200 steps   671637 feasible sets         0 orders tried  current cost 14
    W_14: 58035s  131,979,913,600 steps   671810 feasible sets         0 orders tried  current cost 1
    W_14: 58050s  132,015,204,600 steps   671966 feasible sets         0 orders tried  current cost 10
    W_14: 58065s  132,050,215,400 steps   672155 feasible sets         0 orders tried  current cost 3
    W_14: 58080s  132,084,756,600 steps   672307 feasible sets         0 orders tried  current cost 3
    W_14: 58095s  132,119,523,800 steps   672471 feasible sets         0 orders tried  current cost 10
    W_14: 58110s  132,153,622,000 steps   672662 feasible sets         0 orders tried  current cost 14
    W_14: 58125s  132,188,793,200 steps   672822 feasible sets         0 orders tried  current cost 1
    W_14: 58140s  132,223,518,000 steps   672964 feasible sets         0 orders tried  current cost 2
    W_14: 58155s  132,258,338,400 steps   673163 feasible sets         0 orders tried  current cost 3
    W_14: 58170s  132,292,933,000 steps   673310 feasible sets         0 orders tried  current cost 5
    W_14: 58185s  132,328,070,200 steps   673467 feasible sets         0 orders tried  current cost 6
    W_14: 58200s  132,363,217,200 steps   673673 feasible sets         0 orders tried  current cost 4
    W_14: 58215s  132,397,987,000 steps   673852 feasible sets         0 orders tried  current cost 6
    W_14: 58230s  132,432,692,600 steps   674005 feasible sets         0 orders tried  current cost 4
    W_14: 58245s  132,467,365,200 steps   674174 feasible sets         0 orders tried  current cost 6
    W_14: 58260s  132,502,327,000 steps   674308 feasible sets         0 orders tried  current cost 8
    W_14: 58275s  132,537,420,800 steps   674492 feasible sets         0 orders tried  current cost 14
    W_14: 58290s  132,571,614,600 steps   674641 feasible sets         0 orders tried  current cost 1
    W_14: 58305s  132,606,428,400 steps   674830 feasible sets         0 orders tried  current cost 4
    W_14: 58320s  132,641,341,000 steps   674977 feasible sets         0 orders tried  current cost 8
    W_14: 58335s  132,676,152,800 steps   675154 feasible sets         0 orders tried  current cost 4
    W_14: 58350s  132,710,859,200 steps   675319 feasible sets         0 orders tried  current cost 3
    W_14: 58365s  132,745,302,000 steps   675487 feasible sets         0 orders tried  current cost 10
    W_14: 58380s  132,777,830,400 steps   675630 feasible sets         0 orders tried  current cost 6
    W_14: 58395s  132,810,513,000 steps   675819 feasible sets         0 orders tried  current cost 4
    W_14: 58410s  132,831,985,800 steps   675917 feasible sets         0 orders tried  current cost 9
    W_14: 58425s  132,866,794,200 steps   676089 feasible sets         0 orders tried  current cost 3
    W_14: 58440s  132,901,441,600 steps   676249 feasible sets         0 orders tried  current cost 19
    W_14: 58455s  132,936,429,800 steps   676443 feasible sets         0 orders tried  current cost 6
    W_14: 58470s  132,971,315,200 steps   676623 feasible sets         0 orders tried  current cost 3
    W_14: 58485s  133,006,398,400 steps   676805 feasible sets         0 orders tried  current cost 2
    W_14: 58500s  133,041,315,200 steps   677004 feasible sets         0 orders tried  current cost 3
    W_14: 58515s  133,076,510,200 steps   677182 feasible sets         0 orders tried  current cost 7
    W_14: 58530s  133,111,301,800 steps   677347 feasible sets         0 orders tried  current cost 10
    W_14: 58545s  133,146,529,200 steps   677531 feasible sets         0 orders tried  current cost 6
    W_14: 58560s  133,181,457,800 steps   677726 feasible sets         0 orders tried  current cost 2
    W_14: 58575s  133,216,802,200 steps   677865 feasible sets         0 orders tried  current cost 15
    W_14: 58590s  133,251,894,800 steps   678042 feasible sets         0 orders tried  current cost 5
    W_14: 58605s  133,287,046,200 steps   678239 feasible sets         0 orders tried  current cost 9
    W_14: 58620s  133,321,946,800 steps   678413 feasible sets         0 orders tried  current cost 8
    W_14: 58635s  133,357,142,000 steps   678638 feasible sets         0 orders tried  current cost 10
    W_14: 58650s  133,392,094,800 steps   678813 feasible sets         0 orders tried  current cost 4
    W_14: 58665s  133,427,046,000 steps   678990 feasible sets         0 orders tried  current cost 7
    W_14: 58680s  133,461,835,200 steps   679159 feasible sets         0 orders tried  current cost 4
    W_14: 58695s  133,497,229,200 steps   679369 feasible sets         0 orders tried  current cost 5
    W_14: 58710s  133,533,103,400 steps   679537 feasible sets         0 orders tried  current cost 7
    W_14: 58725s  133,568,353,800 steps   679732 feasible sets         0 orders tried  current cost 3
    W_14: 58740s  133,603,602,400 steps   679910 feasible sets         0 orders tried  current cost 8
    W_14: 58755s  133,638,712,800 steps   680076 feasible sets         0 orders tried  current cost 3
    W_14: 58770s  133,673,615,600 steps   680256 feasible sets         0 orders tried  current cost 4
    W_14: 58785s  133,708,372,600 steps   680412 feasible sets         0 orders tried  current cost 4
    W_14: 58800s  133,743,283,800 steps   680581 feasible sets         0 orders tried  current cost 8
    W_14: 58815s  133,778,071,200 steps   680788 feasible sets         0 orders tried  current cost 1
    W_14: 58830s  133,813,475,400 steps   680976 feasible sets         0 orders tried  current cost 1
    W_14: 58845s  133,848,717,400 steps   681133 feasible sets         0 orders tried  current cost 2
    W_14: 58860s  133,884,052,400 steps   681317 feasible sets         0 orders tried  current cost 2
    W_14: 58875s  133,919,319,800 steps   681465 feasible sets         0 orders tried  current cost 3
    W_14: 58890s  133,954,867,400 steps   681702 feasible sets         0 orders tried  current cost 6
    W_14: 58905s  133,989,996,000 steps   681892 feasible sets         0 orders tried  current cost 1
    W_14: 58920s  134,025,256,000 steps   682081 feasible sets         0 orders tried  current cost 3
    W_14: 58935s  134,060,746,600 steps   682252 feasible sets         0 orders tried  current cost 5
    W_14: 58950s  134,095,803,000 steps   682389 feasible sets         0 orders tried  current cost 13
    W_14: 58965s  134,130,821,800 steps   682556 feasible sets         0 orders tried  current cost 10
    W_14: 58980s  134,165,769,800 steps   682721 feasible sets         0 orders tried  current cost 3
    W_14: 58995s  134,201,054,400 steps   682894 feasible sets         0 orders tried  current cost 4
    W_14: 59010s  134,235,870,400 steps   683056 feasible sets         0 orders tried  current cost 4
    W_14: 59025s  134,270,947,000 steps   683214 feasible sets         0 orders tried  current cost 6
    W_14: 59040s  134,306,103,000 steps   683355 feasible sets         0 orders tried  current cost 9
    W_14: 59055s  134,341,347,800 steps   683529 feasible sets         0 orders tried  current cost 6
    W_14: 59070s  134,376,491,400 steps   683713 feasible sets         0 orders tried  current cost 4
    W_14: 59085s  134,411,744,600 steps   683936 feasible sets         0 orders tried  current cost 9
    W_14: 59100s  134,446,874,400 steps   684118 feasible sets         0 orders tried  current cost 1
    W_14: 59115s  134,482,196,600 steps   684295 feasible sets         0 orders tried  current cost 4
    W_14: 59130s  134,516,914,400 steps   684502 feasible sets         0 orders tried  current cost 3
    W_14: 59145s  134,551,911,800 steps   684696 feasible sets         0 orders tried  current cost 5
    W_14: 59160s  134,587,136,200 steps   684849 feasible sets         0 orders tried  current cost 2
    W_14: 59175s  134,622,563,800 steps   685041 feasible sets         0 orders tried  current cost 10
    W_14: 59190s  134,657,633,400 steps   685222 feasible sets         0 orders tried  current cost 5
    W_14: 59205s  134,692,826,600 steps   685390 feasible sets         0 orders tried  current cost 3
    W_14: 59220s  134,727,811,000 steps   685559 feasible sets         0 orders tried  current cost 4
    W_14: 59235s  134,762,682,000 steps   685714 feasible sets         0 orders tried  current cost 10
    W_14: 59250s  134,797,516,600 steps   685892 feasible sets         0 orders tried  current cost 4
    W_14: 59265s  134,831,921,000 steps   686048 feasible sets         0 orders tried  current cost 14
    W_14: 59280s  134,865,670,000 steps   686214 feasible sets         0 orders tried  current cost 4
    W_14: 59295s  134,901,139,200 steps   686413 feasible sets         0 orders tried  current cost 3
    W_14: 59310s  134,936,144,400 steps   686596 feasible sets         0 orders tried  current cost 8
    W_14: 59325s  134,971,471,200 steps   686764 feasible sets         0 orders tried  current cost 3
    W_14: 59340s  135,006,962,200 steps   686957 feasible sets         0 orders tried  current cost 14
    W_14: 59355s  135,042,441,000 steps   687136 feasible sets         0 orders tried  current cost 14
    W_14: 59370s  135,077,563,000 steps   687282 feasible sets         0 orders tried  current cost 11
    W_14: 59385s  135,112,946,600 steps   687450 feasible sets         0 orders tried  current cost 7
    W_14: 59400s  135,147,969,400 steps   687625 feasible sets         0 orders tried  current cost 4
    W_14: 59415s  135,182,746,400 steps   687808 feasible sets         0 orders tried  current cost 5
    W_14: 59430s  135,217,674,200 steps   687985 feasible sets         0 orders tried  current cost 2
    W_14: 59445s  135,252,708,200 steps   688141 feasible sets         0 orders tried  current cost 7
    W_14: 59460s  135,287,824,400 steps   688324 feasible sets         0 orders tried  current cost 8
    W_14: 59475s  135,322,990,000 steps   688537 feasible sets         0 orders tried  current cost 6
    W_14: 59490s  135,357,881,600 steps   688718 feasible sets         0 orders tried  current cost 22
    W_14: 59505s  135,392,465,600 steps   688907 feasible sets         0 orders tried  current cost 6
    W_14: 59520s  135,427,100,800 steps   689108 feasible sets         0 orders tried  current cost 14
    W_14: 59535s  135,462,155,800 steps   689323 feasible sets         0 orders tried  current cost 4
    W_14: 59550s  135,497,369,400 steps   689518 feasible sets         0 orders tried  current cost 6
    W_14: 59565s  135,532,481,400 steps   689705 feasible sets         0 orders tried  current cost 13
    W_14: 59580s  135,567,793,200 steps   689874 feasible sets         0 orders tried  current cost 3
    W_14: 59595s  135,603,012,600 steps   690093 feasible sets         0 orders tried  current cost 2
    W_14: 59610s  135,637,881,200 steps   690302 feasible sets         0 orders tried  current cost 11
    W_14: 59625s  135,673,029,400 steps   690492 feasible sets         0 orders tried  current cost 2
    W_14: 59640s  135,708,241,600 steps   690687 feasible sets         0 orders tried  current cost 12
    W_14: 59655s  135,743,700,000 steps   690912 feasible sets         0 orders tried  current cost 2
    W_14: 59670s  135,778,508,800 steps   691090 feasible sets         0 orders tried  current cost 5
    W_14: 59685s  135,814,022,800 steps   691288 feasible sets         0 orders tried  current cost 10
    W_14: 59700s  135,849,502,600 steps   691482 feasible sets         0 orders tried  current cost 14
    W_14: 59715s  135,884,796,800 steps   691644 feasible sets         0 orders tried  current cost 2
    W_14: 59730s  135,920,054,000 steps   691822 feasible sets         0 orders tried  current cost 3
    W_14: 59745s  135,954,942,000 steps   691968 feasible sets         0 orders tried  current cost 10
    W_14: 59760s  135,990,492,800 steps   692153 feasible sets         0 orders tried  current cost 3
    W_14: 59775s  136,025,867,800 steps   692331 feasible sets         0 orders tried  current cost 8
    W_14: 59790s  136,061,148,000 steps   692487 feasible sets         0 orders tried  current cost 4
    W_14: 59805s  136,096,254,000 steps   692693 feasible sets         0 orders tried  current cost 2
    W_14: 59820s  136,131,237,200 steps   692892 feasible sets         0 orders tried  current cost 2
    W_14: 59835s  136,166,351,800 steps   693055 feasible sets         0 orders tried  current cost 4
    W_14: 59850s  136,201,687,000 steps   693247 feasible sets         0 orders tried  current cost 8
    W_14: 59865s  136,236,734,400 steps   693439 feasible sets         0 orders tried  current cost 4
    W_14: 59880s  136,272,147,600 steps   693619 feasible sets         0 orders tried  current cost 5
    W_14: 59895s  136,307,109,000 steps   693792 feasible sets         0 orders tried  current cost 5
    W_14: 59910s  136,342,452,200 steps   694009 feasible sets         0 orders tried  current cost 2
    W_14: 59925s  136,377,557,600 steps   694202 feasible sets         0 orders tried  current cost 3
    W_14: 59940s  136,412,245,000 steps   694372 feasible sets         0 orders tried  current cost 7
    W_14: 59955s  136,447,199,000 steps   694552 feasible sets         0 orders tried  current cost 3
    W_14: 59970s  136,482,262,600 steps   694745 feasible sets         0 orders tried  current cost 11
    W_14: 59985s  136,517,379,000 steps   694903 feasible sets         0 orders tried  current cost 5
    W_14: 60000s  136,552,281,600 steps   695122 feasible sets         0 orders tried  current cost 13
    W_14: 60015s  136,587,779,800 steps   695325 feasible sets         0 orders tried  current cost 3
    W_14: 60030s  136,623,174,600 steps   695463 feasible sets         0 orders tried  current cost 4
    W_14: 60045s  136,658,233,000 steps   695645 feasible sets         0 orders tried  current cost 4
    W_14: 60060s  136,692,929,600 steps   695839 feasible sets         0 orders tried  current cost 5
    W_14: 60075s  136,728,207,400 steps   696008 feasible sets         0 orders tried  current cost 5
    W_14: 60090s  136,763,086,000 steps   696161 feasible sets         0 orders tried  current cost 10
    W_14: 60105s  136,798,069,400 steps   696326 feasible sets         0 orders tried  current cost 3
    W_14: 60120s  136,833,071,200 steps   696478 feasible sets         0 orders tried  current cost 3
    W_14: 60135s  136,868,243,200 steps   696648 feasible sets         0 orders tried  current cost 9
    W_14: 60150s  136,903,409,200 steps   696835 feasible sets         0 orders tried  current cost 4
    W_14: 60165s  136,939,106,600 steps   697023 feasible sets         0 orders tried  current cost 6
    W_14: 60180s  136,974,716,000 steps   697219 feasible sets         0 orders tried  current cost 1
    W_14: 60195s  137,010,015,400 steps   697378 feasible sets         0 orders tried  current cost 4
    W_14: 60210s  137,044,943,000 steps   697556 feasible sets         0 orders tried  current cost 7
    W_14: 60225s  137,080,183,400 steps   697741 feasible sets         0 orders tried  current cost 14
    W_14: 60240s  137,115,419,800 steps   697932 feasible sets         0 orders tried  current cost 2
    W_14: 60255s  137,150,735,400 steps   698095 feasible sets         0 orders tried  current cost 2
    W_14: 60270s  137,185,650,600 steps   698283 feasible sets         0 orders tried  current cost 4
    W_14: 60285s  137,221,185,400 steps   698464 feasible sets         0 orders tried  current cost 11
    W_14: 60300s  137,256,328,200 steps   698627 feasible sets         0 orders tried  current cost 3
    W_14: 60315s  137,291,485,600 steps   698810 feasible sets         0 orders tried  current cost 10
    W_14: 60330s  137,326,914,000 steps   698963 feasible sets         0 orders tried  current cost 1
    W_14: 60345s  137,362,110,600 steps   699153 feasible sets         0 orders tried  current cost 3
    W_14: 60360s  137,397,306,600 steps   699316 feasible sets         0 orders tried  current cost 8
    W_14: 60375s  137,432,527,800 steps   699484 feasible sets         0 orders tried  current cost 8
    W_14: 60390s  137,467,861,800 steps   699705 feasible sets         0 orders tried  current cost 13
    W_14: 60405s  137,502,766,200 steps   699866 feasible sets         0 orders tried  current cost 10
    W_14: 60420s  137,538,085,400 steps   700056 feasible sets         0 orders tried  current cost 9
    W_14: 60435s  137,573,308,200 steps   700243 feasible sets         0 orders tried  current cost 9
    W_14: 60450s  137,608,097,800 steps   700430 feasible sets         0 orders tried  current cost 2
    W_14: 60465s  137,642,796,000 steps   700590 feasible sets         0 orders tried  current cost 1
    W_14: 60480s  137,678,267,800 steps   700814 feasible sets         0 orders tried  current cost 5
    W_14: 60495s  137,713,393,200 steps   701017 feasible sets         0 orders tried  current cost 4
    W_14: 60510s  137,749,292,000 steps   701189 feasible sets         0 orders tried  current cost 5
    W_14: 60525s  137,784,747,800 steps   701353 feasible sets         0 orders tried  current cost 7
    W_14: 60540s  137,820,105,000 steps   701571 feasible sets         0 orders tried  current cost 10
    W_14: 60555s  137,855,384,000 steps   701756 feasible sets         0 orders tried  current cost 12
    W_14: 60570s  137,890,669,200 steps   701969 feasible sets         0 orders tried  current cost 5
    W_14: 60585s  137,925,861,600 steps   702167 feasible sets         0 orders tried  current cost 14
    W_14: 60600s  137,960,755,400 steps   702347 feasible sets         0 orders tried  current cost 5
    W_14: 60615s  137,996,098,400 steps   702548 feasible sets         0 orders tried  current cost 1
    W_14: 60630s  138,031,102,800 steps   702784 feasible sets         0 orders tried  current cost 13
    W_14: 60645s  138,066,208,400 steps   702940 feasible sets         0 orders tried  current cost 5
    W_14: 60660s  138,101,105,600 steps   703138 feasible sets         0 orders tried  current cost 6
    W_14: 60675s  138,136,069,400 steps   703331 feasible sets         0 orders tried  current cost 4
    W_14: 60690s  138,171,299,200 steps   703473 feasible sets         0 orders tried  current cost 1
    W_14: 60705s  138,206,858,400 steps   703649 feasible sets         0 orders tried  current cost 4
    W_14: 60720s  138,242,349,200 steps   703811 feasible sets         0 orders tried  current cost 2
    W_14: 60735s  138,277,450,000 steps   703972 feasible sets         0 orders tried  current cost 3
    W_14: 60750s  138,312,750,000 steps   704170 feasible sets         0 orders tried  current cost 3
    W_14: 60765s  138,347,783,600 steps   704348 feasible sets         0 orders tried  current cost 9
    W_14: 60780s  138,382,622,200 steps   704485 feasible sets         0 orders tried  current cost 12
    W_14: 60795s  138,417,686,200 steps   704707 feasible sets         0 orders tried  current cost 6
    W_14: 60810s  138,449,925,200 steps   704864 feasible sets         0 orders tried  current cost 6
    W_14: 60825s  138,482,795,800 steps   705038 feasible sets         0 orders tried  current cost 1
    W_14: 60840s  138,517,933,000 steps   705186 feasible sets         0 orders tried  current cost 2
    W_14: 60855s  138,553,236,400 steps   705361 feasible sets         0 orders tried  current cost 2
    W_14: 60870s  138,588,447,800 steps   705543 feasible sets         0 orders tried  current cost 6
    W_14: 60885s  138,623,964,200 steps   705739 feasible sets         0 orders tried  current cost 8
    W_14: 60900s  138,659,148,800 steps   705928 feasible sets         0 orders tried  current cost 4
    W_14: 60915s  138,693,735,800 steps   706146 feasible sets         0 orders tried  current cost 5
    W_14: 60930s  138,729,176,800 steps   706341 feasible sets         0 orders tried  current cost 2
    W_14: 60945s  138,764,543,400 steps   706518 feasible sets         0 orders tried  current cost 18
    W_14: 60960s  138,800,111,600 steps   706677 feasible sets         0 orders tried  current cost 5
    W_14: 60975s  138,835,189,600 steps   706817 feasible sets         0 orders tried  current cost 4
    W_14: 60990s  138,870,433,800 steps   706983 feasible sets         0 orders tried  current cost 1
    W_14: 61005s  138,905,649,400 steps   707162 feasible sets         0 orders tried  current cost 4
    W_14: 61020s  138,941,368,200 steps   707399 feasible sets         0 orders tried  current cost 4
    W_14: 61035s  138,976,759,000 steps   707576 feasible sets         0 orders tried  current cost 3
    W_14: 61050s  139,012,171,200 steps   707754 feasible sets         0 orders tried  current cost 3
    W_14: 61065s  139,047,456,600 steps   707975 feasible sets         0 orders tried  current cost 2
    W_14: 61080s  139,082,867,000 steps   708144 feasible sets         0 orders tried  current cost 3
    W_14: 61095s  139,117,810,400 steps   708303 feasible sets         0 orders tried  current cost 4
    W_14: 61110s  139,152,500,400 steps   708482 feasible sets         0 orders tried  current cost 8
    W_14: 61125s  139,187,592,600 steps   708677 feasible sets         0 orders tried  current cost 3
    W_14: 61140s  139,222,799,600 steps   708876 feasible sets         0 orders tried  current cost 3
    W_14: 61155s  139,258,231,800 steps   709051 feasible sets         0 orders tried  current cost 3
    W_14: 61170s  139,293,579,000 steps   709221 feasible sets         0 orders tried  current cost 4
    W_14: 61185s  139,329,248,600 steps   709398 feasible sets         0 orders tried  current cost 5
    W_14: 61200s  139,364,346,000 steps   709569 feasible sets         0 orders tried  current cost 4
    W_14: 61215s  139,399,790,200 steps   709739 feasible sets         0 orders tried  current cost 7
    W_14: 61230s  139,434,695,800 steps   709917 feasible sets         0 orders tried  current cost 2
    W_14: 61245s  139,469,886,600 steps   710095 feasible sets         0 orders tried  current cost 5
    W_14: 61260s  139,504,969,000 steps   710291 feasible sets         0 orders tried  current cost 4
    W_14: 61275s  139,539,719,400 steps   710468 feasible sets         0 orders tried  current cost 3
    W_14: 61290s  139,574,738,200 steps   710650 feasible sets         0 orders tried  current cost 2
    W_14: 61305s  139,609,933,200 steps   710836 feasible sets         0 orders tried  current cost 4
    W_14: 61320s  139,644,965,400 steps   711030 feasible sets         0 orders tried  current cost 5
    W_14: 61335s  139,679,940,200 steps   711253 feasible sets         0 orders tried  current cost 27
    W_14: 61350s  139,715,579,400 steps   711439 feasible sets         0 orders tried  current cost 2
    W_14: 61365s  139,751,262,200 steps   711583 feasible sets         0 orders tried  current cost 14
    W_14: 61380s  139,786,451,400 steps   711791 feasible sets         0 orders tried  current cost 1
    W_14: 61395s  139,821,420,600 steps   711974 feasible sets         0 orders tried  current cost 12
    W_14: 61410s  139,856,131,200 steps   712155 feasible sets         0 orders tried  current cost 5
    W_14: 61425s  139,890,791,600 steps   712366 feasible sets         0 orders tried  current cost 2
    W_14: 61440s  139,926,004,200 steps   712521 feasible sets         0 orders tried  current cost 7
    W_14: 61455s  139,961,099,600 steps   712685 feasible sets         0 orders tried  current cost 2
    W_14: 61470s  139,996,463,800 steps   712866 feasible sets         0 orders tried  current cost 10
    W_14: 61485s  140,031,516,200 steps   713038 feasible sets         0 orders tried  current cost 5
    W_14: 61500s  140,067,064,400 steps   713227 feasible sets         0 orders tried  current cost 8
    W_14: 61515s  140,102,566,000 steps   713382 feasible sets         0 orders tried  current cost 7
    W_14: 61530s  140,137,629,600 steps   713575 feasible sets         0 orders tried  current cost 5
    W_14: 61545s  140,172,533,600 steps   713765 feasible sets         0 orders tried  current cost 4
    W_14: 61560s  140,207,949,200 steps   713964 feasible sets         0 orders tried  current cost 4
    W_14: 61575s  140,242,724,800 steps   714130 feasible sets         0 orders tried  current cost 8
    W_14: 61590s  140,277,994,800 steps   714322 feasible sets         0 orders tried  current cost 3
    W_14: 61605s  140,312,916,400 steps   714500 feasible sets         0 orders tried  current cost 3
    W_14: 61620s  140,347,942,200 steps   714670 feasible sets         0 orders tried  current cost 16
    W_14: 61635s  140,383,388,000 steps   714828 feasible sets         0 orders tried  current cost 6
    W_14: 61650s  140,418,318,800 steps   715031 feasible sets         0 orders tried  current cost 4
    W_14: 61665s  140,453,872,200 steps   715187 feasible sets         0 orders tried  current cost 3
    W_14: 61680s  140,489,612,800 steps   715355 feasible sets         0 orders tried  current cost 2
    W_14: 61695s  140,524,641,800 steps   715529 feasible sets         0 orders tried  current cost 15
    W_14: 61710s  140,559,661,400 steps   715685 feasible sets         0 orders tried  current cost 11
    W_14: 61725s  140,594,306,000 steps   715918 feasible sets         0 orders tried  current cost 6
    W_14: 61740s  140,629,726,800 steps   716087 feasible sets         0 orders tried  current cost 10
    W_14: 61755s  140,665,026,000 steps   716290 feasible sets         0 orders tried  current cost 7
    W_14: 61770s  140,699,736,200 steps   716484 feasible sets         0 orders tried  current cost 4
    W_14: 61785s  140,734,947,800 steps   716642 feasible sets         0 orders tried  current cost 5
    W_14: 61800s  140,770,228,400 steps   716840 feasible sets         0 orders tried  current cost 7
    W_14: 61815s  140,805,669,200 steps   717046 feasible sets         0 orders tried  current cost 8
    W_14: 61830s  140,841,027,200 steps   717214 feasible sets         0 orders tried  current cost 6
    W_14: 61845s  140,876,233,800 steps   717409 feasible sets         0 orders tried  current cost 4
    W_14: 61860s  140,911,486,600 steps   717574 feasible sets         0 orders tried  current cost 6
    W_14: 61875s  140,946,398,600 steps   717743 feasible sets         0 orders tried  current cost 4
    W_14: 61890s  140,981,951,000 steps   717903 feasible sets         0 orders tried  current cost 1
    W_14: 61905s  141,017,418,800 steps   718075 feasible sets         0 orders tried  current cost 2
    W_14: 61920s  141,053,174,600 steps   718241 feasible sets         0 orders tried  current cost 4
    W_14: 61935s  141,088,438,000 steps   718437 feasible sets         0 orders tried  current cost 2
    W_14: 61950s  141,123,575,800 steps   718596 feasible sets         0 orders tried  current cost 2
    W_14: 61965s  141,159,112,400 steps   718794 feasible sets         0 orders tried  current cost 3
    W_14: 61980s  141,194,164,800 steps   718966 feasible sets         0 orders tried  current cost 10
    W_14: 61995s  141,229,560,400 steps   719157 feasible sets         0 orders tried  current cost 18
    W_14: 62010s  141,264,594,400 steps   719320 feasible sets         0 orders tried  current cost 4
    W_14: 62025s  141,299,980,600 steps   719483 feasible sets         0 orders tried  current cost 13
    W_14: 62040s  141,335,049,000 steps   719675 feasible sets         0 orders tried  current cost 2
    W_14: 62055s  141,370,552,600 steps   719833 feasible sets         0 orders tried  current cost 2
    W_14: 62070s  141,405,414,600 steps   720004 feasible sets         0 orders tried  current cost 5
    W_14: 62085s  141,440,764,000 steps   720186 feasible sets         0 orders tried  current cost 12
    W_14: 62100s  141,476,019,000 steps   720364 feasible sets         0 orders tried  current cost 4
    W_14: 62115s  141,511,112,200 steps   720563 feasible sets         0 orders tried  current cost 3
    W_14: 62130s  141,546,443,000 steps   720768 feasible sets         0 orders tried  current cost 11
    W_14: 62145s  141,581,350,200 steps   720927 feasible sets         0 orders tried  current cost 5
    W_14: 62160s  141,616,556,600 steps   721084 feasible sets         0 orders tried  current cost 4
    W_14: 62175s  141,651,631,200 steps   721248 feasible sets         0 orders tried  current cost 4
    W_14: 62190s  141,687,273,600 steps   721441 feasible sets         0 orders tried  current cost 2
    W_14: 62205s  141,722,600,200 steps   721621 feasible sets         0 orders tried  current cost 8
    W_14: 62220s  141,757,385,200 steps   721805 feasible sets         0 orders tried  current cost 12
    W_14: 62235s  141,792,386,400 steps   721960 feasible sets         0 orders tried  current cost 7
    W_14: 62250s  141,827,473,200 steps   722105 feasible sets         0 orders tried  current cost 5
    W_14: 62265s  141,862,784,200 steps   722244 feasible sets         0 orders tried  current cost 15
    W_14: 62280s  141,897,946,600 steps   722493 feasible sets         0 orders tried  current cost 4
    W_14: 62295s  141,933,070,400 steps   722636 feasible sets         0 orders tried  current cost 6
    W_14: 62310s  141,968,468,800 steps   722812 feasible sets         0 orders tried  current cost 2
    W_14: 62325s  142,003,336,600 steps   722992 feasible sets         0 orders tried  current cost 3
    W_14: 62340s  142,038,364,600 steps   723135 feasible sets         0 orders tried  current cost 9
    W_14: 62355s  142,073,113,600 steps   723360 feasible sets         0 orders tried  current cost 4
    W_14: 62370s  142,108,163,000 steps   723553 feasible sets         0 orders tried  current cost 9
    W_14: 62385s  142,143,243,800 steps   723713 feasible sets         0 orders tried  current cost 8
    W_14: 62400s  142,178,205,600 steps   723888 feasible sets         0 orders tried  current cost 7
    W_14: 62415s  142,213,551,600 steps   724084 feasible sets         0 orders tried  current cost 3
    W_14: 62430s  142,248,616,600 steps   724257 feasible sets         0 orders tried  current cost 3
    W_14: 62445s  142,283,402,200 steps   724452 feasible sets         0 orders tried  current cost 11
    W_14: 62460s  142,318,108,400 steps   724643 feasible sets         0 orders tried  current cost 6
    W_14: 62475s  142,353,397,800 steps   724843 feasible sets         0 orders tried  current cost 1
    W_14: 62490s  142,388,125,000 steps   725033 feasible sets         0 orders tried  current cost 5
    W_14: 62505s  142,422,717,200 steps   725182 feasible sets         0 orders tried  current cost 3
    W_14: 62520s  142,458,113,400 steps   725318 feasible sets         0 orders tried  current cost 2
    W_14: 62535s  142,492,959,600 steps   725472 feasible sets         0 orders tried  current cost 3
    W_14: 62550s  142,527,861,000 steps   725634 feasible sets         0 orders tried  current cost 11
    W_14: 62565s  142,562,803,200 steps   725814 feasible sets         0 orders tried  current cost 14
    W_14: 62580s  142,597,843,600 steps   726009 feasible sets         0 orders tried  current cost 9
    W_14: 62595s  142,633,113,400 steps   726165 feasible sets         0 orders tried  current cost 4
    W_14: 62610s  142,667,799,600 steps   726342 feasible sets         0 orders tried  current cost 2
    W_14: 62625s  142,702,921,600 steps   726563 feasible sets         0 orders tried  current cost 12
    W_14: 62640s  142,737,939,600 steps   726697 feasible sets         0 orders tried  current cost 3
    W_14: 62655s  142,772,968,400 steps   726821 feasible sets         0 orders tried  current cost 2
    W_14: 62670s  142,807,563,400 steps   726987 feasible sets         0 orders tried  current cost 14
    W_14: 62685s  142,842,421,800 steps   727201 feasible sets         0 orders tried  current cost 15
    W_14: 62700s  142,877,864,800 steps   727412 feasible sets         0 orders tried  current cost 8
    W_14: 62715s  142,913,184,800 steps   727602 feasible sets         0 orders tried  current cost 7
    W_14: 62730s  142,948,266,400 steps   727785 feasible sets         0 orders tried  current cost 7
    W_14: 62745s  142,983,248,400 steps   727950 feasible sets         0 orders tried  current cost 5
    W_14: 62760s  143,018,591,400 steps   728122 feasible sets         0 orders tried  current cost 6
    W_14: 62775s  143,053,799,000 steps   728312 feasible sets         0 orders tried  current cost 3
    W_14: 62790s  143,088,733,200 steps   728476 feasible sets         0 orders tried  current cost 3
    W_14: 62805s  143,123,981,400 steps   728662 feasible sets         0 orders tried  current cost 12
    W_14: 62820s  143,158,895,800 steps   728855 feasible sets         0 orders tried  current cost 3
    W_14: 62835s  143,194,016,400 steps   729064 feasible sets         0 orders tried  current cost 2
    W_14: 62850s  143,228,942,800 steps   729247 feasible sets         0 orders tried  current cost 11
    W_14: 62865s  143,264,205,600 steps   729454 feasible sets         0 orders tried  current cost 8
    W_14: 62880s  143,299,549,600 steps   729624 feasible sets         0 orders tried  current cost 6
    W_14: 62895s  143,334,951,000 steps   729788 feasible sets         0 orders tried  current cost 3
    W_14: 62910s  143,369,889,000 steps   729934 feasible sets         0 orders tried  current cost 8
    W_14: 62925s  143,404,711,200 steps   730108 feasible sets         0 orders tried  current cost 5
    W_14: 62940s  143,439,807,800 steps   730307 feasible sets         0 orders tried  current cost 6
    W_14: 62955s  143,474,790,800 steps   730437 feasible sets         0 orders tried  current cost 5
    W_14: 62970s  143,509,844,600 steps   730641 feasible sets         0 orders tried  current cost 13
    W_14: 62985s  143,544,649,800 steps   730823 feasible sets         0 orders tried  current cost 3
    W_14: 63000s  143,579,571,800 steps   730974 feasible sets         0 orders tried  current cost 2
    W_14: 63015s  143,614,644,600 steps   731180 feasible sets         0 orders tried  current cost 10
    W_14: 63030s  143,649,506,200 steps   731391 feasible sets         0 orders tried  current cost 9
    W_14: 63045s  143,684,463,200 steps   731582 feasible sets         0 orders tried  current cost 12
    W_14: 63060s  143,719,695,400 steps   731726 feasible sets         0 orders tried  current cost 4
    W_14: 63075s  143,752,895,600 steps   731895 feasible sets         0 orders tried  current cost 4
    W_14: 63090s  143,787,238,200 steps   732066 feasible sets         0 orders tried  current cost 2
    W_14: 63105s  143,821,942,400 steps   732272 feasible sets         0 orders tried  current cost 12
    W_14: 63120s  143,855,646,200 steps   732447 feasible sets         0 orders tried  current cost 5
    W_14: 63135s  143,889,279,600 steps   732644 feasible sets         0 orders tried  current cost 1
    W_14: 63150s  143,923,098,200 steps   732832 feasible sets         0 orders tried  current cost 2
    W_14: 63165s  143,957,385,800 steps   732989 feasible sets         0 orders tried  current cost 10
    W_14: 63180s  143,991,263,400 steps   733149 feasible sets         0 orders tried  current cost 9
    W_14: 63195s  144,025,336,000 steps   733332 feasible sets         0 orders tried  current cost 3
    W_14: 63210s  144,059,064,000 steps   733525 feasible sets         0 orders tried  current cost 10
    W_14: 63225s  144,092,806,600 steps   733722 feasible sets         0 orders tried  current cost 8
    W_14: 63240s  144,127,221,000 steps   733899 feasible sets         0 orders tried  current cost 16
    W_14: 63255s  144,161,969,000 steps   734042 feasible sets         0 orders tried  current cost 4
    W_14: 63270s  144,194,521,200 steps   734237 feasible sets         0 orders tried  current cost 15
    W_14: 63285s  144,228,330,800 steps   734418 feasible sets         0 orders tried  current cost 1
    W_14: 63300s  144,261,262,400 steps   734634 feasible sets         0 orders tried  current cost 11
    W_14: 63315s  144,296,044,800 steps   734800 feasible sets         0 orders tried  current cost 9
    W_14: 63330s  144,330,821,600 steps   734945 feasible sets         0 orders tried  current cost 11
    W_14: 63345s  144,365,505,200 steps   735125 feasible sets         0 orders tried  current cost 6
    W_14: 63360s  144,400,162,800 steps   735276 feasible sets         0 orders tried  current cost 8
    W_14: 63375s  144,435,245,000 steps   735495 feasible sets         0 orders tried  current cost 9
    W_14: 63390s  144,470,097,600 steps   735643 feasible sets         0 orders tried  current cost 3
    W_14: 63405s  144,505,118,000 steps   735834 feasible sets         0 orders tried  current cost 2
    W_14: 63420s  144,539,824,000 steps   736038 feasible sets         0 orders tried  current cost 7
    W_14: 63435s  144,574,527,800 steps   736199 feasible sets         0 orders tried  current cost 4
    W_14: 63450s  144,609,284,000 steps   736376 feasible sets         0 orders tried  current cost 7
    W_14: 63465s  144,644,473,800 steps   736589 feasible sets         0 orders tried  current cost 4
    W_14: 63480s  144,679,512,000 steps   736795 feasible sets         0 orders tried  current cost 2
    W_14: 63495s  144,714,986,800 steps   736946 feasible sets         0 orders tried  current cost 6
    W_14: 63510s  144,749,543,000 steps   737137 feasible sets         0 orders tried  current cost 13
    W_14: 63525s  144,784,641,200 steps   737368 feasible sets         0 orders tried  current cost 13
    W_14: 63540s  144,819,586,200 steps   737542 feasible sets         0 orders tried  current cost 6
    W_14: 63555s  144,854,576,800 steps   737759 feasible sets         0 orders tried  current cost 3
    W_14: 63570s  144,889,285,200 steps   737919 feasible sets         0 orders tried  current cost 11
    W_14: 63585s  144,924,509,400 steps   738127 feasible sets         0 orders tried  current cost 4
    W_14: 63600s  144,959,517,800 steps   738306 feasible sets         0 orders tried  current cost 4
    W_14: 63615s  144,994,540,800 steps   738427 feasible sets         0 orders tried  current cost 13
    W_14: 63630s  145,029,297,800 steps   738597 feasible sets         0 orders tried  current cost 2
    W_14: 63645s  145,063,987,000 steps   738746 feasible sets         0 orders tried  current cost 4
    W_14: 63660s  145,099,059,200 steps   738943 feasible sets         0 orders tried  current cost 2
    W_14: 63675s  145,133,769,800 steps   739121 feasible sets         0 orders tried  current cost 4
    W_14: 63690s  145,168,385,600 steps   739296 feasible sets         0 orders tried  current cost 9
    W_14: 63705s  145,202,999,000 steps   739456 feasible sets         0 orders tried  current cost 5
    W_14: 63720s  145,237,815,800 steps   739649 feasible sets         0 orders tried  current cost 4
    W_14: 63735s  145,272,853,000 steps   739833 feasible sets         0 orders tried  current cost 3
    W_14: 63750s  145,307,367,600 steps   740007 feasible sets         0 orders tried  current cost 6
    W_14: 63765s  145,342,015,400 steps   740195 feasible sets         0 orders tried  current cost 1
    W_14: 63780s  145,376,923,600 steps   740359 feasible sets         0 orders tried  current cost 11
    W_14: 63795s  145,412,142,200 steps   740550 feasible sets         0 orders tried  current cost 10
    W_14: 63810s  145,446,832,600 steps   740701 feasible sets         0 orders tried  current cost 3
    W_14: 63825s  145,482,026,000 steps   740908 feasible sets         0 orders tried  current cost 9
    W_14: 63840s  145,516,587,800 steps   741051 feasible sets         0 orders tried  current cost 10
    W_14: 63855s  145,551,343,600 steps   741220 feasible sets         0 orders tried  current cost 7
    W_14: 63870s  145,586,339,200 steps   741373 feasible sets         0 orders tried  current cost 1
    W_14: 63885s  145,620,720,800 steps   741577 feasible sets         0 orders tried  current cost 11
    W_14: 63900s  145,655,244,600 steps   741764 feasible sets         0 orders tried  current cost 11
    W_14: 63915s  145,689,963,800 steps   741946 feasible sets         0 orders tried  current cost 6
    W_14: 63930s  145,724,964,000 steps   742090 feasible sets         0 orders tried  current cost 13
    W_14: 63945s  145,759,448,800 steps   742267 feasible sets         0 orders tried  current cost 5
    W_14: 63960s  145,794,556,400 steps   742435 feasible sets         0 orders tried  current cost 3
    W_14: 63975s  145,829,547,800 steps   742634 feasible sets         0 orders tried  current cost 4
    W_14: 63990s  145,864,093,800 steps   742796 feasible sets         0 orders tried  current cost 3
    W_14: 64005s  145,898,632,200 steps   742992 feasible sets         0 orders tried  current cost 3
    W_14: 64020s  145,933,398,800 steps   743133 feasible sets         0 orders tried  current cost 3
    W_14: 64035s  145,968,138,400 steps   743307 feasible sets         0 orders tried  current cost 3
    W_14: 64050s  146,002,975,800 steps   743466 feasible sets         0 orders tried  current cost 1
    W_14: 64065s  146,038,392,600 steps   743672 feasible sets         0 orders tried  current cost 4
    W_14: 64080s  146,072,650,000 steps   743841 feasible sets         0 orders tried  current cost 2
    W_14: 64095s  146,107,635,400 steps   744013 feasible sets         0 orders tried  current cost 1
    W_14: 64110s  146,142,587,400 steps   744245 feasible sets         0 orders tried  current cost 8
    W_14: 64125s  146,177,484,800 steps   744403 feasible sets         0 orders tried  current cost 9
    W_14: 64140s  146,212,399,000 steps   744572 feasible sets         0 orders tried  current cost 1
    W_14: 64155s  146,247,145,400 steps   744734 feasible sets         0 orders tried  current cost 10
    W_14: 64170s  146,281,756,400 steps   744884 feasible sets         0 orders tried  current cost 4
    W_14: 64185s  146,316,829,600 steps   745054 feasible sets         0 orders tried  current cost 4
    W_14: 64200s  146,351,259,200 steps   745220 feasible sets         0 orders tried  current cost 3
    W_14: 64215s  146,386,016,200 steps   745387 feasible sets         0 orders tried  current cost 3
    W_14: 64230s  146,420,724,000 steps   745549 feasible sets         0 orders tried  current cost 11
    W_14: 64245s  146,455,025,400 steps   745699 feasible sets         0 orders tried  current cost 9
    W_14: 64260s  146,489,826,200 steps   745840 feasible sets         0 orders tried  current cost 6
    W_14: 64275s  146,524,151,000 steps   746005 feasible sets         0 orders tried  current cost 2
    W_14: 64290s  146,559,114,200 steps   746162 feasible sets         0 orders tried  current cost 1
    W_14: 64305s  146,593,866,600 steps   746346 feasible sets         0 orders tried  current cost 7
    W_14: 64320s  146,627,885,200 steps   746490 feasible sets         0 orders tried  current cost 10
    W_14: 64335s  146,661,769,200 steps   746609 feasible sets         0 orders tried  current cost 5
    W_14: 64350s  146,694,886,400 steps   746753 feasible sets         0 orders tried  current cost 7
    W_14: 64365s  146,728,183,400 steps   746917 feasible sets         0 orders tried  current cost 11
    W_14: 64380s  146,761,861,200 steps   747064 feasible sets         0 orders tried  current cost 11
    W_14: 64395s  146,794,998,400 steps   747221 feasible sets         0 orders tried  current cost 2
    W_14: 64410s  146,829,014,800 steps   747403 feasible sets         0 orders tried  current cost 2
    W_14: 64425s  146,862,301,400 steps   747539 feasible sets         0 orders tried  current cost 9
    W_14: 64440s  146,895,112,000 steps   747706 feasible sets         0 orders tried  current cost 4
    W_14: 64455s  146,928,449,600 steps   747874 feasible sets         0 orders tried  current cost 4
    W_14: 64470s  146,962,242,400 steps   747999 feasible sets         0 orders tried  current cost 11
    W_14: 64485s  146,996,646,800 steps   748183 feasible sets         0 orders tried  current cost 8
    W_14: 64500s  147,030,455,800 steps   748348 feasible sets         0 orders tried  current cost 3
    W_14: 64515s  147,065,130,000 steps   748503 feasible sets         0 orders tried  current cost 4
    W_14: 64530s  147,099,533,000 steps   748683 feasible sets         0 orders tried  current cost 3
    W_14: 64545s  147,133,317,000 steps   748862 feasible sets         0 orders tried  current cost 4
    W_14: 64560s  147,167,280,400 steps   749021 feasible sets         0 orders tried  current cost 17
    W_14: 64575s  147,200,869,400 steps   749228 feasible sets         0 orders tried  current cost 6
    W_14: 64590s  147,235,091,400 steps   749399 feasible sets         0 orders tried  current cost 4
    W_14: 64605s  147,270,272,000 steps   749584 feasible sets         0 orders tried  current cost 1
    W_14: 64620s  147,304,426,200 steps   749756 feasible sets         0 orders tried  current cost 7
    W_14: 64635s  147,337,194,000 steps   749908 feasible sets         0 orders tried  current cost 1
    W_14: 64650s  147,371,330,200 steps   750079 feasible sets         0 orders tried  current cost 5
    W_14: 64665s  147,405,898,800 steps   750211 feasible sets         0 orders tried  current cost 1
    W_14: 64680s  147,440,011,000 steps   750387 feasible sets         0 orders tried  current cost 3
    W_14: 64695s  147,474,744,600 steps   750587 feasible sets         0 orders tried  current cost 11
    W_14: 64710s  147,509,849,800 steps   750783 feasible sets         0 orders tried  current cost 3
    W_14: 64725s  147,544,436,600 steps   750892 feasible sets         0 orders tried  current cost 3
    W_14: 64740s  147,579,038,000 steps   751071 feasible sets         0 orders tried  current cost 3
    W_14: 64755s  147,613,580,000 steps   751216 feasible sets         0 orders tried  current cost 1
    W_14: 64770s  147,647,729,200 steps   751383 feasible sets         0 orders tried  current cost 2
    W_14: 64785s  147,681,947,600 steps   751585 feasible sets         0 orders tried  current cost 6
seed=7, time limit 64800s per wheel

W_14  not found   64800s, 751758 feasible sets, 0 orders tried

0/1 wheels solved and independently verified.
A wheel not solved here is undecided, not shown to be impossible: this search is incomplete by design.
