    W_14:    15s  33,633,400 steps      224 feasible sets         0 orders tried  current cost 4
    W_14:    30s  68,364,800 steps      362 feasible sets         0 orders tried  current cost 13
    W_14:    45s  103,289,400 steps      513 feasible sets         0 orders tried  current cost 8
    W_14:    60s  137,442,200 steps      668 feasible sets         0 orders tried  current cost 13
    W_14:    75s  171,101,400 steps      814 feasible sets         0 orders tried  current cost 19
    W_14:    90s  205,187,800 steps      976 feasible sets         0 orders tried  current cost 6
    W_14:   105s  238,993,200 steps     1171 feasible sets         0 orders tried  current cost 3
    W_14:   120s  272,941,800 steps     1372 feasible sets         0 orders tried  current cost 13
    W_14:   135s  302,510,400 steps     1539 feasible sets         0 orders tried  current cost 3
    W_14:   150s  321,168,200 steps     1641 feasible sets         0 orders tried  current cost 7
    W_14:   165s  355,113,200 steps     1809 feasible sets         0 orders tried  current cost 3
    W_14:   180s  389,262,600 steps     1968 feasible sets         0 orders tried  current cost 9
    W_14:   195s  423,118,800 steps     2128 feasible sets         0 orders tried  current cost 2
    W_14:   210s  457,313,200 steps     2295 feasible sets         0 orders tried  current cost 5
    W_14:   225s  491,642,600 steps     2463 feasible sets         0 orders tried  current cost 9
    W_14:   240s  525,224,000 steps     2637 feasible sets         0 orders tried  current cost 10
    W_14:   255s  559,274,600 steps     2807 feasible sets         0 orders tried  current cost 4
    W_14:   270s  592,954,800 steps     2976 feasible sets         0 orders tried  current cost 2
    W_14:   285s  627,101,000 steps     3134 feasible sets         0 orders tried  current cost 9
    W_14:   300s  661,187,400 steps     3322 feasible sets         0 orders tried  current cost 8
    W_14:   315s  695,039,200 steps     3495 feasible sets         0 orders tried  current cost 4
    W_14:   330s  729,062,600 steps     3659 feasible sets         0 orders tried  current cost 11
    W_14:   345s  763,217,400 steps     3841 feasible sets         0 orders tried  current cost 3
    W_14:   360s  797,379,000 steps     3992 feasible sets         0 orders tried  current cost 3
    W_14:   375s  831,680,000 steps     4203 feasible sets         0 orders tried  current cost 3
    W_14:   390s  865,739,800 steps     4376 feasible sets         0 orders tried  current cost 3
    W_14:   405s  899,787,200 steps     4539 feasible sets         0 orders tried  current cost 5
    W_14:   420s  933,974,800 steps     4700 feasible sets         0 orders tried  current cost 4
    W_14:   435s  967,938,800 steps     4841 feasible sets         0 orders tried  current cost 3
    W_14:   450s  1,002,076,400 steps     5016 feasible sets         0 orders tried  current cost 4
    W_14:   465s  1,035,999,600 steps     5147 feasible sets         0 orders tried  current cost 2
    W_14:   480s  1,070,044,000 steps     5297 feasible sets         0 orders tried  current cost 11
    W_14:   495s  1,104,380,400 steps     5490 feasible sets         0 orders tried  current cost 9
    W_14:   510s  1,138,161,400 steps     5668 feasible sets         0 orders tried  current cost 12
    W_14:   525s  1,172,457,200 steps     5864 feasible sets         0 orders tried  current cost 2
    W_14:   540s  1,206,649,000 steps     6035 feasible sets         0 orders tried  current cost 3
    W_14:   555s  1,240,616,800 steps     6193 feasible sets         0 orders tried  current cost 4
    W_14:   570s  1,274,866,600 steps     6379 feasible sets         0 orders tried  current cost 5
    W_14:   585s  1,308,148,000 steps     6543 feasible sets         0 orders tried  current cost 4
    W_14:   600s  1,342,002,200 steps     6738 feasible sets         0 orders tried  current cost 13
    W_14:   615s  1,376,268,200 steps     6918 feasible sets         0 orders tried  current cost 3
    W_14:   630s  1,410,217,800 steps     7096 feasible sets         0 orders tried  current cost 2
    W_14:   645s  1,444,401,600 steps     7275 feasible sets         0 orders tried  current cost 11
    W_14:   660s  1,478,070,400 steps     7454 feasible sets         0 orders tried  current cost 4
    W_14:   675s  1,511,918,800 steps     7633 feasible sets         0 orders tried  current cost 1
    W_14:   690s  1,545,778,200 steps     7813 feasible sets         0 orders tried  current cost 2
    W_14:   705s  1,579,650,000 steps     7983 feasible sets         0 orders tried  current cost 4
    W_14:   720s  1,613,682,600 steps     8182 feasible sets         0 orders tried  current cost 8
    W_14:   735s  1,647,650,400 steps     8334 feasible sets         0 orders tried  current cost 4
    W_14:   750s  1,681,635,400 steps     8500 feasible sets         0 orders tried  current cost 4
    W_14:   765s  1,715,573,400 steps     8679 feasible sets         0 orders tried  current cost 3
    W_14:   780s  1,749,285,800 steps     8843 feasible sets         0 orders tried  current cost 9
    W_14:   795s  1,783,076,600 steps     9009 feasible sets         0 orders tried  current cost 2
    W_14:   810s  1,816,873,000 steps     9172 feasible sets         0 orders tried  current cost 3
    W_14:   825s  1,847,260,200 steps     9308 feasible sets         0 orders tried  current cost 12
    W_14:   840s  1,867,547,400 steps     9369 feasible sets         0 orders tried  current cost 6
    W_14:   855s  1,901,463,800 steps     9523 feasible sets         0 orders tried  current cost 15
    W_14:   870s  1,935,470,600 steps     9711 feasible sets         0 orders tried  current cost 6
    W_14:   885s  1,969,484,000 steps     9875 feasible sets         0 orders tried  current cost 12
    W_14:   900s  2,003,820,000 steps    10055 feasible sets         0 orders tried  current cost 3
    W_14:   915s  2,038,266,600 steps    10244 feasible sets         0 orders tried  current cost 6
    W_14:   930s  2,072,608,200 steps    10399 feasible sets         0 orders tried  current cost 2
    W_14:   945s  2,106,931,000 steps    10590 feasible sets         0 orders tried  current cost 4
    W_14:   960s  2,140,705,200 steps    10731 feasible sets         0 orders tried  current cost 9
    W_14:   975s  2,174,578,000 steps    10890 feasible sets         0 orders tried  current cost 3
    W_14:   990s  2,208,592,000 steps    11074 feasible sets         0 orders tried  current cost 4
    W_14:  1005s  2,242,499,600 steps    11239 feasible sets         0 orders tried  current cost 4
    W_14:  1020s  2,276,426,400 steps    11376 feasible sets         0 orders tried  current cost 5
    W_14:  1035s  2,310,173,800 steps    11539 feasible sets         0 orders tried  current cost 4
    W_14:  1050s  2,344,456,800 steps    11714 feasible sets         0 orders tried  current cost 3
    W_14:  1065s  2,378,331,000 steps    11844 feasible sets         0 orders tried  current cost 4
    W_14:  1080s  2,412,074,000 steps    12031 feasible sets         0 orders tried  current cost 2
    W_14:  1095s  2,445,657,000 steps    12223 feasible sets         0 orders tried  current cost 2
    W_14:  1110s  2,479,645,800 steps    12397 feasible sets         0 orders tried  current cost 5
    W_14:  1125s  2,513,712,800 steps    12558 feasible sets         0 orders tried  current cost 5
    W_14:  1140s  2,547,633,400 steps    12721 feasible sets         0 orders tried  current cost 3
    W_14:  1155s  2,581,636,400 steps    12863 feasible sets         0 orders tried  current cost 4
    W_14:  1170s  2,615,228,000 steps    13017 feasible sets         0 orders tried  current cost 4
    W_14:  1185s  2,649,567,000 steps    13221 feasible sets         0 orders tried  current cost 6
    W_14:  1200s  2,683,506,800 steps    13373 feasible sets         0 orders tried  current cost 9
    W_14:  1215s  2,717,459,000 steps    13531 feasible sets         0 orders tried  current cost 5
    W_14:  1230s  2,751,682,400 steps    13706 feasible sets         0 orders tried  current cost 15
    W_14:  1245s  2,785,653,600 steps    13870 feasible sets         0 orders tried  current cost 4
    W_14:  1260s  2,819,466,200 steps    14063 feasible sets         0 orders tried  current cost 8
    W_14:  1275s  2,853,443,800 steps    14265 feasible sets         0 orders tried  current cost 9
    W_14:  1290s  2,887,107,200 steps    14413 feasible sets         0 orders tried  current cost 5
    W_14:  1305s  2,921,248,600 steps    14565 feasible sets         0 orders tried  current cost 6
    W_14:  1320s  2,955,253,200 steps    14749 feasible sets         0 orders tried  current cost 3
    W_14:  1335s  2,989,157,400 steps    14915 feasible sets         0 orders tried  current cost 3
    W_14:  1350s  3,021,366,800 steps    15098 feasible sets         0 orders tried  current cost 7
    W_14:  1365s  3,053,733,200 steps    15264 feasible sets         0 orders tried  current cost 4
    W_14:  1380s  3,087,209,400 steps    15419 feasible sets         0 orders tried  current cost 4
    W_14:  1395s  3,120,811,400 steps    15627 feasible sets         0 orders tried  current cost 2
    W_14:  1410s  3,154,262,200 steps    15859 feasible sets         0 orders tried  current cost 10
    W_14:  1425s  3,186,933,800 steps    16061 feasible sets         0 orders tried  current cost 4
    W_14:  1440s  3,219,928,400 steps    16246 feasible sets         0 orders tried  current cost 6
    W_14:  1455s  3,253,935,800 steps    16425 feasible sets         0 orders tried  current cost 3
    W_14:  1470s  3,288,240,400 steps    16580 feasible sets         0 orders tried  current cost 12
    W_14:  1485s  3,322,215,600 steps    16764 feasible sets         0 orders tried  current cost 1
    W_14:  1500s  3,355,899,000 steps    16925 feasible sets         0 orders tried  current cost 3
    W_14:  1515s  3,385,864,200 steps    17105 feasible sets         0 orders tried  current cost 13
    W_14:  1530s  3,400,756,200 steps    17175 feasible sets         0 orders tried  current cost 2
    W_14:  1545s  3,434,599,400 steps    17338 feasible sets         0 orders tried  current cost 2
    W_14:  1560s  3,468,627,000 steps    17529 feasible sets         0 orders tried  current cost 6
    W_14:  1575s  3,502,656,200 steps    17689 feasible sets         0 orders tried  current cost 3
    W_14:  1590s  3,536,596,400 steps    17880 feasible sets         0 orders tried  current cost 1
    W_14:  1605s  3,570,633,600 steps    18064 feasible sets         0 orders tried  current cost 2
    W_14:  1620s  3,604,894,200 steps    18263 feasible sets         0 orders tried  current cost 2
    W_14:  1635s  3,638,833,000 steps    18460 feasible sets         0 orders tried  current cost 4
    W_14:  1650s  3,672,861,400 steps    18636 feasible sets         0 orders tried  current cost 14
    W_14:  1665s  3,706,852,600 steps    18825 feasible sets         0 orders tried  current cost 5
    W_14:  1680s  3,740,870,600 steps    18991 feasible sets         0 orders tried  current cost 6
    W_14:  1695s  3,774,935,800 steps    19201 feasible sets         0 orders tried  current cost 3
    W_14:  1710s  3,809,170,400 steps    19389 feasible sets         0 orders tried  current cost 3
    W_14:  1725s  3,843,165,000 steps    19571 feasible sets         0 orders tried  current cost 5
    W_14:  1740s  3,877,420,400 steps    19734 feasible sets         0 orders tried  current cost 16
    W_14:  1755s  3,911,669,000 steps    19914 feasible sets         0 orders tried  current cost 5
    W_14:  1770s  3,945,595,800 steps    20095 feasible sets         0 orders tried  current cost 4
    W_14:  1785s  3,979,721,200 steps    20264 feasible sets         0 orders tried  current cost 13
    W_14:  1800s  4,013,884,600 steps    20490 feasible sets         0 orders tried  current cost 13
    W_14:  1815s  4,047,816,800 steps    20695 feasible sets         0 orders tried  current cost 3
    W_14:  1830s  4,082,010,600 steps    20856 feasible sets         0 orders tried  current cost 5
    W_14:  1845s  4,115,571,600 steps    20989 feasible sets         0 orders tried  current cost 2
    W_14:  1860s  4,149,661,800 steps    21169 feasible sets         0 orders tried  current cost 12
    W_14:  1875s  4,183,853,400 steps    21355 feasible sets         0 orders tried  current cost 3
    W_14:  1890s  4,217,834,800 steps    21549 feasible sets         0 orders tried  current cost 3
    W_14:  1905s  4,251,501,600 steps    21659 feasible sets         0 orders tried  current cost 14
    W_14:  1920s  4,285,214,800 steps    21823 feasible sets         0 orders tried  current cost 3
    W_14:  1935s  4,319,442,400 steps    22001 feasible sets         0 orders tried  current cost 13
    W_14:  1950s  4,353,508,400 steps    22164 feasible sets         0 orders tried  current cost 5
    W_14:  1965s  4,387,349,600 steps    22359 feasible sets         0 orders tried  current cost 2
    W_14:  1980s  4,421,487,200 steps    22524 feasible sets         0 orders tried  current cost 8
    W_14:  1995s  4,455,506,200 steps    22674 feasible sets         0 orders tried  current cost 6
    W_14:  2010s  4,489,974,200 steps    22838 feasible sets         0 orders tried  current cost 3
    W_14:  2025s  4,524,194,000 steps    23018 feasible sets         0 orders tried  current cost 4
    W_14:  2040s  4,558,132,200 steps    23202 feasible sets         0 orders tried  current cost 5
    W_14:  2055s  4,592,170,400 steps    23440 feasible sets         0 orders tried  current cost 7
    W_14:  2070s  4,626,087,800 steps    23599 feasible sets         0 orders tried  current cost 3
    W_14:  2085s  4,659,952,400 steps    23773 feasible sets         0 orders tried  current cost 1
    W_14:  2100s  4,694,228,000 steps    23956 feasible sets         0 orders tried  current cost 2
    W_14:  2115s  4,728,185,000 steps    24155 feasible sets         0 orders tried  current cost 7
    W_14:  2130s  4,762,236,400 steps    24334 feasible sets         0 orders tried  current cost 5
    W_14:  2145s  4,796,032,600 steps    24469 feasible sets         0 orders tried  current cost 4
    W_14:  2160s  4,830,199,200 steps    24641 feasible sets         0 orders tried  current cost 3
    W_14:  2175s  4,864,194,800 steps    24829 feasible sets         0 orders tried  current cost 5
    W_14:  2190s  4,897,147,000 steps    25001 feasible sets         0 orders tried  current cost 6
    W_14:  2205s  4,930,325,200 steps    25165 feasible sets         0 orders tried  current cost 9
    W_14:  2220s  4,941,962,200 steps    25221 feasible sets         0 orders tried  current cost 11
    W_14:  2235s  4,974,814,600 steps    25344 feasible sets         0 orders tried  current cost 1
    W_14:  2250s  5,009,060,200 steps    25511 feasible sets         0 orders tried  current cost 13
    W_14:  2265s  5,043,278,800 steps    25682 feasible sets         0 orders tried  current cost 3
    W_14:  2280s  5,077,284,200 steps    25863 feasible sets         0 orders tried  current cost 9
    W_14:  2295s  5,111,129,800 steps    26040 feasible sets         0 orders tried  current cost 4
    W_14:  2310s  5,145,119,400 steps    26260 feasible sets         0 orders tried  current cost 1
    W_14:  2325s  5,179,048,800 steps    26424 feasible sets         0 orders tried  current cost 3
    W_14:  2340s  5,212,988,000 steps    26634 feasible sets         0 orders tried  current cost 3
    W_14:  2355s  5,246,970,400 steps    26827 feasible sets         0 orders tried  current cost 4
    W_14:  2370s  5,281,156,000 steps    27028 feasible sets         0 orders tried  current cost 3
    W_14:  2385s  5,315,141,000 steps    27199 feasible sets         0 orders tried  current cost 9
    W_14:  2400s  5,349,166,000 steps    27360 feasible sets         0 orders tried  current cost 9
    W_14:  2415s  5,383,263,400 steps    27563 feasible sets         0 orders tried  current cost 11
    W_14:  2430s  5,417,011,200 steps    27734 feasible sets         0 orders tried  current cost 5
    W_14:  2445s  5,450,935,800 steps    27932 feasible sets         0 orders tried  current cost 2
    W_14:  2460s  5,484,697,600 steps    28096 feasible sets         0 orders tried  current cost 2
    W_14:  2475s  5,518,642,800 steps    28296 feasible sets         0 orders tried  current cost 12
    W_14:  2490s  5,552,036,400 steps    28445 feasible sets         0 orders tried  current cost 6
    W_14:  2505s  5,586,080,200 steps    28685 feasible sets         0 orders tried  current cost 16
    W_14:  2520s  5,619,975,000 steps    28853 feasible sets         0 orders tried  current cost 3
    W_14:  2535s  5,654,071,800 steps    29030 feasible sets         0 orders tried  current cost 4
    W_14:  2550s  5,688,506,800 steps    29241 feasible sets         0 orders tried  current cost 7
    W_14:  2565s  5,722,421,200 steps    29381 feasible sets         0 orders tried  current cost 10
    W_14:  2580s  5,756,527,000 steps    29610 feasible sets         0 orders tried  current cost 4
    W_14:  2595s  5,790,416,800 steps    29751 feasible sets         0 orders tried  current cost 3
    W_14:  2610s  5,824,353,800 steps    29949 feasible sets         0 orders tried  current cost 4
    W_14:  2625s  5,858,280,000 steps    30150 feasible sets         0 orders tried  current cost 3
    W_14:  2640s  5,892,140,600 steps    30329 feasible sets         0 orders tried  current cost 16
    W_14:  2655s  5,926,242,000 steps    30478 feasible sets         0 orders tried  current cost 7
    W_14:  2670s  5,959,966,400 steps    30666 feasible sets         0 orders tried  current cost 5
    W_14:  2685s  5,993,685,800 steps    30856 feasible sets         0 orders tried  current cost 12
    W_14:  2700s  6,027,985,000 steps    31003 feasible sets         0 orders tried  current cost 7
    W_14:  2715s  6,061,753,000 steps    31181 feasible sets         0 orders tried  current cost 4
    W_14:  2730s  6,095,968,200 steps    31376 feasible sets         0 orders tried  current cost 3
    W_14:  2745s  6,130,153,400 steps    31516 feasible sets         0 orders tried  current cost 3
    W_14:  2760s  6,164,231,800 steps    31714 feasible sets         0 orders tried  current cost 3
    W_14:  2775s  6,198,292,000 steps    31915 feasible sets         0 orders tried  current cost 4
    W_14:  2790s  6,231,660,800 steps    32070 feasible sets         0 orders tried  current cost 10
    W_14:  2805s  6,265,738,000 steps    32251 feasible sets         0 orders tried  current cost 2
    W_14:  2820s  6,299,982,800 steps    32461 feasible sets         0 orders tried  current cost 10
    W_14:  2835s  6,333,894,800 steps    32637 feasible sets         0 orders tried  current cost 3
    W_14:  2850s  6,367,957,800 steps    32830 feasible sets         0 orders tried  current cost 1
    W_14:  2865s  6,402,042,400 steps    32970 feasible sets         0 orders tried  current cost 12
    W_14:  2880s  6,436,347,400 steps    33156 feasible sets         0 orders tried  current cost 5
    W_14:  2895s  6,470,476,000 steps    33311 feasible sets         0 orders tried  current cost 2
    W_14:  2910s  6,504,504,400 steps    33500 feasible sets         0 orders tried  current cost 9
    W_14:  2925s  6,538,703,600 steps    33687 feasible sets         0 orders tried  current cost 15
    W_14:  2940s  6,572,776,200 steps    33867 feasible sets         0 orders tried  current cost 3
    W_14:  2955s  6,606,532,000 steps    34042 feasible sets         0 orders tried  current cost 5
    W_14:  2970s  6,640,349,400 steps    34211 feasible sets         0 orders tried  current cost 1
    W_14:  2985s  6,673,919,800 steps    34348 feasible sets         0 orders tried  current cost 1
    W_14:  3000s  6,708,059,600 steps    34516 feasible sets         0 orders tried  current cost 2
    W_14:  3015s  6,741,987,000 steps    34687 feasible sets         0 orders tried  current cost 9
    W_14:  3030s  6,776,111,000 steps    34873 feasible sets         0 orders tried  current cost 5
    W_14:  3045s  6,810,302,600 steps    35017 feasible sets         0 orders tried  current cost 11
    W_14:  3060s  6,844,219,000 steps    35184 feasible sets         0 orders tried  current cost 3
    W_14:  3075s  6,878,518,600 steps    35361 feasible sets         0 orders tried  current cost 1
    W_14:  3090s  6,912,613,800 steps    35525 feasible sets         0 orders tried  current cost 3
    W_14:  3105s  6,946,263,200 steps    35698 feasible sets         0 orders tried  current cost 8
    W_14:  3120s  6,980,457,200 steps    35856 feasible sets         0 orders tried  current cost 1
    W_14:  3135s  7,014,428,600 steps    36001 feasible sets         0 orders tried  current cost 5
    W_14:  3150s  7,048,559,200 steps    36157 feasible sets         0 orders tried  current cost 3
    W_14:  3165s  7,082,227,000 steps    36312 feasible sets         0 orders tried  current cost 9
    W_14:  3180s  7,116,553,200 steps    36490 feasible sets         0 orders tried  current cost 2
    W_14:  3195s  7,150,086,400 steps    36647 feasible sets         0 orders tried  current cost 6
    W_14:  3210s  7,183,605,600 steps    36786 feasible sets         0 orders tried  current cost 8
    W_14:  3225s  7,217,614,400 steps    36958 feasible sets         0 orders tried  current cost 5
    W_14:  3240s  7,251,393,600 steps    37115 feasible sets         0 orders tried  current cost 4
    W_14:  3255s  7,285,184,800 steps    37269 feasible sets         0 orders tried  current cost 6
    W_14:  3270s  7,319,145,000 steps    37426 feasible sets         0 orders tried  current cost 6
    W_14:  3285s  7,352,955,200 steps    37641 feasible sets         0 orders tried  current cost 2
    W_14:  3300s  7,387,101,000 steps    37811 feasible sets         0 orders tried  current cost 17
    W_14:  3315s  7,421,067,600 steps    37970 feasible sets         0 orders tried  current cost 6
    W_14:  3330s  7,455,289,800 steps    38151 feasible sets         0 orders tried  current cost 4
    W_14:  3345s  7,489,293,000 steps    38358 feasible sets         0 orders tried  current cost 4
    W_14:  3360s  7,522,516,600 steps    38504 feasible sets         0 orders tried  current cost 4
    W_14:  3375s  7,538,880,400 steps    38578 feasible sets         0 orders tried  current cost 8
    W_14:  3390s  7,570,749,600 steps    38772 feasible sets         0 orders tried  current cost 5
    W_14:  3405s  7,604,195,000 steps    38936 feasible sets         0 orders tried  current cost 4
    W_14:  3420s  7,638,670,800 steps    39111 feasible sets         0 orders tried  current cost 3
    W_14:  3435s  7,672,182,400 steps    39265 feasible sets         0 orders tried  current cost 11
    W_14:  3450s  7,706,161,600 steps    39469 feasible sets         0 orders tried  current cost 19
    W_14:  3465s  7,740,284,400 steps    39655 feasible sets         0 orders tried  current cost 11
    W_14:  3480s  7,774,387,000 steps    39872 feasible sets         0 orders tried  current cost 7
    W_14:  3495s  7,808,400,800 steps    40021 feasible sets         0 orders tried  current cost 8
    W_14:  3510s  7,841,891,000 steps    40216 feasible sets         0 orders tried  current cost 5
    W_14:  3525s  7,875,750,200 steps    40414 feasible sets         0 orders tried  current cost 5
    W_14:  3540s  7,909,545,000 steps    40564 feasible sets         0 orders tried  current cost 9
    W_14:  3555s  7,943,325,200 steps    40725 feasible sets         0 orders tried  current cost 11
    W_14:  3570s  7,977,214,200 steps    40886 feasible sets         0 orders tried  current cost 3
    W_14:  3585s  8,011,300,200 steps    41055 feasible sets         0 orders tried  current cost 11
    W_14:  3600s  8,045,422,800 steps    41225 feasible sets         0 orders tried  current cost 10
    W_14:  3615s  8,079,301,400 steps    41408 feasible sets         0 orders tried  current cost 17
    W_14:  3630s  8,113,342,800 steps    41563 feasible sets         0 orders tried  current cost 8
    W_14:  3645s  8,147,760,400 steps    41771 feasible sets         0 orders tried  current cost 16
    W_14:  3660s  8,181,905,200 steps    41966 feasible sets         0 orders tried  current cost 8
    W_14:  3675s  8,215,829,600 steps    42118 feasible sets         0 orders tried  current cost 3
    W_14:  3690s  8,249,865,800 steps    42297 feasible sets         0 orders tried  current cost 8
    W_14:  3705s  8,283,666,200 steps    42445 feasible sets         0 orders tried  current cost 10
    W_14:  3720s  8,317,473,200 steps    42648 feasible sets         0 orders tried  current cost 3
    W_14:  3735s  8,351,365,600 steps    42809 feasible sets         0 orders tried  current cost 8
    W_14:  3750s  8,385,314,200 steps    42963 feasible sets         0 orders tried  current cost 4
    W_14:  3765s  8,419,310,400 steps    43121 feasible sets         0 orders tried  current cost 7
    W_14:  3780s  8,453,314,000 steps    43301 feasible sets         0 orders tried  current cost 3
    W_14:  3795s  8,487,522,000 steps    43499 feasible sets         0 orders tried  current cost 17
    W_14:  3810s  8,521,240,600 steps    43703 feasible sets         0 orders tried  current cost 11
    W_14:  3825s  8,555,441,000 steps    43831 feasible sets         0 orders tried  current cost 15
    W_14:  3840s  8,589,536,400 steps    43996 feasible sets         0 orders tried  current cost 2
    W_14:  3855s  8,623,592,800 steps    44170 feasible sets         0 orders tried  current cost 3
    W_14:  3870s  8,657,601,600 steps    44326 feasible sets         0 orders tried  current cost 10
    W_14:  3885s  8,691,566,600 steps    44501 feasible sets         0 orders tried  current cost 4
    W_14:  3900s  8,725,358,000 steps    44690 feasible sets         0 orders tried  current cost 2
    W_14:  3915s  8,759,711,200 steps    44882 feasible sets         0 orders tried  current cost 4
    W_14:  3930s  8,794,056,200 steps    45076 feasible sets         0 orders tried  current cost 2
    W_14:  3945s  8,828,322,600 steps    45229 feasible sets         0 orders tried  current cost 8
    W_14:  3960s  8,862,125,800 steps    45402 feasible sets         0 orders tried  current cost 9
    W_14:  3975s  8,896,232,800 steps    45577 feasible sets         0 orders tried  current cost 2
    W_14:  3990s  8,929,961,400 steps    45729 feasible sets         0 orders tried  current cost 10
    W_14:  4005s  8,964,303,400 steps    45889 feasible sets         0 orders tried  current cost 7
    W_14:  4020s  8,998,103,400 steps    46078 feasible sets         0 orders tried  current cost 7
    W_14:  4035s  9,032,175,200 steps    46222 feasible sets         0 orders tried  current cost 3
    W_14:  4050s  9,066,442,000 steps    46351 feasible sets         0 orders tried  current cost 13
    W_14:  4065s  9,100,505,000 steps    46538 feasible sets         0 orders tried  current cost 8
    W_14:  4080s  9,134,554,800 steps    46714 feasible sets         0 orders tried  current cost 3
    W_14:  4095s  9,167,979,400 steps    46871 feasible sets         0 orders tried  current cost 4
    W_14:  4110s  9,201,672,600 steps    47047 feasible sets         0 orders tried  current cost 4
    W_14:  4125s  9,235,806,800 steps    47210 feasible sets         0 orders tried  current cost 5
    W_14:  4140s  9,269,819,200 steps    47374 feasible sets         0 orders tried  current cost 5
    W_14:  4155s  9,303,885,800 steps    47537 feasible sets         0 orders tried  current cost 9
    W_14:  4170s  9,338,003,400 steps    47700 feasible sets         0 orders tried  current cost 12
    W_14:  4185s  9,372,325,600 steps    47860 feasible sets         0 orders tried  current cost 10
    W_14:  4200s  9,406,202,000 steps    48029 feasible sets         0 orders tried  current cost 16
    W_14:  4215s  9,440,188,200 steps    48188 feasible sets         0 orders tried  current cost 7
    W_14:  4230s  9,474,361,400 steps    48365 feasible sets         0 orders tried  current cost 14
    W_14:  4245s  9,508,257,200 steps    48552 feasible sets         0 orders tried  current cost 3
    W_14:  4260s  9,542,440,600 steps    48708 feasible sets         0 orders tried  current cost 14
    W_14:  4275s  9,576,786,000 steps    48923 feasible sets         0 orders tried  current cost 10
    W_14:  4290s  9,610,946,800 steps    49109 feasible sets         0 orders tried  current cost 8
    W_14:  4305s  9,645,292,200 steps    49276 feasible sets         0 orders tried  current cost 3
    W_14:  4320s  9,679,156,000 steps    49469 feasible sets         0 orders tried  current cost 2
    W_14:  4335s  9,713,170,400 steps    49602 feasible sets         0 orders tried  current cost 3
    W_14:  4350s  9,747,142,000 steps    49763 feasible sets         0 orders tried  current cost 13
    W_14:  4365s  9,780,834,800 steps    49936 feasible sets         0 orders tried  current cost 2
    W_14:  4380s  9,815,040,600 steps    50094 feasible sets         0 orders tried  current cost 24
    W_14:  4395s  9,849,121,000 steps    50276 feasible sets         0 orders tried  current cost 15
    W_14:  4410s  9,882,865,800 steps    50452 feasible sets         0 orders tried  current cost 9
    W_14:  4425s  9,916,958,400 steps    50608 feasible sets         0 orders tried  current cost 3
    W_14:  4440s  9,950,854,800 steps    50790 feasible sets         0 orders tried  current cost 4
    W_14:  4455s  9,984,771,600 steps    50974 feasible sets         0 orders tried  current cost 3
    W_14:  4470s  10,018,711,000 steps    51153 feasible sets         0 orders tried  current cost 3
    W_14:  4485s  10,052,116,200 steps    51312 feasible sets         0 orders tried  current cost 1
    W_14:  4500s  10,086,182,000 steps    51500 feasible sets         0 orders tried  current cost 10
    W_14:  4515s  10,119,798,600 steps    51669 feasible sets         0 orders tried  current cost 3
    W_14:  4530s  10,138,241,000 steps    51742 feasible sets         0 orders tried  current cost 13
    W_14:  4545s  10,171,512,000 steps    51870 feasible sets         0 orders tried  current cost 1
    W_14:  4560s  10,205,817,200 steps    52022 feasible sets         0 orders tried  current cost 4
    W_14:  4575s  10,239,775,800 steps    52181 feasible sets         0 orders tried  current cost 4
    W_14:  4590s  10,274,108,200 steps    52350 feasible sets         0 orders tried  current cost 10
    W_14:  4605s  10,308,344,000 steps    52511 feasible sets         0 orders tried  current cost 10
    W_14:  4620s  10,342,183,000 steps    52673 feasible sets         0 orders tried  current cost 8
    W_14:  4635s  10,376,309,000 steps    52829 feasible sets         0 orders tried  current cost 4
    W_14:  4650s  10,410,380,600 steps    52953 feasible sets         0 orders tried  current cost 8
    W_14:  4665s  10,444,724,800 steps    53129 feasible sets         0 orders tried  current cost 7
    W_14:  4680s  10,478,264,600 steps    53297 feasible sets         0 orders tried  current cost 8
    W_14:  4695s  10,512,159,200 steps    53460 feasible sets         0 orders tried  current cost 1
    W_14:  4710s  10,546,084,000 steps    53590 feasible sets         0 orders tried  current cost 6
    W_14:  4725s  10,579,945,400 steps    53763 feasible sets         0 orders tried  current cost 5
    W_14:  4740s  10,613,689,800 steps    53906 feasible sets         0 orders tried  current cost 7
    W_14:  4755s  10,647,622,200 steps    54109 feasible sets         0 orders tried  current cost 11
    W_14:  4770s  10,681,302,600 steps    54266 feasible sets         0 orders tried  current cost 11
    W_14:  4785s  10,715,137,400 steps    54444 feasible sets         0 orders tried  current cost 3
    W_14:  4800s  10,749,137,000 steps    54635 feasible sets         0 orders tried  current cost 3
    W_14:  4815s  10,783,358,600 steps    54805 feasible sets         0 orders tried  current cost 1
    W_14:  4830s  10,817,314,200 steps    54984 feasible sets         0 orders tried  current cost 4
    W_14:  4845s  10,851,425,600 steps    55179 feasible sets         0 orders tried  current cost 8
    W_14:  4860s  10,885,254,000 steps    55329 feasible sets         0 orders tried  current cost 2
    W_14:  4875s  10,919,458,600 steps    55556 feasible sets         0 orders tried  current cost 4
    W_14:  4890s  10,953,092,200 steps    55757 feasible sets         0 orders tried  current cost 3
    W_14:  4905s  10,987,100,600 steps    55955 feasible sets         0 orders tried  current cost 19
    W_14:  4920s  11,021,301,600 steps    56128 feasible sets         0 orders tried  current cost 17
    W_14:  4935s  11,055,394,200 steps    56272 feasible sets         0 orders tried  current cost 1
    W_14:  4950s  11,089,392,200 steps    56439 feasible sets         0 orders tried  current cost 3
    W_14:  4965s  11,123,406,200 steps    56618 feasible sets         0 orders tried  current cost 10
    W_14:  4980s  11,157,814,200 steps    56803 feasible sets         0 orders tried  current cost 3
    W_14:  4995s  11,191,542,000 steps    56979 feasible sets         0 orders tried  current cost 9
    W_14:  5010s  11,225,294,600 steps    57162 feasible sets         0 orders tried  current cost 3
    W_14:  5025s  11,259,395,800 steps    57332 feasible sets         0 orders tried  current cost 4
    W_14:  5040s  11,293,563,200 steps    57507 feasible sets         0 orders tried  current cost 12
    W_14:  5055s  11,327,773,200 steps    57682 feasible sets         0 orders tried  current cost 4
    W_14:  5070s  11,362,038,400 steps    57840 feasible sets         0 orders tried  current cost 4
    W_14:  5085s  11,395,913,800 steps    57987 feasible sets         0 orders tried  current cost 4
    W_14:  5100s  11,430,012,600 steps    58150 feasible sets         0 orders tried  current cost 2
    W_14:  5115s  11,464,217,200 steps    58310 feasible sets         0 orders tried  current cost 3
    W_14:  5130s  11,497,967,000 steps    58497 feasible sets         0 orders tried  current cost 10
    W_14:  5145s  11,532,145,000 steps    58690 feasible sets         0 orders tried  current cost 6
    W_14:  5160s  11,566,259,400 steps    58866 feasible sets         0 orders tried  current cost 1
    W_14:  5175s  11,599,914,000 steps    59017 feasible sets         0 orders tried  current cost 4
    W_14:  5190s  11,633,943,800 steps    59175 feasible sets         0 orders tried  current cost 13
    W_14:  5205s  11,668,201,400 steps    59317 feasible sets         0 orders tried  current cost 9
    W_14:  5220s  11,702,257,800 steps    59517 feasible sets         0 orders tried  current cost 3
    W_14:  5235s  11,736,189,000 steps    59681 feasible sets         0 orders tried  current cost 8
    W_14:  5250s  11,770,404,800 steps    59903 feasible sets         0 orders tried  current cost 8
    W_14:  5265s  11,804,377,000 steps    60088 feasible sets         0 orders tried  current cost 2
    W_14:  5280s  11,838,368,600 steps    60237 feasible sets         0 orders tried  current cost 3
    W_14:  5295s  11,872,548,200 steps    60367 feasible sets         0 orders tried  current cost 5
    W_14:  5310s  11,906,804,200 steps    60552 feasible sets         0 orders tried  current cost 12
    W_14:  5325s  11,940,989,400 steps    60733 feasible sets         0 orders tried  current cost 6
    W_14:  5340s  11,974,890,400 steps    60904 feasible sets         0 orders tried  current cost 3
    W_14:  5355s  12,008,669,800 steps    61076 feasible sets         0 orders tried  current cost 4
    W_14:  5370s  12,043,084,000 steps    61266 feasible sets         0 orders tried  current cost 11
    W_14:  5385s  12,076,889,000 steps    61435 feasible sets         0 orders tried  current cost 5
    W_14:  5400s  12,110,858,400 steps    61641 feasible sets         0 orders tried  current cost 3
    W_14:  5415s  12,144,871,200 steps    61816 feasible sets         0 orders tried  current cost 5
    W_14:  5430s  12,179,080,600 steps    62034 feasible sets         0 orders tried  current cost 8
    W_14:  5445s  12,213,051,600 steps    62223 feasible sets         0 orders tried  current cost 5
    W_14:  5460s  12,246,900,800 steps    62392 feasible sets         0 orders tried  current cost 12
    W_14:  5475s  12,280,868,000 steps    62556 feasible sets         0 orders tried  current cost 5
    W_14:  5490s  12,315,085,800 steps    62733 feasible sets         0 orders tried  current cost 11
    W_14:  5505s  12,349,079,400 steps    62916 feasible sets         0 orders tried  current cost 1
    W_14:  5520s  12,383,097,800 steps    63100 feasible sets         0 orders tried  current cost 3
    W_14:  5535s  12,416,862,600 steps    63245 feasible sets         0 orders tried  current cost 8
    W_14:  5550s  12,450,648,800 steps    63430 feasible sets         0 orders tried  current cost 2
    W_14:  5565s  12,484,695,200 steps    63637 feasible sets         0 orders tried  current cost 3
    W_14:  5580s  12,518,934,000 steps    63852 feasible sets         0 orders tried  current cost 2
    W_14:  5595s  12,549,349,800 steps    64020 feasible sets         0 orders tried  current cost 1
    W_14:  5610s  12,577,477,600 steps    64147 feasible sets         0 orders tried  current cost 4
    W_14:  5625s  12,608,085,800 steps    64305 feasible sets         0 orders tried  current cost 9
    W_14:  5640s  12,639,139,000 steps    64465 feasible sets         0 orders tried  current cost 2
    W_14:  5655s  12,672,344,400 steps    64625 feasible sets         0 orders tried  current cost 10
    W_14:  5670s  12,703,438,000 steps    64784 feasible sets         0 orders tried  current cost 1
    W_14:  5685s  12,728,208,000 steps    64914 feasible sets         0 orders tried  current cost 8
    W_14:  5700s  12,733,684,600 steps    64961 feasible sets         0 orders tried  current cost 6
    W_14:  5715s  12,765,505,400 steps    65122 feasible sets         0 orders tried  current cost 5
    W_14:  5730s  12,799,830,800 steps    65319 feasible sets         0 orders tried  current cost 4
    W_14:  5745s  12,833,825,600 steps    65539 feasible sets         0 orders tried  current cost 9
    W_14:  5760s  12,866,098,000 steps    65702 feasible sets         0 orders tried  current cost 3
    W_14:  5775s  12,897,471,600 steps    65873 feasible sets         0 orders tried  current cost 3
    W_14:  5790s  12,927,570,200 steps    66032 feasible sets         0 orders tried  current cost 5
    W_14:  5805s  12,958,427,400 steps    66186 feasible sets         0 orders tried  current cost 3
    W_14:  5820s  12,990,950,200 steps    66353 feasible sets         0 orders tried  current cost 4
    W_14:  5835s  13,024,290,400 steps    66510 feasible sets         0 orders tried  current cost 3
    W_14:  5850s  13,058,050,200 steps    66688 feasible sets         0 orders tried  current cost 7
    W_14:  5865s  13,091,346,200 steps    66866 feasible sets         0 orders tried  current cost 5
    W_14:  5880s  13,124,653,000 steps    67043 feasible sets         0 orders tried  current cost 1
    W_14:  5895s  13,157,813,000 steps    67232 feasible sets         0 orders tried  current cost 3
    W_14:  5910s  13,191,547,800 steps    67434 feasible sets         0 orders tried  current cost 2
    W_14:  5925s  13,225,711,200 steps    67640 feasible sets         0 orders tried  current cost 5
    W_14:  5940s  13,259,937,800 steps    67823 feasible sets         0 orders tried  current cost 3
    W_14:  5955s  13,293,777,400 steps    68027 feasible sets         0 orders tried  current cost 3
    W_14:  5970s  13,327,824,600 steps    68173 feasible sets         0 orders tried  current cost 6
    W_14:  5985s  13,361,595,600 steps    68331 feasible sets         0 orders tried  current cost 1
    W_14:  6000s  13,395,489,400 steps    68492 feasible sets         0 orders tried  current cost 8
    W_14:  6015s  13,429,651,800 steps    68683 feasible sets         0 orders tried  current cost 2
    W_14:  6030s  13,463,566,800 steps    68853 feasible sets         0 orders tried  current cost 8
    W_14:  6045s  13,497,668,600 steps    69033 feasible sets         0 orders tried  current cost 5
    W_14:  6060s  13,531,786,200 steps    69183 feasible sets         0 orders tried  current cost 7
    W_14:  6075s  13,565,838,600 steps    69382 feasible sets         0 orders tried  current cost 2
    W_14:  6090s  13,599,755,600 steps    69561 feasible sets         0 orders tried  current cost 2
    W_14:  6105s  13,633,731,800 steps    69760 feasible sets         0 orders tried  current cost 6
    W_14:  6120s  13,667,620,000 steps    69933 feasible sets         0 orders tried  current cost 3
    W_14:  6135s  13,701,477,600 steps    70090 feasible sets         0 orders tried  current cost 2
    W_14:  6150s  13,735,417,200 steps    70259 feasible sets         0 orders tried  current cost 4
    W_14:  6165s  13,769,991,200 steps    70417 feasible sets         0 orders tried  current cost 6
    W_14:  6180s  13,804,421,000 steps    70570 feasible sets         0 orders tried  current cost 4
    W_14:  6195s  13,838,527,400 steps    70765 feasible sets         0 orders tried  current cost 8
    W_14:  6210s  13,872,942,000 steps    70943 feasible sets         0 orders tried  current cost 12
    W_14:  6225s  13,907,447,600 steps    71113 feasible sets         0 orders tried  current cost 5
    W_14:  6240s  13,941,517,600 steps    71346 feasible sets         0 orders tried  current cost 3
    W_14:  6255s  13,975,705,000 steps    71515 feasible sets         0 orders tried  current cost 11
    W_14:  6270s  14,010,527,200 steps    71704 feasible sets         0 orders tried  current cost 4
    W_14:  6285s  14,044,275,600 steps    71907 feasible sets         0 orders tried  current cost 3
    W_14:  6300s  14,078,558,800 steps    72096 feasible sets         0 orders tried  current cost 5
    W_14:  6315s  14,112,811,600 steps    72289 feasible sets         0 orders tried  current cost 3
    W_14:  6330s  14,146,984,200 steps    72480 feasible sets         0 orders tried  current cost 11
    W_14:  6345s  14,181,300,800 steps    72653 feasible sets         0 orders tried  current cost 18
    W_14:  6360s  14,215,634,400 steps    72847 feasible sets         0 orders tried  current cost 5
    W_14:  6375s  14,249,925,800 steps    73007 feasible sets         0 orders tried  current cost 10
    W_14:  6390s  14,284,191,000 steps    73168 feasible sets         0 orders tried  current cost 2
    W_14:  6405s  14,318,595,400 steps    73359 feasible sets         0 orders tried  current cost 2
    W_14:  6420s  14,352,611,800 steps    73500 feasible sets         0 orders tried  current cost 5
    W_14:  6435s  14,387,040,000 steps    73679 feasible sets         0 orders tried  current cost 4
    W_14:  6450s  14,421,351,800 steps    73853 feasible sets         0 orders tried  current cost 4
    W_14:  6465s  14,455,212,000 steps    74015 feasible sets         0 orders tried  current cost 2
    W_14:  6480s  14,489,153,200 steps    74166 feasible sets         0 orders tried  current cost 2
    W_14:  6495s  14,523,519,200 steps    74334 feasible sets         0 orders tried  current cost 1
    W_14:  6510s  14,557,760,000 steps    74487 feasible sets         0 orders tried  current cost 3
    W_14:  6525s  14,591,812,600 steps    74628 feasible sets         0 orders tried  current cost 3
    W_14:  6540s  14,625,912,000 steps    74807 feasible sets         0 orders tried  current cost 2
    W_14:  6555s  14,659,852,400 steps    74989 feasible sets         0 orders tried  current cost 4
    W_14:  6570s  14,694,030,600 steps    75144 feasible sets         0 orders tried  current cost 2
    W_14:  6585s  14,728,293,600 steps    75320 feasible sets         0 orders tried  current cost 4
    W_14:  6600s  14,762,398,000 steps    75474 feasible sets         0 orders tried  current cost 2
    W_14:  6615s  14,796,430,400 steps    75633 feasible sets         0 orders tried  current cost 4
    W_14:  6630s  14,830,754,800 steps    75841 feasible sets         0 orders tried  current cost 4
    W_14:  6645s  14,864,794,800 steps    76026 feasible sets         0 orders tried  current cost 2
    W_14:  6660s  14,896,373,400 steps    76214 feasible sets         0 orders tried  current cost 2
    W_14:  6675s  14,927,677,600 steps    76393 feasible sets         0 orders tried  current cost 4
    W_14:  6690s  14,959,121,200 steps    76529 feasible sets         0 orders tried  current cost 16
    W_14:  6705s  14,991,384,000 steps    76674 feasible sets         0 orders tried  current cost 11
    W_14:  6720s  15,025,555,200 steps    76840 feasible sets         0 orders tried  current cost 4
    W_14:  6735s  15,059,962,400 steps    77011 feasible sets         0 orders tried  current cost 17
    W_14:  6750s  15,094,159,400 steps    77189 feasible sets         0 orders tried  current cost 4
    W_14:  6765s  15,127,129,200 steps    77354 feasible sets         0 orders tried  current cost 3
    W_14:  6780s  15,161,038,800 steps    77541 feasible sets         0 orders tried  current cost 2
    W_14:  6795s  15,195,774,600 steps    77747 feasible sets         0 orders tried  current cost 1
    W_14:  6810s  15,229,744,800 steps    77904 feasible sets         0 orders tried  current cost 10
    W_14:  6825s  15,263,128,800 steps    78071 feasible sets         0 orders tried  current cost 5
    W_14:  6840s  15,297,110,800 steps    78264 feasible sets         0 orders tried  current cost 5
    W_14:  6855s  15,331,781,400 steps    78480 feasible sets         0 orders tried  current cost 13
    W_14:  6870s  15,365,741,800 steps    78649 feasible sets         0 orders tried  current cost 10
    W_14:  6885s  15,399,891,000 steps    78836 feasible sets         0 orders tried  current cost 1
    W_14:  6900s  15,433,896,400 steps    79003 feasible sets         0 orders tried  current cost 2
    W_14:  6915s  15,468,059,000 steps    79198 feasible sets         0 orders tried  current cost 3
    W_14:  6930s  15,501,927,200 steps    79393 feasible sets         0 orders tried  current cost 8
    W_14:  6945s  15,536,420,000 steps    79554 feasible sets         0 orders tried  current cost 5
    W_14:  6960s  15,570,902,400 steps    79706 feasible sets         0 orders tried  current cost 11
    W_14:  6975s  15,604,542,000 steps    79885 feasible sets         0 orders tried  current cost 12
    W_14:  6990s  15,638,600,000 steps    80061 feasible sets         0 orders tried  current cost 4
    W_14:  7005s  15,672,573,600 steps    80250 feasible sets         0 orders tried  current cost 2
    W_14:  7020s  15,706,805,200 steps    80440 feasible sets         0 orders tried  current cost 8
    W_14:  7035s  15,740,729,200 steps    80609 feasible sets         0 orders tried  current cost 5
    W_14:  7050s  15,774,894,400 steps    80773 feasible sets         0 orders tried  current cost 1
    W_14:  7065s  15,809,312,200 steps    80903 feasible sets         0 orders tried  current cost 4
    W_14:  7080s  15,843,444,400 steps    81091 feasible sets         0 orders tried  current cost 10
    W_14:  7095s  15,877,683,600 steps    81273 feasible sets         0 orders tried  current cost 10
    W_14:  7110s  15,911,476,800 steps    81462 feasible sets         0 orders tried  current cost 2
    W_14:  7125s  15,945,458,600 steps    81648 feasible sets         0 orders tried  current cost 3
    W_14:  7140s  15,979,593,800 steps    81820 feasible sets         0 orders tried  current cost 3
    W_14:  7155s  16,013,904,200 steps    81975 feasible sets         0 orders tried  current cost 10
    W_14:  7170s  16,048,241,000 steps    82126 feasible sets         0 orders tried  current cost 7
    W_14:  7185s  16,082,321,000 steps    82335 feasible sets         0 orders tried  current cost 18
    W_14:  7200s  16,116,270,000 steps    82516 feasible sets         0 orders tried  current cost 5
    W_14:  7215s  16,150,068,400 steps    82660 feasible sets         0 orders tried  current cost 7
    W_14:  7230s  16,184,001,600 steps    82839 feasible sets         0 orders tried  current cost 11
    W_14:  7245s  16,217,643,000 steps    83046 feasible sets         0 orders tried  current cost 18
    W_14:  7260s  16,251,548,200 steps    83231 feasible sets         0 orders tried  current cost 6
    W_14:  7275s  16,285,778,800 steps    83404 feasible sets         0 orders tried  current cost 1
    W_14:  7290s  16,319,286,800 steps    83565 feasible sets         0 orders tried  current cost 7
    W_14:  7305s  16,353,394,000 steps    83743 feasible sets         0 orders tried  current cost 4
    W_14:  7320s  16,387,023,200 steps    83922 feasible sets         0 orders tried  current cost 13
    W_14:  7335s  16,420,858,400 steps    84070 feasible sets         0 orders tried  current cost 2
    W_14:  7350s  16,454,773,200 steps    84237 feasible sets         0 orders tried  current cost 4
    W_14:  7365s  16,489,106,200 steps    84358 feasible sets         0 orders tried  current cost 11
    W_14:  7380s  16,523,299,800 steps    84574 feasible sets         0 orders tried  current cost 3
    W_14:  7395s  16,557,209,200 steps    84762 feasible sets         0 orders tried  current cost 5
    W_14:  7410s  16,591,479,600 steps    84917 feasible sets         0 orders tried  current cost 1
    W_14:  7425s  16,625,763,200 steps    85080 feasible sets         0 orders tried  current cost 11
    W_14:  7440s  16,659,883,400 steps    85249 feasible sets         0 orders tried  current cost 13
    W_14:  7455s  16,693,870,000 steps    85460 feasible sets         0 orders tried  current cost 5
    W_14:  7470s  16,727,809,800 steps    85657 feasible sets         0 orders tried  current cost 5
    W_14:  7485s  16,761,844,400 steps    85844 feasible sets         0 orders tried  current cost 12
    W_14:  7500s  16,795,536,000 steps    86036 feasible sets         0 orders tried  current cost 3
    W_14:  7515s  16,829,708,400 steps    86188 feasible sets         0 orders tried  current cost 7
    W_14:  7530s  16,863,629,600 steps    86351 feasible sets         0 orders tried  current cost 3
    W_14:  7545s  16,897,959,400 steps    86518 feasible sets         0 orders tried  current cost 4
    W_14:  7560s  16,931,830,000 steps    86717 feasible sets         0 orders tried  current cost 5
    W_14:  7575s  16,966,286,400 steps    86938 feasible sets         0 orders tried  current cost 7
    W_14:  7590s  17,000,838,000 steps    87154 feasible sets         0 orders tried  current cost 2
    W_14:  7605s  17,034,891,600 steps    87379 feasible sets         0 orders tried  current cost 4
    W_14:  7620s  17,069,456,000 steps    87524 feasible sets         0 orders tried  current cost 2
    W_14:  7635s  17,103,579,400 steps    87714 feasible sets         0 orders tried  current cost 3
    W_14:  7650s  17,137,863,800 steps    87910 feasible sets         0 orders tried  current cost 7
    W_14:  7665s  17,172,239,400 steps    88108 feasible sets         0 orders tried  current cost 3
    W_14:  7680s  17,206,136,200 steps    88282 feasible sets         0 orders tried  current cost 4
    W_14:  7695s  17,240,493,200 steps    88419 feasible sets         0 orders tried  current cost 4
    W_14:  7710s  17,274,428,800 steps    88574 feasible sets         0 orders tried  current cost 4
    W_14:  7725s  17,308,708,200 steps    88772 feasible sets         0 orders tried  current cost 5
    W_14:  7740s  17,343,012,800 steps    88909 feasible sets         0 orders tried  current cost 5
    W_14:  7755s  17,377,450,400 steps    89127 feasible sets         0 orders tried  current cost 3
    W_14:  7770s  17,411,059,000 steps    89312 feasible sets         0 orders tried  current cost 3
    W_14:  7785s  17,445,188,000 steps    89480 feasible sets         0 orders tried  current cost 5
    W_14:  7800s  17,479,102,200 steps    89681 feasible sets         0 orders tried  current cost 13
    W_14:  7815s  17,513,407,800 steps    89841 feasible sets         0 orders tried  current cost 7
    W_14:  7830s  17,547,142,400 steps    90010 feasible sets         0 orders tried  current cost 20
    W_14:  7845s  17,581,662,600 steps    90152 feasible sets         0 orders tried  current cost 11
    W_14:  7860s  17,615,835,800 steps    90321 feasible sets         0 orders tried  current cost 4
    W_14:  7875s  17,649,942,400 steps    90467 feasible sets         0 orders tried  current cost 9
    W_14:  7890s  17,680,316,800 steps    90608 feasible sets         0 orders tried  current cost 2
    W_14:  7905s  17,709,377,200 steps    90787 feasible sets         0 orders tried  current cost 3
    W_14:  7920s  17,739,765,200 steps    90926 feasible sets         0 orders tried  current cost 5
    W_14:  7935s  17,770,995,000 steps    91066 feasible sets         0 orders tried  current cost 4
    W_14:  7950s  17,805,418,000 steps    91237 feasible sets         0 orders tried  current cost 1
    W_14:  7965s  17,839,711,400 steps    91421 feasible sets         0 orders tried  current cost 2
    W_14:  7980s  17,873,761,600 steps    91564 feasible sets         0 orders tried  current cost 12
    W_14:  7995s  17,907,679,800 steps    91766 feasible sets         0 orders tried  current cost 2
    W_14:  8010s  17,941,776,400 steps    91930 feasible sets         0 orders tried  current cost 5
    W_14:  8025s  17,976,139,000 steps    92092 feasible sets         0 orders tried  current cost 3
    W_14:  8040s  18,010,356,400 steps    92272 feasible sets         0 orders tried  current cost 3
    W_14:  8055s  18,045,035,800 steps    92462 feasible sets         0 orders tried  current cost 2
    W_14:  8070s  18,079,595,400 steps    92620 feasible sets         0 orders tried  current cost 3
    W_14:  8085s  18,114,145,400 steps    92780 feasible sets         0 orders tried  current cost 8
    W_14:  8100s  18,148,403,600 steps    92926 feasible sets         0 orders tried  current cost 10
    W_14:  8115s  18,182,298,200 steps    93134 feasible sets         0 orders tried  current cost 3
    W_14:  8130s  18,216,366,400 steps    93332 feasible sets         0 orders tried  current cost 11
    W_14:  8145s  18,250,378,800 steps    93503 feasible sets         0 orders tried  current cost 5
    W_14:  8160s  18,284,108,000 steps    93678 feasible sets         0 orders tried  current cost 6
    W_14:  8175s  18,318,370,800 steps    93887 feasible sets         0 orders tried  current cost 4
    W_14:  8190s  18,352,449,600 steps    94059 feasible sets         0 orders tried  current cost 4
    W_14:  8205s  18,386,762,200 steps    94215 feasible sets         0 orders tried  current cost 10
    W_14:  8220s  18,421,235,400 steps    94367 feasible sets         0 orders tried  current cost 4
    W_14:  8235s  18,455,581,200 steps    94535 feasible sets         0 orders tried  current cost 17
    W_14:  8250s  18,489,666,200 steps    94732 feasible sets         0 orders tried  current cost 8
    W_14:  8265s  18,524,082,000 steps    94892 feasible sets         0 orders tried  current cost 18
    W_14:  8280s  18,558,152,800 steps    95066 feasible sets         0 orders tried  current cost 2
    W_14:  8295s  18,592,014,000 steps    95254 feasible sets         0 orders tried  current cost 2
    W_14:  8310s  18,625,954,800 steps    95418 feasible sets         0 orders tried  current cost 2
    W_14:  8325s  18,660,139,600 steps    95572 feasible sets         0 orders tried  current cost 1
    W_14:  8340s  18,693,998,200 steps    95764 feasible sets         0 orders tried  current cost 1
    W_14:  8355s  18,728,248,600 steps    95933 feasible sets         0 orders tried  current cost 2
    W_14:  8370s  18,762,083,000 steps    96105 feasible sets         0 orders tried  current cost 11
    W_14:  8385s  18,796,422,400 steps    96276 feasible sets         0 orders tried  current cost 14
    W_14:  8400s  18,830,438,400 steps    96463 feasible sets         0 orders tried  current cost 4
    W_14:  8415s  18,864,213,400 steps    96639 feasible sets         0 orders tried  current cost 4
    W_14:  8430s  18,897,882,200 steps    96784 feasible sets         0 orders tried  current cost 11
    W_14:  8445s  18,932,212,600 steps    96950 feasible sets         0 orders tried  current cost 2
    W_14:  8460s  18,966,241,600 steps    97127 feasible sets         0 orders tried  current cost 10
    W_14:  8475s  19,000,267,800 steps    97281 feasible sets         0 orders tried  current cost 1
    W_14:  8490s  19,034,363,000 steps    97465 feasible sets         0 orders tried  current cost 13
    W_14:  8505s  19,068,448,800 steps    97648 feasible sets         0 orders tried  current cost 5
    W_14:  8520s  19,102,756,600 steps    97849 feasible sets         0 orders tried  current cost 2
    W_14:  8535s  19,136,710,000 steps    98026 feasible sets         0 orders tried  current cost 5
    W_14:  8550s  19,170,685,000 steps    98219 feasible sets         0 orders tried  current cost 10
    W_14:  8565s  19,205,123,000 steps    98389 feasible sets         0 orders tried  current cost 12
    W_14:  8580s  19,239,437,200 steps    98538 feasible sets         0 orders tried  current cost 1
    W_14:  8595s  19,273,346,000 steps    98703 feasible sets         0 orders tried  current cost 8
    W_14:  8610s  19,307,063,400 steps    98909 feasible sets         0 orders tried  current cost 10
    W_14:  8625s  19,341,217,800 steps    99116 feasible sets         0 orders tried  current cost 2
    W_14:  8640s  19,375,318,800 steps    99273 feasible sets         0 orders tried  current cost 3
    W_14:  8655s  19,409,382,600 steps    99412 feasible sets         0 orders tried  current cost 9
    W_14:  8670s  19,443,769,200 steps    99584 feasible sets         0 orders tried  current cost 5
    W_14:  8685s  19,478,089,200 steps    99755 feasible sets         0 orders tried  current cost 3
    W_14:  8700s  19,511,987,000 steps    99897 feasible sets         0 orders tried  current cost 8
    W_14:  8715s  19,546,336,000 steps   100085 feasible sets         0 orders tried  current cost 3
    W_14:  8730s  19,580,403,800 steps   100268 feasible sets         0 orders tried  current cost 8
    W_14:  8745s  19,614,297,800 steps   100402 feasible sets         0 orders tried  current cost 3
    W_14:  8760s  19,648,362,600 steps   100560 feasible sets         0 orders tried  current cost 15
    W_14:  8775s  19,682,324,200 steps   100724 feasible sets         0 orders tried  current cost 11
    W_14:  8790s  19,716,336,600 steps   100883 feasible sets         0 orders tried  current cost 3
    W_14:  8805s  19,750,585,600 steps   101089 feasible sets         0 orders tried  current cost 9
    W_14:  8820s  19,785,100,000 steps   101280 feasible sets         0 orders tried  current cost 2
    W_14:  8835s  19,819,313,800 steps   101440 feasible sets         0 orders tried  current cost 4
    W_14:  8850s  19,853,147,000 steps   101602 feasible sets         0 orders tried  current cost 6
    W_14:  8865s  19,887,106,600 steps   101790 feasible sets         0 orders tried  current cost 6
    W_14:  8880s  19,921,045,200 steps   101950 feasible sets         0 orders tried  current cost 15
    W_14:  8895s  19,955,135,400 steps   102097 feasible sets         0 orders tried  current cost 2
    W_14:  8910s  19,989,020,800 steps   102292 feasible sets         0 orders tried  current cost 14
    W_14:  8925s  20,023,396,000 steps   102515 feasible sets         0 orders tried  current cost 3
    W_14:  8940s  20,057,300,200 steps   102729 feasible sets         0 orders tried  current cost 11
    W_14:  8955s  20,091,739,200 steps   102924 feasible sets         0 orders tried  current cost 3
    W_14:  8970s  20,125,758,800 steps   103092 feasible sets         0 orders tried  current cost 4
    W_14:  8985s  20,159,640,600 steps   103279 feasible sets         0 orders tried  current cost 18
    W_14:  9000s  20,193,928,200 steps   103465 feasible sets         0 orders tried  current cost 7
    W_14:  9015s  20,228,080,000 steps   103652 feasible sets         0 orders tried  current cost 3
    W_14:  9030s  20,262,241,000 steps   103790 feasible sets         0 orders tried  current cost 10
    W_14:  9045s  20,296,510,200 steps   103965 feasible sets         0 orders tried  current cost 5
    W_14:  9060s  20,330,685,200 steps   104125 feasible sets         0 orders tried  current cost 10
    W_14:  9075s  20,364,842,600 steps   104273 feasible sets         0 orders tried  current cost 14
    W_14:  9090s  20,399,107,600 steps   104449 feasible sets         0 orders tried  current cost 4
    W_14:  9105s  20,433,295,400 steps   104627 feasible sets         0 orders tried  current cost 3
    W_14:  9120s  20,467,416,200 steps   104799 feasible sets         0 orders tried  current cost 4
    W_14:  9135s  20,501,923,000 steps   104958 feasible sets         0 orders tried  current cost 10
    W_14:  9150s  20,535,951,400 steps   105140 feasible sets         0 orders tried  current cost 6
    W_14:  9165s  20,570,164,200 steps   105311 feasible sets         0 orders tried  current cost 8
    W_14:  9180s  20,604,353,400 steps   105501 feasible sets         0 orders tried  current cost 4
    W_14:  9195s  20,638,703,000 steps   105672 feasible sets         0 orders tried  current cost 6
    W_14:  9210s  20,673,494,400 steps   105803 feasible sets         0 orders tried  current cost 1
    W_14:  9225s  20,707,810,400 steps   105961 feasible sets         0 orders tried  current cost 7
    W_14:  9240s  20,741,952,600 steps   106136 feasible sets         0 orders tried  current cost 3
    W_14:  9255s  20,776,029,400 steps   106324 feasible sets         0 orders tried  current cost 5
    W_14:  9270s  20,810,089,600 steps   106488 feasible sets         0 orders tried  current cost 2
    W_14:  9285s  20,844,118,800 steps   106691 feasible sets         0 orders tried  current cost 3
    W_14:  9300s  20,878,467,600 steps   106831 feasible sets         0 orders tried  current cost 8
    W_14:  9315s  20,912,878,600 steps   107029 feasible sets         0 orders tried  current cost 3
    W_14:  9330s  20,946,686,400 steps   107177 feasible sets         0 orders tried  current cost 7
    W_14:  9345s  20,981,121,800 steps   107345 feasible sets         0 orders tried  current cost 12
    W_14:  9360s  21,015,627,600 steps   107511 feasible sets         0 orders tried  current cost 4
    W_14:  9375s  21,049,542,000 steps   107687 feasible sets         0 orders tried  current cost 13
    W_14:  9390s  21,083,605,800 steps   107886 feasible sets         0 orders tried  current cost 10
    W_14:  9405s  21,117,738,800 steps   108061 feasible sets         0 orders tried  current cost 3
    W_14:  9420s  21,152,244,600 steps   108257 feasible sets         0 orders tried  current cost 8
    W_14:  9435s  21,186,383,200 steps   108478 feasible sets         0 orders tried  current cost 14
    W_14:  9450s  21,220,093,400 steps   108657 feasible sets         0 orders tried  current cost 3
    W_14:  9465s  21,254,650,200 steps   108815 feasible sets         0 orders tried  current cost 2
    W_14:  9480s  21,288,903,600 steps   109050 feasible sets         0 orders tried  current cost 9
    W_14:  9495s  21,323,246,600 steps   109192 feasible sets         0 orders tried  current cost 3
    W_14:  9510s  21,357,488,000 steps   109348 feasible sets         0 orders tried  current cost 7
    W_14:  9525s  21,391,957,600 steps   109523 feasible sets         0 orders tried  current cost 4
    W_14:  9540s  21,426,220,000 steps   109717 feasible sets         0 orders tried  current cost 2
    W_14:  9555s  21,460,803,200 steps   109880 feasible sets         0 orders tried  current cost 10
    W_14:  9570s  21,495,116,800 steps   110014 feasible sets         0 orders tried  current cost 2
    W_14:  9585s  21,529,367,800 steps   110179 feasible sets         0 orders tried  current cost 7
    W_14:  9600s  21,563,801,400 steps   110347 feasible sets         0 orders tried  current cost 12
    W_14:  9615s  21,598,288,400 steps   110561 feasible sets         0 orders tried  current cost 6
    W_14:  9630s  21,632,382,000 steps   110743 feasible sets         0 orders tried  current cost 10
    W_14:  9645s  21,666,625,800 steps   110913 feasible sets         0 orders tried  current cost 4
    W_14:  9660s  21,700,980,400 steps   111093 feasible sets         0 orders tried  current cost 21
    W_14:  9675s  21,735,335,600 steps   111251 feasible sets         0 orders tried  current cost 3
    W_14:  9690s  21,769,864,800 steps   111387 feasible sets         0 orders tried  current cost 7
    W_14:  9705s  21,803,950,800 steps   111559 feasible sets         0 orders tried  current cost 2
    W_14:  9720s  21,838,174,200 steps   111712 feasible sets         0 orders tried  current cost 3
    W_14:  9735s  21,872,137,600 steps   111893 feasible sets         0 orders tried  current cost 3
    W_14:  9750s  21,906,313,200 steps   112053 feasible sets         0 orders tried  current cost 5
    W_14:  9765s  21,940,356,800 steps   112220 feasible sets         0 orders tried  current cost 3
    W_14:  9780s  21,974,491,200 steps   112366 feasible sets         0 orders tried  current cost 5
    W_14:  9795s  22,008,351,400 steps   112480 feasible sets         0 orders tried  current cost 4
    W_14:  9810s  22,042,663,400 steps   112656 feasible sets         0 orders tried  current cost 13
    W_14:  9825s  22,075,675,600 steps   112860 feasible sets         0 orders tried  current cost 4
    W_14:  9840s  22,108,593,000 steps   113035 feasible sets         0 orders tried  current cost 4
    W_14:  9855s  22,142,045,400 steps   113168 feasible sets         0 orders tried  current cost 12
    W_14:  9870s  22,176,040,400 steps   113364 feasible sets         0 orders tried  current cost 10
    W_14:  9885s  22,209,641,000 steps   113560 feasible sets         0 orders tried  current cost 25
    W_14:  9900s  22,243,345,400 steps   113751 feasible sets         0 orders tried  current cost 9
    W_14:  9915s  22,276,848,400 steps   113891 feasible sets         0 orders tried  current cost 4
    W_14:  9930s  22,310,387,200 steps   114041 feasible sets         0 orders tried  current cost 3
    W_14:  9945s  22,343,660,800 steps   114253 feasible sets         0 orders tried  current cost 14
    W_14:  9960s  22,377,587,800 steps   114445 feasible sets         0 orders tried  current cost 3
    W_14:  9975s  22,411,158,400 steps   114615 feasible sets         0 orders tried  current cost 4
    W_14:  9990s  22,445,226,400 steps   114773 feasible sets         0 orders tried  current cost 10
    W_14: 10005s  22,478,901,800 steps   114957 feasible sets         0 orders tried  current cost 13
    W_14: 10020s  22,512,443,600 steps   115130 feasible sets         0 orders tried  current cost 10
    W_14: 10035s  22,546,631,600 steps   115286 feasible sets         0 orders tried  current cost 4
    W_14: 10050s  22,580,531,400 steps   115446 feasible sets         0 orders tried  current cost 4
    W_14: 10065s  22,614,360,000 steps   115615 feasible sets         0 orders tried  current cost 3
    W_14: 10080s  22,647,987,200 steps   115792 feasible sets         0 orders tried  current cost 7
    W_14: 10095s  22,681,784,800 steps   115937 feasible sets         0 orders tried  current cost 10
    W_14: 10110s  22,715,791,200 steps   116086 feasible sets         0 orders tried  current cost 3
    W_14: 10125s  22,749,771,000 steps   116283 feasible sets         0 orders tried  current cost 2
    W_14: 10140s  22,783,633,200 steps   116468 feasible sets         0 orders tried  current cost 3
    W_14: 10155s  22,817,384,400 steps   116606 feasible sets         0 orders tried  current cost 14
    W_14: 10170s  22,851,159,600 steps   116766 feasible sets         0 orders tried  current cost 1
    W_14: 10185s  22,884,678,600 steps   116937 feasible sets         0 orders tried  current cost 3
    W_14: 10200s  22,918,468,000 steps   117108 feasible sets         0 orders tried  current cost 3
    W_14: 10215s  22,951,920,200 steps   117295 feasible sets         0 orders tried  current cost 22
    W_14: 10230s  22,985,808,200 steps   117464 feasible sets         0 orders tried  current cost 9
    W_14: 10245s  23,019,298,200 steps   117655 feasible sets         0 orders tried  current cost 2
    W_14: 10260s  23,052,969,600 steps   117854 feasible sets         0 orders tried  current cost 4
    W_14: 10275s  23,086,540,400 steps   118051 feasible sets         0 orders tried  current cost 14
    W_14: 10290s  23,120,604,600 steps   118223 feasible sets         0 orders tried  current cost 6
    W_14: 10305s  23,153,967,200 steps   118347 feasible sets         0 orders tried  current cost 5
    W_14: 10320s  23,188,059,200 steps   118525 feasible sets         0 orders tried  current cost 3
    W_14: 10335s  23,221,668,800 steps   118697 feasible sets         0 orders tried  current cost 3
    W_14: 10350s  23,255,522,800 steps   118848 feasible sets         0 orders tried  current cost 16
    W_14: 10365s  23,289,508,800 steps   119018 feasible sets         0 orders tried  current cost 6
    W_14: 10380s  23,323,005,200 steps   119184 feasible sets         0 orders tried  current cost 11
    W_14: 10395s  23,357,091,000 steps   119373 feasible sets         0 orders tried  current cost 4
    W_14: 10410s  23,390,630,400 steps   119570 feasible sets         0 orders tried  current cost 3
    W_14: 10425s  23,424,353,600 steps   119732 feasible sets         0 orders tried  current cost 2
    W_14: 10440s  23,458,100,800 steps   119903 feasible sets         0 orders tried  current cost 13
    W_14: 10455s  23,491,791,600 steps   120050 feasible sets         0 orders tried  current cost 4
    W_14: 10470s  23,525,507,400 steps   120189 feasible sets         0 orders tried  current cost 4
    W_14: 10485s  23,559,568,800 steps   120355 feasible sets         0 orders tried  current cost 3
    W_14: 10500s  23,593,257,600 steps   120530 feasible sets         0 orders tried  current cost 2
    W_14: 10515s  23,626,991,200 steps   120692 feasible sets         0 orders tried  current cost 3
    W_14: 10530s  23,661,147,200 steps   120846 feasible sets         0 orders tried  current cost 7
    W_14: 10545s  23,694,442,400 steps   120973 feasible sets         0 orders tried  current cost 10
    W_14: 10560s  23,728,763,800 steps   121153 feasible sets         0 orders tried  current cost 7
    W_14: 10575s  23,762,450,400 steps   121326 feasible sets         0 orders tried  current cost 2
    W_14: 10590s  23,796,017,000 steps   121474 feasible sets         0 orders tried  current cost 4
    W_14: 10605s  23,829,963,400 steps   121643 feasible sets         0 orders tried  current cost 16
    W_14: 10620s  23,863,602,800 steps   121817 feasible sets         0 orders tried  current cost 15
    W_14: 10635s  23,897,309,000 steps   121966 feasible sets         0 orders tried  current cost 6
    W_14: 10650s  23,930,836,200 steps   122154 feasible sets         0 orders tried  current cost 2
    W_14: 10665s  23,964,486,600 steps   122306 feasible sets         0 orders tried  current cost 5
    W_14: 10680s  23,998,066,000 steps   122445 feasible sets         0 orders tried  current cost 10
    W_14: 10695s  24,031,850,600 steps   122588 feasible sets         0 orders tried  current cost 3
    W_14: 10710s  24,065,546,800 steps   122768 feasible sets         0 orders tried  current cost 6
    W_14: 10725s  24,099,310,600 steps   122939 feasible sets         0 orders tried  current cost 5
    W_14: 10740s  24,133,019,400 steps   123113 feasible sets         0 orders tried  current cost 4
    W_14: 10755s  24,166,507,800 steps   123278 feasible sets         0 orders tried  current cost 6
    W_14: 10770s  24,200,699,400 steps   123424 feasible sets         0 orders tried  current cost 2
    W_14: 10785s  24,234,464,600 steps   123564 feasible sets         0 orders tried  current cost 10
    W_14: 10800s  24,267,588,600 steps   123707 feasible sets         0 orders tried  current cost 4
    W_14: 10815s  24,301,714,200 steps   123876 feasible sets         0 orders tried  current cost 3
    W_14: 10830s  24,335,272,000 steps   124050 feasible sets         0 orders tried  current cost 3
    W_14: 10845s  24,368,787,000 steps   124248 feasible sets         0 orders tried  current cost 3
    W_14: 10860s  24,403,000,400 steps   124427 feasible sets         0 orders tried  current cost 12
    W_14: 10875s  24,436,759,600 steps   124657 feasible sets         0 orders tried  current cost 2
    W_14: 10890s  24,470,372,200 steps   124809 feasible sets         0 orders tried  current cost 3
    W_14: 10905s  24,504,246,600 steps   124959 feasible sets         0 orders tried  current cost 7
    W_14: 10920s  24,537,846,800 steps   125134 feasible sets         0 orders tried  current cost 6
    W_14: 10935s  24,571,602,400 steps   125305 feasible sets         0 orders tried  current cost 13
    W_14: 10950s  24,605,252,000 steps   125471 feasible sets         0 orders tried  current cost 2
    W_14: 10965s  24,638,886,000 steps   125663 feasible sets         0 orders tried  current cost 5
    W_14: 10980s  24,672,365,200 steps   125848 feasible sets         0 orders tried  current cost 7
    W_14: 10995s  24,706,334,200 steps   126017 feasible sets         0 orders tried  current cost 4
    W_14: 11010s  24,740,406,800 steps   126204 feasible sets         0 orders tried  current cost 5
    W_14: 11025s  24,774,256,600 steps   126369 feasible sets         0 orders tried  current cost 2
    W_14: 11040s  24,808,209,000 steps   126519 feasible sets         0 orders tried  current cost 5
    W_14: 11055s  24,842,332,600 steps   126689 feasible sets         0 orders tried  current cost 4
    W_14: 11070s  24,876,125,200 steps   126847 feasible sets         0 orders tried  current cost 7
    W_14: 11085s  24,909,743,000 steps   127029 feasible sets         0 orders tried  current cost 10
    W_14: 11100s  24,943,735,800 steps   127202 feasible sets         0 orders tried  current cost 3
    W_14: 11115s  24,977,354,000 steps   127389 feasible sets         0 orders tried  current cost 5
    W_14: 11130s  25,010,979,200 steps   127548 feasible sets         0 orders tried  current cost 5
    W_14: 11145s  25,045,034,000 steps   127739 feasible sets         0 orders tried  current cost 5
    W_14: 11160s  25,078,544,800 steps   127914 feasible sets         0 orders tried  current cost 8
    W_14: 11175s  25,112,414,000 steps   128114 feasible sets         0 orders tried  current cost 4
    W_14: 11190s  25,146,412,200 steps   128283 feasible sets         0 orders tried  current cost 4
    W_14: 11205s  25,180,133,200 steps   128426 feasible sets         0 orders tried  current cost 4
    W_14: 11220s  25,214,238,600 steps   128602 feasible sets         0 orders tried  current cost 1
    W_14: 11235s  25,247,054,400 steps   128783 feasible sets         0 orders tried  current cost 2
    W_14: 11250s  25,280,332,000 steps   128930 feasible sets         0 orders tried  current cost 4
    W_14: 11265s  25,313,830,200 steps   129096 feasible sets         0 orders tried  current cost 3
    W_14: 11280s  25,347,659,000 steps   129241 feasible sets         0 orders tried  current cost 3
    W_14: 11295s  25,381,465,800 steps   129387 feasible sets         0 orders tried  current cost 7
    W_14: 11310s  25,415,345,600 steps   129554 feasible sets         0 orders tried  current cost 11
    W_14: 11325s  25,449,374,600 steps   129712 feasible sets         0 orders tried  current cost 2
    W_14: 11340s  25,483,215,800 steps   129884 feasible sets         0 orders tried  current cost 3
    W_14: 11355s  25,517,301,600 steps   130013 feasible sets         0 orders tried  current cost 9
    W_14: 11370s  25,551,474,800 steps   130201 feasible sets         0 orders tried  current cost 4
    W_14: 11385s  25,585,692,600 steps   130357 feasible sets         0 orders tried  current cost 3
    W_14: 11400s  25,619,930,000 steps   130554 feasible sets         0 orders tried  current cost 3
    W_14: 11415s  25,653,389,000 steps   130697 feasible sets         0 orders tried  current cost 6
    W_14: 11430s  25,686,964,600 steps   130861 feasible sets         0 orders tried  current cost 9
    W_14: 11445s  25,720,842,600 steps   131050 feasible sets         0 orders tried  current cost 13
    W_14: 11460s  25,754,639,800 steps   131207 feasible sets         0 orders tried  current cost 4
    W_14: 11475s  25,788,464,200 steps   131351 feasible sets         0 orders tried  current cost 9
    W_14: 11490s  25,822,350,800 steps   131547 feasible sets         0 orders tried  current cost 2
    W_14: 11505s  25,855,972,000 steps   131681 feasible sets         0 orders tried  current cost 3
    W_14: 11520s  25,889,675,800 steps   131885 feasible sets         0 orders tried  current cost 3
    W_14: 11535s  25,923,841,000 steps   132039 feasible sets         0 orders tried  current cost 13
    W_14: 11550s  25,958,246,200 steps   132177 feasible sets         0 orders tried  current cost 6
    W_14: 11565s  25,992,088,800 steps   132378 feasible sets         0 orders tried  current cost 5
    W_14: 11580s  26,026,232,400 steps   132549 feasible sets         0 orders tried  current cost 2
    W_14: 11595s  26,059,924,800 steps   132674 feasible sets         0 orders tried  current cost 8
    W_14: 11610s  26,093,887,200 steps   132820 feasible sets         0 orders tried  current cost 5
    W_14: 11625s  26,127,707,800 steps   132991 feasible sets         0 orders tried  current cost 8
    W_14: 11640s  26,161,258,600 steps   133165 feasible sets         0 orders tried  current cost 2
    W_14: 11655s  26,194,778,600 steps   133331 feasible sets         0 orders tried  current cost 3
    W_14: 11670s  26,228,532,200 steps   133495 feasible sets         0 orders tried  current cost 4
    W_14: 11685s  26,262,423,400 steps   133646 feasible sets         0 orders tried  current cost 9
    W_14: 11700s  26,296,435,200 steps   133834 feasible sets         0 orders tried  current cost 4
    W_14: 11715s  26,330,841,200 steps   134050 feasible sets         0 orders tried  current cost 15
    W_14: 11730s  26,364,630,400 steps   134229 feasible sets         0 orders tried  current cost 4
    W_14: 11745s  26,398,326,800 steps   134382 feasible sets         0 orders tried  current cost 7
    W_14: 11760s  26,431,760,200 steps   134542 feasible sets         0 orders tried  current cost 16
    W_14: 11775s  26,465,679,400 steps   134707 feasible sets         0 orders tried  current cost 4
    W_14: 11790s  26,499,557,600 steps   134867 feasible sets         0 orders tried  current cost 2
    W_14: 11805s  26,532,842,600 steps   135037 feasible sets         0 orders tried  current cost 8
    W_14: 11820s  26,566,838,200 steps   135203 feasible sets         0 orders tried  current cost 4
    W_14: 11835s  26,600,751,600 steps   135402 feasible sets         0 orders tried  current cost 2
    W_14: 11850s  26,634,521,800 steps   135568 feasible sets         0 orders tried  current cost 17
    W_14: 11865s  26,668,736,200 steps   135698 feasible sets         0 orders tried  current cost 4
    W_14: 11880s  26,702,726,800 steps   135853 feasible sets         0 orders tried  current cost 3
    W_14: 11895s  26,736,873,600 steps   136003 feasible sets         0 orders tried  current cost 3
    W_14: 11910s  26,770,570,600 steps   136147 feasible sets         0 orders tried  current cost 4
    W_14: 11925s  26,804,289,800 steps   136317 feasible sets         0 orders tried  current cost 1
    W_14: 11940s  26,838,329,800 steps   136482 feasible sets         0 orders tried  current cost 6
    W_14: 11955s  26,872,280,400 steps   136640 feasible sets         0 orders tried  current cost 10
    W_14: 11970s  26,906,101,200 steps   136785 feasible sets         0 orders tried  current cost 7
    W_14: 11985s  26,940,038,800 steps   136956 feasible sets         0 orders tried  current cost 3
    W_14: 12000s  26,973,870,200 steps   137116 feasible sets         0 orders tried  current cost 6
    W_14: 12015s  27,007,842,600 steps   137261 feasible sets         0 orders tried  current cost 11
    W_14: 12030s  27,042,089,600 steps   137448 feasible sets         0 orders tried  current cost 4
    W_14: 12045s  27,075,968,600 steps   137594 feasible sets         0 orders tried  current cost 4
    W_14: 12060s  27,109,674,400 steps   137756 feasible sets         0 orders tried  current cost 4
    W_14: 12075s  27,143,655,000 steps   137948 feasible sets         0 orders tried  current cost 1
    W_14: 12090s  27,177,606,800 steps   138114 feasible sets         0 orders tried  current cost 6
    W_14: 12105s  27,211,597,800 steps   138310 feasible sets         0 orders tried  current cost 3
    W_14: 12120s  27,245,367,400 steps   138472 feasible sets         0 orders tried  current cost 4
    W_14: 12135s  27,279,496,000 steps   138618 feasible sets         0 orders tried  current cost 4
    W_14: 12150s  27,313,507,600 steps   138779 feasible sets         0 orders tried  current cost 4
    W_14: 12165s  27,347,582,600 steps   138975 feasible sets         0 orders tried  current cost 13
    W_14: 12180s  27,381,226,000 steps   139135 feasible sets         0 orders tried  current cost 10
    W_14: 12195s  27,415,369,800 steps   139300 feasible sets         0 orders tried  current cost 6
    W_14: 12210s  27,449,533,800 steps   139467 feasible sets         0 orders tried  current cost 2
    W_14: 12225s  27,483,771,600 steps   139620 feasible sets         0 orders tried  current cost 4
    W_14: 12240s  27,517,812,000 steps   139782 feasible sets         0 orders tried  current cost 4
    W_14: 12255s  27,551,794,800 steps   139921 feasible sets         0 orders tried  current cost 3
    W_14: 12270s  27,585,100,000 steps   140079 feasible sets         0 orders tried  current cost 2
    W_14: 12285s  27,618,880,200 steps   140245 feasible sets         0 orders tried  current cost 12
    W_14: 12300s  27,652,676,800 steps   140424 feasible sets         0 orders tried  current cost 1
    W_14: 12315s  27,686,574,800 steps   140582 feasible sets         0 orders tried  current cost 3
    W_14: 12330s  27,720,383,600 steps   140756 feasible sets         0 orders tried  current cost 6
    W_14: 12345s  27,754,567,600 steps   140900 feasible sets         0 orders tried  current cost 7
    W_14: 12360s  27,788,630,000 steps   141074 feasible sets         0 orders tried  current cost 4
    W_14: 12375s  27,822,793,000 steps   141230 feasible sets         0 orders tried  current cost 2
    W_14: 12390s  27,857,164,600 steps   141419 feasible sets         0 orders tried  current cost 11
    W_14: 12405s  27,891,043,800 steps   141585 feasible sets         0 orders tried  current cost 14
    W_14: 12420s  27,925,085,200 steps   141747 feasible sets         0 orders tried  current cost 10
    W_14: 12435s  27,959,369,600 steps   141929 feasible sets         0 orders tried  current cost 2
    W_14: 12450s  27,993,501,400 steps   142144 feasible sets         0 orders tried  current cost 10
    W_14: 12465s  28,026,659,200 steps   142294 feasible sets         0 orders tried  current cost 1
    W_14: 12480s  28,060,681,400 steps   142451 feasible sets         0 orders tried  current cost 13
    W_14: 12495s  28,094,621,000 steps   142614 feasible sets         0 orders tried  current cost 16
    W_14: 12510s  28,128,748,000 steps   142773 feasible sets         0 orders tried  current cost 6
    W_14: 12525s  28,162,687,800 steps   142944 feasible sets         0 orders tried  current cost 8
    W_14: 12540s  28,196,967,800 steps   143124 feasible sets         0 orders tried  current cost 7
    W_14: 12555s  28,230,987,400 steps   143331 feasible sets         0 orders tried  current cost 4
    W_14: 12570s  28,264,817,000 steps   143503 feasible sets         0 orders tried  current cost 1
    W_14: 12585s  28,299,120,200 steps   143628 feasible sets         0 orders tried  current cost 14
    W_14: 12600s  28,333,058,400 steps   143802 feasible sets         0 orders tried  current cost 4
    W_14: 12615s  28,367,066,600 steps   143961 feasible sets         0 orders tried  current cost 7
    W_14: 12630s  28,401,359,400 steps   144114 feasible sets         0 orders tried  current cost 3
    W_14: 12645s  28,435,089,800 steps   144266 feasible sets         0 orders tried  current cost 7
    W_14: 12660s  28,469,312,200 steps   144415 feasible sets         0 orders tried  current cost 4
    W_14: 12675s  28,503,515,400 steps   144582 feasible sets         0 orders tried  current cost 3
    W_14: 12690s  28,537,689,000 steps   144748 feasible sets         0 orders tried  current cost 5
    W_14: 12705s  28,571,935,800 steps   144914 feasible sets         0 orders tried  current cost 3
    W_14: 12720s  28,606,228,000 steps   145117 feasible sets         0 orders tried  current cost 5
    W_14: 12735s  28,639,981,400 steps   145285 feasible sets         0 orders tried  current cost 16
    W_14: 12750s  28,673,860,400 steps   145474 feasible sets         0 orders tried  current cost 16
    W_14: 12765s  28,708,019,800 steps   145638 feasible sets         0 orders tried  current cost 2
    W_14: 12780s  28,741,783,600 steps   145795 feasible sets         0 orders tried  current cost 12
    W_14: 12795s  28,775,602,800 steps   145986 feasible sets         0 orders tried  current cost 11
    W_14: 12810s  28,809,547,400 steps   146139 feasible sets         0 orders tried  current cost 9
    W_14: 12825s  28,843,354,000 steps   146300 feasible sets         0 orders tried  current cost 4
    W_14: 12840s  28,877,483,000 steps   146497 feasible sets         0 orders tried  current cost 16
    W_14: 12855s  28,911,386,000 steps   146686 feasible sets         0 orders tried  current cost 5
    W_14: 12870s  28,945,359,600 steps   146850 feasible sets         0 orders tried  current cost 1
    W_14: 12885s  28,979,595,600 steps   147022 feasible sets         0 orders tried  current cost 4
    W_14: 12900s  29,013,747,800 steps   147183 feasible sets         0 orders tried  current cost 6
    W_14: 12915s  29,047,872,600 steps   147346 feasible sets         0 orders tried  current cost 1
    W_14: 12930s  29,081,989,200 steps   147498 feasible sets         0 orders tried  current cost 5
    W_14: 12945s  29,116,270,400 steps   147695 feasible sets         0 orders tried  current cost 4
    W_14: 12960s  29,150,382,800 steps   147853 feasible sets         0 orders tried  current cost 12
    W_14: 12975s  29,184,782,800 steps   148042 feasible sets         0 orders tried  current cost 12
    W_14: 12990s  29,218,728,600 steps   148200 feasible sets         0 orders tried  current cost 4
    W_14: 13005s  29,252,899,200 steps   148358 feasible sets         0 orders tried  current cost 3
    W_14: 13020s  29,286,956,400 steps   148551 feasible sets         0 orders tried  current cost 2
    W_14: 13035s  29,321,318,600 steps   148717 feasible sets         0 orders tried  current cost 3
    W_14: 13050s  29,355,222,800 steps   148892 feasible sets         0 orders tried  current cost 14
    W_14: 13065s  29,389,391,800 steps   149026 feasible sets         0 orders tried  current cost 4
    W_14: 13080s  29,423,494,000 steps   149202 feasible sets         0 orders tried  current cost 2
    W_14: 13095s  29,457,851,600 steps   149381 feasible sets         0 orders tried  current cost 2
    W_14: 13110s  29,491,926,600 steps   149566 feasible sets         0 orders tried  current cost 10
    W_14: 13125s  29,526,194,600 steps   149745 feasible sets         0 orders tried  current cost 4
    W_14: 13140s  29,559,968,200 steps   149899 feasible sets         0 orders tried  current cost 5
    W_14: 13155s  29,593,851,200 steps   150081 feasible sets         0 orders tried  current cost 6
    W_14: 13170s  29,627,841,000 steps   150295 feasible sets         0 orders tried  current cost 9
    W_14: 13185s  29,661,836,600 steps   150473 feasible sets         0 orders tried  current cost 3
    W_14: 13200s  29,695,987,800 steps   150658 feasible sets         0 orders tried  current cost 10
    W_14: 13215s  29,730,027,200 steps   150837 feasible sets         0 orders tried  current cost 6
    W_14: 13230s  29,764,085,200 steps   150987 feasible sets         0 orders tried  current cost 6
    W_14: 13245s  29,798,460,600 steps   151130 feasible sets         0 orders tried  current cost 10
    W_14: 13260s  29,832,559,200 steps   151271 feasible sets         0 orders tried  current cost 2
    W_14: 13275s  29,866,547,800 steps   151484 feasible sets         0 orders tried  current cost 5
    W_14: 13290s  29,900,141,600 steps   151685 feasible sets         0 orders tried  current cost 10
    W_14: 13305s  29,934,428,200 steps   151855 feasible sets         0 orders tried  current cost 7
    W_14: 13320s  29,968,967,400 steps   152018 feasible sets         0 orders tried  current cost 6
    W_14: 13335s  30,003,045,800 steps   152200 feasible sets         0 orders tried  current cost 9
    W_14: 13350s  30,037,010,400 steps   152413 feasible sets         0 orders tried  current cost 5
    W_14: 13365s  30,071,270,000 steps   152596 feasible sets         0 orders tried  current cost 4
    W_14: 13380s  30,105,592,600 steps   152797 feasible sets         0 orders tried  current cost 2
    W_14: 13395s  30,139,631,400 steps   152968 feasible sets         0 orders tried  current cost 2
    W_14: 13410s  30,173,479,200 steps   153114 feasible sets         0 orders tried  current cost 5
    W_14: 13425s  30,207,375,600 steps   153310 feasible sets         0 orders tried  current cost 2
    W_14: 13440s  30,241,871,800 steps   153459 feasible sets         0 orders tried  current cost 4
    W_14: 13455s  30,275,560,400 steps   153640 feasible sets         0 orders tried  current cost 11
    W_14: 13470s  30,309,420,200 steps   153790 feasible sets         0 orders tried  current cost 15
    W_14: 13485s  30,343,526,000 steps   153976 feasible sets         0 orders tried  current cost 8
    W_14: 13500s  30,377,944,800 steps   154167 feasible sets         0 orders tried  current cost 7
    W_14: 13515s  30,412,325,800 steps   154326 feasible sets         0 orders tried  current cost 5
    W_14: 13530s  30,446,420,400 steps   154488 feasible sets         0 orders tried  current cost 16
    W_14: 13545s  30,480,291,000 steps   154656 feasible sets         0 orders tried  current cost 5
    W_14: 13560s  30,514,587,200 steps   154856 feasible sets         0 orders tried  current cost 8
    W_14: 13575s  30,548,856,200 steps   155057 feasible sets         0 orders tried  current cost 3
    W_14: 13590s  30,583,164,800 steps   155234 feasible sets         0 orders tried  current cost 10
    W_14: 13605s  30,617,386,600 steps   155381 feasible sets         0 orders tried  current cost 7
    W_14: 13620s  30,651,651,200 steps   155584 feasible sets         0 orders tried  current cost 4
    W_14: 13635s  30,685,775,600 steps   155733 feasible sets         0 orders tried  current cost 3
    W_14: 13650s  30,719,909,400 steps   155897 feasible sets         0 orders tried  current cost 5
    W_14: 13665s  30,754,322,800 steps   156098 feasible sets         0 orders tried  current cost 19
    W_14: 13680s  30,788,659,000 steps   156269 feasible sets         0 orders tried  current cost 3
    W_14: 13695s  30,822,660,200 steps   156437 feasible sets         0 orders tried  current cost 9
    W_14: 13710s  30,856,821,000 steps   156642 feasible sets         0 orders tried  current cost 12
    W_14: 13725s  30,890,912,200 steps   156803 feasible sets         0 orders tried  current cost 4
    W_14: 13740s  30,925,315,600 steps   156991 feasible sets         0 orders tried  current cost 4
    W_14: 13755s  30,959,395,200 steps   157166 feasible sets         0 orders tried  current cost 3
    W_14: 13770s  30,993,843,800 steps   157330 feasible sets         0 orders tried  current cost 11
    W_14: 13785s  31,028,081,200 steps   157491 feasible sets         0 orders tried  current cost 11
    W_14: 13800s  31,062,266,400 steps   157646 feasible sets         0 orders tried  current cost 9
    W_14: 13815s  31,096,432,000 steps   157796 feasible sets         0 orders tried  current cost 4
    W_14: 13830s  31,130,551,800 steps   157953 feasible sets         0 orders tried  current cost 1
    W_14: 13845s  31,164,320,200 steps   158094 feasible sets         0 orders tried  current cost 13
    W_14: 13860s  31,198,442,000 steps   158253 feasible sets         0 orders tried  current cost 14
    W_14: 13875s  31,232,425,400 steps   158442 feasible sets         0 orders tried  current cost 8
    W_14: 13890s  31,266,069,600 steps   158583 feasible sets         0 orders tried  current cost 5
    W_14: 13905s  31,300,157,000 steps   158774 feasible sets         0 orders tried  current cost 3
    W_14: 13920s  31,333,806,200 steps   158925 feasible sets         0 orders tried  current cost 8
    W_14: 13935s  31,368,431,200 steps   159113 feasible sets         0 orders tried  current cost 2
    W_14: 13950s  31,402,529,200 steps   159321 feasible sets         0 orders tried  current cost 3
    W_14: 13965s  31,436,976,200 steps   159524 feasible sets         0 orders tried  current cost 1
    W_14: 13980s  31,471,287,800 steps   159721 feasible sets         0 orders tried  current cost 6
    W_14: 13995s  31,505,647,600 steps   159846 feasible sets         0 orders tried  current cost 6
    W_14: 14010s  31,539,847,000 steps   159984 feasible sets         0 orders tried  current cost 8
    W_14: 14025s  31,573,983,200 steps   160130 feasible sets         0 orders tried  current cost 11
    W_14: 14040s  31,608,098,600 steps   160299 feasible sets         0 orders tried  current cost 2
    W_14: 14055s  31,642,399,800 steps   160516 feasible sets         0 orders tried  current cost 3
    W_14: 14070s  31,676,461,800 steps   160682 feasible sets         0 orders tried  current cost 16
    W_14: 14085s  31,710,599,000 steps   160864 feasible sets         0 orders tried  current cost 3
    W_14: 14100s  31,744,580,400 steps   161046 feasible sets         0 orders tried  current cost 15
    W_14: 14115s  31,778,606,600 steps   161172 feasible sets         0 orders tried  current cost 2
    W_14: 14130s  31,812,721,200 steps   161411 feasible sets         0 orders tried  current cost 12
    W_14: 14145s  31,846,695,800 steps   161565 feasible sets         0 orders tried  current cost 3
    W_14: 14160s  31,881,328,800 steps   161762 feasible sets         0 orders tried  current cost 3
    W_14: 14175s  31,915,105,200 steps   161948 feasible sets         0 orders tried  current cost 8
    W_14: 14190s  31,949,282,200 steps   162081 feasible sets         0 orders tried  current cost 7
    W_14: 14205s  31,983,615,000 steps   162246 feasible sets         0 orders tried  current cost 3
    W_14: 14220s  32,017,853,800 steps   162454 feasible sets         0 orders tried  current cost 3
    W_14: 14235s  32,052,082,000 steps   162625 feasible sets         0 orders tried  current cost 14
    W_14: 14250s  32,086,275,000 steps   162776 feasible sets         0 orders tried  current cost 3
    W_14: 14265s  32,120,438,600 steps   162940 feasible sets         0 orders tried  current cost 2
    W_14: 14280s  32,154,375,400 steps   163111 feasible sets         0 orders tried  current cost 4
    W_14: 14295s  32,188,580,600 steps   163307 feasible sets         0 orders tried  current cost 11
    W_14: 14310s  32,222,341,400 steps   163452 feasible sets         0 orders tried  current cost 9
    W_14: 14325s  32,256,441,000 steps   163613 feasible sets         0 orders tried  current cost 18
    W_14: 14340s  32,290,593,400 steps   163825 feasible sets         0 orders tried  current cost 1
    W_14: 14355s  32,325,000,800 steps   164003 feasible sets         0 orders tried  current cost 10
    W_14: 14370s  32,359,090,200 steps   164153 feasible sets         0 orders tried  current cost 1
    W_14: 14385s  32,393,058,200 steps   164317 feasible sets         0 orders tried  current cost 4
    W_14: 14400s  32,427,541,000 steps   164472 feasible sets         0 orders tried  current cost 11
    W_14: 14415s  32,460,919,200 steps   164647 feasible sets         0 orders tried  current cost 5
    W_14: 14430s  32,495,139,200 steps   164802 feasible sets         0 orders tried  current cost 2
    W_14: 14445s  32,529,257,000 steps   164940 feasible sets         0 orders tried  current cost 3
    W_14: 14460s  32,563,448,400 steps   165124 feasible sets         0 orders tried  current cost 7
    W_14: 14475s  32,597,604,000 steps   165278 feasible sets         0 orders tried  current cost 14
    W_14: 14490s  32,631,788,800 steps   165480 feasible sets         0 orders tried  current cost 5
    W_14: 14505s  32,666,182,400 steps   165603 feasible sets         0 orders tried  current cost 9
    W_14: 14520s  32,700,487,400 steps   165802 feasible sets         0 orders tried  current cost 8
    W_14: 14535s  32,734,659,400 steps   165988 feasible sets         0 orders tried  current cost 1
    W_14: 14550s  32,768,876,400 steps   166172 feasible sets         0 orders tried  current cost 4
    W_14: 14565s  32,803,296,600 steps   166322 feasible sets         0 orders tried  current cost 3
    W_14: 14580s  32,837,378,400 steps   166513 feasible sets         0 orders tried  current cost 4
    W_14: 14595s  32,871,279,600 steps   166702 feasible sets         0 orders tried  current cost 3
    W_14: 14610s  32,905,884,600 steps   166879 feasible sets         0 orders tried  current cost 4
    W_14: 14625s  32,940,366,000 steps   167064 feasible sets         0 orders tried  current cost 5
    W_14: 14640s  32,974,246,000 steps   167242 feasible sets         0 orders tried  current cost 7
    W_14: 14655s  33,008,204,400 steps   167418 feasible sets         0 orders tried  current cost 10
    W_14: 14670s  33,042,050,200 steps   167579 feasible sets         0 orders tried  current cost 4
    W_14: 14685s  33,075,805,600 steps   167750 feasible sets         0 orders tried  current cost 5
    W_14: 14700s  33,109,742,200 steps   167887 feasible sets         0 orders tried  current cost 12
    W_14: 14715s  33,143,615,600 steps   168096 feasible sets         0 orders tried  current cost 3
    W_14: 14730s  33,177,433,800 steps   168238 feasible sets         0 orders tried  current cost 4
    W_14: 14745s  33,210,913,000 steps   168405 feasible sets         0 orders tried  current cost 5
    W_14: 14760s  33,244,785,000 steps   168592 feasible sets         0 orders tried  current cost 7
    W_14: 14775s  33,278,615,400 steps   168768 feasible sets         0 orders tried  current cost 3
    W_14: 14790s  33,312,176,800 steps   168971 feasible sets         0 orders tried  current cost 3
    W_14: 14805s  33,345,708,600 steps   169178 feasible sets         0 orders tried  current cost 5
    W_14: 14820s  33,380,151,200 steps   169357 feasible sets         0 orders tried  current cost 3
    W_14: 14835s  33,414,305,000 steps   169528 feasible sets         0 orders tried  current cost 6
    W_14: 14850s  33,447,282,600 steps   169668 feasible sets         0 orders tried  current cost 12
    W_14: 14865s  33,481,066,600 steps   169853 feasible sets         0 orders tried  current cost 4
    W_14: 14880s  33,514,818,600 steps   170008 feasible sets         0 orders tried  current cost 3
    W_14: 14895s  33,548,451,400 steps   170186 feasible sets         0 orders tried  current cost 3
    W_14: 14910s  33,582,548,800 steps   170380 feasible sets         0 orders tried  current cost 7
    W_14: 14925s  33,616,450,200 steps   170577 feasible sets         0 orders tried  current cost 6
    W_14: 14940s  33,650,380,400 steps   170749 feasible sets         0 orders tried  current cost 14
    W_14: 14955s  33,684,382,400 steps   170875 feasible sets         0 orders tried  current cost 12
    W_14: 14970s  33,718,006,000 steps   171025 feasible sets         0 orders tried  current cost 7
    W_14: 14985s  33,752,035,600 steps   171214 feasible sets         0 orders tried  current cost 4
    W_14: 15000s  33,786,018,000 steps   171397 feasible sets         0 orders tried  current cost 4
    W_14: 15015s  33,820,512,600 steps   171579 feasible sets         0 orders tried  current cost 4
    W_14: 15030s  33,854,753,800 steps   171794 feasible sets         0 orders tried  current cost 2
    W_14: 15045s  33,888,541,200 steps   171957 feasible sets         0 orders tried  current cost 12
    W_14: 15060s  33,922,722,000 steps   172151 feasible sets         0 orders tried  current cost 12
    W_14: 15075s  33,956,814,400 steps   172285 feasible sets         0 orders tried  current cost 4
    W_14: 15090s  33,991,116,400 steps   172445 feasible sets         0 orders tried  current cost 3
    W_14: 15105s  34,025,084,600 steps   172607 feasible sets         0 orders tried  current cost 8
    W_14: 15120s  34,059,493,800 steps   172787 feasible sets         0 orders tried  current cost 4
    W_14: 15135s  34,094,019,600 steps   172970 feasible sets         0 orders tried  current cost 3
    W_14: 15150s  34,128,136,200 steps   173151 feasible sets         0 orders tried  current cost 4
    W_14: 15165s  34,162,202,000 steps   173327 feasible sets         0 orders tried  current cost 12
    W_14: 15180s  34,195,941,800 steps   173518 feasible sets         0 orders tried  current cost 12
    W_14: 15195s  34,230,304,000 steps   173740 feasible sets         0 orders tried  current cost 13
    W_14: 15210s  34,264,238,600 steps   173870 feasible sets         0 orders tried  current cost 3
    W_14: 15225s  34,298,436,000 steps   174025 feasible sets         0 orders tried  current cost 2
    W_14: 15240s  34,332,665,400 steps   174168 feasible sets         0 orders tried  current cost 7
    W_14: 15255s  34,367,021,600 steps   174352 feasible sets         0 orders tried  current cost 13
    W_14: 15270s  34,401,362,400 steps   174500 feasible sets         0 orders tried  current cost 9
    W_14: 15285s  34,435,807,200 steps   174682 feasible sets         0 orders tried  current cost 9
    W_14: 15300s  34,469,795,600 steps   174880 feasible sets         0 orders tried  current cost 3
    W_14: 15315s  34,503,954,000 steps   175055 feasible sets         0 orders tried  current cost 2
    W_14: 15330s  34,538,431,200 steps   175191 feasible sets         0 orders tried  current cost 4
    W_14: 15345s  34,572,671,400 steps   175361 feasible sets         0 orders tried  current cost 2
    W_14: 15360s  34,607,296,600 steps   175527 feasible sets         0 orders tried  current cost 2
    W_14: 15375s  34,641,614,400 steps   175700 feasible sets         0 orders tried  current cost 3
    W_14: 15390s  34,675,641,600 steps   175873 feasible sets         0 orders tried  current cost 9
    W_14: 15405s  34,709,870,600 steps   176031 feasible sets         0 orders tried  current cost 2
    W_14: 15420s  34,744,587,200 steps   176231 feasible sets         0 orders tried  current cost 4
    W_14: 15435s  34,779,321,600 steps   176427 feasible sets         0 orders tried  current cost 10
    W_14: 15450s  34,813,210,000 steps   176611 feasible sets         0 orders tried  current cost 5
    W_14: 15465s  34,847,695,600 steps   176763 feasible sets         0 orders tried  current cost 4
    W_14: 15480s  34,882,143,800 steps   176946 feasible sets         0 orders tried  current cost 10
    W_14: 15495s  34,916,666,000 steps   177086 feasible sets         0 orders tried  current cost 6
    W_14: 15510s  34,950,970,800 steps   177250 feasible sets         0 orders tried  current cost 1
    W_14: 15525s  34,985,162,600 steps   177410 feasible sets         0 orders tried  current cost 9
    W_14: 15540s  35,019,264,000 steps   177586 feasible sets         0 orders tried  current cost 8
    W_14: 15555s  35,053,496,600 steps   177731 feasible sets         0 orders tried  current cost 4
    W_14: 15570s  35,087,396,000 steps   177927 feasible sets         0 orders tried  current cost 2
    W_14: 15585s  35,121,887,600 steps   178105 feasible sets         0 orders tried  current cost 6
    W_14: 15600s  35,156,189,400 steps   178260 feasible sets         0 orders tried  current cost 6
    W_14: 15615s  35,190,359,000 steps   178441 feasible sets         0 orders tried  current cost 3
    W_14: 15630s  35,224,087,600 steps   178612 feasible sets         0 orders tried  current cost 5
    W_14: 15645s  35,258,439,800 steps   178774 feasible sets         0 orders tried  current cost 3
    W_14: 15660s  35,293,001,400 steps   178954 feasible sets         0 orders tried  current cost 9
    W_14: 15675s  35,327,469,200 steps   179098 feasible sets         0 orders tried  current cost 3
    W_14: 15690s  35,361,770,600 steps   179288 feasible sets         0 orders tried  current cost 3
    W_14: 15705s  35,396,430,400 steps   179434 feasible sets         0 orders tried  current cost 3
    W_14: 15720s  35,430,790,600 steps   179585 feasible sets         0 orders tried  current cost 5
    W_14: 15735s  35,465,338,000 steps   179726 feasible sets         0 orders tried  current cost 5
    W_14: 15750s  35,499,390,800 steps   179880 feasible sets         0 orders tried  current cost 3
    W_14: 15765s  35,533,984,000 steps   180073 feasible sets         0 orders tried  current cost 9
    W_14: 15780s  35,568,293,400 steps   180230 feasible sets         0 orders tried  current cost 2
    W_14: 15795s  35,602,590,200 steps   180398 feasible sets         0 orders tried  current cost 2
    W_14: 15810s  35,637,403,400 steps   180541 feasible sets         0 orders tried  current cost 12
    W_14: 15825s  35,671,528,200 steps   180719 feasible sets         0 orders tried  current cost 6
    W_14: 15840s  35,704,906,400 steps   180909 feasible sets         0 orders tried  current cost 7
    W_14: 15855s  35,738,324,800 steps   181027 feasible sets         0 orders tried  current cost 7
    W_14: 15870s  35,771,746,200 steps   181191 feasible sets         0 orders tried  current cost 9
    W_14: 15885s  35,805,257,600 steps   181374 feasible sets         0 orders tried  current cost 2
    W_14: 15900s  35,839,084,400 steps   181520 feasible sets         0 orders tried  current cost 12
    W_14: 15915s  35,872,665,000 steps   181707 feasible sets         0 orders tried  current cost 8
    W_14: 15930s  35,906,107,600 steps   181899 feasible sets         0 orders tried  current cost 8
    W_14: 15945s  35,939,367,600 steps   182093 feasible sets         0 orders tried  current cost 8
    W_14: 15960s  35,972,583,800 steps   182235 feasible sets         0 orders tried  current cost 11
    W_14: 15975s  36,005,614,800 steps   182403 feasible sets         0 orders tried  current cost 3
    W_14: 15990s  36,039,208,400 steps   182567 feasible sets         0 orders tried  current cost 9
    W_14: 16005s  36,072,658,000 steps   182731 feasible sets         0 orders tried  current cost 1
    W_14: 16020s  36,106,196,800 steps   182910 feasible sets         0 orders tried  current cost 3
    W_14: 16035s  36,139,720,000 steps   183075 feasible sets         0 orders tried  current cost 3
    W_14: 16050s  36,173,255,800 steps   183296 feasible sets         0 orders tried  current cost 3
    W_14: 16065s  36,206,352,400 steps   183453 feasible sets         0 orders tried  current cost 3
    W_14: 16080s  36,239,676,600 steps   183630 feasible sets         0 orders tried  current cost 4
    W_14: 16095s  36,273,385,600 steps   183826 feasible sets         0 orders tried  current cost 7
    W_14: 16110s  36,306,811,200 steps   183990 feasible sets         0 orders tried  current cost 6
    W_14: 16125s  36,340,120,600 steps   184163 feasible sets         0 orders tried  current cost 17
    W_14: 16140s  36,371,144,200 steps   184308 feasible sets         0 orders tried  current cost 11
    W_14: 16155s  36,403,884,400 steps   184459 feasible sets         0 orders tried  current cost 10
    W_14: 16170s  36,420,476,400 steps   184540 feasible sets         0 orders tried  current cost 2
    W_14: 16185s  36,452,714,600 steps   184669 feasible sets         0 orders tried  current cost 4
    W_14: 16200s  36,486,129,800 steps   184852 feasible sets         0 orders tried  current cost 3
    W_14: 16215s  36,519,720,400 steps   185045 feasible sets         0 orders tried  current cost 14
    W_14: 16230s  36,553,826,000 steps   185244 feasible sets         0 orders tried  current cost 8
    W_14: 16245s  36,587,834,200 steps   185400 feasible sets         0 orders tried  current cost 3
    W_14: 16260s  36,621,432,800 steps   185567 feasible sets         0 orders tried  current cost 4
    W_14: 16275s  36,655,253,400 steps   185741 feasible sets         0 orders tried  current cost 4
    W_14: 16290s  36,689,513,600 steps   185895 feasible sets         0 orders tried  current cost 3
    W_14: 16305s  36,723,368,600 steps   186062 feasible sets         0 orders tried  current cost 4
    W_14: 16320s  36,757,327,600 steps   186200 feasible sets         0 orders tried  current cost 6
    W_14: 16335s  36,791,280,600 steps   186352 feasible sets         0 orders tried  current cost 10
    W_14: 16350s  36,825,343,800 steps   186525 feasible sets         0 orders tried  current cost 5
    W_14: 16365s  36,859,012,400 steps   186689 feasible sets         0 orders tried  current cost 2
    W_14: 16380s  36,892,695,200 steps   186839 feasible sets         0 orders tried  current cost 2
    W_14: 16395s  36,926,548,000 steps   186975 feasible sets         0 orders tried  current cost 6
    W_14: 16410s  36,960,403,400 steps   187156 feasible sets         0 orders tried  current cost 10
    W_14: 16425s  36,994,581,400 steps   187333 feasible sets         0 orders tried  current cost 11
    W_14: 16440s  37,028,394,600 steps   187490 feasible sets         0 orders tried  current cost 3
    W_14: 16455s  37,062,111,000 steps   187681 feasible sets         0 orders tried  current cost 3
    W_14: 16470s  37,096,076,000 steps   187830 feasible sets         0 orders tried  current cost 1
    W_14: 16485s  37,130,143,800 steps   188018 feasible sets         0 orders tried  current cost 9
    W_14: 16500s  37,164,020,400 steps   188213 feasible sets         0 orders tried  current cost 19
    W_14: 16515s  37,198,155,800 steps   188402 feasible sets         0 orders tried  current cost 2
    W_14: 16530s  37,231,697,200 steps   188588 feasible sets         0 orders tried  current cost 2
    W_14: 16545s  37,265,891,400 steps   188791 feasible sets         0 orders tried  current cost 3
    W_14: 16560s  37,299,986,000 steps   188994 feasible sets         0 orders tried  current cost 8
    W_14: 16575s  37,333,942,000 steps   189164 feasible sets         0 orders tried  current cost 13
    W_14: 16590s  37,367,785,400 steps   189313 feasible sets         0 orders tried  current cost 10
    W_14: 16605s  37,401,500,800 steps   189478 feasible sets         0 orders tried  current cost 9
    W_14: 16620s  37,435,290,800 steps   189646 feasible sets         0 orders tried  current cost 3
    W_14: 16635s  37,469,066,400 steps   189808 feasible sets         0 orders tried  current cost 5
    W_14: 16650s  37,503,284,000 steps   189984 feasible sets         0 orders tried  current cost 9
    W_14: 16665s  37,537,412,800 steps   190116 feasible sets         0 orders tried  current cost 3
    W_14: 16680s  37,571,336,200 steps   190279 feasible sets         0 orders tried  current cost 2
    W_14: 16695s  37,605,097,200 steps   190448 feasible sets         0 orders tried  current cost 1
    W_14: 16710s  37,639,058,200 steps   190634 feasible sets         0 orders tried  current cost 3
    W_14: 16725s  37,672,986,800 steps   190788 feasible sets         0 orders tried  current cost 7
    W_14: 16740s  37,707,084,800 steps   190964 feasible sets         0 orders tried  current cost 6
    W_14: 16755s  37,740,963,400 steps   191145 feasible sets         0 orders tried  current cost 12
    W_14: 16770s  37,774,968,200 steps   191293 feasible sets         0 orders tried  current cost 6
    W_14: 16785s  37,808,616,600 steps   191451 feasible sets         0 orders tried  current cost 2
    W_14: 16800s  37,842,835,200 steps   191620 feasible sets         0 orders tried  current cost 2
    W_14: 16815s  37,876,870,600 steps   191780 feasible sets         0 orders tried  current cost 6
    W_14: 16830s  37,911,146,000 steps   191964 feasible sets         0 orders tried  current cost 9
    W_14: 16845s  37,944,926,400 steps   192153 feasible sets         0 orders tried  current cost 7
    W_14: 16860s  37,978,982,200 steps   192316 feasible sets         0 orders tried  current cost 13
    W_14: 16875s  38,013,450,600 steps   192516 feasible sets         0 orders tried  current cost 5
    W_14: 16890s  38,047,280,000 steps   192682 feasible sets         0 orders tried  current cost 3
    W_14: 16905s  38,081,494,800 steps   192858 feasible sets         0 orders tried  current cost 3
    W_14: 16920s  38,115,770,200 steps   193012 feasible sets         0 orders tried  current cost 4
    W_14: 16935s  38,149,889,600 steps   193194 feasible sets         0 orders tried  current cost 4
    W_14: 16950s  38,183,850,800 steps   193336 feasible sets         0 orders tried  current cost 4
    W_14: 16965s  38,217,888,600 steps   193502 feasible sets         0 orders tried  current cost 7
    W_14: 16980s  38,252,293,200 steps   193664 feasible sets         0 orders tried  current cost 5
    W_14: 16995s  38,286,535,200 steps   193813 feasible sets         0 orders tried  current cost 2
    W_14: 17010s  38,320,585,200 steps   194007 feasible sets         0 orders tried  current cost 8
    W_14: 17025s  38,354,312,800 steps   194169 feasible sets         0 orders tried  current cost 2
    W_14: 17040s  38,388,491,000 steps   194322 feasible sets         0 orders tried  current cost 5
    W_14: 17055s  38,422,657,800 steps   194508 feasible sets         0 orders tried  current cost 2
    W_14: 17070s  38,456,660,600 steps   194672 feasible sets         0 orders tried  current cost 19
    W_14: 17085s  38,490,787,200 steps   194821 feasible sets         0 orders tried  current cost 7
    W_14: 17100s  38,524,607,800 steps   194992 feasible sets         0 orders tried  current cost 7
    W_14: 17115s  38,558,729,400 steps   195163 feasible sets         0 orders tried  current cost 3
    W_14: 17130s  38,593,122,200 steps   195345 feasible sets         0 orders tried  current cost 13
    W_14: 17145s  38,627,360,400 steps   195525 feasible sets         0 orders tried  current cost 9
    W_14: 17160s  38,661,090,800 steps   195692 feasible sets         0 orders tried  current cost 4
    W_14: 17175s  38,695,497,600 steps   195875 feasible sets         0 orders tried  current cost 4
    W_14: 17190s  38,729,180,400 steps   196022 feasible sets         0 orders tried  current cost 18
    W_14: 17205s  38,762,918,200 steps   196207 feasible sets         0 orders tried  current cost 2
    W_14: 17220s  38,796,377,400 steps   196397 feasible sets         0 orders tried  current cost 4
    W_14: 17235s  38,830,311,000 steps   196577 feasible sets         0 orders tried  current cost 3
    W_14: 17250s  38,864,183,800 steps   196787 feasible sets         0 orders tried  current cost 7
    W_14: 17265s  38,898,105,000 steps   196958 feasible sets         0 orders tried  current cost 9
    W_14: 17280s  38,932,133,200 steps   197131 feasible sets         0 orders tried  current cost 4
    W_14: 17295s  38,966,453,000 steps   197320 feasible sets         0 orders tried  current cost 1
    W_14: 17310s  39,000,366,600 steps   197467 feasible sets         0 orders tried  current cost 7
    W_14: 17325s  39,034,489,200 steps   197650 feasible sets         0 orders tried  current cost 7
    W_14: 17340s  39,068,808,000 steps   197832 feasible sets         0 orders tried  current cost 2
    W_14: 17355s  39,102,949,600 steps   197980 feasible sets         0 orders tried  current cost 4
    W_14: 17370s  39,137,196,400 steps   198186 feasible sets         0 orders tried  current cost 3
    W_14: 17385s  39,171,079,200 steps   198376 feasible sets         0 orders tried  current cost 4
    W_14: 17400s  39,205,228,600 steps   198539 feasible sets         0 orders tried  current cost 4
    W_14: 17415s  39,239,070,400 steps   198735 feasible sets         0 orders tried  current cost 4
    W_14: 17430s  39,272,977,200 steps   198907 feasible sets         0 orders tried  current cost 3
    W_14: 17445s  39,306,968,800 steps   199081 feasible sets         0 orders tried  current cost 4
    W_14: 17460s  39,341,157,000 steps   199231 feasible sets         0 orders tried  current cost 3
    W_14: 17475s  39,375,257,600 steps   199391 feasible sets         0 orders tried  current cost 3
    W_14: 17490s  39,409,330,600 steps   199544 feasible sets         0 orders tried  current cost 2
    W_14: 17505s  39,443,549,600 steps   199718 feasible sets         0 orders tried  current cost 2
    W_14: 17520s  39,477,290,400 steps   199895 feasible sets         0 orders tried  current cost 5
    W_14: 17535s  39,511,573,400 steps   200073 feasible sets         0 orders tried  current cost 1
    W_14: 17550s  39,545,287,400 steps   200255 feasible sets         0 orders tried  current cost 4
    W_14: 17565s  39,579,688,400 steps   200415 feasible sets         0 orders tried  current cost 8
    W_14: 17580s  39,613,911,400 steps   200585 feasible sets         0 orders tried  current cost 2
    W_14: 17595s  39,647,860,000 steps   200769 feasible sets         0 orders tried  current cost 2
    W_14: 17610s  39,681,775,200 steps   200937 feasible sets         0 orders tried  current cost 2
    W_14: 17625s  39,716,080,000 steps   201131 feasible sets         0 orders tried  current cost 3
    W_14: 17640s  39,750,452,000 steps   201319 feasible sets         0 orders tried  current cost 4
    W_14: 17655s  39,784,722,200 steps   201479 feasible sets         0 orders tried  current cost 13
    W_14: 17670s  39,818,402,000 steps   201624 feasible sets         0 orders tried  current cost 9
    W_14: 17685s  39,852,452,400 steps   201799 feasible sets         0 orders tried  current cost 2
    W_14: 17700s  39,886,170,200 steps   202003 feasible sets         0 orders tried  current cost 4
    W_14: 17715s  39,919,477,400 steps   202172 feasible sets         0 orders tried  current cost 3
    W_14: 17730s  39,951,035,800 steps   202343 feasible sets         0 orders tried  current cost 4
    W_14: 17745s  39,984,174,600 steps   202520 feasible sets         0 orders tried  current cost 3
    W_14: 17760s  40,018,501,400 steps   202728 feasible sets         0 orders tried  current cost 12
    W_14: 17775s  40,052,974,200 steps   202936 feasible sets         0 orders tried  current cost 3
    W_14: 17790s  40,087,320,200 steps   203133 feasible sets         0 orders tried  current cost 15
    W_14: 17805s  40,121,807,400 steps   203323 feasible sets         0 orders tried  current cost 8
    W_14: 17820s  40,156,142,400 steps   203506 feasible sets         0 orders tried  current cost 13
    W_14: 17835s  40,190,624,400 steps   203720 feasible sets         0 orders tried  current cost 9
    W_14: 17850s  40,224,638,000 steps   203908 feasible sets         0 orders tried  current cost 2
    W_14: 17865s  40,258,726,200 steps   204059 feasible sets         0 orders tried  current cost 7
    W_14: 17880s  40,292,663,200 steps   204242 feasible sets         0 orders tried  current cost 14
    W_14: 17895s  40,326,511,800 steps   204382 feasible sets         0 orders tried  current cost 3
    W_14: 17910s  40,360,875,800 steps   204547 feasible sets         0 orders tried  current cost 2
    W_14: 17925s  40,395,054,200 steps   204723 feasible sets         0 orders tried  current cost 5
    W_14: 17940s  40,429,625,000 steps   204842 feasible sets         0 orders tried  current cost 9
    W_14: 17955s  40,464,155,400 steps   205024 feasible sets         0 orders tried  current cost 3
    W_14: 17970s  40,498,575,200 steps   205175 feasible sets         0 orders tried  current cost 2
    W_14: 17985s  40,532,978,400 steps   205335 feasible sets         0 orders tried  current cost 4
    W_14: 18000s  40,567,090,000 steps   205492 feasible sets         0 orders tried  current cost 5
    W_14: 18015s  40,601,204,600 steps   205686 feasible sets         0 orders tried  current cost 11
    W_14: 18030s  40,635,247,600 steps   205850 feasible sets         0 orders tried  current cost 7
    W_14: 18045s  40,669,423,600 steps   205996 feasible sets         0 orders tried  current cost 12
    W_14: 18060s  40,703,180,800 steps   206187 feasible sets         0 orders tried  current cost 14
    W_14: 18075s  40,737,577,600 steps   206352 feasible sets         0 orders tried  current cost 1
    W_14: 18090s  40,772,283,600 steps   206551 feasible sets         0 orders tried  current cost 12
    W_14: 18105s  40,806,513,200 steps   206746 feasible sets         0 orders tried  current cost 4
    W_14: 18120s  40,840,890,800 steps   206903 feasible sets         0 orders tried  current cost 4
    W_14: 18135s  40,875,444,400 steps   207060 feasible sets         0 orders tried  current cost 10
    W_14: 18150s  40,909,574,200 steps   207253 feasible sets         0 orders tried  current cost 1
    W_14: 18165s  40,944,083,600 steps   207436 feasible sets         0 orders tried  current cost 11
    W_14: 18180s  40,978,358,800 steps   207617 feasible sets         0 orders tried  current cost 5
    W_14: 18195s  41,011,921,400 steps   207765 feasible sets         0 orders tried  current cost 10
    W_14: 18210s  41,046,197,800 steps   207915 feasible sets         0 orders tried  current cost 2
    W_14: 18225s  41,080,657,800 steps   208045 feasible sets         0 orders tried  current cost 3
    W_14: 18240s  41,115,086,000 steps   208173 feasible sets         0 orders tried  current cost 11
    W_14: 18255s  41,149,426,200 steps   208355 feasible sets         0 orders tried  current cost 10
    W_14: 18270s  41,183,717,200 steps   208521 feasible sets         0 orders tried  current cost 3
    W_14: 18285s  41,218,093,400 steps   208727 feasible sets         0 orders tried  current cost 4
    W_14: 18300s  41,252,627,200 steps   208902 feasible sets         0 orders tried  current cost 9
    W_14: 18315s  41,287,183,800 steps   209106 feasible sets         0 orders tried  current cost 6
    W_14: 18330s  41,320,961,400 steps   209303 feasible sets         0 orders tried  current cost 9
    W_14: 18345s  41,355,569,200 steps   209557 feasible sets         0 orders tried  current cost 6
    W_14: 18360s  41,389,549,000 steps   209731 feasible sets         0 orders tried  current cost 5
    W_14: 18375s  41,423,717,800 steps   209906 feasible sets         0 orders tried  current cost 2
    W_14: 18390s  41,457,694,200 steps   210061 feasible sets         0 orders tried  current cost 2
    W_14: 18405s  41,491,785,600 steps   210196 feasible sets         0 orders tried  current cost 8
    W_14: 18420s  41,525,737,000 steps   210380 feasible sets         0 orders tried  current cost 1
    W_14: 18435s  41,559,849,800 steps   210553 feasible sets         0 orders tried  current cost 5
    W_14: 18450s  41,593,628,400 steps   210724 feasible sets         0 orders tried  current cost 7
    W_14: 18465s  41,627,901,200 steps   210931 feasible sets         0 orders tried  current cost 14
    W_14: 18480s  41,662,369,200 steps   211121 feasible sets         0 orders tried  current cost 5
    W_14: 18495s  41,696,865,200 steps   211295 feasible sets         0 orders tried  current cost 6
    W_14: 18510s  41,731,138,600 steps   211495 feasible sets         0 orders tried  current cost 2
    W_14: 18525s  41,765,427,200 steps   211673 feasible sets         0 orders tried  current cost 7
    W_14: 18540s  41,799,525,000 steps   211891 feasible sets         0 orders tried  current cost 7
    W_14: 18555s  41,833,559,000 steps   212082 feasible sets         0 orders tried  current cost 1
    W_14: 18570s  41,867,610,400 steps   212271 feasible sets         0 orders tried  current cost 4
    W_14: 18585s  41,901,997,000 steps   212445 feasible sets         0 orders tried  current cost 5
    W_14: 18600s  41,935,973,200 steps   212585 feasible sets         0 orders tried  current cost 4
    W_14: 18615s  41,970,242,400 steps   212726 feasible sets         0 orders tried  current cost 10
    W_14: 18630s  42,004,840,800 steps   212914 feasible sets         0 orders tried  current cost 14
    W_14: 18645s  42,038,654,400 steps   213097 feasible sets         0 orders tried  current cost 3
    W_14: 18660s  42,073,146,400 steps   213263 feasible sets         0 orders tried  current cost 8
    W_14: 18675s  42,107,458,800 steps   213426 feasible sets         0 orders tried  current cost 2
    W_14: 18690s  42,141,501,200 steps   213567 feasible sets         0 orders tried  current cost 13
    W_14: 18705s  42,175,630,800 steps   213759 feasible sets         0 orders tried  current cost 5
    W_14: 18720s  42,209,869,600 steps   213943 feasible sets         0 orders tried  current cost 5
    W_14: 18735s  42,244,316,800 steps   214116 feasible sets         0 orders tried  current cost 2
    W_14: 18750s  42,278,811,000 steps   214294 feasible sets         0 orders tried  current cost 4
    W_14: 18765s  42,312,664,800 steps   214452 feasible sets         0 orders tried  current cost 7
    W_14: 18780s  42,346,756,200 steps   214659 feasible sets         0 orders tried  current cost 1
    W_14: 18795s  42,381,219,600 steps   214814 feasible sets         0 orders tried  current cost 4
    W_14: 18810s  42,415,508,800 steps   214963 feasible sets         0 orders tried  current cost 4
    W_14: 18825s  42,449,770,800 steps   215127 feasible sets         0 orders tried  current cost 5
    W_14: 18840s  42,483,917,200 steps   215290 feasible sets         0 orders tried  current cost 3
    W_14: 18855s  42,517,969,400 steps   215472 feasible sets         0 orders tried  current cost 6
    W_14: 18870s  42,552,306,600 steps   215632 feasible sets         0 orders tried  current cost 5
    W_14: 18885s  42,586,550,000 steps   215832 feasible sets         0 orders tried  current cost 3
    W_14: 18900s  42,620,696,800 steps   216019 feasible sets         0 orders tried  current cost 2
    W_14: 18915s  42,655,062,600 steps   216174 feasible sets         0 orders tried  current cost 13
    W_14: 18930s  42,689,138,600 steps   216333 feasible sets         0 orders tried  current cost 2
    W_14: 18945s  42,723,264,400 steps   216518 feasible sets         0 orders tried  current cost 10
    W_14: 18960s  42,757,603,200 steps   216718 feasible sets         0 orders tried  current cost 18
    W_14: 18975s  42,791,938,800 steps   216866 feasible sets         0 orders tried  current cost 4
    W_14: 18990s  42,825,825,000 steps   217061 feasible sets         0 orders tried  current cost 6
    W_14: 19005s  42,860,082,200 steps   217238 feasible sets         0 orders tried  current cost 15
    W_14: 19020s  42,894,533,800 steps   217427 feasible sets         0 orders tried  current cost 2
    W_14: 19035s  42,928,823,400 steps   217596 feasible sets         0 orders tried  current cost 10
    W_14: 19050s  42,963,072,400 steps   217750 feasible sets         0 orders tried  current cost 4
    W_14: 19065s  42,997,099,600 steps   217917 feasible sets         0 orders tried  current cost 3
    W_14: 19080s  43,031,619,400 steps   218111 feasible sets         0 orders tried  current cost 3
    W_14: 19095s  43,065,974,600 steps   218293 feasible sets         0 orders tried  current cost 2
    W_14: 19110s  43,099,969,400 steps   218456 feasible sets         0 orders tried  current cost 3
    W_14: 19125s  43,133,818,400 steps   218653 feasible sets         0 orders tried  current cost 2
    W_14: 19140s  43,168,045,600 steps   218860 feasible sets         0 orders tried  current cost 6
    W_14: 19155s  43,202,337,200 steps   219010 feasible sets         0 orders tried  current cost 3
    W_14: 19170s  43,236,223,200 steps   219157 feasible sets         0 orders tried  current cost 16
    W_14: 19185s  43,270,571,000 steps   219349 feasible sets         0 orders tried  current cost 6
    W_14: 19200s  43,304,550,200 steps   219536 feasible sets         0 orders tried  current cost 4
    W_14: 19215s  43,338,519,400 steps   219695 feasible sets         0 orders tried  current cost 4
    W_14: 19230s  43,373,063,600 steps   219867 feasible sets         0 orders tried  current cost 7
    W_14: 19245s  43,407,524,200 steps   220059 feasible sets         0 orders tried  current cost 12
    W_14: 19260s  43,441,767,400 steps   220233 feasible sets         0 orders tried  current cost 5
    W_14: 19275s  43,475,860,800 steps   220433 feasible sets         0 orders tried  current cost 18
    W_14: 19290s  43,510,052,000 steps   220608 feasible sets         0 orders tried  current cost 4
    W_14: 19305s  43,544,228,000 steps   220779 feasible sets         0 orders tried  current cost 7
    W_14: 19320s  43,578,835,800 steps   220907 feasible sets         0 orders tried  current cost 3
    W_14: 19335s  43,613,308,400 steps   221083 feasible sets         0 orders tried  current cost 3
    W_14: 19350s  43,647,791,600 steps   221237 feasible sets         0 orders tried  current cost 4
    W_14: 19365s  43,681,918,200 steps   221407 feasible sets         0 orders tried  current cost 3
    W_14: 19380s  43,715,848,000 steps   221616 feasible sets         0 orders tried  current cost 7
    W_14: 19395s  43,750,122,400 steps   221814 feasible sets         0 orders tried  current cost 11
    W_14: 19410s  43,784,309,800 steps   221975 feasible sets         0 orders tried  current cost 3
    W_14: 19425s  43,818,204,200 steps   222163 feasible sets         0 orders tried  current cost 10
    W_14: 19440s  43,852,391,400 steps   222315 feasible sets         0 orders tried  current cost 1
    W_14: 19455s  43,886,940,800 steps   222490 feasible sets         0 orders tried  current cost 12
    W_14: 19470s  43,921,169,200 steps   222645 feasible sets         0 orders tried  current cost 7
    W_14: 19485s  43,955,691,200 steps   222846 feasible sets         0 orders tried  current cost 2
    W_14: 19500s  43,990,196,600 steps   223000 feasible sets         0 orders tried  current cost 4
    W_14: 19515s  44,024,134,000 steps   223151 feasible sets         0 orders tried  current cost 3
    W_14: 19530s  44,058,324,200 steps   223297 feasible sets         0 orders tried  current cost 8
    W_14: 19545s  44,092,688,600 steps   223469 feasible sets         0 orders tried  current cost 5
    W_14: 19560s  44,126,690,000 steps   223651 feasible sets         0 orders tried  current cost 4
    W_14: 19575s  44,161,354,600 steps   223864 feasible sets         0 orders tried  current cost 1
    W_14: 19590s  44,195,670,600 steps   224024 feasible sets         0 orders tried  current cost 5
    W_14: 19605s  44,229,965,600 steps   224190 feasible sets         0 orders tried  current cost 12
    W_14: 19620s  44,264,258,800 steps   224364 feasible sets         0 orders tried  current cost 2
    W_14: 19635s  44,298,284,800 steps   224540 feasible sets         0 orders tried  current cost 8
    W_14: 19650s  44,332,746,200 steps   224700 feasible sets         0 orders tried  current cost 7
    W_14: 19665s  44,367,201,800 steps   224872 feasible sets         0 orders tried  current cost 11
    W_14: 19680s  44,401,510,000 steps   225069 feasible sets         0 orders tried  current cost 4
    W_14: 19695s  44,435,969,200 steps   225221 feasible sets         0 orders tried  current cost 4
    W_14: 19710s  44,469,716,000 steps   225397 feasible sets         0 orders tried  current cost 4
    W_14: 19725s  44,504,344,800 steps   225591 feasible sets         0 orders tried  current cost 9
    W_14: 19740s  44,538,480,600 steps   225756 feasible sets         0 orders tried  current cost 19
    W_14: 19755s  44,572,639,400 steps   225912 feasible sets         0 orders tried  current cost 3
    W_14: 19770s  44,607,242,800 steps   226128 feasible sets         0 orders tried  current cost 10
    W_14: 19785s  44,641,545,000 steps   226289 feasible sets         0 orders tried  current cost 5
    W_14: 19800s  44,676,073,200 steps   226459 feasible sets         0 orders tried  current cost 4
    W_14: 19815s  44,710,234,200 steps   226614 feasible sets         0 orders tried  current cost 4
    W_14: 19830s  44,744,957,800 steps   226790 feasible sets         0 orders tried  current cost 3
    W_14: 19845s  44,779,220,400 steps   226945 feasible sets         0 orders tried  current cost 12
    W_14: 19860s  44,813,632,800 steps   227101 feasible sets         0 orders tried  current cost 3
    W_14: 19875s  44,847,821,200 steps   227257 feasible sets         0 orders tried  current cost 12
    W_14: 19890s  44,882,013,400 steps   227431 feasible sets         0 orders tried  current cost 3
    W_14: 19905s  44,915,974,800 steps   227641 feasible sets         0 orders tried  current cost 1
    W_14: 19920s  44,950,337,200 steps   227803 feasible sets         0 orders tried  current cost 4
    W_14: 19935s  44,984,995,600 steps   228001 feasible sets         0 orders tried  current cost 4
    W_14: 19950s  45,019,046,200 steps   228147 feasible sets         0 orders tried  current cost 7
    W_14: 19965s  45,053,320,000 steps   228345 feasible sets         0 orders tried  current cost 4
    W_14: 19980s  45,087,566,800 steps   228516 feasible sets         0 orders tried  current cost 7
    W_14: 19995s  45,121,713,600 steps   228728 feasible sets         0 orders tried  current cost 1
    W_14: 20010s  45,156,671,800 steps   228879 feasible sets         0 orders tried  current cost 3
    W_14: 20025s  45,190,974,000 steps   229034 feasible sets         0 orders tried  current cost 2
    W_14: 20040s  45,225,356,400 steps   229201 feasible sets         0 orders tried  current cost 2
    W_14: 20055s  45,259,384,600 steps   229358 feasible sets         0 orders tried  current cost 8
    W_14: 20070s  45,293,723,400 steps   229501 feasible sets         0 orders tried  current cost 9
    W_14: 20085s  45,328,022,400 steps   229674 feasible sets         0 orders tried  current cost 14
    W_14: 20100s  45,361,575,800 steps   229860 feasible sets         0 orders tried  current cost 3
    W_14: 20115s  45,393,559,200 steps   230018 feasible sets         0 orders tried  current cost 5
    W_14: 20130s  45,426,732,200 steps   230164 feasible sets         0 orders tried  current cost 6
    W_14: 20145s  45,460,904,200 steps   230344 feasible sets         0 orders tried  current cost 8
    W_14: 20160s  45,495,328,400 steps   230538 feasible sets         0 orders tried  current cost 6
    W_14: 20175s  45,529,504,200 steps   230686 feasible sets         0 orders tried  current cost 10
    W_14: 20190s  45,563,613,600 steps   230856 feasible sets         0 orders tried  current cost 3
    W_14: 20205s  45,597,984,600 steps   231035 feasible sets         0 orders tried  current cost 11
    W_14: 20220s  45,632,264,000 steps   231229 feasible sets         0 orders tried  current cost 9
    W_14: 20235s  45,666,867,600 steps   231429 feasible sets         0 orders tried  current cost 6
    W_14: 20250s  45,700,970,600 steps   231621 feasible sets         0 orders tried  current cost 4
    W_14: 20265s  45,735,371,000 steps   231828 feasible sets         0 orders tried  current cost 5
    W_14: 20280s  45,769,798,400 steps   232024 feasible sets         0 orders tried  current cost 3
    W_14: 20295s  45,803,516,000 steps   232225 feasible sets         0 orders tried  current cost 2
    W_14: 20310s  45,836,537,000 steps   232390 feasible sets         0 orders tried  current cost 1
    W_14: 20325s  45,870,844,400 steps   232578 feasible sets         0 orders tried  current cost 12
    W_14: 20340s  45,905,332,800 steps   232748 feasible sets         0 orders tried  current cost 4
    W_14: 20355s  45,939,441,200 steps   232870 feasible sets         0 orders tried  current cost 14
    W_14: 20370s  45,972,989,600 steps   233031 feasible sets         0 orders tried  current cost 3
    W_14: 20385s  46,007,232,200 steps   233194 feasible sets         0 orders tried  current cost 4
    W_14: 20400s  46,041,313,800 steps   233361 feasible sets         0 orders tried  current cost 1
    W_14: 20415s  46,075,454,400 steps   233512 feasible sets         0 orders tried  current cost 4
    W_14: 20430s  46,109,761,800 steps   233704 feasible sets         0 orders tried  current cost 14
    W_14: 20445s  46,144,024,200 steps   233863 feasible sets         0 orders tried  current cost 8
    W_14: 20460s  46,178,389,000 steps   234089 feasible sets         0 orders tried  current cost 4
    W_14: 20475s  46,212,777,600 steps   234295 feasible sets         0 orders tried  current cost 3
    W_14: 20490s  46,246,702,400 steps   234446 feasible sets         0 orders tried  current cost 12
    W_14: 20505s  46,280,765,000 steps   234605 feasible sets         0 orders tried  current cost 7
    W_14: 20520s  46,314,750,600 steps   234758 feasible sets         0 orders tried  current cost 3
    W_14: 20535s  46,349,171,000 steps   234925 feasible sets         0 orders tried  current cost 3
    W_14: 20550s  46,383,588,400 steps   235090 feasible sets         0 orders tried  current cost 6
    W_14: 20565s  46,417,729,000 steps   235295 feasible sets         0 orders tried  current cost 5
    W_14: 20580s  46,452,034,800 steps   235462 feasible sets         0 orders tried  current cost 1
    W_14: 20595s  46,486,387,600 steps   235632 feasible sets         0 orders tried  current cost 4
    W_14: 20610s  46,520,761,200 steps   235829 feasible sets         0 orders tried  current cost 19
    W_14: 20625s  46,554,814,200 steps   236007 feasible sets         0 orders tried  current cost 2
    W_14: 20640s  46,589,148,200 steps   236211 feasible sets         0 orders tried  current cost 6
    W_14: 20655s  46,623,534,400 steps   236351 feasible sets         0 orders tried  current cost 1
    W_14: 20670s  46,657,629,200 steps   236553 feasible sets         0 orders tried  current cost 4
    W_14: 20685s  46,691,727,000 steps   236746 feasible sets         0 orders tried  current cost 6
    W_14: 20700s  46,725,962,800 steps   236956 feasible sets         0 orders tried  current cost 9
    W_14: 20715s  46,760,208,400 steps   237137 feasible sets         0 orders tried  current cost 5
    W_14: 20730s  46,794,772,000 steps   237314 feasible sets         0 orders tried  current cost 2
    W_14: 20745s  46,829,103,000 steps   237460 feasible sets         0 orders tried  current cost 10
    W_14: 20760s  46,863,432,200 steps   237631 feasible sets         0 orders tried  current cost 1
    W_14: 20775s  46,897,786,200 steps   237787 feasible sets         0 orders tried  current cost 8
    W_14: 20790s  46,932,073,000 steps   237930 feasible sets         0 orders tried  current cost 5
    W_14: 20805s  46,966,641,800 steps   238149 feasible sets         0 orders tried  current cost 12
    W_14: 20820s  47,001,077,000 steps   238318 feasible sets         0 orders tried  current cost 4
    W_14: 20835s  47,035,328,000 steps   238470 feasible sets         0 orders tried  current cost 5
    W_14: 20850s  47,069,288,200 steps   238638 feasible sets         0 orders tried  current cost 5
    W_14: 20865s  47,103,665,800 steps   238807 feasible sets         0 orders tried  current cost 5
    W_14: 20880s  47,137,703,000 steps   238955 feasible sets         0 orders tried  current cost 8
    W_14: 20895s  47,172,143,000 steps   239116 feasible sets         0 orders tried  current cost 10
    W_14: 20910s  47,206,299,400 steps   239311 feasible sets         0 orders tried  current cost 1
    W_14: 20925s  47,240,540,600 steps   239458 feasible sets         0 orders tried  current cost 9
    W_14: 20940s  47,274,955,000 steps   239635 feasible sets         0 orders tried  current cost 5
    W_14: 20955s  47,309,704,200 steps   239835 feasible sets         0 orders tried  current cost 8
    W_14: 20970s  47,344,067,200 steps   239993 feasible sets         0 orders tried  current cost 6
    W_14: 20985s  47,378,244,200 steps   240221 feasible sets         0 orders tried  current cost 7
    W_14: 21000s  47,412,776,400 steps   240421 feasible sets         0 orders tried  current cost 2
    W_14: 21015s  47,447,046,800 steps   240604 feasible sets         0 orders tried  current cost 7
    W_14: 21030s  47,481,326,200 steps   240805 feasible sets         0 orders tried  current cost 5
    W_14: 21045s  47,515,437,200 steps   240979 feasible sets         0 orders tried  current cost 2
    W_14: 21060s  47,549,584,000 steps   241148 feasible sets         0 orders tried  current cost 15
    W_14: 21075s  47,583,832,200 steps   241275 feasible sets         0 orders tried  current cost 5
    W_14: 21090s  47,617,808,800 steps   241474 feasible sets         0 orders tried  current cost 5
    W_14: 21105s  47,651,493,200 steps   241661 feasible sets         0 orders tried  current cost 3
    W_14: 21120s  47,685,869,200 steps   241845 feasible sets         0 orders tried  current cost 2
    W_14: 21135s  47,720,013,600 steps   242029 feasible sets         0 orders tried  current cost 4
    W_14: 21150s  47,754,359,400 steps   242204 feasible sets         0 orders tried  current cost 3
    W_14: 21165s  47,788,829,000 steps   242397 feasible sets         0 orders tried  current cost 6
    W_14: 21180s  47,823,286,000 steps   242570 feasible sets         0 orders tried  current cost 11
    W_14: 21195s  47,857,529,200 steps   242742 feasible sets         0 orders tried  current cost 5
    W_14: 21210s  47,891,986,400 steps   242934 feasible sets         0 orders tried  current cost 8
    W_14: 21225s  47,926,407,200 steps   243101 feasible sets         0 orders tried  current cost 9
    W_14: 21240s  47,960,420,400 steps   243257 feasible sets         0 orders tried  current cost 12
    W_14: 21255s  47,994,411,800 steps   243430 feasible sets         0 orders tried  current cost 3
    W_14: 21270s  48,028,902,600 steps   243617 feasible sets         0 orders tried  current cost 8
    W_14: 21285s  48,063,375,400 steps   243809 feasible sets         0 orders tried  current cost 3
    W_14: 21300s  48,097,445,400 steps   243983 feasible sets         0 orders tried  current cost 8
    W_14: 21315s  48,131,569,000 steps   244192 feasible sets         0 orders tried  current cost 1
    W_14: 21330s  48,165,945,600 steps   244379 feasible sets         0 orders tried  current cost 8
    W_14: 21345s  48,200,333,600 steps   244556 feasible sets         0 orders tried  current cost 4
    W_14: 21360s  48,234,857,800 steps   244731 feasible sets         0 orders tried  current cost 3
    W_14: 21375s  48,269,066,600 steps   244915 feasible sets         0 orders tried  current cost 2
    W_14: 21390s  48,303,249,000 steps   245081 feasible sets         0 orders tried  current cost 7
    W_14: 21405s  48,337,424,400 steps   245243 feasible sets         0 orders tried  current cost 8
    W_14: 21420s  48,372,105,200 steps   245419 feasible sets         0 orders tried  current cost 5
    W_14: 21435s  48,406,969,800 steps   245616 feasible sets         0 orders tried  current cost 4
    W_14: 21450s  48,441,328,600 steps   245780 feasible sets         0 orders tried  current cost 8
    W_14: 21465s  48,475,659,600 steps   245971 feasible sets         0 orders tried  current cost 3
    W_14: 21480s  48,510,030,000 steps   246118 feasible sets         0 orders tried  current cost 3
    W_14: 21495s  48,544,554,000 steps   246329 feasible sets         0 orders tried  current cost 1
    W_14: 21510s  48,578,682,600 steps   246493 feasible sets         0 orders tried  current cost 12
    W_14: 21525s  48,613,317,400 steps   246672 feasible sets         0 orders tried  current cost 1
    W_14: 21540s  48,647,302,800 steps   246845 feasible sets         0 orders tried  current cost 9
    W_14: 21555s  48,681,566,800 steps   247012 feasible sets         0 orders tried  current cost 5
    W_14: 21570s  48,716,075,600 steps   247173 feasible sets         0 orders tried  current cost 2
    W_14: 21585s  48,750,484,400 steps   247341 feasible sets         0 orders tried  current cost 15
    W_14: 21600s  48,784,794,200 steps   247515 feasible sets         0 orders tried  current cost 1
    W_14: 21615s  48,819,624,400 steps   247704 feasible sets         0 orders tried  current cost 12
    W_14: 21630s  48,853,975,800 steps   247850 feasible sets         0 orders tried  current cost 5
    W_14: 21645s  48,888,007,800 steps   248009 feasible sets         0 orders tried  current cost 5
    W_14: 21660s  48,921,842,200 steps   248205 feasible sets         0 orders tried  current cost 11
    W_14: 21675s  48,956,154,000 steps   248368 feasible sets         0 orders tried  current cost 3
    W_14: 21690s  48,990,256,600 steps   248529 feasible sets         0 orders tried  current cost 2
    W_14: 21705s  49,024,767,600 steps   248694 feasible sets         0 orders tried  current cost 6
    W_14: 21720s  49,059,047,800 steps   248885 feasible sets         0 orders tried  current cost 6
    W_14: 21735s  49,093,470,000 steps   249058 feasible sets         0 orders tried  current cost 5
    W_14: 21750s  49,127,850,600 steps   249223 feasible sets         0 orders tried  current cost 5
    W_14: 21765s  49,162,356,600 steps   249436 feasible sets         0 orders tried  current cost 2
    W_14: 21780s  49,197,154,200 steps   249644 feasible sets         0 orders tried  current cost 4
    W_14: 21795s  49,231,435,000 steps   249808 feasible sets         0 orders tried  current cost 3
    W_14: 21810s  49,265,404,000 steps   249994 feasible sets         0 orders tried  current cost 9
    W_14: 21825s  49,299,883,800 steps   250133 feasible sets         0 orders tried  current cost 10
    W_14: 21840s  49,334,373,800 steps   250278 feasible sets         0 orders tried  current cost 1
    W_14: 21855s  49,368,623,200 steps   250472 feasible sets         0 orders tried  current cost 13
    W_14: 21870s  49,403,185,800 steps   250629 feasible sets         0 orders tried  current cost 8
    W_14: 21885s  49,437,123,400 steps   250777 feasible sets         0 orders tried  current cost 7
    W_14: 21900s  49,471,673,200 steps   250945 feasible sets         0 orders tried  current cost 4
    W_14: 21915s  49,505,700,600 steps   251141 feasible sets         0 orders tried  current cost 13
    W_14: 21930s  49,539,908,800 steps   251277 feasible sets         0 orders tried  current cost 8
    W_14: 21945s  49,574,517,800 steps   251433 feasible sets         0 orders tried  current cost 3
    W_14: 21960s  49,608,933,000 steps   251610 feasible sets         0 orders tried  current cost 2
    W_14: 21975s  49,643,463,600 steps   251795 feasible sets         0 orders tried  current cost 13
    W_14: 21990s  49,677,745,800 steps   251974 feasible sets         0 orders tried  current cost 5
    W_14: 22005s  49,712,136,600 steps   252148 feasible sets         0 orders tried  current cost 4
    W_14: 22020s  49,746,406,200 steps   252311 feasible sets         0 orders tried  current cost 9
    W_14: 22035s  49,780,793,400 steps   252463 feasible sets         0 orders tried  current cost 2
    W_14: 22050s  49,814,832,400 steps   252637 feasible sets         0 orders tried  current cost 3
    W_14: 22065s  49,848,916,000 steps   252777 feasible sets         0 orders tried  current cost 3
    W_14: 22080s  49,883,362,600 steps   252951 feasible sets         0 orders tried  current cost 10
    W_14: 22095s  49,917,490,800 steps   253102 feasible sets         0 orders tried  current cost 4
    W_14: 22110s  49,951,933,200 steps   253275 feasible sets         0 orders tried  current cost 5
    W_14: 22125s  49,986,520,800 steps   253404 feasible sets         0 orders tried  current cost 11
    W_14: 22140s  50,020,865,800 steps   253587 feasible sets         0 orders tried  current cost 11
    W_14: 22155s  50,055,217,600 steps   253794 feasible sets         0 orders tried  current cost 3
    W_14: 22170s  50,089,849,200 steps   253953 feasible sets         0 orders tried  current cost 4
    W_14: 22185s  50,123,936,000 steps   254127 feasible sets         0 orders tried  current cost 3
    W_14: 22200s  50,158,075,600 steps   254290 feasible sets         0 orders tried  current cost 2
    W_14: 22215s  50,191,839,600 steps   254455 feasible sets         0 orders tried  current cost 3
    W_14: 22230s  50,226,004,400 steps   254647 feasible sets         0 orders tried  current cost 13
    W_14: 22245s  50,260,031,800 steps   254820 feasible sets         0 orders tried  current cost 3
    W_14: 22260s  50,294,673,600 steps   254961 feasible sets         0 orders tried  current cost 2
    W_14: 22275s  50,329,091,000 steps   255147 feasible sets         0 orders tried  current cost 5
    W_14: 22290s  50,363,504,200 steps   255377 feasible sets         0 orders tried  current cost 12
    W_14: 22305s  50,397,789,800 steps   255522 feasible sets         0 orders tried  current cost 4
    W_14: 22320s  50,432,150,400 steps   255702 feasible sets         0 orders tried  current cost 4
    W_14: 22335s  50,466,544,400 steps   255877 feasible sets         0 orders tried  current cost 8
    W_14: 22350s  50,501,045,200 steps   256039 feasible sets         0 orders tried  current cost 5
    W_14: 22365s  50,535,242,000 steps   256196 feasible sets         0 orders tried  current cost 8
    W_14: 22380s  50,569,638,800 steps   256363 feasible sets         0 orders tried  current cost 3
    W_14: 22395s  50,603,991,200 steps   256537 feasible sets         0 orders tried  current cost 6
    W_14: 22410s  50,638,027,200 steps   256680 feasible sets         0 orders tried  current cost 9
    W_14: 22425s  50,672,946,200 steps   256859 feasible sets         0 orders tried  current cost 10
    W_14: 22440s  50,707,636,400 steps   257075 feasible sets         0 orders tried  current cost 2
    W_14: 22455s  50,742,095,600 steps   257268 feasible sets         0 orders tried  current cost 4
    W_14: 22470s  50,776,496,000 steps   257439 feasible sets         0 orders tried  current cost 3
    W_14: 22485s  50,810,616,800 steps   257612 feasible sets         0 orders tried  current cost 3
    W_14: 22500s  50,844,571,400 steps   257791 feasible sets         0 orders tried  current cost 6
    W_14: 22515s  50,878,543,400 steps   257975 feasible sets         0 orders tried  current cost 7
    W_14: 22530s  50,912,962,400 steps   258130 feasible sets         0 orders tried  current cost 13
    W_14: 22545s  50,946,866,000 steps   258327 feasible sets         0 orders tried  current cost 7
    W_14: 22560s  50,980,760,200 steps   258475 feasible sets         0 orders tried  current cost 13
    W_14: 22575s  51,014,872,000 steps   258617 feasible sets         0 orders tried  current cost 3
    W_14: 22590s  51,049,222,600 steps   258743 feasible sets         0 orders tried  current cost 11
    W_14: 22605s  51,083,513,400 steps   258943 feasible sets         0 orders tried  current cost 4
    W_14: 22620s  51,117,709,200 steps   259114 feasible sets         0 orders tried  current cost 9
    W_14: 22635s  51,152,144,200 steps   259318 feasible sets         0 orders tried  current cost 10
    W_14: 22650s  51,186,256,400 steps   259490 feasible sets         0 orders tried  current cost 4
    W_14: 22665s  51,220,514,600 steps   259684 feasible sets         0 orders tried  current cost 2
    W_14: 22680s  51,254,544,200 steps   259869 feasible sets         0 orders tried  current cost 6
    W_14: 22695s  51,288,538,400 steps   260067 feasible sets         0 orders tried  current cost 3
    W_14: 22710s  51,322,640,800 steps   260247 feasible sets         0 orders tried  current cost 17
    W_14: 22725s  51,356,996,000 steps   260398 feasible sets         0 orders tried  current cost 4
    W_14: 22740s  51,391,382,000 steps   260545 feasible sets         0 orders tried  current cost 12
    W_14: 22755s  51,425,820,600 steps   260709 feasible sets         0 orders tried  current cost 17
    W_14: 22770s  51,460,507,400 steps   260910 feasible sets         0 orders tried  current cost 4
    W_14: 22785s  51,495,374,800 steps   261068 feasible sets         0 orders tried  current cost 2
    W_14: 22800s  51,529,843,800 steps   261234 feasible sets         0 orders tried  current cost 10
    W_14: 22815s  51,563,932,000 steps   261386 feasible sets         0 orders tried  current cost 4
    W_14: 22830s  51,598,085,000 steps   261578 feasible sets         0 orders tried  current cost 6
    W_14: 22845s  51,632,273,600 steps   261759 feasible sets         0 orders tried  current cost 3
    W_14: 22860s  51,666,521,400 steps   261964 feasible sets         0 orders tried  current cost 11
    W_14: 22875s  51,700,693,200 steps   262134 feasible sets         0 orders tried  current cost 4
    W_14: 22890s  51,735,109,800 steps   262323 feasible sets         0 orders tried  current cost 4
    W_14: 22905s  51,769,099,600 steps   262474 feasible sets         0 orders tried  current cost 1
    W_14: 22920s  51,803,456,200 steps   262664 feasible sets         0 orders tried  current cost 3
    W_14: 22935s  51,837,355,800 steps   262816 feasible sets         0 orders tried  current cost 3
    W_14: 22950s  51,871,517,600 steps   262999 feasible sets         0 orders tried  current cost 2
    W_14: 22965s  51,905,768,800 steps   263184 feasible sets         0 orders tried  current cost 4
    W_14: 22980s  51,940,321,600 steps   263360 feasible sets         0 orders tried  current cost 13
    W_14: 22995s  51,974,460,600 steps   263567 feasible sets         0 orders tried  current cost 20
    W_14: 23010s  52,008,788,400 steps   263784 feasible sets         0 orders tried  current cost 4
    W_14: 23025s  52,043,214,600 steps   263998 feasible sets         0 orders tried  current cost 2
    W_14: 23040s  52,077,343,600 steps   264165 feasible sets         0 orders tried  current cost 14
    W_14: 23055s  52,111,239,200 steps   264412 feasible sets         0 orders tried  current cost 2
    W_14: 23070s  52,145,621,000 steps   264583 feasible sets         0 orders tried  current cost 11
    W_14: 23085s  52,180,059,200 steps   264771 feasible sets         0 orders tried  current cost 2
    W_14: 23100s  52,214,410,800 steps   264986 feasible sets         0 orders tried  current cost 4
    W_14: 23115s  52,248,830,200 steps   265147 feasible sets         0 orders tried  current cost 4
    W_14: 23130s  52,283,146,800 steps   265302 feasible sets         0 orders tried  current cost 6
    W_14: 23145s  52,317,666,800 steps   265459 feasible sets         0 orders tried  current cost 10
    W_14: 23160s  52,352,086,200 steps   265652 feasible sets         0 orders tried  current cost 7
    W_14: 23175s  52,386,277,600 steps   265793 feasible sets         0 orders tried  current cost 2
    W_14: 23190s  52,420,534,600 steps   265961 feasible sets         0 orders tried  current cost 4
    W_14: 23205s  52,455,004,200 steps   266131 feasible sets         0 orders tried  current cost 11
    W_14: 23220s  52,489,339,200 steps   266309 feasible sets         0 orders tried  current cost 3
    W_14: 23235s  52,523,696,800 steps   266486 feasible sets         0 orders tried  current cost 2
    W_14: 23250s  52,558,084,400 steps   266663 feasible sets         0 orders tried  current cost 10
    W_14: 23265s  52,592,583,800 steps   266809 feasible sets         0 orders tried  current cost 9
    W_14: 23280s  52,627,167,800 steps   267001 feasible sets         0 orders tried  current cost 5
    W_14: 23295s  52,661,522,600 steps   267221 feasible sets         0 orders tried  current cost 9
    W_14: 23310s  52,695,920,600 steps   267403 feasible sets         0 orders tried  current cost 13
    W_14: 23325s  52,730,440,600 steps   267573 feasible sets         0 orders tried  current cost 14
    W_14: 23340s  52,764,287,000 steps   267740 feasible sets         0 orders tried  current cost 4
    W_14: 23355s  52,798,359,600 steps   267916 feasible sets         0 orders tried  current cost 2
    W_14: 23370s  52,832,583,600 steps   268087 feasible sets         0 orders tried  current cost 13
    W_14: 23385s  52,866,762,000 steps   268259 feasible sets         0 orders tried  current cost 13
    W_14: 23400s  52,901,482,600 steps   268453 feasible sets         0 orders tried  current cost 16
    W_14: 23415s  52,935,544,800 steps   268640 feasible sets         0 orders tried  current cost 7
    W_14: 23430s  52,970,387,600 steps   268826 feasible sets         0 orders tried  current cost 8
    W_14: 23445s  53,004,764,600 steps   268997 feasible sets         0 orders tried  current cost 6
    W_14: 23460s  53,039,257,400 steps   269161 feasible sets         0 orders tried  current cost 4
    W_14: 23475s  53,070,970,600 steps   269291 feasible sets         0 orders tried  current cost 1
    W_14: 23490s  53,105,367,600 steps   269449 feasible sets         0 orders tried  current cost 5
    W_14: 23505s  53,139,919,800 steps   269615 feasible sets         0 orders tried  current cost 2
    W_14: 23520s  53,173,957,400 steps   269775 feasible sets         0 orders tried  current cost 1
    W_14: 23535s  53,208,171,600 steps   269962 feasible sets         0 orders tried  current cost 2
    W_14: 23550s  53,242,615,600 steps   270109 feasible sets         0 orders tried  current cost 1
    W_14: 23565s  53,277,006,400 steps   270275 feasible sets         0 orders tried  current cost 7
    W_14: 23580s  53,310,809,400 steps   270453 feasible sets         0 orders tried  current cost 5
    W_14: 23595s  53,345,291,800 steps   270622 feasible sets         0 orders tried  current cost 4
    W_14: 23610s  53,379,807,000 steps   270750 feasible sets         0 orders tried  current cost 8
    W_14: 23625s  53,413,685,600 steps   270947 feasible sets         0 orders tried  current cost 5
    W_14: 23640s  53,447,834,600 steps   271095 feasible sets         0 orders tried  current cost 3
    W_14: 23655s  53,482,081,200 steps   271257 feasible sets         0 orders tried  current cost 12
    W_14: 23670s  53,516,224,400 steps   271399 feasible sets         0 orders tried  current cost 7
    W_14: 23685s  53,550,789,000 steps   271552 feasible sets         0 orders tried  current cost 6
    W_14: 23700s  53,585,084,600 steps   271701 feasible sets         0 orders tried  current cost 7
    W_14: 23715s  53,619,437,600 steps   271881 feasible sets         0 orders tried  current cost 2
    W_14: 23730s  53,653,651,600 steps   272078 feasible sets         0 orders tried  current cost 2
    W_14: 23745s  53,687,799,400 steps   272246 feasible sets         0 orders tried  current cost 3
    W_14: 23760s  53,722,440,800 steps   272438 feasible sets         0 orders tried  current cost 13
    W_14: 23775s  53,756,640,600 steps   272636 feasible sets         0 orders tried  current cost 11
    W_14: 23790s  53,791,242,800 steps   272788 feasible sets         0 orders tried  current cost 8
    W_14: 23805s  53,825,512,000 steps   272950 feasible sets         0 orders tried  current cost 2
    W_14: 23820s  53,859,938,200 steps   273129 feasible sets         0 orders tried  current cost 3
    W_14: 23835s  53,894,264,000 steps   273291 feasible sets         0 orders tried  current cost 8
    W_14: 23850s  53,928,406,800 steps   273468 feasible sets         0 orders tried  current cost 8
    W_14: 23865s  53,962,575,800 steps   273640 feasible sets         0 orders tried  current cost 3
    W_14: 23880s  53,996,965,600 steps   273799 feasible sets         0 orders tried  current cost 9
    W_14: 23895s  54,031,333,400 steps   273971 feasible sets         0 orders tried  current cost 3
    W_14: 23910s  54,065,577,600 steps   274126 feasible sets         0 orders tried  current cost 4
    W_14: 23925s  54,100,268,800 steps   274306 feasible sets         0 orders tried  current cost 4
    W_14: 23940s  54,134,343,600 steps   274499 feasible sets         0 orders tried  current cost 7
    W_14: 23955s  54,168,872,800 steps   274669 feasible sets         0 orders tried  current cost 4
    W_14: 23970s  54,203,175,400 steps   274853 feasible sets         0 orders tried  current cost 3
    W_14: 23985s  54,237,100,200 steps   275019 feasible sets         0 orders tried  current cost 13
    W_14: 24000s  54,271,242,200 steps   275193 feasible sets         0 orders tried  current cost 8
    W_14: 24015s  54,305,955,000 steps   275359 feasible sets         0 orders tried  current cost 4
    W_14: 24030s  54,340,466,400 steps   275502 feasible sets         0 orders tried  current cost 5
    W_14: 24045s  54,374,853,600 steps   275658 feasible sets         0 orders tried  current cost 4
    W_14: 24060s  54,409,479,800 steps   275850 feasible sets         0 orders tried  current cost 2
    W_14: 24075s  54,443,838,800 steps   276034 feasible sets         0 orders tried  current cost 2
    W_14: 24090s  54,478,216,800 steps   276172 feasible sets         0 orders tried  current cost 3
    W_14: 24105s  54,513,077,800 steps   276395 feasible sets         0 orders tried  current cost 2
    W_14: 24120s  54,547,778,400 steps   276591 feasible sets         0 orders tried  current cost 5
    W_14: 24135s  54,582,212,800 steps   276775 feasible sets         0 orders tried  current cost 2
    W_14: 24150s  54,616,795,400 steps   276930 feasible sets         0 orders tried  current cost 4
    W_14: 24165s  54,650,977,400 steps   277105 feasible sets         0 orders tried  current cost 3
    W_14: 24180s  54,685,309,000 steps   277243 feasible sets         0 orders tried  current cost 1
    W_14: 24195s  54,719,816,200 steps   277369 feasible sets         0 orders tried  current cost 2
    W_14: 24210s  54,753,918,200 steps   277513 feasible sets         0 orders tried  current cost 3
    W_14: 24225s  54,787,944,000 steps   277661 feasible sets         0 orders tried  current cost 12
    W_14: 24240s  54,822,292,800 steps   277846 feasible sets         0 orders tried  current cost 3
    W_14: 24255s  54,856,434,600 steps   278025 feasible sets         0 orders tried  current cost 2
    W_14: 24270s  54,891,421,200 steps   278236 feasible sets         0 orders tried  current cost 10
    W_14: 24285s  54,925,832,800 steps   278364 feasible sets         0 orders tried  current cost 5
    W_14: 24300s  54,960,098,400 steps   278547 feasible sets         0 orders tried  current cost 2
    W_14: 24315s  54,993,952,400 steps   278701 feasible sets         0 orders tried  current cost 5
    W_14: 24330s  55,028,224,400 steps   278857 feasible sets         0 orders tried  current cost 10
    W_14: 24345s  55,062,376,200 steps   278996 feasible sets         0 orders tried  current cost 5
    W_14: 24360s  55,096,873,200 steps   279168 feasible sets         0 orders tried  current cost 4
    W_14: 24375s  55,131,097,800 steps   279368 feasible sets         0 orders tried  current cost 1
    W_14: 24390s  55,165,284,400 steps   279561 feasible sets         0 orders tried  current cost 12
    W_14: 24405s  55,199,723,000 steps   279704 feasible sets         0 orders tried  current cost 12
    W_14: 24420s  55,234,127,800 steps   279888 feasible sets         0 orders tried  current cost 9
    W_14: 24435s  55,268,863,800 steps   280053 feasible sets         0 orders tried  current cost 14
    W_14: 24450s  55,303,368,000 steps   280228 feasible sets         0 orders tried  current cost 5
    W_14: 24465s  55,337,693,800 steps   280415 feasible sets         0 orders tried  current cost 1
    W_14: 24480s  55,371,943,000 steps   280630 feasible sets         0 orders tried  current cost 15
    W_14: 24495s  55,406,206,200 steps   280803 feasible sets         0 orders tried  current cost 9
    W_14: 24510s  55,440,454,400 steps   280937 feasible sets         0 orders tried  current cost 3
    W_14: 24525s  55,474,340,200 steps   281126 feasible sets         0 orders tried  current cost 12
    W_14: 24540s  55,508,695,400 steps   281313 feasible sets         0 orders tried  current cost 4
    W_14: 24555s  55,542,920,600 steps   281477 feasible sets         0 orders tried  current cost 11
    W_14: 24570s  55,577,472,200 steps   281639 feasible sets         0 orders tried  current cost 4
    W_14: 24585s  55,612,316,600 steps   281800 feasible sets         0 orders tried  current cost 4
    W_14: 24600s  55,646,487,400 steps   281980 feasible sets         0 orders tried  current cost 7
    W_14: 24615s  55,681,052,200 steps   282150 feasible sets         0 orders tried  current cost 3
    W_14: 24630s  55,715,385,400 steps   282329 feasible sets         0 orders tried  current cost 9
    W_14: 24645s  55,749,901,200 steps   282521 feasible sets         0 orders tried  current cost 10
    W_14: 24660s  55,784,284,400 steps   282685 feasible sets         0 orders tried  current cost 10
    W_14: 24675s  55,818,774,600 steps   282867 feasible sets         0 orders tried  current cost 6
    W_14: 24690s  55,852,935,800 steps   283041 feasible sets         0 orders tried  current cost 3
    W_14: 24705s  55,887,380,600 steps   283232 feasible sets         0 orders tried  current cost 20
    W_14: 24720s  55,921,476,200 steps   283402 feasible sets         0 orders tried  current cost 2
    W_14: 24735s  55,955,986,000 steps   283564 feasible sets         0 orders tried  current cost 7
    W_14: 24750s  55,990,219,400 steps   283776 feasible sets         0 orders tried  current cost 5
    W_14: 24765s  56,024,856,800 steps   283967 feasible sets         0 orders tried  current cost 4
    W_14: 24780s  56,058,804,200 steps   284149 feasible sets         0 orders tried  current cost 7
    W_14: 24795s  56,093,218,600 steps   284347 feasible sets         0 orders tried  current cost 2
    W_14: 24810s  56,127,387,200 steps   284523 feasible sets         0 orders tried  current cost 9
    W_14: 24825s  56,161,393,000 steps   284700 feasible sets         0 orders tried  current cost 5
    W_14: 24840s  56,195,846,200 steps   284853 feasible sets         0 orders tried  current cost 12
    W_14: 24855s  56,230,414,200 steps   285051 feasible sets         0 orders tried  current cost 4
    W_14: 24870s  56,264,517,000 steps   285212 feasible sets         0 orders tried  current cost 2
    W_14: 24885s  56,298,906,000 steps   285419 feasible sets         0 orders tried  current cost 5
    W_14: 24900s  56,333,313,400 steps   285589 feasible sets         0 orders tried  current cost 4
    W_14: 24915s  56,368,009,600 steps   285797 feasible sets         0 orders tried  current cost 3
    W_14: 24930s  56,402,765,200 steps   285986 feasible sets         0 orders tried  current cost 7
    W_14: 24945s  56,437,264,200 steps   286131 feasible sets         0 orders tried  current cost 6
    W_14: 24960s  56,471,550,200 steps   286280 feasible sets         0 orders tried  current cost 5
    W_14: 24975s  56,505,961,000 steps   286431 feasible sets         0 orders tried  current cost 11
    W_14: 24990s  56,539,737,600 steps   286586 feasible sets         0 orders tried  current cost 4
    W_14: 25005s  56,573,978,200 steps   286786 feasible sets         0 orders tried  current cost 4
    W_14: 25020s  56,608,175,400 steps   286976 feasible sets         0 orders tried  current cost 5
    W_14: 25035s  56,642,668,400 steps   287214 feasible sets         0 orders tried  current cost 6
    W_14: 25050s  56,677,127,600 steps   287402 feasible sets         0 orders tried  current cost 2
    W_14: 25065s  56,711,528,400 steps   287552 feasible sets         0 orders tried  current cost 6
    W_14: 25080s  56,746,027,000 steps   287733 feasible sets         0 orders tried  current cost 8
    W_14: 25095s  56,780,191,200 steps   287907 feasible sets         0 orders tried  current cost 4
    W_14: 25110s  56,814,181,400 steps   288090 feasible sets         0 orders tried  current cost 11
    W_14: 25125s  56,848,144,200 steps   288237 feasible sets         0 orders tried  current cost 9
    W_14: 25140s  56,882,158,000 steps   288400 feasible sets         0 orders tried  current cost 3
    W_14: 25155s  56,916,587,800 steps   288584 feasible sets         0 orders tried  current cost 6
    W_14: 25170s  56,950,440,400 steps   288782 feasible sets         0 orders tried  current cost 16
    W_14: 25185s  56,984,741,000 steps   288968 feasible sets         0 orders tried  current cost 9
    W_14: 25200s  57,018,783,400 steps   289148 feasible sets         0 orders tried  current cost 9
    W_14: 25215s  57,053,432,000 steps   289355 feasible sets         0 orders tried  current cost 5
    W_14: 25230s  57,087,862,200 steps   289529 feasible sets         0 orders tried  current cost 8
    W_14: 25245s  57,122,626,400 steps   289688 feasible sets         0 orders tried  current cost 5
    W_14: 25260s  57,157,323,800 steps   289893 feasible sets         0 orders tried  current cost 9
    W_14: 25275s  57,191,609,800 steps   290070 feasible sets         0 orders tried  current cost 4
    W_14: 25290s  57,226,083,800 steps   290238 feasible sets         0 orders tried  current cost 6
    W_14: 25305s  57,260,187,800 steps   290463 feasible sets         0 orders tried  current cost 1
    W_14: 25320s  57,294,247,200 steps   290646 feasible sets         0 orders tried  current cost 8
    W_14: 25335s  57,328,773,800 steps   290805 feasible sets         0 orders tried  current cost 3
    W_14: 25350s  57,362,848,400 steps   290978 feasible sets         0 orders tried  current cost 7
    W_14: 25365s  57,397,052,600 steps   291161 feasible sets         0 orders tried  current cost 2
    W_14: 25380s  57,431,467,800 steps   291328 feasible sets         0 orders tried  current cost 5
    W_14: 25395s  57,465,955,200 steps   291560 feasible sets         0 orders tried  current cost 1
    W_14: 25410s  57,500,972,600 steps   291719 feasible sets         0 orders tried  current cost 3
    W_14: 25425s  57,535,646,600 steps   291924 feasible sets         0 orders tried  current cost 6
    W_14: 25440s  57,570,069,000 steps   292090 feasible sets         0 orders tried  current cost 3
    W_14: 25455s  57,604,534,800 steps   292228 feasible sets         0 orders tried  current cost 1
    W_14: 25470s  57,638,951,000 steps   292429 feasible sets         0 orders tried  current cost 3
    W_14: 25485s  57,673,489,000 steps   292611 feasible sets         0 orders tried  current cost 6
    W_14: 25500s  57,707,892,600 steps   292784 feasible sets         0 orders tried  current cost 4
    W_14: 25515s  57,742,284,200 steps   292995 feasible sets         0 orders tried  current cost 16
    W_14: 25530s  57,776,271,200 steps   293163 feasible sets         0 orders tried  current cost 4
    W_14: 25545s  57,810,777,400 steps   293325 feasible sets         0 orders tried  current cost 3
    W_14: 25560s  57,845,241,000 steps   293478 feasible sets         0 orders tried  current cost 5
    W_14: 25575s  57,879,594,600 steps   293688 feasible sets         0 orders tried  current cost 4
    W_14: 25590s  57,913,996,800 steps   293881 feasible sets         0 orders tried  current cost 2
    W_14: 25605s  57,948,353,400 steps   294075 feasible sets         0 orders tried  current cost 2
    W_14: 25620s  57,982,685,000 steps   294241 feasible sets         0 orders tried  current cost 6
    W_14: 25635s  58,016,751,600 steps   294375 feasible sets         0 orders tried  current cost 4
    W_14: 25650s  58,051,163,800 steps   294575 feasible sets         0 orders tried  current cost 12
    W_14: 25665s  58,084,641,800 steps   294764 feasible sets         0 orders tried  current cost 11
    W_14: 25680s  58,117,180,000 steps   294945 feasible sets         0 orders tried  current cost 3
    W_14: 25695s  58,151,386,000 steps   295115 feasible sets         0 orders tried  current cost 9
    W_14: 25710s  58,186,272,600 steps   295282 feasible sets         0 orders tried  current cost 3
    W_14: 25725s  58,221,267,800 steps   295447 feasible sets         0 orders tried  current cost 2
    W_14: 25740s  58,255,862,200 steps   295625 feasible sets         0 orders tried  current cost 8
    W_14: 25755s  58,290,491,600 steps   295817 feasible sets         0 orders tried  current cost 4
    W_14: 25770s  58,324,901,200 steps   296014 feasible sets         0 orders tried  current cost 12
    W_14: 25785s  58,359,066,600 steps   296219 feasible sets         0 orders tried  current cost 8
    W_14: 25800s  58,393,524,800 steps   296360 feasible sets         0 orders tried  current cost 10
    W_14: 25815s  58,427,899,000 steps   296515 feasible sets         0 orders tried  current cost 2
    W_14: 25830s  58,462,444,200 steps   296677 feasible sets         0 orders tried  current cost 12
    W_14: 25845s  58,497,253,800 steps   296848 feasible sets         0 orders tried  current cost 2
    W_14: 25860s  58,531,554,800 steps   297049 feasible sets         0 orders tried  current cost 1
    W_14: 25875s  58,565,852,800 steps   297237 feasible sets         0 orders tried  current cost 3
    W_14: 25890s  58,600,347,400 steps   297424 feasible sets         0 orders tried  current cost 6
    W_14: 25905s  58,635,001,400 steps   297585 feasible sets         0 orders tried  current cost 13
    W_14: 25920s  58,669,254,600 steps   297779 feasible sets         0 orders tried  current cost 4
    W_14: 25935s  58,703,372,000 steps   297954 feasible sets         0 orders tried  current cost 4
    W_14: 25950s  58,737,527,200 steps   298162 feasible sets         0 orders tried  current cost 6
    W_14: 25965s  58,771,580,400 steps   298352 feasible sets         0 orders tried  current cost 11
    W_14: 25980s  58,805,989,800 steps   298501 feasible sets         0 orders tried  current cost 4
    W_14: 25995s  58,840,494,400 steps   298701 feasible sets         0 orders tried  current cost 3
    W_14: 26010s  58,874,734,000 steps   298864 feasible sets         0 orders tried  current cost 2
    W_14: 26025s  58,908,725,600 steps   299095 feasible sets         0 orders tried  current cost 9
    W_14: 26040s  58,943,038,400 steps   299260 feasible sets         0 orders tried  current cost 4
    W_14: 26055s  58,977,686,400 steps   299426 feasible sets         0 orders tried  current cost 6
    W_14: 26070s  59,011,816,200 steps   299613 feasible sets         0 orders tried  current cost 3
    W_14: 26085s  59,046,029,600 steps   299796 feasible sets         0 orders tried  current cost 4
    W_14: 26100s  59,080,195,000 steps   299994 feasible sets         0 orders tried  current cost 5
    W_14: 26115s  59,114,669,400 steps   300142 feasible sets         0 orders tried  current cost 3
    W_14: 26130s  59,148,647,800 steps   300328 feasible sets         0 orders tried  current cost 5
    W_14: 26145s  59,183,216,400 steps   300494 feasible sets         0 orders tried  current cost 2
    W_14: 26160s  59,217,614,800 steps   300680 feasible sets         0 orders tried  current cost 2
    W_14: 26175s  59,251,854,200 steps   300859 feasible sets         0 orders tried  current cost 3
    W_14: 26190s  59,286,184,400 steps   301039 feasible sets         0 orders tried  current cost 9
    W_14: 26205s  59,320,810,000 steps   301242 feasible sets         0 orders tried  current cost 3
    W_14: 26220s  59,354,526,200 steps   301414 feasible sets         0 orders tried  current cost 11
    W_14: 26235s  59,387,979,400 steps   301547 feasible sets         0 orders tried  current cost 1
    W_14: 26250s  59,421,465,800 steps   301725 feasible sets         0 orders tried  current cost 6
    W_14: 26265s  59,454,892,400 steps   301892 feasible sets         0 orders tried  current cost 3
    W_14: 26280s  59,488,921,400 steps   302025 feasible sets         0 orders tried  current cost 17
    W_14: 26295s  59,522,539,200 steps   302187 feasible sets         0 orders tried  current cost 3
    W_14: 26310s  59,556,144,000 steps   302377 feasible sets         0 orders tried  current cost 12
    W_14: 26325s  59,589,747,600 steps   302544 feasible sets         0 orders tried  current cost 5
    W_14: 26340s  59,623,384,800 steps   302676 feasible sets         0 orders tried  current cost 10
    W_14: 26355s  59,657,529,200 steps   302901 feasible sets         0 orders tried  current cost 5
    W_14: 26370s  59,691,037,000 steps   303029 feasible sets         0 orders tried  current cost 4
    W_14: 26385s  59,724,493,600 steps   303240 feasible sets         0 orders tried  current cost 3
    W_14: 26400s  59,758,209,800 steps   303386 feasible sets         0 orders tried  current cost 5
    W_14: 26415s  59,791,897,800 steps   303585 feasible sets         0 orders tried  current cost 3
    W_14: 26430s  59,825,705,200 steps   303706 feasible sets         0 orders tried  current cost 8
    W_14: 26445s  59,859,265,400 steps   303892 feasible sets         0 orders tried  current cost 11
    W_14: 26460s  59,892,915,800 steps   304054 feasible sets         0 orders tried  current cost 3
    W_14: 26475s  59,926,661,600 steps   304259 feasible sets         0 orders tried  current cost 11
    W_14: 26490s  59,960,613,600 steps   304419 feasible sets         0 orders tried  current cost 3
    W_14: 26505s  59,994,598,800 steps   304609 feasible sets         0 orders tried  current cost 4
    W_14: 26520s  60,028,158,200 steps   304772 feasible sets         0 orders tried  current cost 1
    W_14: 26535s  60,060,086,000 steps   304917 feasible sets         0 orders tried  current cost 6
    W_14: 26550s  60,085,373,800 steps   305046 feasible sets         0 orders tried  current cost 2
    W_14: 26565s  60,113,908,800 steps   305172 feasible sets         0 orders tried  current cost 4
    W_14: 26580s  60,147,661,400 steps   305371 feasible sets         0 orders tried  current cost 10
    W_14: 26595s  60,181,338,000 steps   305526 feasible sets         0 orders tried  current cost 2
    W_14: 26610s  60,215,408,800 steps   305673 feasible sets         0 orders tried  current cost 8
    W_14: 26625s  60,249,191,400 steps   305826 feasible sets         0 orders tried  current cost 3
    W_14: 26640s  60,283,392,800 steps   305989 feasible sets         0 orders tried  current cost 6
    W_14: 26655s  60,316,986,800 steps   306181 feasible sets         0 orders tried  current cost 6
    W_14: 26670s  60,350,445,800 steps   306339 feasible sets         0 orders tried  current cost 8
    W_14: 26685s  60,384,428,200 steps   306508 feasible sets         0 orders tried  current cost 4
    W_14: 26700s  60,417,689,000 steps   306706 feasible sets         0 orders tried  current cost 4
    W_14: 26715s  60,451,120,400 steps   306894 feasible sets         0 orders tried  current cost 16
    W_14: 26730s  60,484,544,400 steps   307073 feasible sets         0 orders tried  current cost 8
    W_14: 26745s  60,518,150,800 steps   307202 feasible sets         0 orders tried  current cost 5
    W_14: 26760s  60,551,925,800 steps   307376 feasible sets         0 orders tried  current cost 5
    W_14: 26775s  60,585,799,800 steps   307512 feasible sets         0 orders tried  current cost 3
    W_14: 26790s  60,619,557,000 steps   307699 feasible sets         0 orders tried  current cost 3
    W_14: 26805s  60,653,123,600 steps   307879 feasible sets         0 orders tried  current cost 9
    W_14: 26820s  60,686,721,800 steps   308041 feasible sets         0 orders tried  current cost 12
    W_14: 26835s  60,720,448,800 steps   308198 feasible sets         0 orders tried  current cost 2
    W_14: 26850s  60,754,318,800 steps   308376 feasible sets         0 orders tried  current cost 4
    W_14: 26865s  60,788,090,000 steps   308588 feasible sets         0 orders tried  current cost 3
    W_14: 26880s  60,819,395,400 steps   308763 feasible sets         0 orders tried  current cost 4
    W_14: 26895s  60,852,287,000 steps   308911 feasible sets         0 orders tried  current cost 8
    W_14: 26910s  60,870,136,400 steps   309020 feasible sets         0 orders tried  current cost 3
    W_14: 26925s  60,903,571,200 steps   309211 feasible sets         0 orders tried  current cost 1
    W_14: 26940s  60,936,989,800 steps   309409 feasible sets         0 orders tried  current cost 5
    W_14: 26955s  60,971,295,400 steps   309559 feasible sets         0 orders tried  current cost 3
    W_14: 26970s  61,005,551,200 steps   309750 feasible sets         0 orders tried  current cost 2
    W_14: 26985s  61,040,073,800 steps   309937 feasible sets         0 orders tried  current cost 1
    W_14: 27000s  61,073,975,600 steps   310132 feasible sets         0 orders tried  current cost 4
    W_14: 27015s  61,107,982,800 steps   310338 feasible sets         0 orders tried  current cost 11
    W_14: 27030s  61,142,650,000 steps   310515 feasible sets         0 orders tried  current cost 4
    W_14: 27045s  61,177,123,400 steps   310711 feasible sets         0 orders tried  current cost 9
    W_14: 27060s  61,211,411,400 steps   310889 feasible sets         0 orders tried  current cost 4
    W_14: 27075s  61,245,874,000 steps   311115 feasible sets         0 orders tried  current cost 3
    W_14: 27090s  61,280,015,800 steps   311285 feasible sets         0 orders tried  current cost 3
    W_14: 27105s  61,314,448,600 steps   311442 feasible sets         0 orders tried  current cost 5
    W_14: 27120s  61,348,922,200 steps   311599 feasible sets         0 orders tried  current cost 11
    W_14: 27135s  61,383,100,800 steps   311766 feasible sets         0 orders tried  current cost 15
    W_14: 27150s  61,417,078,800 steps   311961 feasible sets         0 orders tried  current cost 3
    W_14: 27165s  61,451,734,600 steps   312189 feasible sets         0 orders tried  current cost 3
    W_14: 27180s  61,485,920,600 steps   312333 feasible sets         0 orders tried  current cost 19
    W_14: 27195s  61,520,818,200 steps   312532 feasible sets         0 orders tried  current cost 4
    W_14: 27210s  61,555,452,800 steps   312713 feasible sets         0 orders tried  current cost 4
    W_14: 27225s  61,589,774,400 steps   312881 feasible sets         0 orders tried  current cost 4
    W_14: 27240s  61,624,298,400 steps   313073 feasible sets         0 orders tried  current cost 2
    W_14: 27255s  61,658,350,600 steps   313253 feasible sets         0 orders tried  current cost 2
    W_14: 27270s  61,692,519,000 steps   313488 feasible sets         0 orders tried  current cost 2
    W_14: 27285s  61,727,011,800 steps   313655 feasible sets         0 orders tried  current cost 5
    W_14: 27300s  61,761,526,000 steps   313842 feasible sets         0 orders tried  current cost 7
    W_14: 27315s  61,795,877,200 steps   314017 feasible sets         0 orders tried  current cost 2
    W_14: 27330s  61,830,165,000 steps   314195 feasible sets         0 orders tried  current cost 9
    W_14: 27345s  61,864,265,400 steps   314408 feasible sets         0 orders tried  current cost 11
    W_14: 27360s  61,898,722,400 steps   314576 feasible sets         0 orders tried  current cost 11
    W_14: 27375s  61,933,351,400 steps   314717 feasible sets         0 orders tried  current cost 4
    W_14: 27390s  61,968,089,800 steps   314876 feasible sets         0 orders tried  current cost 5
    W_14: 27405s  62,002,331,400 steps   315043 feasible sets         0 orders tried  current cost 2
    W_14: 27420s  62,036,353,000 steps   315215 feasible sets         0 orders tried  current cost 4
    W_14: 27435s  62,070,691,600 steps   315370 feasible sets         0 orders tried  current cost 3
    W_14: 27450s  62,104,927,000 steps   315549 feasible sets         0 orders tried  current cost 4
    W_14: 27465s  62,139,253,200 steps   315763 feasible sets         0 orders tried  current cost 1
    W_14: 27480s  62,173,436,600 steps   315968 feasible sets         0 orders tried  current cost 3
    W_14: 27495s  62,207,701,600 steps   316147 feasible sets         0 orders tried  current cost 11
    W_14: 27510s  62,241,778,000 steps   316295 feasible sets         0 orders tried  current cost 2
    W_14: 27525s  62,276,579,200 steps   316465 feasible sets         0 orders tried  current cost 5
    W_14: 27540s  62,311,149,200 steps   316648 feasible sets         0 orders tried  current cost 7
    W_14: 27555s  62,345,385,000 steps   316816 feasible sets         0 orders tried  current cost 8
    W_14: 27570s  62,380,203,600 steps   316992 feasible sets         0 orders tried  current cost 6
    W_14: 27585s  62,414,452,000 steps   317185 feasible sets         0 orders tried  current cost 2
    W_14: 27600s  62,448,746,400 steps   317378 feasible sets         0 orders tried  current cost 10
    W_14: 27615s  62,482,803,400 steps   317552 feasible sets         0 orders tried  current cost 12
    W_14: 27630s  62,517,142,000 steps   317704 feasible sets         0 orders tried  current cost 10
    W_14: 27645s  62,551,466,200 steps   317884 feasible sets         0 orders tried  current cost 7
    W_14: 27660s  62,585,541,200 steps   318048 feasible sets         0 orders tried  current cost 11
    W_14: 27675s  62,620,020,600 steps   318234 feasible sets         0 orders tried  current cost 15
    W_14: 27690s  62,654,624,400 steps   318404 feasible sets         0 orders tried  current cost 11
    W_14: 27705s  62,688,858,200 steps   318573 feasible sets         0 orders tried  current cost 4
    W_14: 27720s  62,723,769,400 steps   318780 feasible sets         0 orders tried  current cost 5
    W_14: 27735s  62,757,912,800 steps   318950 feasible sets         0 orders tried  current cost 3
    W_14: 27750s  62,792,358,800 steps   319125 feasible sets         0 orders tried  current cost 1
    W_14: 27765s  62,826,798,600 steps   319296 feasible sets         0 orders tried  current cost 3
    W_14: 27780s  62,860,909,600 steps   319477 feasible sets         0 orders tried  current cost 7
    W_14: 27795s  62,895,446,000 steps   319674 feasible sets         0 orders tried  current cost 4
    W_14: 27810s  62,930,434,000 steps   319812 feasible sets         0 orders tried  current cost 3
    W_14: 27825s  62,964,591,400 steps   319992 feasible sets         0 orders tried  current cost 5
    W_14: 27840s  62,999,010,600 steps   320154 feasible sets         0 orders tried  current cost 6
    W_14: 27855s  63,033,410,400 steps   320314 feasible sets         0 orders tried  current cost 3
    W_14: 27870s  63,067,887,800 steps   320503 feasible sets         0 orders tried  current cost 8
    W_14: 27885s  63,101,865,200 steps   320657 feasible sets         0 orders tried  current cost 11
    W_14: 27900s  63,136,462,200 steps   320829 feasible sets         0 orders tried  current cost 13
    W_14: 27915s  63,171,016,600 steps   321001 feasible sets         0 orders tried  current cost 2
    W_14: 27930s  63,205,216,800 steps   321139 feasible sets         0 orders tried  current cost 2
    W_14: 27945s  63,239,693,800 steps   321288 feasible sets         0 orders tried  current cost 4
    W_14: 27960s  63,273,968,400 steps   321426 feasible sets         0 orders tried  current cost 2
    W_14: 27975s  63,308,234,000 steps   321593 feasible sets         0 orders tried  current cost 3
    W_14: 27990s  63,342,653,800 steps   321752 feasible sets         0 orders tried  current cost 4
    W_14: 28005s  63,376,539,600 steps   321913 feasible sets         0 orders tried  current cost 5
    W_14: 28020s  63,410,245,400 steps   322076 feasible sets         0 orders tried  current cost 7
    W_14: 28035s  63,444,646,800 steps   322222 feasible sets         0 orders tried  current cost 4
    W_14: 28050s  63,479,030,600 steps   322381 feasible sets         0 orders tried  current cost 3
    W_14: 28065s  63,513,447,000 steps   322532 feasible sets         0 orders tried  current cost 8
    W_14: 28080s  63,548,103,800 steps   322701 feasible sets         0 orders tried  current cost 9
    W_14: 28095s  63,582,335,600 steps   322867 feasible sets         0 orders tried  current cost 3
    W_14: 28110s  63,616,229,800 steps   323038 feasible sets         0 orders tried  current cost 3
    W_14: 28125s  63,650,866,200 steps   323210 feasible sets         0 orders tried  current cost 6
    W_14: 28140s  63,684,905,800 steps   323386 feasible sets         0 orders tried  current cost 3
    W_14: 28155s  63,719,206,600 steps   323555 feasible sets         0 orders tried  current cost 10
    W_14: 28170s  63,753,531,000 steps   323684 feasible sets         0 orders tried  current cost 1
    W_14: 28185s  63,787,614,800 steps   323876 feasible sets         0 orders tried  current cost 3
    W_14: 28200s  63,821,780,200 steps   324077 feasible sets         0 orders tried  current cost 14
    W_14: 28215s  63,855,868,400 steps   324254 feasible sets         0 orders tried  current cost 5
    W_14: 28230s  63,890,178,200 steps   324421 feasible sets         0 orders tried  current cost 3
    W_14: 28245s  63,924,782,400 steps   324590 feasible sets         0 orders tried  current cost 13
    W_14: 28260s  63,959,015,600 steps   324787 feasible sets         0 orders tried  current cost 5
    W_14: 28275s  63,993,042,200 steps   324954 feasible sets         0 orders tried  current cost 11
    W_14: 28290s  64,027,556,400 steps   325122 feasible sets         0 orders tried  current cost 4
    W_14: 28305s  64,062,237,800 steps   325312 feasible sets         0 orders tried  current cost 3
    W_14: 28320s  64,096,520,600 steps   325476 feasible sets         0 orders tried  current cost 10
    W_14: 28335s  64,131,014,400 steps   325629 feasible sets         0 orders tried  current cost 4
    W_14: 28350s  64,164,991,400 steps   325770 feasible sets         0 orders tried  current cost 5
    W_14: 28365s  64,199,620,200 steps   325980 feasible sets         0 orders tried  current cost 8
    W_14: 28380s  64,234,078,200 steps   326156 feasible sets         0 orders tried  current cost 4
    W_14: 28395s  64,268,565,200 steps   326360 feasible sets         0 orders tried  current cost 8
    W_14: 28410s  64,302,531,000 steps   326557 feasible sets         0 orders tried  current cost 2
    W_14: 28425s  64,337,005,200 steps   326727 feasible sets         0 orders tried  current cost 7
    W_14: 28440s  64,371,428,200 steps   326912 feasible sets         0 orders tried  current cost 6
    W_14: 28455s  64,405,413,000 steps   327089 feasible sets         0 orders tried  current cost 3
    W_14: 28470s  64,439,849,800 steps   327252 feasible sets         0 orders tried  current cost 4
    W_14: 28485s  64,474,148,000 steps   327432 feasible sets         0 orders tried  current cost 7
    W_14: 28500s  64,508,524,000 steps   327544 feasible sets         0 orders tried  current cost 8
    W_14: 28515s  64,542,819,400 steps   327701 feasible sets         0 orders tried  current cost 3
    W_14: 28530s  64,577,204,600 steps   327868 feasible sets         0 orders tried  current cost 10
    W_14: 28545s  64,611,339,600 steps   328018 feasible sets         0 orders tried  current cost 3
    W_14: 28560s  64,645,289,600 steps   328197 feasible sets         0 orders tried  current cost 5
    W_14: 28575s  64,679,670,800 steps   328386 feasible sets         0 orders tried  current cost 4
    W_14: 28590s  64,713,992,800 steps   328572 feasible sets         0 orders tried  current cost 1
    W_14: 28605s  64,748,272,200 steps   328736 feasible sets         0 orders tried  current cost 4
    W_14: 28620s  64,782,438,600 steps   328941 feasible sets         0 orders tried  current cost 3
    W_14: 28635s  64,816,469,000 steps   329119 feasible sets         0 orders tried  current cost 5
    W_14: 28650s  64,850,831,200 steps   329268 feasible sets         0 orders tried  current cost 4
    W_14: 28665s  64,885,297,200 steps   329411 feasible sets         0 orders tried  current cost 3
    W_14: 28680s  64,919,448,800 steps   329599 feasible sets         0 orders tried  current cost 1
    W_14: 28695s  64,954,069,200 steps   329762 feasible sets         0 orders tried  current cost 5
    W_14: 28710s  64,988,586,400 steps   329957 feasible sets         0 orders tried  current cost 7
    W_14: 28725s  65,022,829,600 steps   330172 feasible sets         0 orders tried  current cost 3
    W_14: 28740s  65,057,153,400 steps   330333 feasible sets         0 orders tried  current cost 4
    W_14: 28755s  65,091,347,400 steps   330544 feasible sets         0 orders tried  current cost 5
    W_14: 28770s  65,125,516,200 steps   330685 feasible sets         0 orders tried  current cost 4
    W_14: 28785s  65,159,419,200 steps   330865 feasible sets         0 orders tried  current cost 2
    W_14: 28800s  65,193,500,600 steps   331052 feasible sets         0 orders tried  current cost 10
    W_14: 28815s  65,228,353,200 steps   331206 feasible sets         0 orders tried  current cost 2
    W_14: 28830s  65,262,324,400 steps   331370 feasible sets         0 orders tried  current cost 9
    W_14: 28845s  65,296,729,800 steps   331558 feasible sets         0 orders tried  current cost 4
    W_14: 28860s  65,330,901,200 steps   331728 feasible sets         0 orders tried  current cost 17
    W_14: 28875s  65,365,223,600 steps   331912 feasible sets         0 orders tried  current cost 8
    W_14: 28890s  65,399,604,400 steps   332101 feasible sets         0 orders tried  current cost 8
    W_14: 28905s  65,433,507,400 steps   332300 feasible sets         0 orders tried  current cost 4
    W_14: 28920s  65,467,919,200 steps   332470 feasible sets         0 orders tried  current cost 3
    W_14: 28935s  65,502,117,600 steps   332631 feasible sets         0 orders tried  current cost 4
    W_14: 28950s  65,536,499,600 steps   332839 feasible sets         0 orders tried  current cost 4
    W_14: 28965s  65,571,231,000 steps   333004 feasible sets         0 orders tried  current cost 5
    W_14: 28980s  65,605,871,200 steps   333158 feasible sets         0 orders tried  current cost 3
    W_14: 28995s  65,640,042,800 steps   333360 feasible sets         0 orders tried  current cost 9
    W_14: 29010s  65,674,475,800 steps   333540 feasible sets         0 orders tried  current cost 1
    W_14: 29025s  65,709,040,800 steps   333734 feasible sets         0 orders tried  current cost 15
    W_14: 29040s  65,743,035,800 steps   333941 feasible sets         0 orders tried  current cost 2
    W_14: 29055s  65,777,320,200 steps   334118 feasible sets         0 orders tried  current cost 16
    W_14: 29070s  65,811,626,400 steps   334285 feasible sets         0 orders tried  current cost 6
    W_14: 29085s  65,845,680,000 steps   334423 feasible sets         0 orders tried  current cost 1
    W_14: 29100s  65,879,977,000 steps   334577 feasible sets         0 orders tried  current cost 3
    W_14: 29115s  65,913,793,000 steps   334749 feasible sets         0 orders tried  current cost 5
    W_14: 29130s  65,948,118,400 steps   334912 feasible sets         0 orders tried  current cost 3
    W_14: 29145s  65,982,953,200 steps   335090 feasible sets         0 orders tried  current cost 3
    W_14: 29160s  66,017,108,400 steps   335261 feasible sets         0 orders tried  current cost 8
    W_14: 29175s  66,051,307,000 steps   335447 feasible sets         0 orders tried  current cost 6
    W_14: 29190s  66,085,944,000 steps   335613 feasible sets         0 orders tried  current cost 10
    W_14: 29205s  66,120,540,800 steps   335758 feasible sets         0 orders tried  current cost 16
    W_14: 29220s  66,155,021,200 steps   335967 feasible sets         0 orders tried  current cost 7
    W_14: 29235s  66,189,429,000 steps   336146 feasible sets         0 orders tried  current cost 4
    W_14: 29250s  66,223,200,200 steps   336340 feasible sets         0 orders tried  current cost 17
    W_14: 29265s  66,257,462,200 steps   336519 feasible sets         0 orders tried  current cost 12
    W_14: 29280s  66,291,529,200 steps   336733 feasible sets         0 orders tried  current cost 6
    W_14: 29295s  66,325,935,600 steps   336910 feasible sets         0 orders tried  current cost 3
    W_14: 29310s  66,360,318,200 steps   337110 feasible sets         0 orders tried  current cost 2
    W_14: 29325s  66,394,644,400 steps   337259 feasible sets         0 orders tried  current cost 5
    W_14: 29340s  66,429,522,200 steps   337486 feasible sets         0 orders tried  current cost 12
    W_14: 29355s  66,464,177,400 steps   337637 feasible sets         0 orders tried  current cost 1
    W_14: 29370s  66,498,949,800 steps   337847 feasible sets         0 orders tried  current cost 5
    W_14: 29385s  66,533,062,600 steps   338010 feasible sets         0 orders tried  current cost 11
    W_14: 29400s  66,565,638,600 steps   338149 feasible sets         0 orders tried  current cost 3
    W_14: 29415s  66,600,066,000 steps   338335 feasible sets         0 orders tried  current cost 1
    W_14: 29430s  66,634,502,800 steps   338495 feasible sets         0 orders tried  current cost 9
    W_14: 29445s  66,668,518,600 steps   338690 feasible sets         0 orders tried  current cost 4
    W_14: 29460s  66,702,926,400 steps   338842 feasible sets         0 orders tried  current cost 9
    W_14: 29475s  66,737,390,000 steps   339020 feasible sets         0 orders tried  current cost 5
    W_14: 29490s  66,771,296,400 steps   339190 feasible sets         0 orders tried  current cost 1
    W_14: 29505s  66,805,544,600 steps   339372 feasible sets         0 orders tried  current cost 9
    W_14: 29520s  66,839,205,600 steps   339521 feasible sets         0 orders tried  current cost 5
    W_14: 29535s  66,873,299,800 steps   339724 feasible sets         0 orders tried  current cost 2
    W_14: 29550s  66,907,799,200 steps   339882 feasible sets         0 orders tried  current cost 3
    W_14: 29565s  66,941,421,400 steps   340064 feasible sets         0 orders tried  current cost 8
    W_14: 29580s  66,973,540,000 steps   340229 feasible sets         0 orders tried  current cost 1
    W_14: 29595s  66,998,571,600 steps   340363 feasible sets         0 orders tried  current cost 4
    W_14: 29610s  67,021,694,600 steps   340464 feasible sets         0 orders tried  current cost 2
    W_14: 29625s  67,055,623,600 steps   340662 feasible sets         0 orders tried  current cost 9
    W_14: 29640s  67,089,203,400 steps   340795 feasible sets         0 orders tried  current cost 17
    W_14: 29655s  67,121,848,600 steps   340965 feasible sets         0 orders tried  current cost 6
    W_14: 29670s  67,148,774,400 steps   341119 feasible sets         0 orders tried  current cost 4
    W_14: 29685s  67,163,422,000 steps   341237 feasible sets         0 orders tried  current cost 11
    W_14: 29700s  67,198,452,200 steps   341381 feasible sets         0 orders tried  current cost 2
    W_14: 29715s  67,228,869,800 steps   341558 feasible sets         0 orders tried  current cost 4
    W_14: 29730s  67,257,849,200 steps   341719 feasible sets         0 orders tried  current cost 5
    W_14: 29745s  67,274,991,600 steps   341794 feasible sets         0 orders tried  current cost 4
    W_14: 29760s  67,304,673,400 steps   341957 feasible sets         0 orders tried  current cost 3
    W_14: 29775s  67,335,581,000 steps   342086 feasible sets         0 orders tried  current cost 10
    W_14: 29790s  67,369,591,000 steps   342281 feasible sets         0 orders tried  current cost 3
    W_14: 29805s  67,403,737,800 steps   342465 feasible sets         0 orders tried  current cost 2
    W_14: 29820s  67,437,496,800 steps   342641 feasible sets         0 orders tried  current cost 1
    W_14: 29835s  67,472,089,400 steps   342842 feasible sets         0 orders tried  current cost 2
    W_14: 29850s  67,505,862,000 steps   342992 feasible sets         0 orders tried  current cost 9
    W_14: 29865s  67,540,542,000 steps   343176 feasible sets         0 orders tried  current cost 8
    W_14: 29880s  67,574,092,200 steps   343322 feasible sets         0 orders tried  current cost 5
    W_14: 29895s  67,607,331,800 steps   343453 feasible sets         0 orders tried  current cost 4
    W_14: 29910s  67,641,651,000 steps   343615 feasible sets         0 orders tried  current cost 4
    W_14: 29925s  67,675,822,800 steps   343795 feasible sets         0 orders tried  current cost 13
    W_14: 29940s  67,709,302,200 steps   343959 feasible sets         0 orders tried  current cost 11
    W_14: 29955s  67,743,784,200 steps   344130 feasible sets         0 orders tried  current cost 9
    W_14: 29970s  67,777,994,200 steps   344325 feasible sets         0 orders tried  current cost 4
    W_14: 29985s  67,812,109,400 steps   344489 feasible sets         0 orders tried  current cost 4
    W_14: 30000s  67,847,034,200 steps   344661 feasible sets         0 orders tried  current cost 1
    W_14: 30015s  67,880,699,400 steps   344824 feasible sets         0 orders tried  current cost 1
    W_14: 30030s  67,912,997,200 steps   345041 feasible sets         0 orders tried  current cost 2
    W_14: 30045s  67,946,686,200 steps   345220 feasible sets         0 orders tried  current cost 8
    W_14: 30060s  67,980,915,200 steps   345382 feasible sets         0 orders tried  current cost 4
    W_14: 30075s  68,014,433,600 steps   345572 feasible sets         0 orders tried  current cost 3
    W_14: 30090s  68,047,895,600 steps   345764 feasible sets         0 orders tried  current cost 4
    W_14: 30105s  68,080,908,200 steps   345899 feasible sets         0 orders tried  current cost 6
    W_14: 30120s  68,114,387,400 steps   346065 feasible sets         0 orders tried  current cost 6
    W_14: 30135s  68,148,725,400 steps   346254 feasible sets         0 orders tried  current cost 10
    W_14: 30150s  68,183,122,800 steps   346440 feasible sets         0 orders tried  current cost 18
    W_14: 30165s  68,217,220,200 steps   346623 feasible sets         0 orders tried  current cost 8
    W_14: 30180s  68,250,188,200 steps   346780 feasible sets         0 orders tried  current cost 6
    W_14: 30195s  68,282,590,600 steps   346942 feasible sets         0 orders tried  current cost 3
    W_14: 30210s  68,316,295,600 steps   347113 feasible sets         0 orders tried  current cost 2
    W_14: 30225s  68,348,710,800 steps   347306 feasible sets         0 orders tried  current cost 5
    W_14: 30240s  68,382,361,000 steps   347475 feasible sets         0 orders tried  current cost 10
    W_14: 30255s  68,413,796,400 steps   347634 feasible sets         0 orders tried  current cost 5
    W_14: 30270s  68,446,560,400 steps   347797 feasible sets         0 orders tried  current cost 18
    W_14: 30285s  68,480,845,600 steps   347983 feasible sets         0 orders tried  current cost 5
    W_14: 30300s  68,514,037,600 steps   348189 feasible sets         0 orders tried  current cost 4
    W_14: 30315s  68,544,241,800 steps   348349 feasible sets         0 orders tried  current cost 9
    W_14: 30330s  68,575,079,800 steps   348514 feasible sets         0 orders tried  current cost 5
    W_14: 30345s  68,606,872,400 steps   348673 feasible sets         0 orders tried  current cost 3
    W_14: 30360s  68,638,539,600 steps   348833 feasible sets         0 orders tried  current cost 4
    W_14: 30375s  68,669,855,600 steps   348994 feasible sets         0 orders tried  current cost 5
    W_14: 30390s  68,701,621,000 steps   349156 feasible sets         0 orders tried  current cost 10
    W_14: 30405s  68,733,302,600 steps   349304 feasible sets         0 orders tried  current cost 9
    W_14: 30420s  68,764,968,000 steps   349445 feasible sets         0 orders tried  current cost 8
    W_14: 30435s  68,796,630,600 steps   349594 feasible sets         0 orders tried  current cost 5
    W_14: 30450s  68,828,019,800 steps   349763 feasible sets         0 orders tried  current cost 4
    W_14: 30465s  68,859,566,200 steps   349918 feasible sets         0 orders tried  current cost 9
    W_14: 30480s  68,891,298,800 steps   350067 feasible sets         0 orders tried  current cost 3
    W_14: 30495s  68,923,014,800 steps   350244 feasible sets         0 orders tried  current cost 5
    W_14: 30510s  68,954,679,000 steps   350391 feasible sets         0 orders tried  current cost 3
    W_14: 30525s  68,986,152,600 steps   350556 feasible sets         0 orders tried  current cost 5
    W_14: 30540s  69,017,726,200 steps   350694 feasible sets         0 orders tried  current cost 5
    W_14: 30555s  69,049,602,800 steps   350869 feasible sets         0 orders tried  current cost 13
    W_14: 30570s  69,081,113,800 steps   351045 feasible sets         0 orders tried  current cost 4
    W_14: 30585s  69,112,936,000 steps   351222 feasible sets         0 orders tried  current cost 2
    W_14: 30600s  69,143,788,600 steps   351386 feasible sets         0 orders tried  current cost 6
    W_14: 30615s  69,174,897,600 steps   351550 feasible sets         0 orders tried  current cost 1
    W_14: 30630s  69,206,574,600 steps   351709 feasible sets         0 orders tried  current cost 1
    W_14: 30645s  69,238,372,200 steps   351877 feasible sets         0 orders tried  current cost 5
    W_14: 30660s  69,270,461,400 steps   352049 feasible sets         0 orders tried  current cost 9
    W_14: 30675s  69,302,137,200 steps   352235 feasible sets         0 orders tried  current cost 6
    W_14: 30690s  69,334,163,000 steps   352371 feasible sets         0 orders tried  current cost 11
    W_14: 30705s  69,366,008,200 steps   352528 feasible sets         0 orders tried  current cost 4
    W_14: 30720s  69,397,691,000 steps   352696 feasible sets         0 orders tried  current cost 5
    W_14: 30735s  69,429,039,400 steps   352865 feasible sets         0 orders tried  current cost 3
    W_14: 30750s  69,460,414,800 steps   353035 feasible sets         0 orders tried  current cost 4
    W_14: 30765s  69,491,949,600 steps   353216 feasible sets         0 orders tried  current cost 5
    W_14: 30780s  69,523,328,000 steps   353370 feasible sets         0 orders tried  current cost 7
    W_14: 30795s  69,554,983,000 steps   353544 feasible sets         0 orders tried  current cost 7
    W_14: 30810s  69,586,151,600 steps   353737 feasible sets         0 orders tried  current cost 5
    W_14: 30825s  69,615,874,200 steps   353910 feasible sets         0 orders tried  current cost 3
    W_14: 30840s  69,647,786,400 steps   354072 feasible sets         0 orders tried  current cost 5
    W_14: 30855s  69,681,970,000 steps   354218 feasible sets         0 orders tried  current cost 5
    W_14: 30870s  69,713,694,800 steps   354397 feasible sets         0 orders tried  current cost 3
    W_14: 30885s  69,745,035,600 steps   354558 feasible sets         0 orders tried  current cost 2
    W_14: 30900s  69,776,009,800 steps   354705 feasible sets         0 orders tried  current cost 5
    W_14: 30915s  69,807,246,600 steps   354841 feasible sets         0 orders tried  current cost 7
    W_14: 30930s  69,838,876,000 steps   354999 feasible sets         0 orders tried  current cost 3
    W_14: 30945s  69,870,326,600 steps   355142 feasible sets         0 orders tried  current cost 6
    W_14: 30960s  69,901,951,200 steps   355304 feasible sets         0 orders tried  current cost 5
    W_14: 30975s  69,934,068,800 steps   355458 feasible sets         0 orders tried  current cost 5
    W_14: 30990s  69,966,988,200 steps   355632 feasible sets         0 orders tried  current cost 3
    W_14: 31005s  70,000,974,600 steps   355820 feasible sets         0 orders tried  current cost 3
    W_14: 31020s  70,035,475,400 steps   356036 feasible sets         0 orders tried  current cost 4
    W_14: 31035s  70,069,386,200 steps   356229 feasible sets         0 orders tried  current cost 10
    W_14: 31050s  70,103,115,800 steps   356390 feasible sets         0 orders tried  current cost 5
    W_14: 31065s  70,136,275,200 steps   356561 feasible sets         0 orders tried  current cost 3
    W_14: 31080s  70,170,443,600 steps   356726 feasible sets         0 orders tried  current cost 8
    W_14: 31095s  70,204,165,000 steps   356853 feasible sets         0 orders tried  current cost 5
    W_14: 31110s  70,238,061,600 steps   357040 feasible sets         0 orders tried  current cost 12
    W_14: 31125s  70,271,823,200 steps   357240 feasible sets         0 orders tried  current cost 11
    W_14: 31140s  70,306,263,600 steps   357356 feasible sets         0 orders tried  current cost 9
    W_14: 31155s  70,339,897,200 steps   357539 feasible sets         0 orders tried  current cost 3
    W_14: 31170s  70,373,977,600 steps   357716 feasible sets         0 orders tried  current cost 2
    W_14: 31185s  70,407,695,800 steps   357903 feasible sets         0 orders tried  current cost 3
    W_14: 31200s  70,439,731,400 steps   358082 feasible sets         0 orders tried  current cost 4
    W_14: 31215s  70,473,914,000 steps   358266 feasible sets         0 orders tried  current cost 1
    W_14: 31230s  70,507,933,000 steps   358439 feasible sets         0 orders tried  current cost 3
    W_14: 31245s  70,541,803,200 steps   358586 feasible sets         0 orders tried  current cost 15
    W_14: 31260s  70,575,799,600 steps   358762 feasible sets         0 orders tried  current cost 3
    W_14: 31275s  70,609,944,200 steps   358925 feasible sets         0 orders tried  current cost 9
    W_14: 31290s  70,643,989,200 steps   359081 feasible sets         0 orders tried  current cost 6
    W_14: 31305s  70,677,663,800 steps   359270 feasible sets         0 orders tried  current cost 8
    W_14: 31320s  70,710,431,400 steps   359443 feasible sets         0 orders tried  current cost 4
    W_14: 31335s  70,744,431,800 steps   359669 feasible sets         0 orders tried  current cost 3
    W_14: 31350s  70,778,360,200 steps   359844 feasible sets         0 orders tried  current cost 19
    W_14: 31365s  70,812,660,200 steps   360015 feasible sets         0 orders tried  current cost 20
    W_14: 31380s  70,846,882,600 steps   360194 feasible sets         0 orders tried  current cost 12
    W_14: 31395s  70,881,436,600 steps   360381 feasible sets         0 orders tried  current cost 5
    W_14: 31410s  70,915,461,600 steps   360565 feasible sets         0 orders tried  current cost 10
    W_14: 31425s  70,949,557,200 steps   360736 feasible sets         0 orders tried  current cost 1
    W_14: 31440s  70,984,049,400 steps   360886 feasible sets         0 orders tried  current cost 5
    W_14: 31455s  71,018,308,400 steps   361073 feasible sets         0 orders tried  current cost 5
    W_14: 31470s  71,052,706,600 steps   361223 feasible sets         0 orders tried  current cost 3
    W_14: 31485s  71,087,157,200 steps   361390 feasible sets         0 orders tried  current cost 4
    W_14: 31500s  71,120,935,400 steps   361596 feasible sets         0 orders tried  current cost 2
    W_14: 31515s  71,155,121,400 steps   361756 feasible sets         0 orders tried  current cost 11
    W_14: 31530s  71,189,226,600 steps   361945 feasible sets         0 orders tried  current cost 6
    W_14: 31545s  71,223,367,800 steps   362123 feasible sets         0 orders tried  current cost 5
    W_14: 31560s  71,257,360,400 steps   362306 feasible sets         0 orders tried  current cost 15
    W_14: 31575s  71,291,485,000 steps   362520 feasible sets         0 orders tried  current cost 10
    W_14: 31590s  71,323,981,600 steps   362654 feasible sets         0 orders tried  current cost 14
    W_14: 31605s  71,357,391,000 steps   362813 feasible sets         0 orders tried  current cost 3
    W_14: 31620s  71,391,007,400 steps   362987 feasible sets         0 orders tried  current cost 6
    W_14: 31635s  71,424,596,600 steps   363171 feasible sets         0 orders tried  current cost 1
    W_14: 31650s  71,456,582,000 steps   363325 feasible sets         0 orders tried  current cost 12
    W_14: 31665s  71,490,425,800 steps   363490 feasible sets         0 orders tried  current cost 11
    W_14: 31680s  71,524,963,400 steps   363708 feasible sets         0 orders tried  current cost 12
    W_14: 31695s  71,559,279,800 steps   363912 feasible sets         0 orders tried  current cost 3
    W_14: 31710s  71,593,058,400 steps   364078 feasible sets         0 orders tried  current cost 3
    W_14: 31725s  71,627,441,800 steps   364265 feasible sets         0 orders tried  current cost 9
    W_14: 31740s  71,661,723,400 steps   364450 feasible sets         0 orders tried  current cost 16
    W_14: 31755s  71,695,825,400 steps   364613 feasible sets         0 orders tried  current cost 10
    W_14: 31770s  71,729,811,200 steps   364761 feasible sets         0 orders tried  current cost 4
    W_14: 31785s  71,763,866,800 steps   364914 feasible sets         0 orders tried  current cost 4
    W_14: 31800s  71,797,960,600 steps   365073 feasible sets         0 orders tried  current cost 11
    W_14: 31815s  71,832,496,200 steps   365289 feasible sets         0 orders tried  current cost 1
    W_14: 31830s  71,866,436,000 steps   365472 feasible sets         0 orders tried  current cost 3
    W_14: 31845s  71,900,868,400 steps   365667 feasible sets         0 orders tried  current cost 7
    W_14: 31860s  71,934,669,600 steps   365838 feasible sets         0 orders tried  current cost 5
    W_14: 31875s  71,968,515,000 steps   366075 feasible sets         0 orders tried  current cost 3
    W_14: 31890s  72,002,350,800 steps   366225 feasible sets         0 orders tried  current cost 2
    W_14: 31905s  72,032,153,400 steps   366352 feasible sets         0 orders tried  current cost 3
    W_14: 31920s  72,064,677,000 steps   366502 feasible sets         0 orders tried  current cost 3
    W_14: 31935s  72,096,525,800 steps   366681 feasible sets         0 orders tried  current cost 6
    W_14: 31950s  72,129,179,000 steps   366814 feasible sets         0 orders tried  current cost 3
    W_14: 31965s  72,163,558,600 steps   367011 feasible sets         0 orders tried  current cost 4
    W_14: 31980s  72,197,511,600 steps   367172 feasible sets         0 orders tried  current cost 3
    W_14: 31995s  72,231,875,200 steps   367392 feasible sets         0 orders tried  current cost 2
    W_14: 32010s  72,265,961,800 steps   367538 feasible sets         0 orders tried  current cost 13
    W_14: 32025s  72,300,373,200 steps   367697 feasible sets         0 orders tried  current cost 2
    W_14: 32040s  72,334,594,200 steps   367880 feasible sets         0 orders tried  current cost 4
    W_14: 32055s  72,368,787,800 steps   368060 feasible sets         0 orders tried  current cost 7
    W_14: 32070s  72,403,334,000 steps   368245 feasible sets         0 orders tried  current cost 1
    W_14: 32085s  72,438,036,000 steps   368413 feasible sets         0 orders tried  current cost 3
    W_14: 32100s  72,472,292,200 steps   368578 feasible sets         0 orders tried  current cost 4
    W_14: 32115s  72,506,797,400 steps   368727 feasible sets         0 orders tried  current cost 3
    W_14: 32130s  72,540,810,200 steps   368881 feasible sets         0 orders tried  current cost 4
    W_14: 32145s  72,575,043,600 steps   369072 feasible sets         0 orders tried  current cost 13
    W_14: 32160s  72,609,407,000 steps   369230 feasible sets         0 orders tried  current cost 6
    W_14: 32175s  72,643,740,200 steps   369416 feasible sets         0 orders tried  current cost 9
    W_14: 32190s  72,678,244,200 steps   369547 feasible sets         0 orders tried  current cost 11
    W_14: 32205s  72,712,566,200 steps   369730 feasible sets         0 orders tried  current cost 7
    W_14: 32220s  72,746,826,400 steps   369885 feasible sets         0 orders tried  current cost 8
    W_14: 32235s  72,781,371,200 steps   370080 feasible sets         0 orders tried  current cost 3
    W_14: 32250s  72,815,530,000 steps   370253 feasible sets         0 orders tried  current cost 5
    W_14: 32265s  72,849,904,400 steps   370404 feasible sets         0 orders tried  current cost 6
    W_14: 32280s  72,884,203,000 steps   370566 feasible sets         0 orders tried  current cost 4
    W_14: 32295s  72,918,301,200 steps   370787 feasible sets         0 orders tried  current cost 11
    W_14: 32310s  72,952,412,800 steps   370973 feasible sets         0 orders tried  current cost 3
    W_14: 32325s  72,986,579,000 steps   371093 feasible sets         0 orders tried  current cost 4
    W_14: 32340s  73,021,493,600 steps   371257 feasible sets         0 orders tried  current cost 3
    W_14: 32355s  73,055,833,800 steps   371414 feasible sets         0 orders tried  current cost 4
    W_14: 32370s  73,090,089,200 steps   371589 feasible sets         0 orders tried  current cost 5
    W_14: 32385s  73,123,418,400 steps   371772 feasible sets         0 orders tried  current cost 5
    W_14: 32400s  73,157,461,400 steps   371966 feasible sets         0 orders tried  current cost 15
    W_14: 32415s  73,191,121,200 steps   372156 feasible sets         0 orders tried  current cost 8
    W_14: 32430s  73,225,190,400 steps   372319 feasible sets         0 orders tried  current cost 7
    W_14: 32445s  73,259,057,200 steps   372519 feasible sets         0 orders tried  current cost 5
    W_14: 32460s  73,291,893,000 steps   372733 feasible sets         0 orders tried  current cost 4
    W_14: 32475s  73,325,248,800 steps   372904 feasible sets         0 orders tried  current cost 2
    W_14: 32490s  73,357,663,200 steps   373066 feasible sets         0 orders tried  current cost 11
    W_14: 32505s  73,390,517,800 steps   373223 feasible sets         0 orders tried  current cost 5
    W_14: 32520s  73,422,537,800 steps   373410 feasible sets         0 orders tried  current cost 4
    W_14: 32535s  73,456,144,400 steps   373586 feasible sets         0 orders tried  current cost 10
    W_14: 32550s  73,488,009,400 steps   373761 feasible sets         0 orders tried  current cost 1
    W_14: 32565s  73,521,481,600 steps   373928 feasible sets         0 orders tried  current cost 9
    W_14: 32580s  73,555,342,800 steps   374113 feasible sets         0 orders tried  current cost 10
    W_14: 32595s  73,589,452,800 steps   374300 feasible sets         0 orders tried  current cost 3
    W_14: 32610s  73,623,456,600 steps   374476 feasible sets         0 orders tried  current cost 2
    W_14: 32625s  73,656,094,800 steps   374647 feasible sets         0 orders tried  current cost 4
    W_14: 32640s  73,689,763,800 steps   374816 feasible sets         0 orders tried  current cost 10
    W_14: 32655s  73,723,799,200 steps   374982 feasible sets         0 orders tried  current cost 1
    W_14: 32670s  73,757,670,400 steps   375178 feasible sets         0 orders tried  current cost 2
    W_14: 32685s  73,791,408,000 steps   375334 feasible sets         0 orders tried  current cost 7
    W_14: 32700s  73,822,400,200 steps   375450 feasible sets         0 orders tried  current cost 9
    W_14: 32715s  73,854,368,200 steps   375595 feasible sets         0 orders tried  current cost 6
    W_14: 32730s  73,888,351,600 steps   375793 feasible sets         0 orders tried  current cost 5
    W_14: 32745s  73,920,618,400 steps   375966 feasible sets         0 orders tried  current cost 5
    W_14: 32760s  73,952,345,200 steps   376105 feasible sets         0 orders tried  current cost 9
    W_14: 32775s  73,985,700,200 steps   376284 feasible sets         0 orders tried  current cost 11
    W_14: 32790s  74,019,002,600 steps   376430 feasible sets         0 orders tried  current cost 15
    W_14: 32805s  74,050,341,800 steps   376591 feasible sets         0 orders tried  current cost 13
    W_14: 32820s  74,083,522,800 steps   376732 feasible sets         0 orders tried  current cost 14
    W_14: 32835s  74,117,230,400 steps   376898 feasible sets         0 orders tried  current cost 4
    W_14: 32850s  74,150,534,400 steps   377062 feasible sets         0 orders tried  current cost 3
    W_14: 32865s  74,183,429,400 steps   377215 feasible sets         0 orders tried  current cost 4
    W_14: 32880s  74,217,054,000 steps   377368 feasible sets         0 orders tried  current cost 4
    W_14: 32895s  74,250,752,000 steps   377552 feasible sets         0 orders tried  current cost 5
    W_14: 32910s  74,283,494,400 steps   377730 feasible sets         0 orders tried  current cost 2
    W_14: 32925s  74,317,124,600 steps   377919 feasible sets         0 orders tried  current cost 9
    W_14: 32940s  74,348,633,200 steps   378070 feasible sets         0 orders tried  current cost 3
    W_14: 32955s  74,380,046,600 steps   378238 feasible sets         0 orders tried  current cost 4
    W_14: 32970s  74,412,460,000 steps   378384 feasible sets         0 orders tried  current cost 3
    W_14: 32985s  74,446,134,400 steps   378540 feasible sets         0 orders tried  current cost 2
    W_14: 33000s  74,478,104,400 steps   378675 feasible sets         0 orders tried  current cost 12
    W_14: 33015s  74,508,956,400 steps   378857 feasible sets         0 orders tried  current cost 2
    W_14: 33030s  74,540,441,400 steps   379034 feasible sets         0 orders tried  current cost 12
    W_14: 33045s  74,570,080,000 steps   379188 feasible sets         0 orders tried  current cost 3
    W_14: 33060s  74,601,791,600 steps   379349 feasible sets         0 orders tried  current cost 3
    W_14: 33075s  74,635,325,400 steps   379519 feasible sets         0 orders tried  current cost 8
    W_14: 33090s  74,669,285,800 steps   379719 feasible sets         0 orders tried  current cost 9
    W_14: 33105s  74,703,704,600 steps   379898 feasible sets         0 orders tried  current cost 11
    W_14: 33120s  74,737,936,000 steps   380087 feasible sets         0 orders tried  current cost 1
    W_14: 33135s  74,772,940,400 steps   380279 feasible sets         0 orders tried  current cost 8
    W_14: 33150s  74,807,424,800 steps   380495 feasible sets         0 orders tried  current cost 10
    W_14: 33165s  74,840,811,600 steps   380688 feasible sets         0 orders tried  current cost 5
    W_14: 33180s  74,875,058,400 steps   380837 feasible sets         0 orders tried  current cost 4
    W_14: 33195s  74,909,179,200 steps   381005 feasible sets         0 orders tried  current cost 2
    W_14: 33210s  74,941,726,400 steps   381154 feasible sets         0 orders tried  current cost 6
    W_14: 33225s  74,975,454,800 steps   381322 feasible sets         0 orders tried  current cost 2
    W_14: 33240s  75,009,407,200 steps   381491 feasible sets         0 orders tried  current cost 7
    W_14: 33255s  75,043,572,000 steps   381667 feasible sets         0 orders tried  current cost 4
    W_14: 33270s  75,077,875,400 steps   381848 feasible sets         0 orders tried  current cost 2
    W_14: 33285s  75,111,876,400 steps   381996 feasible sets         0 orders tried  current cost 3
    W_14: 33300s  75,146,014,000 steps   382172 feasible sets         0 orders tried  current cost 3
    W_14: 33315s  75,180,080,200 steps   382365 feasible sets         0 orders tried  current cost 16
    W_14: 33330s  75,214,035,800 steps   382538 feasible sets         0 orders tried  current cost 2
    W_14: 33345s  75,248,308,800 steps   382702 feasible sets         0 orders tried  current cost 5
    W_14: 33360s  75,282,532,200 steps   382874 feasible sets         0 orders tried  current cost 2
    W_14: 33375s  75,316,541,800 steps   383053 feasible sets         0 orders tried  current cost 13
    W_14: 33390s  75,351,048,600 steps   383208 feasible sets         0 orders tried  current cost 4
    W_14: 33405s  75,385,284,000 steps   383398 feasible sets         0 orders tried  current cost 9
    W_14: 33420s  75,419,119,600 steps   383588 feasible sets         0 orders tried  current cost 4
    W_14: 33435s  75,453,176,000 steps   383751 feasible sets         0 orders tried  current cost 3
    W_14: 33450s  75,487,027,200 steps   383933 feasible sets         0 orders tried  current cost 8
    W_14: 33465s  75,521,287,000 steps   384065 feasible sets         0 orders tried  current cost 5
    W_14: 33480s  75,555,400,400 steps   384224 feasible sets         0 orders tried  current cost 11
    W_14: 33495s  75,589,884,000 steps   384389 feasible sets         0 orders tried  current cost 10
    W_14: 33510s  75,623,852,000 steps   384565 feasible sets         0 orders tried  current cost 2
    W_14: 33525s  75,657,859,200 steps   384729 feasible sets         0 orders tried  current cost 1
    W_14: 33540s  75,692,008,600 steps   384932 feasible sets         0 orders tried  current cost 3
    W_14: 33555s  75,725,820,600 steps   385097 feasible sets         0 orders tried  current cost 9
    W_14: 33570s  75,759,688,200 steps   385339 feasible sets         0 orders tried  current cost 5
    W_14: 33585s  75,793,691,400 steps   385537 feasible sets         0 orders tried  current cost 3
    W_14: 33600s  75,827,108,000 steps   385700 feasible sets         0 orders tried  current cost 9
    W_14: 33615s  75,860,312,200 steps   385885 feasible sets         0 orders tried  current cost 4
    W_14: 33630s  75,893,835,800 steps   386081 feasible sets         0 orders tried  current cost 3
    W_14: 33645s  75,927,861,000 steps   386263 feasible sets         0 orders tried  current cost 23
    W_14: 33660s  75,960,239,800 steps   386454 feasible sets         0 orders tried  current cost 4
    W_14: 33675s  75,993,137,000 steps   386608 feasible sets         0 orders tried  current cost 3
    W_14: 33690s  76,026,589,800 steps   386781 feasible sets         0 orders tried  current cost 3
    W_14: 33705s  76,060,198,800 steps   386944 feasible sets         0 orders tried  current cost 4
    W_14: 33720s  76,092,487,000 steps   387105 feasible sets         0 orders tried  current cost 7
    W_14: 33735s  76,125,971,400 steps   387245 feasible sets         0 orders tried  current cost 3
    W_14: 33750s  76,160,166,600 steps   387417 feasible sets         0 orders tried  current cost 6
    W_14: 33765s  76,193,254,400 steps   387572 feasible sets         0 orders tried  current cost 3
    W_14: 33780s  76,227,115,400 steps   387756 feasible sets         0 orders tried  current cost 5
    W_14: 33795s  76,261,257,800 steps   387950 feasible sets         0 orders tried  current cost 3
    W_14: 33810s  76,295,423,000 steps   388114 feasible sets         0 orders tried  current cost 10
    W_14: 33825s  76,327,772,800 steps   388313 feasible sets         0 orders tried  current cost 3
    W_14: 33840s  76,360,801,200 steps   388454 feasible sets         0 orders tried  current cost 15
    W_14: 33855s  76,393,086,400 steps   388613 feasible sets         0 orders tried  current cost 12
    W_14: 33870s  76,425,668,000 steps   388801 feasible sets         0 orders tried  current cost 4
    W_14: 33885s  76,458,611,600 steps   388965 feasible sets         0 orders tried  current cost 4
    W_14: 33900s  76,490,432,200 steps   389136 feasible sets         0 orders tried  current cost 5
    W_14: 33915s  76,523,009,800 steps   389305 feasible sets         0 orders tried  current cost 5
    W_14: 33930s  76,554,924,400 steps   389468 feasible sets         0 orders tried  current cost 9
    W_14: 33945s  76,587,220,600 steps   389677 feasible sets         0 orders tried  current cost 8
    W_14: 33960s  76,619,837,800 steps   389902 feasible sets         0 orders tried  current cost 3
    W_14: 33975s  76,653,163,200 steps   390095 feasible sets         0 orders tried  current cost 12
    W_14: 33990s  76,686,247,600 steps   390230 feasible sets         0 orders tried  current cost 5
    W_14: 34005s  76,719,993,200 steps   390395 feasible sets         0 orders tried  current cost 2
    W_14: 34020s  76,753,315,400 steps   390556 feasible sets         0 orders tried  current cost 4
    W_14: 34035s  76,785,693,600 steps   390713 feasible sets         0 orders tried  current cost 5
    W_14: 34050s  76,818,535,200 steps   390886 feasible sets         0 orders tried  current cost 2
    W_14: 34065s  76,851,854,600 steps   391050 feasible sets         0 orders tried  current cost 3
    W_14: 34080s  76,885,353,600 steps   391232 feasible sets         0 orders tried  current cost 2
    W_14: 34095s  76,918,959,000 steps   391390 feasible sets         0 orders tried  current cost 3
    W_14: 34110s  76,951,708,600 steps   391547 feasible sets         0 orders tried  current cost 3
    W_14: 34125s  76,984,371,000 steps   391693 feasible sets         0 orders tried  current cost 3
    W_14: 34140s  77,017,284,800 steps   391907 feasible sets         0 orders tried  current cost 6
    W_14: 34155s  77,050,870,000 steps   392079 feasible sets         0 orders tried  current cost 4
    W_14: 34170s  77,083,806,800 steps   392229 feasible sets         0 orders tried  current cost 4
    W_14: 34185s  77,115,988,600 steps   392361 feasible sets         0 orders tried  current cost 1
    W_14: 34200s  77,149,335,200 steps   392500 feasible sets         0 orders tried  current cost 2
    W_14: 34215s  77,182,018,200 steps   392659 feasible sets         0 orders tried  current cost 3
    W_14: 34230s  77,214,791,600 steps   392816 feasible sets         0 orders tried  current cost 4
    W_14: 34245s  77,247,769,200 steps   393035 feasible sets         0 orders tried  current cost 4
    W_14: 34260s  77,280,039,800 steps   393207 feasible sets         0 orders tried  current cost 3
    W_14: 34275s  77,313,173,200 steps   393398 feasible sets         0 orders tried  current cost 5
    W_14: 34290s  77,345,539,600 steps   393558 feasible sets         0 orders tried  current cost 1
    W_14: 34305s  77,377,046,600 steps   393725 feasible sets         0 orders tried  current cost 6
    W_14: 34320s  77,408,123,400 steps   393894 feasible sets         0 orders tried  current cost 11
    W_14: 34335s  77,439,656,400 steps   394049 feasible sets         0 orders tried  current cost 1
    W_14: 34350s  77,470,967,000 steps   394199 feasible sets         0 orders tried  current cost 5
    W_14: 34365s  77,502,273,800 steps   394351 feasible sets         0 orders tried  current cost 4
    W_14: 34380s  77,533,188,800 steps   394545 feasible sets         0 orders tried  current cost 7
    W_14: 34395s  77,564,226,200 steps   394714 feasible sets         0 orders tried  current cost 6
    W_14: 34410s  77,595,838,200 steps   394890 feasible sets         0 orders tried  current cost 1
    W_14: 34425s  77,626,702,600 steps   395002 feasible sets         0 orders tried  current cost 11
    W_14: 34440s  77,658,109,200 steps   395210 feasible sets         0 orders tried  current cost 4
    W_14: 34455s  77,689,697,200 steps   395384 feasible sets         0 orders tried  current cost 2
    W_14: 34470s  77,721,151,600 steps   395534 feasible sets         0 orders tried  current cost 3
    W_14: 34485s  77,752,133,600 steps   395711 feasible sets         0 orders tried  current cost 2
    W_14: 34500s  77,782,900,800 steps   395874 feasible sets         0 orders tried  current cost 8
    W_14: 34515s  77,814,350,600 steps   395988 feasible sets         0 orders tried  current cost 3
    W_14: 34530s  77,845,659,800 steps   396138 feasible sets         0 orders tried  current cost 2
    W_14: 34545s  77,877,003,200 steps   396311 feasible sets         0 orders tried  current cost 11
    W_14: 34560s  77,908,907,200 steps   396497 feasible sets         0 orders tried  current cost 5
    W_14: 34575s  77,940,342,400 steps   396663 feasible sets         0 orders tried  current cost 9
    W_14: 34590s  77,972,090,000 steps   396821 feasible sets         0 orders tried  current cost 3
    W_14: 34605s  78,003,302,400 steps   397021 feasible sets         0 orders tried  current cost 18
    W_14: 34620s  78,033,409,400 steps   397163 feasible sets         0 orders tried  current cost 5
    W_14: 34635s  78,064,910,600 steps   397319 feasible sets         0 orders tried  current cost 7
    W_14: 34650s  78,096,678,200 steps   397464 feasible sets         0 orders tried  current cost 3
    W_14: 34665s  78,128,464,800 steps   397628 feasible sets         0 orders tried  current cost 13
    W_14: 34680s  78,160,110,800 steps   397811 feasible sets         0 orders tried  current cost 6
    W_14: 34695s  78,191,678,800 steps   398004 feasible sets         0 orders tried  current cost 5
    W_14: 34710s  78,222,953,400 steps   398147 feasible sets         0 orders tried  current cost 3
    W_14: 34725s  78,254,569,800 steps   398296 feasible sets         0 orders tried  current cost 5
    W_14: 34740s  78,286,141,200 steps   398461 feasible sets         0 orders tried  current cost 17
    W_14: 34755s  78,317,644,800 steps   398590 feasible sets         0 orders tried  current cost 9
    W_14: 34770s  78,349,040,200 steps   398739 feasible sets         0 orders tried  current cost 19
    W_14: 34785s  78,380,725,000 steps   398883 feasible sets         0 orders tried  current cost 6
    W_14: 34800s  78,411,677,600 steps   399041 feasible sets         0 orders tried  current cost 2
    W_14: 34815s  78,443,287,200 steps   399189 feasible sets         0 orders tried  current cost 9
    W_14: 34830s  78,474,933,000 steps   399341 feasible sets         0 orders tried  current cost 3
    W_14: 34845s  78,506,445,200 steps   399510 feasible sets         0 orders tried  current cost 7
    W_14: 34860s  78,538,096,200 steps   399653 feasible sets         0 orders tried  current cost 3
    W_14: 34875s  78,569,916,000 steps   399823 feasible sets         0 orders tried  current cost 3
    W_14: 34890s  78,601,317,400 steps   399944 feasible sets         0 orders tried  current cost 4
    W_14: 34905s  78,631,912,800 steps   400085 feasible sets         0 orders tried  current cost 4
    W_14: 34920s  78,663,545,200 steps   400271 feasible sets         0 orders tried  current cost 12
    W_14: 34935s  78,695,097,400 steps   400406 feasible sets         0 orders tried  current cost 3
    W_14: 34950s  78,727,029,400 steps   400551 feasible sets         0 orders tried  current cost 3
    W_14: 34965s  78,758,401,400 steps   400724 feasible sets         0 orders tried  current cost 15
    W_14: 34980s  78,789,821,400 steps   400904 feasible sets         0 orders tried  current cost 12
    W_14: 34995s  78,821,187,400 steps   401081 feasible sets         0 orders tried  current cost 4
    W_14: 35010s  78,852,859,600 steps   401224 feasible sets         0 orders tried  current cost 2
    W_14: 35025s  78,884,392,200 steps   401379 feasible sets         0 orders tried  current cost 2
    W_14: 35040s  78,916,595,800 steps   401550 feasible sets         0 orders tried  current cost 3
    W_14: 35055s  78,948,136,200 steps   401713 feasible sets         0 orders tried  current cost 1
    W_14: 35070s  78,979,499,200 steps   401861 feasible sets         0 orders tried  current cost 3
    W_14: 35085s  79,010,699,800 steps   402039 feasible sets         0 orders tried  current cost 2
    W_14: 35100s  79,042,045,800 steps   402222 feasible sets         0 orders tried  current cost 6
    W_14: 35115s  79,073,411,400 steps   402367 feasible sets         0 orders tried  current cost 1
    W_14: 35130s  79,104,899,400 steps   402565 feasible sets         0 orders tried  current cost 3
    W_14: 35145s  79,136,777,000 steps   402684 feasible sets         0 orders tried  current cost 2
    W_14: 35160s  79,168,185,800 steps   402867 feasible sets         0 orders tried  current cost 12
    W_14: 35175s  79,199,389,600 steps   403059 feasible sets         0 orders tried  current cost 5
    W_14: 35190s  79,230,713,400 steps   403198 feasible sets         0 orders tried  current cost 1
    W_14: 35205s  79,261,641,200 steps   403391 feasible sets         0 orders tried  current cost 13
    W_14: 35220s  79,292,877,400 steps   403562 feasible sets         0 orders tried  current cost 2
    W_14: 35235s  79,324,384,000 steps   403692 feasible sets         0 orders tried  current cost 7
    W_14: 35250s  79,355,754,400 steps   403890 feasible sets         0 orders tried  current cost 3
    W_14: 35265s  79,387,478,400 steps   404045 feasible sets         0 orders tried  current cost 5
    W_14: 35280s  79,419,203,200 steps   404209 feasible sets         0 orders tried  current cost 14
    W_14: 35295s  79,450,788,600 steps   404388 feasible sets         0 orders tried  current cost 4
    W_14: 35310s  79,482,470,400 steps   404541 feasible sets         0 orders tried  current cost 3
    W_14: 35325s  79,513,922,000 steps   404681 feasible sets         0 orders tried  current cost 14
    W_14: 35340s  79,545,231,400 steps   404851 feasible sets         0 orders tried  current cost 6
    W_14: 35355s  79,577,022,000 steps   404996 feasible sets         0 orders tried  current cost 13
    W_14: 35370s  79,608,891,800 steps   405168 feasible sets         0 orders tried  current cost 1
    W_14: 35385s  79,641,072,600 steps   405354 feasible sets         0 orders tried  current cost 4
    W_14: 35400s  79,672,743,800 steps   405508 feasible sets         0 orders tried  current cost 11
    W_14: 35415s  79,704,748,800 steps   405652 feasible sets         0 orders tried  current cost 4
    W_14: 35430s  79,736,776,800 steps   405801 feasible sets         0 orders tried  current cost 2
    W_14: 35445s  79,768,965,000 steps   405975 feasible sets         0 orders tried  current cost 8
    W_14: 35460s  79,799,523,400 steps   406131 feasible sets         0 orders tried  current cost 7
    W_14: 35475s  79,830,716,000 steps   406260 feasible sets         0 orders tried  current cost 3
    W_14: 35490s  79,862,130,000 steps   406441 feasible sets         0 orders tried  current cost 5
    W_14: 35505s  79,893,993,400 steps   406637 feasible sets         0 orders tried  current cost 3
    W_14: 35520s  79,926,029,400 steps   406824 feasible sets         0 orders tried  current cost 5
    W_14: 35535s  79,958,183,600 steps   407004 feasible sets         0 orders tried  current cost 8
    W_14: 35550s  79,990,430,000 steps   407172 feasible sets         0 orders tried  current cost 6
    W_14: 35565s  80,022,095,600 steps   407311 feasible sets         0 orders tried  current cost 3
    W_14: 35580s  80,054,064,800 steps   407475 feasible sets         0 orders tried  current cost 6
    W_14: 35595s  80,085,777,400 steps   407615 feasible sets         0 orders tried  current cost 5
    W_14: 35610s  80,117,910,600 steps   407797 feasible sets         0 orders tried  current cost 1
    W_14: 35625s  80,149,950,800 steps   407959 feasible sets         0 orders tried  current cost 5
    W_14: 35640s  80,181,845,200 steps   408113 feasible sets         0 orders tried  current cost 14
    W_14: 35655s  80,213,712,400 steps   408268 feasible sets         0 orders tried  current cost 4
    W_14: 35670s  80,245,843,400 steps   408415 feasible sets         0 orders tried  current cost 11
    W_14: 35685s  80,277,902,800 steps   408574 feasible sets         0 orders tried  current cost 9
    W_14: 35700s  80,309,725,000 steps   408753 feasible sets         0 orders tried  current cost 12
    W_14: 35715s  80,341,714,600 steps   408895 feasible sets         0 orders tried  current cost 1
    W_14: 35730s  80,373,750,200 steps   409068 feasible sets         0 orders tried  current cost 7
    W_14: 35745s  80,406,022,400 steps   409250 feasible sets         0 orders tried  current cost 11
    W_14: 35760s  80,437,953,600 steps   409420 feasible sets         0 orders tried  current cost 3
    W_14: 35775s  80,470,369,600 steps   409581 feasible sets         0 orders tried  current cost 5
    W_14: 35790s  80,502,719,000 steps   409758 feasible sets         0 orders tried  current cost 3
    W_14: 35805s  80,535,025,400 steps   409922 feasible sets         0 orders tried  current cost 4
    W_14: 35820s  80,567,092,200 steps   410075 feasible sets         0 orders tried  current cost 3
    W_14: 35835s  80,599,170,200 steps   410238 feasible sets         0 orders tried  current cost 5
    W_14: 35850s  80,630,725,400 steps   410407 feasible sets         0 orders tried  current cost 11
    W_14: 35865s  80,663,224,000 steps   410584 feasible sets         0 orders tried  current cost 9
    W_14: 35880s  80,695,854,000 steps   410750 feasible sets         0 orders tried  current cost 4
    W_14: 35895s  80,728,707,400 steps   410894 feasible sets         0 orders tried  current cost 8
    W_14: 35910s  80,761,255,000 steps   411054 feasible sets         0 orders tried  current cost 5
    W_14: 35925s  80,793,733,000 steps   411182 feasible sets         0 orders tried  current cost 5
    W_14: 35940s  80,826,143,400 steps   411346 feasible sets         0 orders tried  current cost 11
    W_14: 35955s  80,858,845,800 steps   411482 feasible sets         0 orders tried  current cost 6
    W_14: 35970s  80,891,402,600 steps   411669 feasible sets         0 orders tried  current cost 11
    W_14: 35985s  80,924,231,200 steps   411869 feasible sets         0 orders tried  current cost 5
    W_14: 36000s  80,956,684,800 steps   412033 feasible sets         0 orders tried  current cost 8
    W_14: 36015s  80,989,052,600 steps   412172 feasible sets         0 orders tried  current cost 3
    W_14: 36030s  81,021,260,600 steps   412367 feasible sets         0 orders tried  current cost 16
    W_14: 36045s  81,053,663,600 steps   412538 feasible sets         0 orders tried  current cost 8
    W_14: 36060s  81,086,384,200 steps   412718 feasible sets         0 orders tried  current cost 7
    W_14: 36075s  81,118,841,000 steps   412891 feasible sets         0 orders tried  current cost 11
    W_14: 36090s  81,151,276,400 steps   413063 feasible sets         0 orders tried  current cost 3
    W_14: 36105s  81,183,751,000 steps   413194 feasible sets         0 orders tried  current cost 3
    W_14: 36120s  81,216,306,000 steps   413346 feasible sets         0 orders tried  current cost 5
    W_14: 36135s  81,249,264,000 steps   413536 feasible sets         0 orders tried  current cost 11
    W_14: 36150s  81,281,747,000 steps   413737 feasible sets         0 orders tried  current cost 5
    W_14: 36165s  81,314,346,600 steps   413910 feasible sets         0 orders tried  current cost 6
    W_14: 36180s  81,346,420,400 steps   414088 feasible sets         0 orders tried  current cost 13
    W_14: 36195s  81,378,796,200 steps   414261 feasible sets         0 orders tried  current cost 3
    W_14: 36210s  81,411,349,200 steps   414436 feasible sets         0 orders tried  current cost 9
    W_14: 36225s  81,444,027,000 steps   414587 feasible sets         0 orders tried  current cost 5
    W_14: 36240s  81,476,577,200 steps   414766 feasible sets         0 orders tried  current cost 1
    W_14: 36255s  81,509,391,200 steps   414937 feasible sets         0 orders tried  current cost 3
    W_14: 36270s  81,542,040,800 steps   415087 feasible sets         0 orders tried  current cost 16
    W_14: 36285s  81,574,571,600 steps   415254 feasible sets         0 orders tried  current cost 3
    W_14: 36300s  81,606,773,800 steps   415438 feasible sets         0 orders tried  current cost 1
    W_14: 36315s  81,639,303,000 steps   415598 feasible sets         0 orders tried  current cost 9
    W_14: 36330s  81,672,197,200 steps   415765 feasible sets         0 orders tried  current cost 3
    W_14: 36345s  81,704,431,800 steps   415902 feasible sets         0 orders tried  current cost 4
    W_14: 36360s  81,736,962,800 steps   416061 feasible sets         0 orders tried  current cost 12
    W_14: 36375s  81,769,433,200 steps   416217 feasible sets         0 orders tried  current cost 3
    W_14: 36390s  81,801,819,800 steps   416409 feasible sets         0 orders tried  current cost 3
    W_14: 36405s  81,834,228,400 steps   416600 feasible sets         0 orders tried  current cost 5
    W_14: 36420s  81,867,055,800 steps   416731 feasible sets         0 orders tried  current cost 1
    W_14: 36435s  81,899,707,200 steps   416881 feasible sets         0 orders tried  current cost 6
    W_14: 36450s  81,932,477,600 steps   417074 feasible sets         0 orders tried  current cost 1
    W_14: 36465s  81,964,875,800 steps   417212 feasible sets         0 orders tried  current cost 3
    W_14: 36480s  81,997,373,800 steps   417396 feasible sets         0 orders tried  current cost 3
    W_14: 36495s  82,029,904,600 steps   417558 feasible sets         0 orders tried  current cost 9
    W_14: 36510s  82,062,462,200 steps   417697 feasible sets         0 orders tried  current cost 12
    W_14: 36525s  82,094,772,800 steps   417894 feasible sets         0 orders tried  current cost 4
    W_14: 36540s  82,127,101,400 steps   418060 feasible sets         0 orders tried  current cost 12
    W_14: 36555s  82,159,716,800 steps   418249 feasible sets         0 orders tried  current cost 1
    W_14: 36570s  82,192,646,800 steps   418413 feasible sets         0 orders tried  current cost 3
    W_14: 36585s  82,225,258,600 steps   418588 feasible sets         0 orders tried  current cost 2
    W_14: 36600s  82,258,215,200 steps   418739 feasible sets         0 orders tried  current cost 4
    W_14: 36615s  82,291,080,800 steps   418898 feasible sets         0 orders tried  current cost 12
    W_14: 36630s  82,323,759,200 steps   419055 feasible sets         0 orders tried  current cost 3
    W_14: 36645s  82,356,233,600 steps   419235 feasible sets         0 orders tried  current cost 2
    W_14: 36660s  82,388,876,400 steps   419398 feasible sets         0 orders tried  current cost 2
    W_14: 36675s  82,421,226,600 steps   419573 feasible sets         0 orders tried  current cost 5
    W_14: 36690s  82,453,897,600 steps   419743 feasible sets         0 orders tried  current cost 1
    W_14: 36705s  82,486,470,000 steps   419957 feasible sets         0 orders tried  current cost 3
    W_14: 36720s  82,519,185,600 steps   420127 feasible sets         0 orders tried  current cost 13
    W_14: 36735s  82,551,788,000 steps   420292 feasible sets         0 orders tried  current cost 4
    W_14: 36750s  82,584,585,800 steps   420471 feasible sets         0 orders tried  current cost 5
    W_14: 36765s  82,617,226,200 steps   420653 feasible sets         0 orders tried  current cost 8
    W_14: 36780s  82,649,751,600 steps   420827 feasible sets         0 orders tried  current cost 5
    W_14: 36795s  82,682,355,200 steps   420986 feasible sets         0 orders tried  current cost 5
    W_14: 36810s  82,714,769,400 steps   421153 feasible sets         0 orders tried  current cost 5
    W_14: 36825s  82,747,279,800 steps   421312 feasible sets         0 orders tried  current cost 3
    W_14: 36840s  82,779,963,800 steps   421445 feasible sets         0 orders tried  current cost 15
    W_14: 36855s  82,812,496,600 steps   421627 feasible sets         0 orders tried  current cost 5
    W_14: 36870s  82,845,194,000 steps   421796 feasible sets         0 orders tried  current cost 3
    W_14: 36885s  82,877,338,400 steps   421959 feasible sets         0 orders tried  current cost 2
    W_14: 36900s  82,909,729,200 steps   422122 feasible sets         0 orders tried  current cost 5
    W_14: 36915s  82,942,429,400 steps   422270 feasible sets         0 orders tried  current cost 7
    W_14: 36930s  82,974,934,200 steps   422459 feasible sets         0 orders tried  current cost 3
    W_14: 36945s  83,007,538,200 steps   422620 feasible sets         0 orders tried  current cost 3
    W_14: 36960s  83,039,646,000 steps   422773 feasible sets         0 orders tried  current cost 7
    W_14: 36975s  83,072,003,800 steps   422945 feasible sets         0 orders tried  current cost 8
    W_14: 36990s  83,104,386,200 steps   423068 feasible sets         0 orders tried  current cost 8
    W_14: 37005s  83,136,766,400 steps   423238 feasible sets         0 orders tried  current cost 8
    W_14: 37020s  83,169,331,600 steps   423440 feasible sets         0 orders tried  current cost 1
    W_14: 37035s  83,201,643,600 steps   423580 feasible sets         0 orders tried  current cost 10
    W_14: 37050s  83,233,598,200 steps   423732 feasible sets         0 orders tried  current cost 3
    W_14: 37065s  83,265,475,800 steps   423909 feasible sets         0 orders tried  current cost 4
    W_14: 37080s  83,297,390,400 steps   424065 feasible sets         0 orders tried  current cost 3
    W_14: 37095s  83,329,493,600 steps   424255 feasible sets         0 orders tried  current cost 3
    W_14: 37110s  83,361,769,600 steps   424416 feasible sets         0 orders tried  current cost 7
    W_14: 37125s  83,393,916,800 steps   424593 feasible sets         0 orders tried  current cost 1
    W_14: 37140s  83,425,823,800 steps   424763 feasible sets         0 orders tried  current cost 10
    W_14: 37155s  83,457,708,400 steps   424914 feasible sets         0 orders tried  current cost 6
    W_14: 37170s  83,489,747,200 steps   425091 feasible sets         0 orders tried  current cost 9
    W_14: 37185s  83,521,389,800 steps   425263 feasible sets         0 orders tried  current cost 5
    W_14: 37200s  83,553,285,400 steps   425407 feasible sets         0 orders tried  current cost 8
    W_14: 37215s  83,585,042,800 steps   425601 feasible sets         0 orders tried  current cost 15
    W_14: 37230s  83,616,827,200 steps   425788 feasible sets         0 orders tried  current cost 6
    W_14: 37245s  83,648,710,200 steps   425972 feasible sets         0 orders tried  current cost 4
    W_14: 37260s  83,680,475,600 steps   426152 feasible sets         0 orders tried  current cost 1
    W_14: 37275s  83,712,007,200 steps   426307 feasible sets         0 orders tried  current cost 6
    W_14: 37290s  83,743,683,200 steps   426469 feasible sets         0 orders tried  current cost 9
    W_14: 37305s  83,775,450,200 steps   426612 feasible sets         0 orders tried  current cost 5
    W_14: 37320s  83,807,187,200 steps   426764 feasible sets         0 orders tried  current cost 6
    W_14: 37335s  83,839,141,600 steps   426967 feasible sets         0 orders tried  current cost 11
    W_14: 37350s  83,869,107,000 steps   427100 feasible sets         0 orders tried  current cost 7
    W_14: 37365s  83,900,894,000 steps   427251 feasible sets         0 orders tried  current cost 3
    W_14: 37380s  83,916,115,600 steps   427324 feasible sets         0 orders tried  current cost 2
    W_14: 37395s  83,925,235,200 steps   427385 feasible sets         0 orders tried  current cost 2
    W_14: 37410s  83,956,787,600 steps   427542 feasible sets         0 orders tried  current cost 6
    W_14: 37425s  83,988,909,800 steps   427702 feasible sets         0 orders tried  current cost 6
    W_14: 37440s  84,021,804,600 steps   427866 feasible sets         0 orders tried  current cost 8
    W_14: 37455s  84,054,770,400 steps   428023 feasible sets         0 orders tried  current cost 4
    W_14: 37470s  84,087,202,400 steps   428226 feasible sets         0 orders tried  current cost 12
    W_14: 37485s  84,119,766,800 steps   428355 feasible sets         0 orders tried  current cost 5
    W_14: 37500s  84,152,225,400 steps   428538 feasible sets         0 orders tried  current cost 7
    W_14: 37515s  84,184,763,800 steps   428691 feasible sets         0 orders tried  current cost 10
    W_14: 37530s  84,217,429,600 steps   428859 feasible sets         0 orders tried  current cost 7
    W_14: 37545s  84,250,048,200 steps   429019 feasible sets         0 orders tried  current cost 5
    W_14: 37560s  84,283,068,200 steps   429198 feasible sets         0 orders tried  current cost 6
    W_14: 37575s  84,315,285,400 steps   429337 feasible sets         0 orders tried  current cost 5
    W_14: 37590s  84,347,263,200 steps   429486 feasible sets         0 orders tried  current cost 15
    W_14: 37605s  84,379,875,000 steps   429648 feasible sets         0 orders tried  current cost 4
    W_14: 37620s  84,412,021,000 steps   429816 feasible sets         0 orders tried  current cost 10
    W_14: 37635s  84,444,322,000 steps   429995 feasible sets         0 orders tried  current cost 11
    W_14: 37650s  84,476,874,800 steps   430150 feasible sets         0 orders tried  current cost 3
    W_14: 37665s  84,509,799,800 steps   430321 feasible sets         0 orders tried  current cost 3
    W_14: 37680s  84,542,638,400 steps   430489 feasible sets         0 orders tried  current cost 1
    W_14: 37695s  84,575,286,600 steps   430708 feasible sets         0 orders tried  current cost 6
    W_14: 37710s  84,607,679,400 steps   430862 feasible sets         0 orders tried  current cost 1
    W_14: 37725s  84,640,127,400 steps   431047 feasible sets         0 orders tried  current cost 6
    W_14: 37740s  84,672,659,200 steps   431215 feasible sets         0 orders tried  current cost 2
    W_14: 37755s  84,705,318,000 steps   431394 feasible sets         0 orders tried  current cost 1
    W_14: 37770s  84,738,326,000 steps   431556 feasible sets         0 orders tried  current cost 9
    W_14: 37785s  84,770,981,400 steps   431730 feasible sets         0 orders tried  current cost 10
    W_14: 37800s  84,803,427,800 steps   431889 feasible sets         0 orders tried  current cost 4
    W_14: 37815s  84,836,025,200 steps   432087 feasible sets         0 orders tried  current cost 11
    W_14: 37830s  84,868,696,800 steps   432275 feasible sets         0 orders tried  current cost 3
    W_14: 37845s  84,901,327,200 steps   432419 feasible sets         0 orders tried  current cost 8
    W_14: 37860s  84,933,882,200 steps   432628 feasible sets         0 orders tried  current cost 13
    W_14: 37875s  84,966,483,800 steps   432782 feasible sets         0 orders tried  current cost 9
    W_14: 37890s  84,999,255,000 steps   432956 feasible sets         0 orders tried  current cost 3
    W_14: 37905s  85,031,864,000 steps   433120 feasible sets         0 orders tried  current cost 13
    W_14: 37920s  85,064,649,000 steps   433315 feasible sets         0 orders tried  current cost 7
    W_14: 37935s  85,097,232,600 steps   433515 feasible sets         0 orders tried  current cost 5
    W_14: 37950s  85,129,978,000 steps   433672 feasible sets         0 orders tried  current cost 4
    W_14: 37965s  85,160,653,600 steps   433855 feasible sets         0 orders tried  current cost 3
    W_14: 37980s  85,189,894,800 steps   434007 feasible sets         0 orders tried  current cost 2
    W_14: 37995s  85,219,119,400 steps   434159 feasible sets         0 orders tried  current cost 3
    W_14: 38010s  85,249,429,000 steps   434295 feasible sets         0 orders tried  current cost 5
    W_14: 38025s  85,282,289,000 steps   434487 feasible sets         0 orders tried  current cost 6
    W_14: 38040s  85,316,214,200 steps   434648 feasible sets         0 orders tried  current cost 4
    W_14: 38055s  85,350,504,600 steps   434790 feasible sets         0 orders tried  current cost 7
    W_14: 38070s  85,384,788,000 steps   434933 feasible sets         0 orders tried  current cost 6
    W_14: 38085s  85,419,078,800 steps   435102 feasible sets         0 orders tried  current cost 2
    W_14: 38100s  85,453,472,000 steps   435281 feasible sets         0 orders tried  current cost 3
    W_14: 38115s  85,487,593,200 steps   435448 feasible sets         0 orders tried  current cost 3
    W_14: 38130s  85,522,259,400 steps   435620 feasible sets         0 orders tried  current cost 4
    W_14: 38145s  85,556,653,400 steps   435812 feasible sets         0 orders tried  current cost 5
    W_14: 38160s  85,590,993,600 steps   435998 feasible sets         0 orders tried  current cost 4
    W_14: 38175s  85,625,095,200 steps   436174 feasible sets         0 orders tried  current cost 3
    W_14: 38190s  85,659,577,200 steps   436346 feasible sets         0 orders tried  current cost 1
    W_14: 38205s  85,693,800,400 steps   436511 feasible sets         0 orders tried  current cost 16
    W_14: 38220s  85,728,397,200 steps   436699 feasible sets         0 orders tried  current cost 4
    W_14: 38235s  85,762,818,600 steps   436867 feasible sets         0 orders tried  current cost 2
    W_14: 38250s  85,796,934,800 steps   437054 feasible sets         0 orders tried  current cost 3
    W_14: 38265s  85,831,267,000 steps   437223 feasible sets         0 orders tried  current cost 5
    W_14: 38280s  85,865,921,800 steps   437396 feasible sets         0 orders tried  current cost 11
    W_14: 38295s  85,900,571,200 steps   437585 feasible sets         0 orders tried  current cost 6
    W_14: 38310s  85,934,760,000 steps   437746 feasible sets         0 orders tried  current cost 4
    W_14: 38325s  85,969,063,600 steps   437903 feasible sets         0 orders tried  current cost 8
    W_14: 38340s  86,003,655,200 steps   438081 feasible sets         0 orders tried  current cost 5
    W_14: 38355s  86,037,762,800 steps   438227 feasible sets         0 orders tried  current cost 13
    W_14: 38370s  86,071,835,400 steps   438415 feasible sets         0 orders tried  current cost 4
    W_14: 38385s  86,106,315,600 steps   438605 feasible sets         0 orders tried  current cost 4
    W_14: 38400s  86,140,622,000 steps   438801 feasible sets         0 orders tried  current cost 12
    W_14: 38415s  86,175,426,400 steps   438971 feasible sets         0 orders tried  current cost 7
    W_14: 38430s  86,210,062,000 steps   439141 feasible sets         0 orders tried  current cost 13
    W_14: 38445s  86,244,648,600 steps   439302 feasible sets         0 orders tried  current cost 10
    W_14: 38460s  86,279,246,800 steps   439496 feasible sets         0 orders tried  current cost 3
    W_14: 38475s  86,313,845,400 steps   439648 feasible sets         0 orders tried  current cost 7
    W_14: 38490s  86,348,652,000 steps   439798 feasible sets         0 orders tried  current cost 3
    W_14: 38505s  86,383,124,400 steps   439983 feasible sets         0 orders tried  current cost 7
    W_14: 38520s  86,417,717,200 steps   440166 feasible sets         0 orders tried  current cost 1
    W_14: 38535s  86,452,271,600 steps   440343 feasible sets         0 orders tried  current cost 6
    W_14: 38550s  86,486,898,600 steps   440526 feasible sets         0 orders tried  current cost 2
    W_14: 38565s  86,521,595,400 steps   440702 feasible sets         0 orders tried  current cost 3
    W_14: 38580s  86,555,838,200 steps   440837 feasible sets         0 orders tried  current cost 4
    W_14: 38595s  86,590,355,400 steps   440993 feasible sets         0 orders tried  current cost 3
    W_14: 38610s  86,624,601,800 steps   441156 feasible sets         0 orders tried  current cost 14
    W_14: 38625s  86,658,811,800 steps   441330 feasible sets         0 orders tried  current cost 5
    W_14: 38640s  86,692,965,400 steps   441458 feasible sets         0 orders tried  current cost 9
    W_14: 38655s  86,727,226,200 steps   441654 feasible sets         0 orders tried  current cost 8
    W_14: 38670s  86,761,814,000 steps   441834 feasible sets         0 orders tried  current cost 4
    W_14: 38685s  86,795,974,200 steps   442045 feasible sets         0 orders tried  current cost 2
    W_14: 38700s  86,830,207,800 steps   442174 feasible sets         0 orders tried  current cost 10
    W_14: 38715s  86,864,942,000 steps   442391 feasible sets         0 orders tried  current cost 10
    W_14: 38730s  86,899,387,000 steps   442575 feasible sets         0 orders tried  current cost 8
    W_14: 38745s  86,933,483,400 steps   442749 feasible sets         0 orders tried  current cost 8
    W_14: 38760s  86,968,244,800 steps   442925 feasible sets         0 orders tried  current cost 8
    W_14: 38775s  87,002,375,800 steps   443105 feasible sets         0 orders tried  current cost 3
    W_14: 38790s  87,036,348,800 steps   443269 feasible sets         0 orders tried  current cost 4
    W_14: 38805s  87,070,549,000 steps   443434 feasible sets         0 orders tried  current cost 6
    W_14: 38820s  87,105,103,000 steps   443601 feasible sets         0 orders tried  current cost 11
    W_14: 38835s  87,139,443,800 steps   443758 feasible sets         0 orders tried  current cost 10
    W_14: 38850s  87,173,922,000 steps   443933 feasible sets         0 orders tried  current cost 11
    W_14: 38865s  87,208,744,800 steps   444099 feasible sets         0 orders tried  current cost 11
    W_14: 38880s  87,243,270,800 steps   444249 feasible sets         0 orders tried  current cost 4
    W_14: 38895s  87,277,888,600 steps   444467 feasible sets         0 orders tried  current cost 7
    W_14: 38910s  87,310,131,600 steps   444615 feasible sets         0 orders tried  current cost 3
    W_14: 38925s  87,344,536,200 steps   444765 feasible sets         0 orders tried  current cost 1
    W_14: 38940s  87,379,012,200 steps   444935 feasible sets         0 orders tried  current cost 2
    W_14: 38955s  87,413,274,000 steps   445129 feasible sets         0 orders tried  current cost 2
    W_14: 38970s  87,447,361,000 steps   445321 feasible sets         0 orders tried  current cost 13
    W_14: 38985s  87,481,887,200 steps   445486 feasible sets         0 orders tried  current cost 6
    W_14: 39000s  87,516,307,200 steps   445683 feasible sets         0 orders tried  current cost 5
    W_14: 39015s  87,550,376,800 steps   445857 feasible sets         0 orders tried  current cost 2
    W_14: 39030s  87,584,316,400 steps   446037 feasible sets         0 orders tried  current cost 2
    W_14: 39045s  87,618,588,200 steps   446268 feasible sets         0 orders tried  current cost 2
    W_14: 39060s  87,652,975,000 steps   446470 feasible sets         0 orders tried  current cost 2
    W_14: 39075s  87,687,457,600 steps   446613 feasible sets         0 orders tried  current cost 3
    W_14: 39090s  87,722,090,200 steps   446769 feasible sets         0 orders tried  current cost 3
    W_14: 39105s  87,756,388,000 steps   446976 feasible sets         0 orders tried  current cost 5
    W_14: 39120s  87,790,561,800 steps   447143 feasible sets         0 orders tried  current cost 9
    W_14: 39135s  87,824,648,400 steps   447286 feasible sets         0 orders tried  current cost 4
    W_14: 39150s  87,858,855,800 steps   447446 feasible sets         0 orders tried  current cost 1
    W_14: 39165s  87,893,006,400 steps   447620 feasible sets         0 orders tried  current cost 11
    W_14: 39180s  87,927,533,800 steps   447741 feasible sets         0 orders tried  current cost 3
    W_14: 39195s  87,961,865,400 steps   447904 feasible sets         0 orders tried  current cost 9
    W_14: 39210s  87,996,305,200 steps   448095 feasible sets         0 orders tried  current cost 10
    W_14: 39225s  88,031,095,200 steps   448293 feasible sets         0 orders tried  current cost 3
    W_14: 39240s  88,065,361,200 steps   448444 feasible sets         0 orders tried  current cost 16
    W_14: 39255s  88,099,897,800 steps   448620 feasible sets         0 orders tried  current cost 2
    W_14: 39270s  88,134,079,200 steps   448776 feasible sets         0 orders tried  current cost 4
    W_14: 39285s  88,168,338,200 steps   448889 feasible sets         0 orders tried  current cost 2
    W_14: 39300s  88,202,250,600 steps   449051 feasible sets         0 orders tried  current cost 6
    W_14: 39315s  88,236,683,600 steps   449213 feasible sets         0 orders tried  current cost 9
    W_14: 39330s  88,270,732,000 steps   449426 feasible sets         0 orders tried  current cost 2
    W_14: 39345s  88,305,333,400 steps   449591 feasible sets         0 orders tried  current cost 2
    W_14: 39360s  88,339,759,800 steps   449774 feasible sets         0 orders tried  current cost 5
    W_14: 39375s  88,373,820,600 steps   449929 feasible sets         0 orders tried  current cost 16
    W_14: 39390s  88,408,630,000 steps   450123 feasible sets         0 orders tried  current cost 7
    W_14: 39405s  88,442,940,000 steps   450316 feasible sets         0 orders tried  current cost 1
    W_14: 39420s  88,476,748,600 steps   450478 feasible sets         0 orders tried  current cost 4
    W_14: 39435s  88,510,610,000 steps   450631 feasible sets         0 orders tried  current cost 5
    W_14: 39450s  88,544,640,000 steps   450790 feasible sets         0 orders tried  current cost 4
    W_14: 39465s  88,579,410,800 steps   450926 feasible sets         0 orders tried  current cost 5
    W_14: 39480s  88,613,425,400 steps   451098 feasible sets         0 orders tried  current cost 6
    W_14: 39495s  88,647,729,400 steps   451232 feasible sets         0 orders tried  current cost 6
    W_14: 39510s  88,681,600,000 steps   451401 feasible sets         0 orders tried  current cost 2
    W_14: 39525s  88,715,742,200 steps   451576 feasible sets         0 orders tried  current cost 13
    W_14: 39540s  88,749,946,000 steps   451762 feasible sets         0 orders tried  current cost 9
    W_14: 39555s  88,783,594,400 steps   451945 feasible sets         0 orders tried  current cost 1
    W_14: 39570s  88,817,739,600 steps   452122 feasible sets         0 orders tried  current cost 1
    W_14: 39585s  88,851,858,400 steps   452306 feasible sets         0 orders tried  current cost 3
    W_14: 39600s  88,886,040,800 steps   452473 feasible sets         0 orders tried  current cost 10
    W_14: 39615s  88,920,099,200 steps   452634 feasible sets         0 orders tried  current cost 4
    W_14: 39630s  88,954,395,000 steps   452783 feasible sets         0 orders tried  current cost 3
    W_14: 39645s  88,988,590,200 steps   452937 feasible sets         0 orders tried  current cost 5
    W_14: 39660s  89,022,928,400 steps   453115 feasible sets         0 orders tried  current cost 7
    W_14: 39675s  89,057,187,600 steps   453304 feasible sets         0 orders tried  current cost 5
    W_14: 39690s  89,091,606,000 steps   453522 feasible sets         0 orders tried  current cost 6
    W_14: 39705s  89,125,775,800 steps   453746 feasible sets         0 orders tried  current cost 2
    W_14: 39720s  89,160,161,600 steps   453879 feasible sets         0 orders tried  current cost 12
    W_14: 39735s  89,194,219,800 steps   454069 feasible sets         0 orders tried  current cost 3
    W_14: 39750s  89,228,833,600 steps   454249 feasible sets         0 orders tried  current cost 1
    W_14: 39765s  89,262,953,800 steps   454402 feasible sets         0 orders tried  current cost 2
    W_14: 39780s  89,297,346,800 steps   454555 feasible sets         0 orders tried  current cost 3
    W_14: 39795s  89,331,321,600 steps   454734 feasible sets         0 orders tried  current cost 10
    W_14: 39810s  89,365,785,400 steps   454907 feasible sets         0 orders tried  current cost 7
    W_14: 39825s  89,399,485,400 steps   455075 feasible sets         0 orders tried  current cost 8
    W_14: 39840s  89,433,493,600 steps   455226 feasible sets         0 orders tried  current cost 1
    W_14: 39855s  89,467,261,400 steps   455437 feasible sets         0 orders tried  current cost 10
    W_14: 39870s  89,501,664,800 steps   455586 feasible sets         0 orders tried  current cost 14
    W_14: 39885s  89,536,111,200 steps   455734 feasible sets         0 orders tried  current cost 3
    W_14: 39900s  89,570,567,200 steps   455920 feasible sets         0 orders tried  current cost 7
    W_14: 39915s  89,604,512,800 steps   456083 feasible sets         0 orders tried  current cost 4
    W_14: 39930s  89,638,666,800 steps   456299 feasible sets         0 orders tried  current cost 6
    W_14: 39945s  89,673,176,800 steps   456444 feasible sets         0 orders tried  current cost 2
    W_14: 39960s  89,707,350,200 steps   456654 feasible sets         0 orders tried  current cost 3
    W_14: 39975s  89,741,733,200 steps   456826 feasible sets         0 orders tried  current cost 4
    W_14: 39990s  89,775,359,400 steps   456976 feasible sets         0 orders tried  current cost 4
    W_14: 40005s  89,809,661,000 steps   457157 feasible sets         0 orders tried  current cost 13
    W_14: 40020s  89,843,367,200 steps   457323 feasible sets         0 orders tried  current cost 8
    W_14: 40035s  89,877,828,600 steps   457527 feasible sets         0 orders tried  current cost 4
    W_14: 40050s  89,912,152,800 steps   457679 feasible sets         0 orders tried  current cost 1
    W_14: 40065s  89,946,162,600 steps   457853 feasible sets         0 orders tried  current cost 12
    W_14: 40080s  89,980,653,400 steps   458038 feasible sets         0 orders tried  current cost 1
    W_14: 40095s  90,014,835,200 steps   458201 feasible sets         0 orders tried  current cost 3
    W_14: 40110s  90,049,211,400 steps   458385 feasible sets         0 orders tried  current cost 4
    W_14: 40125s  90,083,555,000 steps   458551 feasible sets         0 orders tried  current cost 4
    W_14: 40140s  90,117,576,600 steps   458756 feasible sets         0 orders tried  current cost 1
    W_14: 40155s  90,151,877,600 steps   458906 feasible sets         0 orders tried  current cost 4
    W_14: 40170s  90,185,910,600 steps   459072 feasible sets         0 orders tried  current cost 5
    W_14: 40185s  90,219,760,200 steps   459261 feasible sets         0 orders tried  current cost 20
    W_14: 40200s  90,254,049,000 steps   459435 feasible sets         0 orders tried  current cost 4
    W_14: 40215s  90,288,236,000 steps   459591 feasible sets         0 orders tried  current cost 3
    W_14: 40230s  90,322,706,600 steps   459760 feasible sets         0 orders tried  current cost 6
    W_14: 40245s  90,356,944,800 steps   459910 feasible sets         0 orders tried  current cost 8
    W_14: 40260s  90,391,279,000 steps   460094 feasible sets         0 orders tried  current cost 1
    W_14: 40275s  90,424,871,400 steps   460280 feasible sets         0 orders tried  current cost 4
    W_14: 40290s  90,459,321,600 steps   460486 feasible sets         0 orders tried  current cost 11
    W_14: 40305s  90,493,396,600 steps   460689 feasible sets         0 orders tried  current cost 4
    W_14: 40320s  90,527,489,200 steps   460903 feasible sets         0 orders tried  current cost 7
    W_14: 40335s  90,561,907,600 steps   461072 feasible sets         0 orders tried  current cost 7
    W_14: 40350s  90,596,092,800 steps   461233 feasible sets         0 orders tried  current cost 6
    W_14: 40365s  90,630,327,600 steps   461376 feasible sets         0 orders tried  current cost 8
    W_14: 40380s  90,664,620,800 steps   461528 feasible sets         0 orders tried  current cost 14
    W_14: 40395s  90,698,657,600 steps   461658 feasible sets         0 orders tried  current cost 3
    W_14: 40410s  90,732,749,600 steps   461824 feasible sets         0 orders tried  current cost 4
    W_14: 40425s  90,766,938,400 steps   461985 feasible sets         0 orders tried  current cost 1
    W_14: 40440s  90,801,148,800 steps   462167 feasible sets         0 orders tried  current cost 6
    W_14: 40455s  90,834,989,400 steps   462341 feasible sets         0 orders tried  current cost 4
    W_14: 40470s  90,869,857,200 steps   462521 feasible sets         0 orders tried  current cost 2
    W_14: 40485s  90,904,215,600 steps   462707 feasible sets         0 orders tried  current cost 2
    W_14: 40500s  90,938,275,200 steps   462861 feasible sets         0 orders tried  current cost 3
    W_14: 40515s  90,972,245,400 steps   463030 feasible sets         0 orders tried  current cost 8
    W_14: 40530s  91,006,313,000 steps   463194 feasible sets         0 orders tried  current cost 6
    W_14: 40545s  91,040,411,800 steps   463345 feasible sets         0 orders tried  current cost 6
    W_14: 40560s  91,074,908,800 steps   463498 feasible sets         0 orders tried  current cost 4
    W_14: 40575s  91,108,972,000 steps   463670 feasible sets         0 orders tried  current cost 5
    W_14: 40590s  91,142,976,400 steps   463832 feasible sets         0 orders tried  current cost 3
    W_14: 40605s  91,177,049,200 steps   464004 feasible sets         0 orders tried  current cost 8
    W_14: 40620s  91,211,143,000 steps   464196 feasible sets         0 orders tried  current cost 13
    W_14: 40635s  91,245,211,200 steps   464389 feasible sets         0 orders tried  current cost 3
    W_14: 40650s  91,279,471,600 steps   464555 feasible sets         0 orders tried  current cost 3
    W_14: 40665s  91,313,664,200 steps   464743 feasible sets         0 orders tried  current cost 11
    W_14: 40680s  91,347,981,000 steps   464939 feasible sets         0 orders tried  current cost 14
    W_14: 40695s  91,382,270,600 steps   465105 feasible sets         0 orders tried  current cost 6
    W_14: 40710s  91,416,718,200 steps   465297 feasible sets         0 orders tried  current cost 2
    W_14: 40725s  91,451,025,600 steps   465472 feasible sets         0 orders tried  current cost 8
    W_14: 40740s  91,485,143,000 steps   465642 feasible sets         0 orders tried  current cost 11
    W_14: 40755s  91,519,631,200 steps   465832 feasible sets         0 orders tried  current cost 5
    W_14: 40770s  91,553,980,600 steps   465994 feasible sets         0 orders tried  current cost 15
    W_14: 40785s  91,588,444,200 steps   466181 feasible sets         0 orders tried  current cost 13
    W_14: 40800s  91,622,385,800 steps   466352 feasible sets         0 orders tried  current cost 7
    W_14: 40815s  91,656,451,400 steps   466539 feasible sets         0 orders tried  current cost 5
    W_14: 40830s  91,691,025,400 steps   466711 feasible sets         0 orders tried  current cost 9
    W_14: 40845s  91,725,524,600 steps   466871 feasible sets         0 orders tried  current cost 9
    W_14: 40860s  91,760,290,200 steps   467068 feasible sets         0 orders tried  current cost 6
    W_14: 40875s  91,795,039,200 steps   467266 feasible sets         0 orders tried  current cost 4
    W_14: 40890s  91,829,270,200 steps   467430 feasible sets         0 orders tried  current cost 4
    W_14: 40905s  91,863,752,400 steps   467650 feasible sets         0 orders tried  current cost 3
    W_14: 40920s  91,897,977,400 steps   467829 feasible sets         0 orders tried  current cost 3
    W_14: 40935s  91,932,364,600 steps   468030 feasible sets         0 orders tried  current cost 6
    W_14: 40950s  91,966,944,400 steps   468194 feasible sets         0 orders tried  current cost 5
    W_14: 40965s  92,001,517,200 steps   468362 feasible sets         0 orders tried  current cost 3
    W_14: 40980s  92,036,247,600 steps   468535 feasible sets         0 orders tried  current cost 4
    W_14: 40995s  92,071,000,600 steps   468732 feasible sets         0 orders tried  current cost 14
    W_14: 41010s  92,105,386,200 steps   468900 feasible sets         0 orders tried  current cost 7
    W_14: 41025s  92,139,957,800 steps   469069 feasible sets         0 orders tried  current cost 4
    W_14: 41040s  92,175,008,000 steps   469256 feasible sets         0 orders tried  current cost 5
    W_14: 41055s  92,209,471,600 steps   469421 feasible sets         0 orders tried  current cost 4
    W_14: 41070s  92,244,096,200 steps   469596 feasible sets         0 orders tried  current cost 3
    W_14: 41085s  92,278,777,600 steps   469770 feasible sets         0 orders tried  current cost 1
    W_14: 41100s  92,313,146,400 steps   469929 feasible sets         0 orders tried  current cost 7
    W_14: 41115s  92,347,107,200 steps   470075 feasible sets         0 orders tried  current cost 8
    W_14: 41130s  92,381,383,400 steps   470230 feasible sets         0 orders tried  current cost 11
    W_14: 41145s  92,415,669,800 steps   470398 feasible sets         0 orders tried  current cost 6
    W_14: 41160s  92,450,022,600 steps   470563 feasible sets         0 orders tried  current cost 12
    W_14: 41175s  92,484,123,600 steps   470753 feasible sets         0 orders tried  current cost 15
    W_14: 41190s  92,518,893,600 steps   470932 feasible sets         0 orders tried  current cost 2
    W_14: 41205s  92,553,185,600 steps   471145 feasible sets         0 orders tried  current cost 8
    W_14: 41220s  92,587,765,600 steps   471319 feasible sets         0 orders tried  current cost 10
    W_14: 41235s  92,622,571,200 steps   471539 feasible sets         0 orders tried  current cost 2
    W_14: 41250s  92,657,161,200 steps   471717 feasible sets         0 orders tried  current cost 11
    W_14: 41265s  92,691,584,800 steps   471906 feasible sets         0 orders tried  current cost 3
    W_14: 41280s  92,724,740,600 steps   472068 feasible sets         0 orders tried  current cost 15
    W_14: 41295s  92,756,890,400 steps   472268 feasible sets         0 orders tried  current cost 4
    W_14: 41310s  92,790,615,600 steps   472452 feasible sets         0 orders tried  current cost 3
    W_14: 41325s  92,824,904,000 steps   472649 feasible sets         0 orders tried  current cost 9
    W_14: 41340s  92,859,369,000 steps   472807 feasible sets         0 orders tried  current cost 4
    W_14: 41355s  92,893,714,200 steps   472987 feasible sets         0 orders tried  current cost 3
    W_14: 41370s  92,928,329,000 steps   473140 feasible sets         0 orders tried  current cost 4
    W_14: 41385s  92,962,942,400 steps   473308 feasible sets         0 orders tried  current cost 12
    W_14: 41400s  92,997,411,200 steps   473512 feasible sets         0 orders tried  current cost 5
    W_14: 41415s  93,032,364,400 steps   473679 feasible sets         0 orders tried  current cost 11
    W_14: 41430s  93,066,753,000 steps   473856 feasible sets         0 orders tried  current cost 2
    W_14: 41445s  93,100,902,600 steps   474045 feasible sets         0 orders tried  current cost 10
    W_14: 41460s  93,135,386,800 steps   474236 feasible sets         0 orders tried  current cost 8
    W_14: 41475s  93,169,539,800 steps   474438 feasible sets         0 orders tried  current cost 2
    W_14: 41490s  93,203,817,200 steps   474618 feasible sets         0 orders tried  current cost 2
    W_14: 41505s  93,238,160,000 steps   474765 feasible sets         0 orders tried  current cost 1
    W_14: 41520s  93,272,463,400 steps   474957 feasible sets         0 orders tried  current cost 14
    W_14: 41535s  93,307,024,600 steps   475163 feasible sets         0 orders tried  current cost 7
    W_14: 41550s  93,341,736,400 steps   475350 feasible sets         0 orders tried  current cost 2
    W_14: 41565s  93,376,241,600 steps   475580 feasible sets         0 orders tried  current cost 12
    W_14: 41580s  93,410,542,400 steps   475759 feasible sets         0 orders tried  current cost 11
    W_14: 41595s  93,444,887,000 steps   475948 feasible sets         0 orders tried  current cost 5
    W_14: 41610s  93,479,153,600 steps   476106 feasible sets         0 orders tried  current cost 3
    W_14: 41625s  93,513,366,200 steps   476271 feasible sets         0 orders tried  current cost 8
    W_14: 41640s  93,548,234,200 steps   476450 feasible sets         0 orders tried  current cost 5
    W_14: 41655s  93,582,588,600 steps   476608 feasible sets         0 orders tried  current cost 6
    W_14: 41670s  93,617,221,400 steps   476825 feasible sets         0 orders tried  current cost 13
    W_14: 41685s  93,651,914,200 steps   476994 feasible sets         0 orders tried  current cost 3
    W_14: 41700s  93,686,084,400 steps   477150 feasible sets         0 orders tried  current cost 8
    W_14: 41715s  93,720,877,000 steps   477349 feasible sets         0 orders tried  current cost 3
    W_14: 41730s  93,755,217,000 steps   477536 feasible sets         0 orders tried  current cost 2
    W_14: 41745s  93,789,445,200 steps   477660 feasible sets         0 orders tried  current cost 9
    W_14: 41760s  93,824,538,200 steps   477859 feasible sets         0 orders tried  current cost 3
    W_14: 41775s  93,858,632,800 steps   478080 feasible sets         0 orders tried  current cost 3
    W_14: 41790s  93,892,930,400 steps   478249 feasible sets         0 orders tried  current cost 3
    W_14: 41805s  93,927,485,600 steps   478410 feasible sets         0 orders tried  current cost 5
    W_14: 41820s  93,961,698,000 steps   478569 feasible sets         0 orders tried  current cost 3
    W_14: 41835s  93,995,977,000 steps   478746 feasible sets         0 orders tried  current cost 1
    W_14: 41850s  94,030,891,600 steps   478941 feasible sets         0 orders tried  current cost 3
    W_14: 41865s  94,065,153,600 steps   479114 feasible sets         0 orders tried  current cost 3
    W_14: 41880s  94,099,720,600 steps   479250 feasible sets         0 orders tried  current cost 15
    W_14: 41895s  94,134,568,800 steps   479459 feasible sets         0 orders tried  current cost 6
    W_14: 41910s  94,169,812,800 steps   479667 feasible sets         0 orders tried  current cost 1
    W_14: 41925s  94,204,090,800 steps   479858 feasible sets         0 orders tried  current cost 5
    W_14: 41940s  94,238,430,200 steps   480032 feasible sets         0 orders tried  current cost 4
    W_14: 41955s  94,272,424,800 steps   480192 feasible sets         0 orders tried  current cost 10
    W_14: 41970s  94,307,126,200 steps   480358 feasible sets         0 orders tried  current cost 8
    W_14: 41985s  94,341,839,800 steps   480538 feasible sets         0 orders tried  current cost 2
    W_14: 42000s  94,376,887,400 steps   480704 feasible sets         0 orders tried  current cost 6
    W_14: 42015s  94,411,353,400 steps   480892 feasible sets         0 orders tried  current cost 1
    W_14: 42030s  94,445,552,200 steps   481076 feasible sets         0 orders tried  current cost 3
    W_14: 42045s  94,479,824,600 steps   481286 feasible sets         0 orders tried  current cost 6
    W_14: 42060s  94,514,472,000 steps   481480 feasible sets         0 orders tried  current cost 4
    W_14: 42075s  94,549,091,000 steps   481657 feasible sets         0 orders tried  current cost 4
    W_14: 42090s  94,583,261,200 steps   481828 feasible sets         0 orders tried  current cost 18
    W_14: 42105s  94,617,789,200 steps   481984 feasible sets         0 orders tried  current cost 2
    W_14: 42120s  94,652,533,200 steps   482116 feasible sets         0 orders tried  current cost 3
    W_14: 42135s  94,686,493,000 steps   482319 feasible sets         0 orders tried  current cost 4
    W_14: 42150s  94,721,002,400 steps   482476 feasible sets         0 orders tried  current cost 13
    W_14: 42165s  94,755,114,800 steps   482629 feasible sets         0 orders tried  current cost 3
    W_14: 42180s  94,789,640,600 steps   482819 feasible sets         0 orders tried  current cost 16
    W_14: 42195s  94,824,073,600 steps   482974 feasible sets         0 orders tried  current cost 3
    W_14: 42210s  94,858,627,600 steps   483111 feasible sets         0 orders tried  current cost 4
    W_14: 42225s  94,892,607,000 steps   483290 feasible sets         0 orders tried  current cost 8
    W_14: 42240s  94,927,006,800 steps   483511 feasible sets         0 orders tried  current cost 5
    W_14: 42255s  94,961,165,000 steps   483698 feasible sets         0 orders tried  current cost 12
    W_14: 42270s  94,995,731,600 steps   483866 feasible sets         0 orders tried  current cost 5
    W_14: 42285s  95,029,850,800 steps   484043 feasible sets         0 orders tried  current cost 2
    W_14: 42300s  95,064,120,600 steps   484231 feasible sets         0 orders tried  current cost 23
    W_14: 42315s  95,097,946,200 steps   484415 feasible sets         0 orders tried  current cost 9
    W_14: 42330s  95,132,341,000 steps   484592 feasible sets         0 orders tried  current cost 20
    W_14: 42345s  95,166,937,000 steps   484778 feasible sets         0 orders tried  current cost 3
    W_14: 42360s  95,201,282,000 steps   484926 feasible sets         0 orders tried  current cost 13
    W_14: 42375s  95,235,522,600 steps   485122 feasible sets         0 orders tried  current cost 14
    W_14: 42390s  95,270,122,600 steps   485268 feasible sets         0 orders tried  current cost 11
    W_14: 42405s  95,304,711,600 steps   485495 feasible sets         0 orders tried  current cost 3
    W_14: 42420s  95,339,180,000 steps   485689 feasible sets         0 orders tried  current cost 2
    W_14: 42435s  95,373,606,800 steps   485890 feasible sets         0 orders tried  current cost 3
    W_14: 42450s  95,408,313,200 steps   486032 feasible sets         0 orders tried  current cost 3
    W_14: 42465s  95,442,502,200 steps   486183 feasible sets         0 orders tried  current cost 6
    W_14: 42480s  95,477,069,600 steps   486357 feasible sets         0 orders tried  current cost 2
    W_14: 42495s  95,511,959,400 steps   486532 feasible sets         0 orders tried  current cost 4
    W_14: 42510s  95,545,935,000 steps   486717 feasible sets         0 orders tried  current cost 3
    W_14: 42525s  95,580,335,800 steps   486873 feasible sets         0 orders tried  current cost 2
    W_14: 42540s  95,614,828,200 steps   487093 feasible sets         0 orders tried  current cost 4
    W_14: 42555s  95,649,407,800 steps   487288 feasible sets         0 orders tried  current cost 4
    W_14: 42570s  95,683,633,200 steps   487446 feasible sets         0 orders tried  current cost 3
    W_14: 42585s  95,717,660,000 steps   487613 feasible sets         0 orders tried  current cost 3
    W_14: 42600s  95,752,078,800 steps   487807 feasible sets         0 orders tried  current cost 4
    W_14: 42615s  95,786,409,200 steps   487970 feasible sets         0 orders tried  current cost 4
    W_14: 42630s  95,820,776,200 steps   488149 feasible sets         0 orders tried  current cost 4
    W_14: 42645s  95,855,208,000 steps   488307 feasible sets         0 orders tried  current cost 5
    W_14: 42660s  95,889,841,800 steps   488462 feasible sets         0 orders tried  current cost 10
    W_14: 42675s  95,924,717,800 steps   488615 feasible sets         0 orders tried  current cost 4
    W_14: 42690s  95,959,344,400 steps   488822 feasible sets         0 orders tried  current cost 12
    W_14: 42705s  95,994,153,400 steps   489003 feasible sets         0 orders tried  current cost 4
    W_14: 42720s  96,028,783,200 steps   489219 feasible sets         0 orders tried  current cost 12
    W_14: 42735s  96,063,429,800 steps   489388 feasible sets         0 orders tried  current cost 5
    W_14: 42750s  96,098,072,600 steps   489625 feasible sets         0 orders tried  current cost 2
    W_14: 42765s  96,131,886,200 steps   489772 feasible sets         0 orders tried  current cost 6
    W_14: 42780s  96,165,954,600 steps   489948 feasible sets         0 orders tried  current cost 3
    W_14: 42795s  96,200,117,000 steps   490126 feasible sets         0 orders tried  current cost 1
    W_14: 42810s  96,234,645,800 steps   490288 feasible sets         0 orders tried  current cost 6
    W_14: 42825s  96,269,123,600 steps   490492 feasible sets         0 orders tried  current cost 16
    W_14: 42840s  96,303,370,400 steps   490689 feasible sets         0 orders tried  current cost 3
    W_14: 42855s  96,337,997,800 steps   490867 feasible sets         0 orders tried  current cost 4
    W_14: 42870s  96,372,613,000 steps   491031 feasible sets         0 orders tried  current cost 2
    W_14: 42885s  96,406,928,400 steps   491216 feasible sets         0 orders tried  current cost 6
    W_14: 42900s  96,441,264,600 steps   491414 feasible sets         0 orders tried  current cost 11
    W_14: 42915s  96,475,625,400 steps   491574 feasible sets         0 orders tried  current cost 12
    W_14: 42930s  96,510,021,000 steps   491737 feasible sets         0 orders tried  current cost 14
    W_14: 42945s  96,544,289,800 steps   491948 feasible sets         0 orders tried  current cost 3
    W_14: 42960s  96,578,816,600 steps   492117 feasible sets         0 orders tried  current cost 2
    W_14: 42975s  96,613,456,400 steps   492273 feasible sets         0 orders tried  current cost 4
    W_14: 42990s  96,647,812,800 steps   492472 feasible sets         0 orders tried  current cost 4
    W_14: 43005s  96,682,234,400 steps   492661 feasible sets         0 orders tried  current cost 3
    W_14: 43020s  96,716,923,200 steps   492823 feasible sets         0 orders tried  current cost 9
    W_14: 43035s  96,751,279,000 steps   492996 feasible sets         0 orders tried  current cost 4
    W_14: 43050s  96,785,554,000 steps   493180 feasible sets         0 orders tried  current cost 4
    W_14: 43065s  96,820,144,200 steps   493339 feasible sets         0 orders tried  current cost 9
    W_14: 43080s  96,854,208,200 steps   493500 feasible sets         0 orders tried  current cost 5
    W_14: 43095s  96,888,659,800 steps   493658 feasible sets         0 orders tried  current cost 2
    W_14: 43110s  96,922,685,600 steps   493840 feasible sets         0 orders tried  current cost 9
    W_14: 43125s  96,957,118,600 steps   494046 feasible sets         0 orders tried  current cost 4
    W_14: 43140s  96,991,415,200 steps   494208 feasible sets         0 orders tried  current cost 3
    W_14: 43155s  97,025,961,400 steps   494353 feasible sets         0 orders tried  current cost 12
    W_14: 43170s  97,061,159,200 steps   494548 feasible sets         0 orders tried  current cost 4
    W_14: 43185s  97,095,512,800 steps   494741 feasible sets         0 orders tried  current cost 4
    W_14: 43200s  97,130,336,200 steps   494903 feasible sets         0 orders tried  current cost 3
    W_14: 43215s  97,164,888,600 steps   495077 feasible sets         0 orders tried  current cost 6
    W_14: 43230s  97,199,222,200 steps   495248 feasible sets         0 orders tried  current cost 15
    W_14: 43245s  97,233,232,400 steps   495420 feasible sets         0 orders tried  current cost 4
    W_14: 43260s  97,267,070,400 steps   495604 feasible sets         0 orders tried  current cost 5
    W_14: 43275s  97,301,289,000 steps   495797 feasible sets         0 orders tried  current cost 6
    W_14: 43290s  97,336,063,200 steps   495953 feasible sets         0 orders tried  current cost 13
    W_14: 43305s  97,369,973,600 steps   496120 feasible sets         0 orders tried  current cost 3
    W_14: 43320s  97,404,816,800 steps   496292 feasible sets         0 orders tried  current cost 5
    W_14: 43335s  97,439,388,600 steps   496440 feasible sets         0 orders tried  current cost 6
    W_14: 43350s  97,473,512,400 steps   496626 feasible sets         0 orders tried  current cost 3
    W_14: 43365s  97,507,850,000 steps   496794 feasible sets         0 orders tried  current cost 5
    W_14: 43380s  97,542,147,600 steps   496989 feasible sets         0 orders tried  current cost 8
    W_14: 43395s  97,576,241,600 steps   497152 feasible sets         0 orders tried  current cost 11
    W_14: 43410s  97,610,678,800 steps   497344 feasible sets         0 orders tried  current cost 2
    W_14: 43425s  97,645,167,200 steps   497544 feasible sets         0 orders tried  current cost 6
    W_14: 43440s  97,679,312,200 steps   497687 feasible sets         0 orders tried  current cost 5
    W_14: 43455s  97,713,985,600 steps   497848 feasible sets         0 orders tried  current cost 8
    W_14: 43470s  97,748,444,200 steps   498016 feasible sets         0 orders tried  current cost 7
    W_14: 43485s  97,782,623,600 steps   498204 feasible sets         0 orders tried  current cost 10
    W_14: 43500s  97,816,909,000 steps   498392 feasible sets         0 orders tried  current cost 7
    W_14: 43515s  97,851,323,600 steps   498585 feasible sets         0 orders tried  current cost 12
    W_14: 43530s  97,885,482,600 steps   498752 feasible sets         0 orders tried  current cost 14
    W_14: 43545s  97,920,471,600 steps   498934 feasible sets         0 orders tried  current cost 5
    W_14: 43560s  97,954,904,000 steps   499139 feasible sets         0 orders tried  current cost 10
    W_14: 43575s  97,989,590,800 steps   499349 feasible sets         0 orders tried  current cost 2
    W_14: 43590s  98,024,514,800 steps   499547 feasible sets         0 orders tried  current cost 3
    W_14: 43605s  98,058,609,800 steps   499692 feasible sets         0 orders tried  current cost 8
    W_14: 43620s  98,093,058,800 steps   499854 feasible sets         0 orders tried  current cost 4
    W_14: 43635s  98,127,386,200 steps   500047 feasible sets         0 orders tried  current cost 7
    W_14: 43650s  98,161,812,400 steps   500210 feasible sets         0 orders tried  current cost 3
    W_14: 43665s  98,196,332,000 steps   500369 feasible sets         0 orders tried  current cost 5
    W_14: 43680s  98,230,481,200 steps   500524 feasible sets         0 orders tried  current cost 10
    W_14: 43695s  98,265,237,200 steps   500696 feasible sets         0 orders tried  current cost 1
    W_14: 43710s  98,299,943,600 steps   500901 feasible sets         0 orders tried  current cost 10
    W_14: 43725s  98,334,543,000 steps   501081 feasible sets         0 orders tried  current cost 11
    W_14: 43740s  98,369,092,400 steps   501295 feasible sets         0 orders tried  current cost 2
    W_14: 43755s  98,403,459,600 steps   501454 feasible sets         0 orders tried  current cost 3
    W_14: 43770s  98,438,123,000 steps   501612 feasible sets         0 orders tried  current cost 16
    W_14: 43785s  98,472,429,000 steps   501772 feasible sets         0 orders tried  current cost 2
    W_14: 43800s  98,506,916,600 steps   501947 feasible sets         0 orders tried  current cost 2
    W_14: 43815s  98,541,072,800 steps   502122 feasible sets         0 orders tried  current cost 4
    W_14: 43830s  98,575,864,400 steps   502313 feasible sets         0 orders tried  current cost 7
    W_14: 43845s  98,610,497,200 steps   502470 feasible sets         0 orders tried  current cost 2
    W_14: 43860s  98,645,090,200 steps   502653 feasible sets         0 orders tried  current cost 3
    W_14: 43875s  98,679,906,000 steps   502805 feasible sets         0 orders tried  current cost 5
    W_14: 43890s  98,714,779,000 steps   502993 feasible sets         0 orders tried  current cost 2
    W_14: 43905s  98,748,994,600 steps   503174 feasible sets         0 orders tried  current cost 3
    W_14: 43920s  98,783,293,800 steps   503339 feasible sets         0 orders tried  current cost 5
    W_14: 43935s  98,817,926,400 steps   503477 feasible sets         0 orders tried  current cost 3
    W_14: 43950s  98,852,146,200 steps   503654 feasible sets         0 orders tried  current cost 8
    W_14: 43965s  98,886,266,400 steps   503822 feasible sets         0 orders tried  current cost 8
    W_14: 43980s  98,920,543,200 steps   503982 feasible sets         0 orders tried  current cost 16
    W_14: 43995s  98,954,857,200 steps   504149 feasible sets         0 orders tried  current cost 4
    W_14: 44010s  98,989,723,800 steps   504322 feasible sets         0 orders tried  current cost 12
    W_14: 44025s  99,024,618,000 steps   504474 feasible sets         0 orders tried  current cost 1
    W_14: 44040s  99,059,179,600 steps   504619 feasible sets         0 orders tried  current cost 3
    W_14: 44055s  99,093,904,600 steps   504807 feasible sets         0 orders tried  current cost 11
    W_14: 44070s  99,128,656,600 steps   504925 feasible sets         0 orders tried  current cost 2
    W_14: 44085s  99,163,067,800 steps   505100 feasible sets         0 orders tried  current cost 5
    W_14: 44100s  99,197,338,400 steps   505279 feasible sets         0 orders tried  current cost 3
    W_14: 44115s  99,232,006,800 steps   505457 feasible sets         0 orders tried  current cost 10
    W_14: 44130s  99,266,535,200 steps   505646 feasible sets         0 orders tried  current cost 3
    W_14: 44145s  99,300,065,200 steps   505820 feasible sets         0 orders tried  current cost 8
    W_14: 44160s  99,334,378,600 steps   505985 feasible sets         0 orders tried  current cost 4
    W_14: 44175s  99,368,854,800 steps   506205 feasible sets         0 orders tried  current cost 2
    W_14: 44190s  99,403,686,600 steps   506344 feasible sets         0 orders tried  current cost 6
    W_14: 44205s  99,438,350,200 steps   506539 feasible sets         0 orders tried  current cost 4
    W_14: 44220s  99,473,123,800 steps   506701 feasible sets         0 orders tried  current cost 8
    W_14: 44235s  99,507,460,200 steps   506848 feasible sets         0 orders tried  current cost 12
    W_14: 44250s  99,541,831,400 steps   507064 feasible sets         0 orders tried  current cost 3
    W_14: 44265s  99,576,030,800 steps   507272 feasible sets         0 orders tried  current cost 4
    W_14: 44280s  99,610,442,200 steps   507441 feasible sets         0 orders tried  current cost 8
    W_14: 44295s  99,644,981,600 steps   507628 feasible sets         0 orders tried  current cost 8
    W_14: 44310s  99,679,529,600 steps   507835 feasible sets         0 orders tried  current cost 5
    W_14: 44325s  99,713,941,600 steps   507983 feasible sets         0 orders tried  current cost 13
    W_14: 44340s  99,748,390,400 steps   508143 feasible sets         0 orders tried  current cost 3
    W_14: 44355s  99,782,819,000 steps   508298 feasible sets         0 orders tried  current cost 2
    W_14: 44370s  99,817,262,600 steps   508492 feasible sets         0 orders tried  current cost 12
    W_14: 44385s  99,851,345,600 steps   508664 feasible sets         0 orders tried  current cost 3
    W_14: 44400s  99,885,841,400 steps   508856 feasible sets         0 orders tried  current cost 8
    W_14: 44415s  99,920,278,600 steps   509017 feasible sets         0 orders tried  current cost 4
    W_14: 44430s  99,954,588,400 steps   509203 feasible sets         0 orders tried  current cost 4
    W_14: 44445s  99,988,849,400 steps   509397 feasible sets         0 orders tried  current cost 8
    W_14: 44460s  100,023,349,400 steps   509587 feasible sets         0 orders tried  current cost 6
    W_14: 44475s  100,058,067,200 steps   509797 feasible sets         0 orders tried  current cost 12
    W_14: 44490s  100,092,503,400 steps   510006 feasible sets         0 orders tried  current cost 7
    W_14: 44505s  100,127,051,600 steps   510140 feasible sets         0 orders tried  current cost 4
    W_14: 44520s  100,161,809,200 steps   510318 feasible sets         0 orders tried  current cost 5
    W_14: 44535s  100,196,252,200 steps   510497 feasible sets         0 orders tried  current cost 4
    W_14: 44550s  100,231,060,400 steps   510688 feasible sets         0 orders tried  current cost 19
    W_14: 44565s  100,265,451,600 steps   510862 feasible sets         0 orders tried  current cost 3
    W_14: 44580s  100,299,743,000 steps   511058 feasible sets         0 orders tried  current cost 6
    W_14: 44595s  100,334,013,600 steps   511246 feasible sets         0 orders tried  current cost 5
    W_14: 44610s  100,368,645,000 steps   511435 feasible sets         0 orders tried  current cost 9
    W_14: 44625s  100,402,610,600 steps   511607 feasible sets         0 orders tried  current cost 3
    W_14: 44640s  100,436,945,400 steps   511791 feasible sets         0 orders tried  current cost 9
    W_14: 44655s  100,471,633,800 steps   511963 feasible sets         0 orders tried  current cost 2
    W_14: 44670s  100,505,939,400 steps   512120 feasible sets         0 orders tried  current cost 4
    W_14: 44685s  100,540,674,600 steps   512293 feasible sets         0 orders tried  current cost 1
    W_14: 44700s  100,575,151,800 steps   512508 feasible sets         0 orders tried  current cost 3
    W_14: 44715s  100,609,369,200 steps   512641 feasible sets         0 orders tried  current cost 6
    W_14: 44730s  100,643,358,600 steps   512837 feasible sets         0 orders tried  current cost 2
    W_14: 44745s  100,677,896,200 steps   512983 feasible sets         0 orders tried  current cost 3
    W_14: 44760s  100,712,253,600 steps   513157 feasible sets         0 orders tried  current cost 4
    W_14: 44775s  100,746,142,600 steps   513321 feasible sets         0 orders tried  current cost 10
    W_14: 44790s  100,780,967,800 steps   513497 feasible sets         0 orders tried  current cost 7
    W_14: 44805s  100,815,388,800 steps   513703 feasible sets         0 orders tried  current cost 4
    W_14: 44820s  100,850,023,400 steps   513879 feasible sets         0 orders tried  current cost 6
    W_14: 44835s  100,884,489,000 steps   514055 feasible sets         0 orders tried  current cost 5
    W_14: 44850s  100,919,178,800 steps   514251 feasible sets         0 orders tried  current cost 3
    W_14: 44865s  100,954,495,600 steps   514458 feasible sets         0 orders tried  current cost 1
    W_14: 44880s  100,989,009,800 steps   514651 feasible sets         0 orders tried  current cost 6
    W_14: 44895s  101,023,423,600 steps   514811 feasible sets         0 orders tried  current cost 10
    W_14: 44910s  101,057,802,800 steps   514963 feasible sets         0 orders tried  current cost 11
    W_14: 44925s  101,091,884,400 steps   515175 feasible sets         0 orders tried  current cost 10
    W_14: 44940s  101,126,292,800 steps   515341 feasible sets         0 orders tried  current cost 5
    W_14: 44955s  101,160,815,200 steps   515482 feasible sets         0 orders tried  current cost 2
    W_14: 44970s  101,195,013,400 steps   515653 feasible sets         0 orders tried  current cost 3
    W_14: 44985s  101,229,705,400 steps   515805 feasible sets         0 orders tried  current cost 7
    W_14: 45000s  101,263,848,600 steps   515967 feasible sets         0 orders tried  current cost 4
    W_14: 45015s  101,298,815,600 steps   516148 feasible sets         0 orders tried  current cost 5
    W_14: 45030s  101,333,102,400 steps   516309 feasible sets         0 orders tried  current cost 11
    W_14: 45045s  101,367,447,600 steps   516510 feasible sets         0 orders tried  current cost 4
    W_14: 45060s  101,401,690,600 steps   516707 feasible sets         0 orders tried  current cost 6
    W_14: 45075s  101,435,844,000 steps   516870 feasible sets         0 orders tried  current cost 15
    W_14: 45090s  101,470,468,600 steps   517056 feasible sets         0 orders tried  current cost 3
    W_14: 45105s  101,504,876,000 steps   517248 feasible sets         0 orders tried  current cost 2
    W_14: 45120s  101,539,590,200 steps   517408 feasible sets         0 orders tried  current cost 4
    W_14: 45135s  101,573,599,600 steps   517589 feasible sets         0 orders tried  current cost 3
    W_14: 45150s  101,607,800,800 steps   517777 feasible sets         0 orders tried  current cost 20
    W_14: 45165s  101,642,319,600 steps   517930 feasible sets         0 orders tried  current cost 3
    W_14: 45180s  101,677,048,400 steps   518060 feasible sets         0 orders tried  current cost 4
    W_14: 45195s  101,711,571,400 steps   518257 feasible sets         0 orders tried  current cost 3
    W_14: 45210s  101,746,299,400 steps   518408 feasible sets         0 orders tried  current cost 3
    W_14: 45225s  101,780,644,400 steps   518588 feasible sets         0 orders tried  current cost 9
    W_14: 45240s  101,815,335,600 steps   518811 feasible sets         0 orders tried  current cost 3
    W_14: 45255s  101,849,889,400 steps   518989 feasible sets         0 orders tried  current cost 5
    W_14: 45270s  101,884,173,400 steps   519171 feasible sets         0 orders tried  current cost 5
    W_14: 45285s  101,918,369,200 steps   519334 feasible sets         0 orders tried  current cost 4
    W_14: 45300s  101,953,137,000 steps   519522 feasible sets         0 orders tried  current cost 2
    W_14: 45315s  101,987,492,400 steps   519687 feasible sets         0 orders tried  current cost 4
    W_14: 45330s  102,021,963,600 steps   519877 feasible sets         0 orders tried  current cost 19
    W_14: 45345s  102,056,324,600 steps   520062 feasible sets         0 orders tried  current cost 12
    W_14: 45360s  102,090,837,600 steps   520249 feasible sets         0 orders tried  current cost 4
    W_14: 45375s  102,124,906,200 steps   520419 feasible sets         0 orders tried  current cost 9
    W_14: 45390s  102,159,663,200 steps   520583 feasible sets         0 orders tried  current cost 12
    W_14: 45405s  102,193,943,200 steps   520745 feasible sets         0 orders tried  current cost 8
    W_14: 45420s  102,228,528,200 steps   520917 feasible sets         0 orders tried  current cost 7
    W_14: 45435s  102,262,672,800 steps   521102 feasible sets         0 orders tried  current cost 5
    W_14: 45450s  102,297,212,200 steps   521293 feasible sets         0 orders tried  current cost 2
    W_14: 45465s  102,331,265,200 steps   521488 feasible sets         0 orders tried  current cost 9
    W_14: 45480s  102,365,460,200 steps   521617 feasible sets         0 orders tried  current cost 16
    W_14: 45495s  102,399,703,800 steps   521800 feasible sets         0 orders tried  current cost 7
    W_14: 45510s  102,434,390,800 steps   521935 feasible sets         0 orders tried  current cost 3
    W_14: 45525s  102,468,562,000 steps   522110 feasible sets         0 orders tried  current cost 13
    W_14: 45540s  102,502,986,800 steps   522308 feasible sets         0 orders tried  current cost 6
    W_14: 45555s  102,537,096,000 steps   522478 feasible sets         0 orders tried  current cost 3
    W_14: 45570s  102,571,157,000 steps   522625 feasible sets         0 orders tried  current cost 2
    W_14: 45585s  102,605,251,600 steps   522806 feasible sets         0 orders tried  current cost 1
    W_14: 45600s  102,639,542,800 steps   523000 feasible sets         0 orders tried  current cost 12
    W_14: 45615s  102,673,824,200 steps   523170 feasible sets         0 orders tried  current cost 12
    W_14: 45630s  102,708,416,200 steps   523343 feasible sets         0 orders tried  current cost 3
    W_14: 45645s  102,743,224,400 steps   523544 feasible sets         0 orders tried  current cost 11
    W_14: 45660s  102,777,519,400 steps   523718 feasible sets         0 orders tried  current cost 2
    W_14: 45675s  102,812,127,200 steps   523919 feasible sets         0 orders tried  current cost 4
    W_14: 45690s  102,846,357,000 steps   524116 feasible sets         0 orders tried  current cost 4
    W_14: 45705s  102,880,734,600 steps   524311 feasible sets         0 orders tried  current cost 4
    W_14: 45720s  102,915,007,400 steps   524496 feasible sets         0 orders tried  current cost 10
    W_14: 45735s  102,949,055,800 steps   524678 feasible sets         0 orders tried  current cost 2
    W_14: 45750s  102,983,520,400 steps   524814 feasible sets         0 orders tried  current cost 12
    W_14: 45765s  103,017,754,200 steps   525004 feasible sets         0 orders tried  current cost 2
    W_14: 45780s  103,051,544,400 steps   525156 feasible sets         0 orders tried  current cost 7
    W_14: 45795s  103,085,966,600 steps   525326 feasible sets         0 orders tried  current cost 7
    W_14: 45810s  103,120,434,400 steps   525534 feasible sets         0 orders tried  current cost 2
    W_14: 45825s  103,154,909,800 steps   525722 feasible sets         0 orders tried  current cost 7
    W_14: 45840s  103,189,162,800 steps   525904 feasible sets         0 orders tried  current cost 16
    W_14: 45855s  103,223,480,200 steps   526058 feasible sets         0 orders tried  current cost 14
    W_14: 45870s  103,257,630,400 steps   526187 feasible sets         0 orders tried  current cost 3
    W_14: 45885s  103,291,987,600 steps   526348 feasible sets         0 orders tried  current cost 7
    W_14: 45900s  103,326,116,400 steps   526508 feasible sets         0 orders tried  current cost 3
    W_14: 45915s  103,359,963,600 steps   526671 feasible sets         0 orders tried  current cost 10
    W_14: 45930s  103,393,971,800 steps   526834 feasible sets         0 orders tried  current cost 6
    W_14: 45945s  103,427,822,600 steps   527017 feasible sets         0 orders tried  current cost 8
    W_14: 45960s  103,462,165,400 steps   527152 feasible sets         0 orders tried  current cost 13
    W_14: 45975s  103,496,979,600 steps   527384 feasible sets         0 orders tried  current cost 2
    W_14: 45990s  103,531,378,800 steps   527549 feasible sets         0 orders tried  current cost 3
    W_14: 46005s  103,566,052,600 steps   527728 feasible sets         0 orders tried  current cost 4
    W_14: 46020s  103,600,452,600 steps   527903 feasible sets         0 orders tried  current cost 4
    W_14: 46035s  103,634,713,200 steps   528094 feasible sets         0 orders tried  current cost 4
    W_14: 46050s  103,669,253,200 steps   528332 feasible sets         0 orders tried  current cost 3
    W_14: 46065s  103,703,763,800 steps   528521 feasible sets         0 orders tried  current cost 4
    W_14: 46080s  103,738,266,800 steps   528724 feasible sets         0 orders tried  current cost 6
    W_14: 46095s  103,772,266,600 steps   528880 feasible sets         0 orders tried  current cost 8
    W_14: 46110s  103,806,740,200 steps   529017 feasible sets         0 orders tried  current cost 14
    W_14: 46125s  103,841,063,800 steps   529185 feasible sets         0 orders tried  current cost 12
    W_14: 46140s  103,875,562,000 steps   529368 feasible sets         0 orders tried  current cost 17
    W_14: 46155s  103,909,953,000 steps   529557 feasible sets         0 orders tried  current cost 3
    W_14: 46170s  103,944,510,800 steps   529727 feasible sets         0 orders tried  current cost 2
    W_14: 46185s  103,978,595,600 steps   529919 feasible sets         0 orders tried  current cost 5
    W_14: 46200s  104,012,625,400 steps   530079 feasible sets         0 orders tried  current cost 6
    W_14: 46215s  104,047,378,600 steps   530257 feasible sets         0 orders tried  current cost 3
    W_14: 46230s  104,081,334,200 steps   530446 feasible sets         0 orders tried  current cost 3
    W_14: 46245s  104,115,496,800 steps   530658 feasible sets         0 orders tried  current cost 2
    W_14: 46260s  104,149,636,000 steps   530828 feasible sets         0 orders tried  current cost 3
    W_14: 46275s  104,183,740,800 steps   530986 feasible sets         0 orders tried  current cost 10
    W_14: 46290s  104,218,255,800 steps   531166 feasible sets         0 orders tried  current cost 1
    W_14: 46305s  104,252,705,400 steps   531346 feasible sets         0 orders tried  current cost 7
    W_14: 46320s  104,287,021,400 steps   531492 feasible sets         0 orders tried  current cost 13
    W_14: 46335s  104,321,166,200 steps   531623 feasible sets         0 orders tried  current cost 7
    W_14: 46350s  104,355,770,200 steps   531784 feasible sets         0 orders tried  current cost 4
    W_14: 46365s  104,389,525,800 steps   531964 feasible sets         0 orders tried  current cost 10
    W_14: 46380s  104,423,954,000 steps   532133 feasible sets         0 orders tried  current cost 2
    W_14: 46395s  104,458,292,400 steps   532301 feasible sets         0 orders tried  current cost 3
    W_14: 46410s  104,492,554,800 steps   532484 feasible sets         0 orders tried  current cost 3
    W_14: 46425s  104,526,606,400 steps   532653 feasible sets         0 orders tried  current cost 8
    W_14: 46440s  104,561,046,000 steps   532822 feasible sets         0 orders tried  current cost 6
    W_14: 46455s  104,595,277,200 steps   533005 feasible sets         0 orders tried  current cost 2
    W_14: 46470s  104,630,074,400 steps   533193 feasible sets         0 orders tried  current cost 2
    W_14: 46485s  104,664,504,200 steps   533336 feasible sets         0 orders tried  current cost 10
    W_14: 46500s  104,699,345,800 steps   533557 feasible sets         0 orders tried  current cost 10
    W_14: 46515s  104,733,878,600 steps   533756 feasible sets         0 orders tried  current cost 3
    W_14: 46530s  104,768,093,200 steps   533943 feasible sets         0 orders tried  current cost 1
    W_14: 46545s  104,802,134,600 steps   534089 feasible sets         0 orders tried  current cost 2
    W_14: 46560s  104,836,569,000 steps   534240 feasible sets         0 orders tried  current cost 3
    W_14: 46575s  104,871,011,800 steps   534390 feasible sets         0 orders tried  current cost 4
    W_14: 46590s  104,905,018,000 steps   534526 feasible sets         0 orders tried  current cost 4
    W_14: 46605s  104,939,592,200 steps   534702 feasible sets         0 orders tried  current cost 1
    W_14: 46620s  104,974,130,600 steps   534880 feasible sets         0 orders tried  current cost 4
    W_14: 46635s  105,008,366,400 steps   535042 feasible sets         0 orders tried  current cost 6
    W_14: 46650s  105,042,685,600 steps   535225 feasible sets         0 orders tried  current cost 6
    W_14: 46665s  105,077,824,800 steps   535410 feasible sets         0 orders tried  current cost 11
    W_14: 46680s  105,112,615,400 steps   535551 feasible sets         0 orders tried  current cost 3
    W_14: 46695s  105,147,081,400 steps   535729 feasible sets         0 orders tried  current cost 15
    W_14: 46710s  105,181,473,600 steps   535916 feasible sets         0 orders tried  current cost 4
    W_14: 46725s  105,215,807,600 steps   536079 feasible sets         0 orders tried  current cost 4
    W_14: 46740s  105,250,304,000 steps   536245 feasible sets         0 orders tried  current cost 10
    W_14: 46755s  105,284,780,400 steps   536444 feasible sets         0 orders tried  current cost 14
    W_14: 46770s  105,318,983,800 steps   536616 feasible sets         0 orders tried  current cost 8
    W_14: 46785s  105,353,257,600 steps   536838 feasible sets         0 orders tried  current cost 3
    W_14: 46800s  105,387,923,200 steps   537002 feasible sets         0 orders tried  current cost 10
    W_14: 46815s  105,422,557,200 steps   537164 feasible sets         0 orders tried  current cost 2
    W_14: 46830s  105,457,526,400 steps   537359 feasible sets         0 orders tried  current cost 5
    W_14: 46845s  105,491,454,000 steps   537547 feasible sets         0 orders tried  current cost 2
    W_14: 46860s  105,525,866,600 steps   537739 feasible sets         0 orders tried  current cost 7
    W_14: 46875s  105,560,322,400 steps   537917 feasible sets         0 orders tried  current cost 10
    W_14: 46890s  105,594,933,400 steps   538100 feasible sets         0 orders tried  current cost 3
    W_14: 46905s  105,629,166,800 steps   538300 feasible sets         0 orders tried  current cost 7
    W_14: 46920s  105,663,621,600 steps   538490 feasible sets         0 orders tried  current cost 20
    W_14: 46935s  105,698,088,200 steps   538646 feasible sets         0 orders tried  current cost 9
    W_14: 46950s  105,732,369,400 steps   538802 feasible sets         0 orders tried  current cost 3
    W_14: 46965s  105,766,580,800 steps   538981 feasible sets         0 orders tried  current cost 15
    W_14: 46980s  105,801,548,200 steps   539164 feasible sets         0 orders tried  current cost 6
    W_14: 46995s  105,836,381,200 steps   539305 feasible sets         0 orders tried  current cost 7
    W_14: 47010s  105,870,624,600 steps   539416 feasible sets         0 orders tried  current cost 8
    W_14: 47025s  105,905,008,000 steps   539566 feasible sets         0 orders tried  current cost 4
    W_14: 47040s  105,939,337,000 steps   539718 feasible sets         0 orders tried  current cost 4
    W_14: 47055s  105,973,830,800 steps   539895 feasible sets         0 orders tried  current cost 7
    W_14: 47070s  106,008,230,400 steps   540046 feasible sets         0 orders tried  current cost 5
    W_14: 47085s  106,042,485,200 steps   540235 feasible sets         0 orders tried  current cost 11
    W_14: 47100s  106,076,895,800 steps   540413 feasible sets         0 orders tried  current cost 2
    W_14: 47115s  106,111,309,400 steps   540572 feasible sets         0 orders tried  current cost 5
    W_14: 47130s  106,145,962,200 steps   540747 feasible sets         0 orders tried  current cost 9
    W_14: 47145s  106,180,611,600 steps   540902 feasible sets         0 orders tried  current cost 3
    W_14: 47160s  106,214,728,800 steps   541104 feasible sets         0 orders tried  current cost 6
    W_14: 47175s  106,249,691,600 steps   541317 feasible sets         0 orders tried  current cost 3
    W_14: 47190s  106,284,012,600 steps   541498 feasible sets         0 orders tried  current cost 5
    W_14: 47205s  106,318,541,200 steps   541661 feasible sets         0 orders tried  current cost 10
    W_14: 47220s  106,352,680,600 steps   541861 feasible sets         0 orders tried  current cost 15
    W_14: 47235s  106,386,352,200 steps   542008 feasible sets         0 orders tried  current cost 2
    W_14: 47250s  106,421,018,600 steps   542176 feasible sets         0 orders tried  current cost 2
    W_14: 47265s  106,455,094,600 steps   542327 feasible sets         0 orders tried  current cost 2
    W_14: 47280s  106,489,327,800 steps   542480 feasible sets         0 orders tried  current cost 8
    W_14: 47295s  106,523,707,800 steps   542664 feasible sets         0 orders tried  current cost 2
    W_14: 47310s  106,558,634,200 steps   542852 feasible sets         0 orders tried  current cost 6
    W_14: 47325s  106,593,115,000 steps   543006 feasible sets         0 orders tried  current cost 3
    W_14: 47340s  106,627,794,200 steps   543160 feasible sets         0 orders tried  current cost 3
    W_14: 47355s  106,662,160,200 steps   543287 feasible sets         0 orders tried  current cost 11
    W_14: 47370s  106,696,680,400 steps   543462 feasible sets         0 orders tried  current cost 16
    W_14: 47385s  106,731,327,800 steps   543631 feasible sets         0 orders tried  current cost 5
    W_14: 47400s  106,765,834,200 steps   543772 feasible sets         0 orders tried  current cost 3
    W_14: 47415s  106,800,034,400 steps   543964 feasible sets         0 orders tried  current cost 3
    W_14: 47430s  106,833,890,800 steps   544132 feasible sets         0 orders tried  current cost 3
    W_14: 47445s  106,867,571,600 steps   544358 feasible sets         0 orders tried  current cost 3
    W_14: 47460s  106,901,359,200 steps   544538 feasible sets         0 orders tried  current cost 3
    W_14: 47475s  106,935,217,000 steps   544737 feasible sets         0 orders tried  current cost 1
    W_14: 47490s  106,969,283,600 steps   544936 feasible sets         0 orders tried  current cost 10
    W_14: 47505s  107,002,791,800 steps   545100 feasible sets         0 orders tried  current cost 5
    W_14: 47520s  107,036,580,600 steps   545267 feasible sets         0 orders tried  current cost 15
    W_14: 47535s  107,070,417,400 steps   545463 feasible sets         0 orders tried  current cost 3
    W_14: 47550s  107,103,851,600 steps   545650 feasible sets         0 orders tried  current cost 4
    W_14: 47565s  107,137,259,000 steps   545823 feasible sets         0 orders tried  current cost 3
    W_14: 47580s  107,170,998,400 steps   546010 feasible sets         0 orders tried  current cost 4
    W_14: 47595s  107,205,141,800 steps   546217 feasible sets         0 orders tried  current cost 13
    W_14: 47610s  107,238,879,200 steps   546384 feasible sets         0 orders tried  current cost 3
    W_14: 47625s  107,272,354,200 steps   546593 feasible sets         0 orders tried  current cost 4
    W_14: 47640s  107,305,999,600 steps   546791 feasible sets         0 orders tried  current cost 2
    W_14: 47655s  107,339,557,400 steps   546981 feasible sets         0 orders tried  current cost 1
    W_14: 47670s  107,373,465,800 steps   547165 feasible sets         0 orders tried  current cost 6
    W_14: 47685s  107,406,989,400 steps   547336 feasible sets         0 orders tried  current cost 4
    W_14: 47700s  107,440,443,800 steps   547540 feasible sets         0 orders tried  current cost 8
    W_14: 47715s  107,474,089,800 steps   547730 feasible sets         0 orders tried  current cost 4
    W_14: 47730s  107,507,620,800 steps   547910 feasible sets         0 orders tried  current cost 11
    W_14: 47745s  107,540,920,400 steps   548113 feasible sets         0 orders tried  current cost 17
    W_14: 47760s  107,573,736,400 steps   548300 feasible sets         0 orders tried  current cost 3
    W_14: 47775s  107,593,173,600 steps   548411 feasible sets         0 orders tried  current cost 2
    W_14: 47790s  107,626,890,000 steps   548553 feasible sets         0 orders tried  current cost 6
    W_14: 47805s  107,661,009,600 steps   548729 feasible sets         0 orders tried  current cost 4
    W_14: 47820s  107,695,407,400 steps   548883 feasible sets         0 orders tried  current cost 6
    W_14: 47835s  107,729,459,600 steps   549037 feasible sets         0 orders tried  current cost 4
    W_14: 47850s  107,763,043,800 steps   549213 feasible sets         0 orders tried  current cost 9
    W_14: 47865s  107,796,573,800 steps   549368 feasible sets         0 orders tried  current cost 5
    W_14: 47880s  107,830,038,400 steps   549554 feasible sets         0 orders tried  current cost 1
    W_14: 47895s  107,864,157,600 steps   549735 feasible sets         0 orders tried  current cost 2
    W_14: 47910s  107,898,027,600 steps   549889 feasible sets         0 orders tried  current cost 8
    W_14: 47925s  107,931,346,600 steps   550041 feasible sets         0 orders tried  current cost 5
    W_14: 47940s  107,965,121,200 steps   550251 feasible sets         0 orders tried  current cost 12
    W_14: 47955s  107,999,107,400 steps   550412 feasible sets         0 orders tried  current cost 7
    W_14: 47970s  108,032,480,400 steps   550593 feasible sets         0 orders tried  current cost 13
    W_14: 47985s  108,066,108,000 steps   550781 feasible sets         0 orders tried  current cost 5
    W_14: 48000s  108,100,070,600 steps   550943 feasible sets         0 orders tried  current cost 7
    W_14: 48015s  108,133,798,600 steps   551138 feasible sets         0 orders tried  current cost 3
    W_14: 48030s  108,167,638,400 steps   551276 feasible sets         0 orders tried  current cost 1
    W_14: 48045s  108,201,364,000 steps   551488 feasible sets         0 orders tried  current cost 8
    W_14: 48060s  108,235,053,000 steps   551615 feasible sets         0 orders tried  current cost 4
    W_14: 48075s  108,268,833,400 steps   551801 feasible sets         0 orders tried  current cost 3
    W_14: 48090s  108,302,238,800 steps   551998 feasible sets         0 orders tried  current cost 3
    W_14: 48105s  108,333,191,800 steps   552143 feasible sets         0 orders tried  current cost 4
    W_14: 48120s  108,354,875,600 steps   552276 feasible sets         0 orders tried  current cost 3
    W_14: 48135s  108,388,208,600 steps   552439 feasible sets         0 orders tried  current cost 5
    W_14: 48150s  108,422,178,200 steps   552610 feasible sets         0 orders tried  current cost 7
    W_14: 48165s  108,456,450,600 steps   552763 feasible sets         0 orders tried  current cost 1
    W_14: 48180s  108,490,628,600 steps   552919 feasible sets         0 orders tried  current cost 3
    W_14: 48195s  108,524,998,800 steps   553106 feasible sets         0 orders tried  current cost 3
    W_14: 48210s  108,559,570,000 steps   553302 feasible sets         0 orders tried  current cost 5
    W_14: 48225s  108,593,934,200 steps   553469 feasible sets         0 orders tried  current cost 4
    W_14: 48240s  108,628,016,000 steps   553662 feasible sets         0 orders tried  current cost 1
    W_14: 48255s  108,662,494,200 steps   553815 feasible sets         0 orders tried  current cost 5
    W_14: 48270s  108,696,628,400 steps   554004 feasible sets         0 orders tried  current cost 2
    W_14: 48285s  108,730,919,000 steps   554195 feasible sets         0 orders tried  current cost 3
    W_14: 48300s  108,765,598,800 steps   554367 feasible sets         0 orders tried  current cost 2
    W_14: 48315s  108,800,124,200 steps   554549 feasible sets         0 orders tried  current cost 11
    W_14: 48330s  108,834,670,200 steps   554743 feasible sets         0 orders tried  current cost 5
    W_14: 48345s  108,869,404,000 steps   554910 feasible sets         0 orders tried  current cost 9
    W_14: 48360s  108,903,700,200 steps   555073 feasible sets         0 orders tried  current cost 10
    W_14: 48375s  108,937,894,400 steps   555260 feasible sets         0 orders tried  current cost 2
    W_14: 48390s  108,972,541,800 steps   555413 feasible sets         0 orders tried  current cost 22
    W_14: 48405s  109,006,690,200 steps   555577 feasible sets         0 orders tried  current cost 4
    W_14: 48420s  109,041,295,000 steps   555732 feasible sets         0 orders tried  current cost 2
    W_14: 48435s  109,075,409,600 steps   555931 feasible sets         0 orders tried  current cost 4
    W_14: 48450s  109,110,239,600 steps   556081 feasible sets         0 orders tried  current cost 2
    W_14: 48465s  109,144,876,200 steps   556243 feasible sets         0 orders tried  current cost 4
    W_14: 48480s  109,179,414,400 steps   556395 feasible sets         0 orders tried  current cost 2
    W_14: 48495s  109,213,842,000 steps   556590 feasible sets         0 orders tried  current cost 12
    W_14: 48510s  109,248,432,800 steps   556753 feasible sets         0 orders tried  current cost 6
    W_14: 48525s  109,282,845,200 steps   556902 feasible sets         0 orders tried  current cost 4
    W_14: 48540s  109,317,242,600 steps   557101 feasible sets         0 orders tried  current cost 9
    W_14: 48555s  109,351,192,000 steps   557250 feasible sets         0 orders tried  current cost 6
    W_14: 48570s  109,385,655,000 steps   557434 feasible sets         0 orders tried  current cost 2
    W_14: 48585s  109,419,958,200 steps   557640 feasible sets         0 orders tried  current cost 3
    W_14: 48600s  109,454,271,600 steps   557834 feasible sets         0 orders tried  current cost 2
    W_14: 48615s  109,488,721,200 steps   558043 feasible sets         0 orders tried  current cost 10
    W_14: 48630s  109,523,339,400 steps   558209 feasible sets         0 orders tried  current cost 1
    W_14: 48645s  109,558,039,400 steps   558393 feasible sets         0 orders tried  current cost 2
    W_14: 48660s  109,592,708,000 steps   558576 feasible sets         0 orders tried  current cost 6
    W_14: 48675s  109,626,970,000 steps   558764 feasible sets         0 orders tried  current cost 6
    W_14: 48690s  109,661,268,000 steps   558894 feasible sets         0 orders tried  current cost 4
    W_14: 48705s  109,695,720,200 steps   559109 feasible sets         0 orders tried  current cost 13
    W_14: 48720s  109,729,766,200 steps   559254 feasible sets         0 orders tried  current cost 8
    W_14: 48735s  109,764,207,800 steps   559378 feasible sets         0 orders tried  current cost 8
    W_14: 48750s  109,798,462,000 steps   559560 feasible sets         0 orders tried  current cost 24
    W_14: 48765s  109,832,703,200 steps   559691 feasible sets         0 orders tried  current cost 7
    W_14: 48780s  109,867,111,000 steps   559874 feasible sets         0 orders tried  current cost 4
    W_14: 48795s  109,901,518,400 steps   560020 feasible sets         0 orders tried  current cost 4
    W_14: 48810s  109,935,754,000 steps   560196 feasible sets         0 orders tried  current cost 4
    W_14: 48825s  109,970,087,200 steps   560381 feasible sets         0 orders tried  current cost 9
    W_14: 48840s  110,004,286,400 steps   560536 feasible sets         0 orders tried  current cost 9
    W_14: 48855s  110,038,371,400 steps   560689 feasible sets         0 orders tried  current cost 4
    W_14: 48870s  110,073,073,200 steps   560851 feasible sets         0 orders tried  current cost 3
    W_14: 48885s  110,107,804,800 steps   561039 feasible sets         0 orders tried  current cost 8
    W_14: 48900s  110,142,383,800 steps   561254 feasible sets         0 orders tried  current cost 10
    W_14: 48915s  110,176,761,800 steps   561406 feasible sets         0 orders tried  current cost 15
    W_14: 48930s  110,211,114,000 steps   561582 feasible sets         0 orders tried  current cost 5
    W_14: 48945s  110,245,617,800 steps   561744 feasible sets         0 orders tried  current cost 5
    W_14: 48960s  110,279,968,000 steps   561946 feasible sets         0 orders tried  current cost 5
    W_14: 48975s  110,314,154,600 steps   562095 feasible sets         0 orders tried  current cost 1
    W_14: 48990s  110,347,871,200 steps   562296 feasible sets         0 orders tried  current cost 7
    W_14: 49005s  110,382,335,800 steps   562499 feasible sets         0 orders tried  current cost 4
    W_14: 49020s  110,416,301,200 steps   562706 feasible sets         0 orders tried  current cost 12
    W_14: 49035s  110,450,292,000 steps   562882 feasible sets         0 orders tried  current cost 3
    W_14: 49050s  110,484,646,600 steps   563038 feasible sets         0 orders tried  current cost 4
    W_14: 49065s  110,519,143,600 steps   563192 feasible sets         0 orders tried  current cost 11
    W_14: 49080s  110,553,261,000 steps   563369 feasible sets         0 orders tried  current cost 16
    W_14: 49095s  110,587,552,800 steps   563509 feasible sets         0 orders tried  current cost 2
    W_14: 49110s  110,621,933,400 steps   563673 feasible sets         0 orders tried  current cost 5
    W_14: 49125s  110,656,399,000 steps   563838 feasible sets         0 orders tried  current cost 3
    W_14: 49140s  110,690,839,200 steps   563961 feasible sets         0 orders tried  current cost 4
    W_14: 49155s  110,725,020,400 steps   564132 feasible sets         0 orders tried  current cost 14
    W_14: 49170s  110,759,963,200 steps   564290 feasible sets         0 orders tried  current cost 10
    W_14: 49185s  110,794,426,400 steps   564464 feasible sets         0 orders tried  current cost 8
    W_14: 49200s  110,828,579,800 steps   564681 feasible sets         0 orders tried  current cost 3
    W_14: 49215s  110,863,123,400 steps   564844 feasible sets         0 orders tried  current cost 6
    W_14: 49230s  110,897,447,200 steps   564996 feasible sets         0 orders tried  current cost 7
    W_14: 49245s  110,931,696,400 steps   565178 feasible sets         0 orders tried  current cost 2
    W_14: 49260s  110,965,915,200 steps   565332 feasible sets         0 orders tried  current cost 2
    W_14: 49275s  111,000,331,200 steps   565487 feasible sets         0 orders tried  current cost 4
    W_14: 49290s  111,034,405,600 steps   565635 feasible sets         0 orders tried  current cost 11
    W_14: 49305s  111,069,041,000 steps   565807 feasible sets         0 orders tried  current cost 14
    W_14: 49320s  111,103,010,000 steps   565989 feasible sets         0 orders tried  current cost 3
    W_14: 49335s  111,137,292,400 steps   566170 feasible sets         0 orders tried  current cost 3
    W_14: 49350s  111,171,221,600 steps   566332 feasible sets         0 orders tried  current cost 15
    W_14: 49365s  111,205,131,600 steps   566492 feasible sets         0 orders tried  current cost 5
    W_14: 49380s  111,240,159,800 steps   566667 feasible sets         0 orders tried  current cost 3
    W_14: 49395s  111,274,780,800 steps   566840 feasible sets         0 orders tried  current cost 14
    W_14: 49410s  111,308,789,000 steps   567016 feasible sets         0 orders tried  current cost 7
    W_14: 49425s  111,342,987,200 steps   567161 feasible sets         0 orders tried  current cost 9
    W_14: 49440s  111,377,707,000 steps   567324 feasible sets         0 orders tried  current cost 6
    W_14: 49455s  111,412,240,800 steps   567505 feasible sets         0 orders tried  current cost 8
    W_14: 49470s  111,446,450,800 steps   567675 feasible sets         0 orders tried  current cost 4
    W_14: 49485s  111,480,945,000 steps   567862 feasible sets         0 orders tried  current cost 9
    W_14: 49500s  111,515,207,800 steps   568060 feasible sets         0 orders tried  current cost 7
    W_14: 49515s  111,549,230,200 steps   568206 feasible sets         0 orders tried  current cost 5
    W_14: 49530s  111,583,581,800 steps   568357 feasible sets         0 orders tried  current cost 12
    W_14: 49545s  111,617,757,800 steps   568539 feasible sets         0 orders tried  current cost 3
    W_14: 49560s  111,651,680,400 steps   568701 feasible sets         0 orders tried  current cost 13
    W_14: 49575s  111,685,575,200 steps   568854 feasible sets         0 orders tried  current cost 1
    W_14: 49590s  111,720,016,200 steps   569042 feasible sets         0 orders tried  current cost 4
    W_14: 49605s  111,754,229,600 steps   569173 feasible sets         0 orders tried  current cost 4
    W_14: 49620s  111,788,556,800 steps   569326 feasible sets         0 orders tried  current cost 5
    W_14: 49635s  111,823,217,800 steps   569487 feasible sets         0 orders tried  current cost 3
    W_14: 49650s  111,857,822,000 steps   569656 feasible sets         0 orders tried  current cost 12
    W_14: 49665s  111,891,892,800 steps   569836 feasible sets         0 orders tried  current cost 4
    W_14: 49680s  111,926,105,200 steps   570038 feasible sets         0 orders tried  current cost 9
    W_14: 49695s  111,959,892,200 steps   570206 feasible sets         0 orders tried  current cost 5
    W_14: 49710s  111,994,111,800 steps   570408 feasible sets         0 orders tried  current cost 3
    W_14: 49725s  112,028,513,200 steps   570578 feasible sets         0 orders tried  current cost 4
    W_14: 49740s  112,062,922,600 steps   570789 feasible sets         0 orders tried  current cost 15
    W_14: 49755s  112,097,124,200 steps   571005 feasible sets         0 orders tried  current cost 11
    W_14: 49770s  112,131,638,200 steps   571180 feasible sets         0 orders tried  current cost 3
    W_14: 49785s  112,166,015,000 steps   571358 feasible sets         0 orders tried  current cost 4
    W_14: 49800s  112,200,523,000 steps   571533 feasible sets         0 orders tried  current cost 8
    W_14: 49815s  112,234,565,400 steps   571723 feasible sets         0 orders tried  current cost 8
    W_14: 49830s  112,268,738,600 steps   571910 feasible sets         0 orders tried  current cost 5
    W_14: 49845s  112,303,000,400 steps   572083 feasible sets         0 orders tried  current cost 12
    W_14: 49860s  112,337,493,000 steps   572223 feasible sets         0 orders tried  current cost 4
    W_14: 49875s  112,371,647,000 steps   572406 feasible sets         0 orders tried  current cost 5
    W_14: 49890s  112,405,745,000 steps   572579 feasible sets         0 orders tried  current cost 9
    W_14: 49905s  112,439,940,000 steps   572792 feasible sets         0 orders tried  current cost 3
    W_14: 49920s  112,474,538,800 steps   572955 feasible sets         0 orders tried  current cost 1
    W_14: 49935s  112,508,827,000 steps   573133 feasible sets         0 orders tried  current cost 4
    W_14: 49950s  112,543,591,400 steps   573327 feasible sets         0 orders tried  current cost 5
    W_14: 49965s  112,577,419,000 steps   573512 feasible sets         0 orders tried  current cost 4
    W_14: 49980s  112,611,993,600 steps   573725 feasible sets         0 orders tried  current cost 4
    W_14: 49995s  112,646,398,400 steps   573903 feasible sets         0 orders tried  current cost 1
    W_14: 50010s  112,680,834,200 steps   574057 feasible sets         0 orders tried  current cost 5
    W_14: 50025s  112,715,091,800 steps   574225 feasible sets         0 orders tried  current cost 3
    W_14: 50040s  112,749,471,000 steps   574419 feasible sets         0 orders tried  current cost 7
    W_14: 50055s  112,783,968,600 steps   574590 feasible sets         0 orders tried  current cost 9
    W_14: 50070s  112,818,531,800 steps   574767 feasible sets         0 orders tried  current cost 2
    W_14: 50085s  112,852,642,800 steps   574965 feasible sets         0 orders tried  current cost 10
    W_14: 50100s  112,887,022,400 steps   575176 feasible sets         0 orders tried  current cost 15
    W_14: 50115s  112,921,523,000 steps   575371 feasible sets         0 orders tried  current cost 15
    W_14: 50130s  112,955,945,600 steps   575550 feasible sets         0 orders tried  current cost 7
    W_14: 50145s  112,990,779,200 steps   575711 feasible sets         0 orders tried  current cost 2
    W_14: 50160s  113,025,011,600 steps   575879 feasible sets         0 orders tried  current cost 3
    W_14: 50175s  113,059,165,800 steps   576024 feasible sets         0 orders tried  current cost 7
    W_14: 50190s  113,093,321,200 steps   576205 feasible sets         0 orders tried  current cost 9
    W_14: 50205s  113,127,845,000 steps   576428 feasible sets         0 orders tried  current cost 9
    W_14: 50220s  113,162,114,000 steps   576646 feasible sets         0 orders tried  current cost 2
    W_14: 50235s  113,196,764,800 steps   576837 feasible sets         0 orders tried  current cost 9
    W_14: 50250s  113,231,230,000 steps   577040 feasible sets         0 orders tried  current cost 1
    W_14: 50265s  113,265,666,200 steps   577217 feasible sets         0 orders tried  current cost 2
    W_14: 50280s  113,300,099,200 steps   577380 feasible sets         0 orders tried  current cost 3
    W_14: 50295s  113,334,956,800 steps   577559 feasible sets         0 orders tried  current cost 2
    W_14: 50310s  113,369,243,200 steps   577738 feasible sets         0 orders tried  current cost 10
    W_14: 50325s  113,403,647,600 steps   577906 feasible sets         0 orders tried  current cost 2
    W_14: 50340s  113,438,471,600 steps   578071 feasible sets         0 orders tried  current cost 3
    W_14: 50355s  113,472,800,200 steps   578248 feasible sets         0 orders tried  current cost 9
    W_14: 50370s  113,507,297,600 steps   578439 feasible sets         0 orders tried  current cost 3
    W_14: 50385s  113,541,943,000 steps   578582 feasible sets         0 orders tried  current cost 8
    W_14: 50400s  113,576,254,200 steps   578776 feasible sets         0 orders tried  current cost 4
    W_14: 50415s  113,610,896,000 steps   578951 feasible sets         0 orders tried  current cost 3
    W_14: 50430s  113,645,811,000 steps   579120 feasible sets         0 orders tried  current cost 5
    W_14: 50445s  113,680,705,800 steps   579299 feasible sets         0 orders tried  current cost 8
    W_14: 50460s  113,715,032,400 steps   579440 feasible sets         0 orders tried  current cost 2
    W_14: 50475s  113,749,749,600 steps   579588 feasible sets         0 orders tried  current cost 3
    W_14: 50490s  113,784,616,200 steps   579796 feasible sets         0 orders tried  current cost 3
    W_14: 50505s  113,819,258,400 steps   580001 feasible sets         0 orders tried  current cost 3
    W_14: 50520s  113,854,146,800 steps   580158 feasible sets         0 orders tried  current cost 4
    W_14: 50535s  113,888,508,200 steps   580326 feasible sets         0 orders tried  current cost 6
    W_14: 50550s  113,922,996,800 steps   580489 feasible sets         0 orders tried  current cost 3
    W_14: 50565s  113,957,160,800 steps   580678 feasible sets         0 orders tried  current cost 14
    W_14: 50580s  113,991,450,000 steps   580807 feasible sets         0 orders tried  current cost 4
    W_14: 50595s  114,026,047,000 steps   580969 feasible sets         0 orders tried  current cost 7
    W_14: 50610s  114,060,573,600 steps   581111 feasible sets         0 orders tried  current cost 3
    W_14: 50625s  114,095,070,600 steps   581323 feasible sets         0 orders tried  current cost 2
    W_14: 50640s  114,129,557,200 steps   581468 feasible sets         0 orders tried  current cost 3
    W_14: 50655s  114,164,152,800 steps   581617 feasible sets         0 orders tried  current cost 4
    W_14: 50670s  114,198,381,400 steps   581767 feasible sets         0 orders tried  current cost 12
    W_14: 50685s  114,232,901,600 steps   581918 feasible sets         0 orders tried  current cost 12
    W_14: 50700s  114,266,857,000 steps   582112 feasible sets         0 orders tried  current cost 5
    W_14: 50715s  114,301,481,600 steps   582308 feasible sets         0 orders tried  current cost 10
    W_14: 50730s  114,335,932,600 steps   582520 feasible sets         0 orders tried  current cost 4
    W_14: 50745s  114,370,405,400 steps   582708 feasible sets         0 orders tried  current cost 10
    W_14: 50760s  114,405,134,800 steps   582910 feasible sets         0 orders tried  current cost 2
    W_14: 50775s  114,439,618,600 steps   583094 feasible sets         0 orders tried  current cost 3
    W_14: 50790s  114,474,111,600 steps   583275 feasible sets         0 orders tried  current cost 4
    W_14: 50805s  114,508,472,600 steps   583443 feasible sets         0 orders tried  current cost 3
    W_14: 50820s  114,542,928,000 steps   583619 feasible sets         0 orders tried  current cost 3
    W_14: 50835s  114,577,372,000 steps   583774 feasible sets         0 orders tried  current cost 4
    W_14: 50850s  114,611,814,800 steps   583931 feasible sets         0 orders tried  current cost 4
    W_14: 50865s  114,646,197,400 steps   584117 feasible sets         0 orders tried  current cost 1
    W_14: 50880s  114,680,211,200 steps   584295 feasible sets         0 orders tried  current cost 1
    W_14: 50895s  114,714,517,200 steps   584446 feasible sets         0 orders tried  current cost 4
    W_14: 50910s  114,749,046,600 steps   584650 feasible sets         0 orders tried  current cost 8
    W_14: 50925s  114,783,071,600 steps   584820 feasible sets         0 orders tried  current cost 4
    W_14: 50940s  114,817,343,600 steps   584995 feasible sets         0 orders tried  current cost 6
    W_14: 50955s  114,851,481,200 steps   585137 feasible sets         0 orders tried  current cost 13
    W_14: 50970s  114,885,994,400 steps   585338 feasible sets         0 orders tried  current cost 1
    W_14: 50985s  114,920,071,400 steps   585551 feasible sets         0 orders tried  current cost 6
    W_14: 51000s  114,954,697,600 steps   585753 feasible sets         0 orders tried  current cost 3
    W_14: 51015s  114,989,062,800 steps   585965 feasible sets         0 orders tried  current cost 8
    W_14: 51030s  115,023,211,600 steps   586147 feasible sets         0 orders tried  current cost 5
    W_14: 51045s  115,057,645,600 steps   586344 feasible sets         0 orders tried  current cost 6
    W_14: 51060s  115,091,986,000 steps   586522 feasible sets         0 orders tried  current cost 1
    W_14: 51075s  115,126,128,000 steps   586702 feasible sets         0 orders tried  current cost 6
    W_14: 51090s  115,160,668,400 steps   586880 feasible sets         0 orders tried  current cost 5
    W_14: 51105s  115,195,491,200 steps   587069 feasible sets         0 orders tried  current cost 1
    W_14: 51120s  115,230,022,400 steps   587253 feasible sets         0 orders tried  current cost 16
    W_14: 51135s  115,264,468,000 steps   587403 feasible sets         0 orders tried  current cost 8
    W_14: 51150s  115,298,897,400 steps   587608 feasible sets         0 orders tried  current cost 2
    W_14: 51165s  115,333,340,200 steps   587736 feasible sets         0 orders tried  current cost 14
    W_14: 51180s  115,367,903,000 steps   587933 feasible sets         0 orders tried  current cost 11
    W_14: 51195s  115,402,141,800 steps   588111 feasible sets         0 orders tried  current cost 16
    W_14: 51210s  115,436,116,000 steps   588251 feasible sets         0 orders tried  current cost 3
    W_14: 51225s  115,470,297,600 steps   588436 feasible sets         0 orders tried  current cost 5
    W_14: 51240s  115,504,388,600 steps   588646 feasible sets         0 orders tried  current cost 6
    W_14: 51255s  115,538,858,200 steps   588820 feasible sets         0 orders tried  current cost 4
    W_14: 51270s  115,573,334,800 steps   589009 feasible sets         0 orders tried  current cost 4
    W_14: 51285s  115,607,865,000 steps   589173 feasible sets         0 orders tried  current cost 12
    W_14: 51300s  115,642,281,000 steps   589358 feasible sets         0 orders tried  current cost 14
    W_14: 51315s  115,677,192,800 steps   589529 feasible sets         0 orders tried  current cost 3
    W_14: 51330s  115,711,715,800 steps   589708 feasible sets         0 orders tried  current cost 4
    W_14: 51345s  115,746,509,200 steps   589872 feasible sets         0 orders tried  current cost 4
    W_14: 51360s  115,780,624,000 steps   590053 feasible sets         0 orders tried  current cost 11
    W_14: 51375s  115,814,865,000 steps   590215 feasible sets         0 orders tried  current cost 8
    W_14: 51390s  115,849,044,800 steps   590381 feasible sets         0 orders tried  current cost 11
    W_14: 51405s  115,883,516,800 steps   590587 feasible sets         0 orders tried  current cost 4
    W_14: 51420s  115,917,893,600 steps   590756 feasible sets         0 orders tried  current cost 4
    W_14: 51435s  115,952,296,200 steps   590895 feasible sets         0 orders tried  current cost 3
    W_14: 51450s  115,987,121,000 steps   591109 feasible sets         0 orders tried  current cost 10
    W_14: 51465s  116,021,319,000 steps   591309 feasible sets         0 orders tried  current cost 2
    W_14: 51480s  116,055,589,600 steps   591455 feasible sets         0 orders tried  current cost 6
    W_14: 51495s  116,090,097,000 steps   591625 feasible sets         0 orders tried  current cost 3
    W_14: 51510s  116,124,467,200 steps   591815 feasible sets         0 orders tried  current cost 7
    W_14: 51525s  116,158,713,400 steps   592002 feasible sets         0 orders tried  current cost 3
    W_14: 51540s  116,193,285,400 steps   592167 feasible sets         0 orders tried  current cost 8
    W_14: 51555s  116,227,655,400 steps   592370 feasible sets         0 orders tried  current cost 5
    W_14: 51570s  116,261,981,800 steps   592573 feasible sets         0 orders tried  current cost 10
    W_14: 51585s  116,296,338,800 steps   592760 feasible sets         0 orders tried  current cost 1
    W_14: 51600s  116,331,212,000 steps   592903 feasible sets         0 orders tried  current cost 1
    W_14: 51615s  116,365,523,400 steps   593080 feasible sets         0 orders tried  current cost 9
    W_14: 51630s  116,400,039,200 steps   593274 feasible sets         0 orders tried  current cost 4
    W_14: 51645s  116,434,440,200 steps   593476 feasible sets         0 orders tried  current cost 12
    W_14: 51660s  116,468,940,000 steps   593672 feasible sets         0 orders tried  current cost 5
    W_14: 51675s  116,502,970,000 steps   593869 feasible sets         0 orders tried  current cost 4
    W_14: 51690s  116,537,574,600 steps   594053 feasible sets         0 orders tried  current cost 7
    W_14: 51705s  116,571,585,000 steps   594235 feasible sets         0 orders tried  current cost 9
    W_14: 51720s  116,605,465,000 steps   594421 feasible sets         0 orders tried  current cost 9
    W_14: 51735s  116,640,141,600 steps   594606 feasible sets         0 orders tried  current cost 10
    W_14: 51750s  116,674,587,200 steps   594738 feasible sets         0 orders tried  current cost 6
    W_14: 51765s  116,709,023,800 steps   594912 feasible sets         0 orders tried  current cost 14
    W_14: 51780s  116,743,686,000 steps   595079 feasible sets         0 orders tried  current cost 9
    W_14: 51795s  116,778,533,400 steps   595249 feasible sets         0 orders tried  current cost 4
    W_14: 51810s  116,813,142,400 steps   595441 feasible sets         0 orders tried  current cost 7
    W_14: 51825s  116,847,618,000 steps   595615 feasible sets         0 orders tried  current cost 3
    W_14: 51840s  116,881,755,400 steps   595799 feasible sets         0 orders tried  current cost 3
    W_14: 51855s  116,915,922,800 steps   595949 feasible sets         0 orders tried  current cost 16
    W_14: 51870s  116,950,511,800 steps   596145 feasible sets         0 orders tried  current cost 4
    W_14: 51885s  116,984,964,600 steps   596328 feasible sets         0 orders tried  current cost 13
    W_14: 51900s  117,019,562,000 steps   596514 feasible sets         0 orders tried  current cost 18
    W_14: 51915s  117,054,242,400 steps   596719 feasible sets         0 orders tried  current cost 16
    W_14: 51930s  117,088,776,600 steps   596925 feasible sets         0 orders tried  current cost 3
    W_14: 51945s  117,123,317,600 steps   597116 feasible sets         0 orders tried  current cost 3
    W_14: 51960s  117,157,607,400 steps   597280 feasible sets         0 orders tried  current cost 9
    W_14: 51975s  117,191,940,400 steps   597469 feasible sets         0 orders tried  current cost 12
    W_14: 51990s  117,226,548,600 steps   597658 feasible sets         0 orders tried  current cost 3
    W_14: 52005s  117,260,740,200 steps   597849 feasible sets         0 orders tried  current cost 18
    W_14: 52020s  117,294,576,000 steps   598001 feasible sets         0 orders tried  current cost 3
    W_14: 52035s  117,329,203,800 steps   598198 feasible sets         0 orders tried  current cost 10
    W_14: 52050s  117,363,704,200 steps   598394 feasible sets         0 orders tried  current cost 15
    W_14: 52065s  117,397,958,000 steps   598581 feasible sets         0 orders tried  current cost 1
    W_14: 52080s  117,432,099,600 steps   598730 feasible sets         0 orders tried  current cost 3
    W_14: 52095s  117,466,339,600 steps   598917 feasible sets         0 orders tried  current cost 2
    W_14: 52110s  117,500,492,200 steps   599079 feasible sets         0 orders tried  current cost 2
    W_14: 52125s  117,534,535,000 steps   599293 feasible sets         0 orders tried  current cost 1
    W_14: 52140s  117,568,908,400 steps   599448 feasible sets         0 orders tried  current cost 6
    W_14: 52155s  117,603,017,200 steps   599622 feasible sets         0 orders tried  current cost 1
    W_14: 52170s  117,637,157,000 steps   599785 feasible sets         0 orders tried  current cost 4
    W_14: 52185s  117,671,420,600 steps   599948 feasible sets         0 orders tried  current cost 15
    W_14: 52200s  117,705,301,800 steps   600121 feasible sets         0 orders tried  current cost 11
    W_14: 52215s  117,740,036,600 steps   600256 feasible sets         0 orders tried  current cost 2
    W_14: 52230s  117,774,490,000 steps   600433 feasible sets         0 orders tried  current cost 4
    W_14: 52245s  117,808,936,600 steps   600590 feasible sets         0 orders tried  current cost 3
    W_14: 52260s  117,843,586,000 steps   600795 feasible sets         0 orders tried  current cost 4
    W_14: 52275s  117,878,212,000 steps   600978 feasible sets         0 orders tried  current cost 5
    W_14: 52290s  117,912,746,200 steps   601128 feasible sets         0 orders tried  current cost 10
    W_14: 52305s  117,946,820,000 steps   601291 feasible sets         0 orders tried  current cost 6
    W_14: 52320s  117,980,839,400 steps   601498 feasible sets         0 orders tried  current cost 2
    W_14: 52335s  118,015,088,000 steps   601668 feasible sets         0 orders tried  current cost 5
    W_14: 52350s  118,049,580,000 steps   601849 feasible sets         0 orders tried  current cost 2
    W_14: 52365s  118,084,148,200 steps   602004 feasible sets         0 orders tried  current cost 6
    W_14: 52380s  118,118,664,600 steps   602199 feasible sets         0 orders tried  current cost 11
    W_14: 52395s  118,152,933,800 steps   602392 feasible sets         0 orders tried  current cost 2
    W_14: 52410s  118,187,521,800 steps   602565 feasible sets         0 orders tried  current cost 12
    W_14: 52425s  118,221,977,600 steps   602743 feasible sets         0 orders tried  current cost 4
    W_14: 52440s  118,256,479,000 steps   602939 feasible sets         0 orders tried  current cost 2
    W_14: 52455s  118,291,085,600 steps   603117 feasible sets         0 orders tried  current cost 8
    W_14: 52470s  118,325,385,800 steps   603307 feasible sets         0 orders tried  current cost 8
    W_14: 52485s  118,360,000,800 steps   603483 feasible sets         0 orders tried  current cost 9
    W_14: 52500s  118,394,246,200 steps   603676 feasible sets         0 orders tried  current cost 6
    W_14: 52515s  118,428,608,600 steps   603857 feasible sets         0 orders tried  current cost 4
    W_14: 52530s  118,462,511,600 steps   603996 feasible sets         0 orders tried  current cost 3
    W_14: 52545s  118,496,968,200 steps   604156 feasible sets         0 orders tried  current cost 4
    W_14: 52560s  118,530,814,800 steps   604320 feasible sets         0 orders tried  current cost 4
    W_14: 52575s  118,565,226,600 steps   604456 feasible sets         0 orders tried  current cost 8
    W_14: 52590s  118,599,666,400 steps   604631 feasible sets         0 orders tried  current cost 7
    W_14: 52605s  118,634,125,000 steps   604805 feasible sets         0 orders tried  current cost 5
    W_14: 52620s  118,668,867,800 steps   604961 feasible sets         0 orders tried  current cost 3
    W_14: 52635s  118,703,461,600 steps   605125 feasible sets         0 orders tried  current cost 8
    W_14: 52650s  118,737,945,800 steps   605307 feasible sets         0 orders tried  current cost 6
    W_14: 52665s  118,772,335,400 steps   605506 feasible sets         0 orders tried  current cost 3
    W_14: 52680s  118,807,266,600 steps   605714 feasible sets         0 orders tried  current cost 10
    W_14: 52695s  118,841,919,800 steps   605866 feasible sets         0 orders tried  current cost 2
    W_14: 52710s  118,876,096,000 steps   606089 feasible sets         0 orders tried  current cost 3
    W_14: 52725s  118,910,378,800 steps   606263 feasible sets         0 orders tried  current cost 3
    W_14: 52740s  118,944,439,800 steps   606409 feasible sets         0 orders tried  current cost 1
    W_14: 52755s  118,979,226,200 steps   606596 feasible sets         0 orders tried  current cost 6
    W_14: 52770s  119,014,053,600 steps   606780 feasible sets         0 orders tried  current cost 3
    W_14: 52785s  119,048,281,200 steps   606954 feasible sets         0 orders tried  current cost 17
    W_14: 52800s  119,083,270,000 steps   607171 feasible sets         0 orders tried  current cost 4
    W_14: 52815s  119,117,814,600 steps   607339 feasible sets         0 orders tried  current cost 3
    W_14: 52830s  119,152,297,400 steps   607524 feasible sets         0 orders tried  current cost 2
    W_14: 52845s  119,186,727,000 steps   607684 feasible sets         0 orders tried  current cost 3
    W_14: 52860s  119,221,256,200 steps   607870 feasible sets         0 orders tried  current cost 3
    W_14: 52875s  119,255,890,800 steps   608059 feasible sets         0 orders tried  current cost 5
    W_14: 52890s  119,290,271,000 steps   608213 feasible sets         0 orders tried  current cost 5
    W_14: 52905s  119,324,527,600 steps   608412 feasible sets         0 orders tried  current cost 5
    W_14: 52920s  119,358,815,400 steps   608555 feasible sets         0 orders tried  current cost 3
    W_14: 52935s  119,393,095,600 steps   608702 feasible sets         0 orders tried  current cost 3
    W_14: 52950s  119,427,703,600 steps   608875 feasible sets         0 orders tried  current cost 7
    W_14: 52965s  119,461,918,000 steps   609044 feasible sets         0 orders tried  current cost 3
    W_14: 52980s  119,495,877,200 steps   609220 feasible sets         0 orders tried  current cost 3
    W_14: 52995s  119,530,369,800 steps   609376 feasible sets         0 orders tried  current cost 1
    W_14: 53010s  119,564,984,000 steps   609524 feasible sets         0 orders tried  current cost 15
    W_14: 53025s  119,598,802,600 steps   609679 feasible sets         0 orders tried  current cost 9
    W_14: 53040s  119,633,302,200 steps   609861 feasible sets         0 orders tried  current cost 11
    W_14: 53055s  119,667,628,400 steps   610043 feasible sets         0 orders tried  current cost 4
    W_14: 53070s  119,702,323,000 steps   610210 feasible sets         0 orders tried  current cost 6
    W_14: 53085s  119,736,856,400 steps   610332 feasible sets         0 orders tried  current cost 3
    W_14: 53100s  119,771,337,800 steps   610497 feasible sets         0 orders tried  current cost 2
    W_14: 53115s  119,805,608,400 steps   610646 feasible sets         0 orders tried  current cost 6
    W_14: 53130s  119,840,062,200 steps   610800 feasible sets         0 orders tried  current cost 13
    W_14: 53145s  119,874,350,200 steps   610972 feasible sets         0 orders tried  current cost 4
    W_14: 53160s  119,908,830,800 steps   611173 feasible sets         0 orders tried  current cost 5
    W_14: 53175s  119,942,896,000 steps   611343 feasible sets         0 orders tried  current cost 3
    W_14: 53190s  119,977,334,400 steps   611533 feasible sets         0 orders tried  current cost 3
    W_14: 53205s  120,011,639,200 steps   611707 feasible sets         0 orders tried  current cost 4
    W_14: 53220s  120,045,923,400 steps   611887 feasible sets         0 orders tried  current cost 8
    W_14: 53235s  120,080,082,000 steps   612040 feasible sets         0 orders tried  current cost 7
    W_14: 53250s  120,114,665,600 steps   612213 feasible sets         0 orders tried  current cost 7
    W_14: 53265s  120,148,858,400 steps   612364 feasible sets         0 orders tried  current cost 3
    W_14: 53280s  120,183,571,000 steps   612593 feasible sets         0 orders tried  current cost 2
    W_14: 53295s  120,218,005,600 steps   612788 feasible sets         0 orders tried  current cost 7
    W_14: 53310s  120,253,163,600 steps   612983 feasible sets         0 orders tried  current cost 10
    W_14: 53325s  120,287,339,000 steps   613144 feasible sets         0 orders tried  current cost 4
    W_14: 53340s  120,321,551,000 steps   613327 feasible sets         0 orders tried  current cost 2
    W_14: 53355s  120,355,744,000 steps   613507 feasible sets         0 orders tried  current cost 7
    W_14: 53370s  120,389,929,000 steps   613667 feasible sets         0 orders tried  current cost 4
    W_14: 53385s  120,424,339,400 steps   613869 feasible sets         0 orders tried  current cost 1
    W_14: 53400s  120,458,724,000 steps   614044 feasible sets         0 orders tried  current cost 6
    W_14: 53415s  120,493,399,200 steps   614274 feasible sets         0 orders tried  current cost 3
    W_14: 53430s  120,528,132,000 steps   614463 feasible sets         0 orders tried  current cost 4
    W_14: 53445s  120,562,613,000 steps   614648 feasible sets         0 orders tried  current cost 4
    W_14: 53460s  120,597,088,200 steps   614824 feasible sets         0 orders tried  current cost 4
    W_14: 53475s  120,631,620,000 steps   614999 feasible sets         0 orders tried  current cost 1
    W_14: 53490s  120,666,301,200 steps   615201 feasible sets         0 orders tried  current cost 21
    W_14: 53505s  120,700,387,400 steps   615381 feasible sets         0 orders tried  current cost 6
    W_14: 53520s  120,734,809,000 steps   615601 feasible sets         0 orders tried  current cost 5
    W_14: 53535s  120,769,378,800 steps   615773 feasible sets         0 orders tried  current cost 2
    W_14: 53550s  120,804,180,400 steps   615943 feasible sets         0 orders tried  current cost 20
    W_14: 53565s  120,838,838,800 steps   616133 feasible sets         0 orders tried  current cost 1
    W_14: 53580s  120,873,298,200 steps   616313 feasible sets         0 orders tried  current cost 3
    W_14: 53595s  120,907,586,400 steps   616479 feasible sets         0 orders tried  current cost 7
    W_14: 53610s  120,942,002,400 steps   616674 feasible sets         0 orders tried  current cost 8
    W_14: 53625s  120,976,249,000 steps   616868 feasible sets         0 orders tried  current cost 9
    W_14: 53640s  121,010,557,200 steps   617044 feasible sets         0 orders tried  current cost 2
    W_14: 53655s  121,045,045,200 steps   617193 feasible sets         0 orders tried  current cost 10
    W_14: 53670s  121,079,166,200 steps   617369 feasible sets         0 orders tried  current cost 13
    W_14: 53685s  121,113,060,000 steps   617551 feasible sets         0 orders tried  current cost 2
    W_14: 53700s  121,147,646,000 steps   617769 feasible sets         0 orders tried  current cost 7
    W_14: 53715s  121,181,830,200 steps   617940 feasible sets         0 orders tried  current cost 5
    W_14: 53730s  121,216,141,600 steps   618115 feasible sets         0 orders tried  current cost 8
    W_14: 53745s  121,250,249,600 steps   618283 feasible sets         0 orders tried  current cost 6
    W_14: 53760s  121,285,308,200 steps   618460 feasible sets         0 orders tried  current cost 8
    W_14: 53775s  121,319,896,000 steps   618613 feasible sets         0 orders tried  current cost 4
    W_14: 53790s  121,352,444,200 steps   618779 feasible sets         0 orders tried  current cost 12
    W_14: 53805s  121,387,012,600 steps   618947 feasible sets         0 orders tried  current cost 4
    W_14: 53820s  121,421,629,600 steps   619153 feasible sets         0 orders tried  current cost 2
    W_14: 53835s  121,455,602,800 steps   619321 feasible sets         0 orders tried  current cost 9
    W_14: 53850s  121,489,114,000 steps   619456 feasible sets         0 orders tried  current cost 3
    W_14: 53865s  121,523,356,000 steps   619676 feasible sets         0 orders tried  current cost 4
    W_14: 53880s  121,557,734,400 steps   619852 feasible sets         0 orders tried  current cost 4
    W_14: 53895s  121,592,264,600 steps   620029 feasible sets         0 orders tried  current cost 7
    W_14: 53910s  121,626,322,000 steps   620177 feasible sets         0 orders tried  current cost 11
    W_14: 53925s  121,660,675,400 steps   620351 feasible sets         0 orders tried  current cost 2
    W_14: 53940s  121,694,784,800 steps   620502 feasible sets         0 orders tried  current cost 8
    W_14: 53955s  121,728,751,200 steps   620671 feasible sets         0 orders tried  current cost 3
    W_14: 53970s  121,762,972,400 steps   620826 feasible sets         0 orders tried  current cost 5
    W_14: 53985s  121,796,925,800 steps   620998 feasible sets         0 orders tried  current cost 6
    W_14: 54000s  121,831,172,000 steps   621146 feasible sets         0 orders tried  current cost 3
    W_14: 54015s  121,865,205,400 steps   621296 feasible sets         0 orders tried  current cost 12
    W_14: 54030s  121,898,712,400 steps   621476 feasible sets         0 orders tried  current cost 5
    W_14: 54045s  121,932,612,400 steps   621661 feasible sets         0 orders tried  current cost 3
    W_14: 54060s  121,965,679,400 steps   621842 feasible sets         0 orders tried  current cost 1
    W_14: 54075s  121,997,730,000 steps   622009 feasible sets         0 orders tried  current cost 4
    W_14: 54090s  122,031,476,400 steps   622135 feasible sets         0 orders tried  current cost 2
    W_14: 54105s  122,065,773,400 steps   622301 feasible sets         0 orders tried  current cost 3
    W_14: 54120s  122,100,025,600 steps   622468 feasible sets         0 orders tried  current cost 7
    W_14: 54135s  122,134,118,400 steps   622641 feasible sets         0 orders tried  current cost 4
    W_14: 54150s  122,168,009,200 steps   622807 feasible sets         0 orders tried  current cost 9
    W_14: 54165s  122,202,286,600 steps   622952 feasible sets         0 orders tried  current cost 7
    W_14: 54180s  122,236,415,600 steps   623122 feasible sets         0 orders tried  current cost 4
    W_14: 54195s  122,270,629,600 steps   623259 feasible sets         0 orders tried  current cost 2
    W_14: 54210s  122,304,714,200 steps   623434 feasible sets         0 orders tried  current cost 5
    W_14: 54225s  122,338,469,000 steps   623623 feasible sets         0 orders tried  current cost 5
    W_14: 54240s  122,372,271,200 steps   623827 feasible sets         0 orders tried  current cost 5
    W_14: 54255s  122,406,444,200 steps   624019 feasible sets         0 orders tried  current cost 11
    W_14: 54270s  122,440,344,800 steps   624222 feasible sets         0 orders tried  current cost 15
    W_14: 54285s  122,474,044,800 steps   624361 feasible sets         0 orders tried  current cost 7
    W_14: 54300s  122,508,105,000 steps   624501 feasible sets         0 orders tried  current cost 10
    W_14: 54315s  122,542,060,000 steps   624663 feasible sets         0 orders tried  current cost 4
    W_14: 54330s  122,575,459,400 steps   624803 feasible sets         0 orders tried  current cost 1
    W_14: 54345s  122,609,246,200 steps   624968 feasible sets         0 orders tried  current cost 9
    W_14: 54360s  122,642,230,800 steps   625115 feasible sets         0 orders tried  current cost 6
    W_14: 54375s  122,673,866,200 steps   625263 feasible sets         0 orders tried  current cost 9
    W_14: 54390s  122,706,927,200 steps   625408 feasible sets         0 orders tried  current cost 4
    W_14: 54405s  122,740,847,600 steps   625577 feasible sets         0 orders tried  current cost 7
    W_14: 54420s  122,774,957,600 steps   625770 feasible sets         0 orders tried  current cost 2
    W_14: 54435s  122,808,847,600 steps   625926 feasible sets         0 orders tried  current cost 5
    W_14: 54450s  122,843,107,600 steps   626117 feasible sets         0 orders tried  current cost 5
    W_14: 54465s  122,877,276,000 steps   626293 feasible sets         0 orders tried  current cost 3
    W_14: 54480s  122,910,454,800 steps   626434 feasible sets         0 orders tried  current cost 5
    W_14: 54495s  122,944,504,600 steps   626655 feasible sets         0 orders tried  current cost 8
    W_14: 54510s  122,978,337,200 steps   626813 feasible sets         0 orders tried  current cost 3
    W_14: 54525s  123,013,053,000 steps   627017 feasible sets         0 orders tried  current cost 2
    W_14: 54540s  123,046,743,600 steps   627183 feasible sets         0 orders tried  current cost 16
    W_14: 54555s  123,080,663,600 steps   627368 feasible sets         0 orders tried  current cost 10
    W_14: 54570s  123,115,099,400 steps   627516 feasible sets         0 orders tried  current cost 2
    W_14: 54585s  123,149,525,600 steps   627691 feasible sets         0 orders tried  current cost 7
    W_14: 54600s  123,183,505,200 steps   627848 feasible sets         0 orders tried  current cost 10
    W_14: 54615s  123,216,816,200 steps   628036 feasible sets         0 orders tried  current cost 3
    W_14: 54630s  123,250,800,400 steps   628173 feasible sets         0 orders tried  current cost 21
    W_14: 54645s  123,284,887,200 steps   628329 feasible sets         0 orders tried  current cost 7
    W_14: 54660s  123,318,677,400 steps   628499 feasible sets         0 orders tried  current cost 3
    W_14: 54675s  123,352,246,000 steps   628643 feasible sets         0 orders tried  current cost 7
    W_14: 54690s  123,386,416,800 steps   628784 feasible sets         0 orders tried  current cost 1
    W_14: 54705s  123,420,345,800 steps   628948 feasible sets         0 orders tried  current cost 7
    W_14: 54720s  123,454,760,000 steps   629093 feasible sets         0 orders tried  current cost 3
    W_14: 54735s  123,488,569,600 steps   629325 feasible sets         0 orders tried  current cost 6
    W_14: 54750s  123,522,880,800 steps   629478 feasible sets         0 orders tried  current cost 10
    W_14: 54765s  123,556,059,400 steps   629595 feasible sets         0 orders tried  current cost 1
    W_14: 54780s  123,587,090,000 steps   629734 feasible sets         0 orders tried  current cost 4
    W_14: 54795s  123,620,770,400 steps   629949 feasible sets         0 orders tried  current cost 4
    W_14: 54810s  123,654,558,000 steps   630138 feasible sets         0 orders tried  current cost 4
    W_14: 54825s  123,688,708,000 steps   630326 feasible sets         0 orders tried  current cost 6
    W_14: 54840s  123,722,380,000 steps   630482 feasible sets         0 orders tried  current cost 3
    W_14: 54855s  123,756,334,000 steps   630660 feasible sets         0 orders tried  current cost 4
    W_14: 54870s  123,790,429,800 steps   630823 feasible sets         0 orders tried  current cost 4
    W_14: 54885s  123,824,614,600 steps   631018 feasible sets         0 orders tried  current cost 2
    W_14: 54900s  123,858,736,400 steps   631159 feasible sets         0 orders tried  current cost 3
    W_14: 54915s  123,893,127,200 steps   631312 feasible sets         0 orders tried  current cost 9
    W_14: 54930s  123,927,061,800 steps   631486 feasible sets         0 orders tried  current cost 12
    W_14: 54945s  123,960,464,800 steps   631674 feasible sets         0 orders tried  current cost 9
    W_14: 54960s  123,993,627,800 steps   631861 feasible sets         0 orders tried  current cost 3
    W_14: 54975s  124,026,446,200 steps   632015 feasible sets         0 orders tried  current cost 9
    W_14: 54990s  124,059,136,600 steps   632170 feasible sets         0 orders tried  current cost 1
    W_14: 55005s  124,089,482,400 steps   632325 feasible sets         0 orders tried  current cost 8
    W_14: 55020s  124,120,227,600 steps   632446 feasible sets         0 orders tried  current cost 8
    W_14: 55035s  124,153,478,000 steps   632579 feasible sets         0 orders tried  current cost 3
    W_14: 55050s  124,187,392,000 steps   632761 feasible sets         0 orders tried  current cost 6
    W_14: 55065s  124,220,869,200 steps   632923 feasible sets         0 orders tried  current cost 8
    W_14: 55080s  124,255,027,000 steps   633094 feasible sets         0 orders tried  current cost 3
    W_14: 55095s  124,288,942,000 steps   633274 feasible sets         0 orders tried  current cost 15
    W_14: 55110s  124,322,602,000 steps   633495 feasible sets         0 orders tried  current cost 12
    W_14: 55125s  124,356,523,200 steps   633686 feasible sets         0 orders tried  current cost 10
    W_14: 55140s  124,390,065,200 steps   633897 feasible sets         0 orders tried  current cost 9
    W_14: 55155s  124,422,888,400 steps   634091 feasible sets         0 orders tried  current cost 5
    W_14: 55170s  124,457,467,600 steps   634254 feasible sets         0 orders tried  current cost 7
    W_14: 55185s  124,492,211,600 steps   634479 feasible sets         0 orders tried  current cost 3
    W_14: 55200s  124,527,051,600 steps   634694 feasible sets         0 orders tried  current cost 6
    W_14: 55215s  124,561,980,600 steps   634832 feasible sets         0 orders tried  current cost 21
    W_14: 55230s  124,596,891,800 steps   635046 feasible sets         0 orders tried  current cost 5
    W_14: 55245s  124,631,585,800 steps   635236 feasible sets         0 orders tried  current cost 10
    W_14: 55260s  124,666,563,800 steps   635434 feasible sets         0 orders tried  current cost 9
    W_14: 55275s  124,701,441,000 steps   635610 feasible sets         0 orders tried  current cost 13
    W_14: 55290s  124,736,433,800 steps   635795 feasible sets         0 orders tried  current cost 1
    W_14: 55305s  124,771,224,400 steps   635990 feasible sets         0 orders tried  current cost 10
    W_14: 55320s  124,806,033,000 steps   636159 feasible sets         0 orders tried  current cost 5
    W_14: 55335s  124,841,106,600 steps   636292 feasible sets         0 orders tried  current cost 6
    W_14: 55350s  124,875,778,400 steps   636438 feasible sets         0 orders tried  current cost 1
    W_14: 55365s  124,910,902,000 steps   636631 feasible sets         0 orders tried  current cost 10
    W_14: 55380s  124,946,042,000 steps   636803 feasible sets         0 orders tried  current cost 12
    W_14: 55395s  124,981,023,400 steps   637003 feasible sets         0 orders tried  current cost 7
    W_14: 55410s  125,016,156,000 steps   637180 feasible sets         0 orders tried  current cost 4
    W_14: 55425s  125,051,293,600 steps   637362 feasible sets         0 orders tried  current cost 3
    W_14: 55440s  125,085,864,400 steps   637512 feasible sets         0 orders tried  current cost 11
    W_14: 55455s  125,121,094,200 steps   637698 feasible sets         0 orders tried  current cost 4
    W_14: 55470s  125,155,773,000 steps   637876 feasible sets         0 orders tried  current cost 4
    W_14: 55485s  125,190,503,800 steps   638049 feasible sets         0 orders tried  current cost 9
    W_14: 55500s  125,225,194,800 steps   638237 feasible sets         0 orders tried  current cost 4
    W_14: 55515s  125,258,940,400 steps   638378 feasible sets         0 orders tried  current cost 11
    W_14: 55530s  125,293,471,400 steps   638560 feasible sets         0 orders tried  current cost 4
    W_14: 55545s  125,328,293,800 steps   638759 feasible sets         0 orders tried  current cost 3
    W_14: 55560s  125,363,322,800 steps   638940 feasible sets         0 orders tried  current cost 10
    W_14: 55575s  125,398,657,000 steps   639138 feasible sets         0 orders tried  current cost 2
    W_14: 55590s  125,433,471,600 steps   639312 feasible sets         0 orders tried  current cost 3
    W_14: 55605s  125,468,461,200 steps   639526 feasible sets         0 orders tried  current cost 13
    W_14: 55620s  125,502,751,200 steps   639660 feasible sets         0 orders tried  current cost 4
    W_14: 55635s  125,537,511,600 steps   639841 feasible sets         0 orders tried  current cost 2
    W_14: 55650s  125,572,231,200 steps   640018 feasible sets         0 orders tried  current cost 4
    W_14: 55665s  125,607,089,600 steps   640178 feasible sets         0 orders tried  current cost 2
    W_14: 55680s  125,641,828,400 steps   640375 feasible sets         0 orders tried  current cost 4
    W_14: 55695s  125,676,953,800 steps   640522 feasible sets         0 orders tried  current cost 4
    W_14: 55710s  125,711,571,400 steps   640712 feasible sets         0 orders tried  current cost 2
    W_14: 55725s  125,746,478,600 steps   640829 feasible sets         0 orders tried  current cost 2
    W_14: 55740s  125,781,364,000 steps   640987 feasible sets         0 orders tried  current cost 10
    W_14: 55755s  125,816,467,000 steps   641163 feasible sets         0 orders tried  current cost 6
    W_14: 55770s  125,851,399,200 steps   641348 feasible sets         0 orders tried  current cost 4
    W_14: 55785s  125,886,423,600 steps   641523 feasible sets         0 orders tried  current cost 12
    W_14: 55800s  125,921,462,400 steps   641705 feasible sets         0 orders tried  current cost 14
    W_14: 55815s  125,956,181,400 steps   641878 feasible sets         0 orders tried  current cost 12
    W_14: 55830s  125,991,340,000 steps   642083 feasible sets         0 orders tried  current cost 4
    W_14: 55845s  126,026,388,000 steps   642264 feasible sets         0 orders tried  current cost 5
    W_14: 55860s  126,061,317,800 steps   642519 feasible sets         0 orders tried  current cost 2
    W_14: 55875s  126,096,424,000 steps   642719 feasible sets         0 orders tried  current cost 6
    W_14: 55890s  126,131,675,400 steps   642918 feasible sets         0 orders tried  current cost 1
    W_14: 55905s  126,166,918,400 steps   643136 feasible sets         0 orders tried  current cost 2
    W_14: 55920s  126,201,663,000 steps   643318 feasible sets         0 orders tried  current cost 13
    W_14: 55935s  126,236,660,000 steps   643497 feasible sets         0 orders tried  current cost 1
    W_14: 55950s  126,270,940,200 steps   643685 feasible sets         0 orders tried  current cost 7
    W_14: 55965s  126,305,720,000 steps   643828 feasible sets         0 orders tried  current cost 1
    W_14: 55980s  126,339,967,200 steps   643966 feasible sets         0 orders tried  current cost 6
    W_14: 55995s  126,374,495,200 steps   644173 feasible sets         0 orders tried  current cost 1
    W_14: 56010s  126,409,071,000 steps   644359 feasible sets         0 orders tried  current cost 2
    W_14: 56025s  126,443,826,200 steps   644518 feasible sets         0 orders tried  current cost 11
    W_14: 56040s  126,478,632,000 steps   644694 feasible sets         0 orders tried  current cost 4
    W_14: 56055s  126,513,786,600 steps   644895 feasible sets         0 orders tried  current cost 9
    W_14: 56070s  126,548,999,200 steps   645053 feasible sets         0 orders tried  current cost 2
    W_14: 56085s  126,583,914,600 steps   645254 feasible sets         0 orders tried  current cost 4
    W_14: 56100s  126,618,900,400 steps   645406 feasible sets         0 orders tried  current cost 11
    W_14: 56115s  126,653,459,000 steps   645610 feasible sets         0 orders tried  current cost 4
    W_14: 56130s  126,688,034,600 steps   645780 feasible sets         0 orders tried  current cost 4
    W_14: 56145s  126,723,075,400 steps   645963 feasible sets         0 orders tried  current cost 3
    W_14: 56160s  126,757,702,600 steps   646129 feasible sets         0 orders tried  current cost 14
    W_14: 56175s  126,792,747,600 steps   646292 feasible sets         0 orders tried  current cost 7
    W_14: 56190s  126,827,939,000 steps   646440 feasible sets         0 orders tried  current cost 2
    W_14: 56205s  126,862,830,600 steps   646602 feasible sets         0 orders tried  current cost 4
    W_14: 56220s  126,897,907,800 steps   646776 feasible sets         0 orders tried  current cost 4
    W_14: 56235s  126,933,336,000 steps   646960 feasible sets         0 orders tried  current cost 1
    W_14: 56250s  126,967,979,800 steps   647132 feasible sets         0 orders tried  current cost 5
    W_14: 56265s  127,003,011,800 steps   647332 feasible sets         0 orders tried  current cost 3
    W_14: 56280s  127,038,027,800 steps   647527 feasible sets         0 orders tried  current cost 6
    W_14: 56295s  127,072,605,600 steps   647683 feasible sets         0 orders tried  current cost 10
    W_14: 56310s  127,107,218,200 steps   647883 feasible sets         0 orders tried  current cost 2
    W_14: 56325s  127,142,685,800 steps   648032 feasible sets         0 orders tried  current cost 8
    W_14: 56340s  127,177,640,600 steps   648222 feasible sets         0 orders tried  current cost 10
    W_14: 56355s  127,212,507,800 steps   648404 feasible sets         0 orders tried  current cost 7
    W_14: 56370s  127,247,313,400 steps   648554 feasible sets         0 orders tried  current cost 4
    W_14: 56385s  127,282,496,000 steps   648742 feasible sets         0 orders tried  current cost 2
    W_14: 56400s  127,317,043,400 steps   648930 feasible sets         0 orders tried  current cost 11
    W_14: 56415s  127,351,910,000 steps   649113 feasible sets         0 orders tried  current cost 6
    W_14: 56430s  127,386,573,000 steps   649333 feasible sets         0 orders tried  current cost 4
    W_14: 56445s  127,421,501,400 steps   649470 feasible sets         0 orders tried  current cost 11
    W_14: 56460s  127,456,192,400 steps   649644 feasible sets         0 orders tried  current cost 2
    W_14: 56475s  127,490,813,200 steps   649835 feasible sets         0 orders tried  current cost 3
    W_14: 56490s  127,525,609,600 steps   650011 feasible sets         0 orders tried  current cost 4
    W_14: 56505s  127,560,586,000 steps   650207 feasible sets         0 orders tried  current cost 9
    W_14: 56520s  127,595,213,200 steps   650385 feasible sets         0 orders tried  current cost 3
    W_14: 56535s  127,629,595,000 steps   650574 feasible sets         0 orders tried  current cost 4
    W_14: 56550s  127,664,204,200 steps   650734 feasible sets         0 orders tried  current cost 9
    W_14: 56565s  127,698,945,600 steps   650930 feasible sets         0 orders tried  current cost 8
    W_14: 56580s  127,733,992,600 steps   651130 feasible sets         0 orders tried  current cost 6
    W_14: 56595s  127,769,161,200 steps   651270 feasible sets         0 orders tried  current cost 11
    W_14: 56610s  127,803,497,800 steps   651447 feasible sets         0 orders tried  current cost 2
    W_14: 56625s  127,838,648,000 steps   651629 feasible sets         0 orders tried  current cost 4
    W_14: 56640s  127,873,627,000 steps   651806 feasible sets         0 orders tried  current cost 4
    W_14: 56655s  127,908,186,800 steps   651975 feasible sets         0 orders tried  current cost 8
    W_14: 56670s  127,943,044,800 steps   652142 feasible sets         0 orders tried  current cost 9
    W_14: 56685s  127,978,152,000 steps   652365 feasible sets         0 orders tried  current cost 2
    W_14: 56700s  128,013,019,400 steps   652545 feasible sets         0 orders tried  current cost 3
    W_14: 56715s  128,047,883,200 steps   652722 feasible sets         0 orders tried  current cost 8
    W_14: 56730s  128,082,848,600 steps   652887 feasible sets         0 orders tried  current cost 6
    W_14: 56745s  128,117,792,200 steps   653061 feasible sets         0 orders tried  current cost 4
    W_14: 56760s  128,152,454,000 steps   653264 feasible sets         0 orders tried  current cost 2
    W_14: 56775s  128,187,539,200 steps   653426 feasible sets         0 orders tried  current cost 4
    W_14: 56790s  128,222,443,400 steps   653624 feasible sets         0 orders tried  current cost 11
    W_14: 56805s  128,256,700,400 steps   653799 feasible sets         0 orders tried  current cost 14
    W_14: 56820s  128,291,108,200 steps   653987 feasible sets         0 orders tried  current cost 8
    W_14: 56835s  128,325,773,000 steps   654182 feasible sets         0 orders tried  current cost 4
    W_14: 56850s  128,360,689,200 steps   654382 feasible sets         0 orders tried  current cost 7
    W_14: 56865s  128,396,077,800 steps   654555 feasible sets         0 orders tried  current cost 2
    W_14: 56880s  128,430,868,000 steps   654749 feasible sets         0 orders tried  current cost 5
    W_14: 56895s  128,465,470,800 steps   654925 feasible sets         0 orders tried  current cost 4
    W_14: 56910s  128,500,184,400 steps   655124 feasible sets         0 orders tried  current cost 11
    W_14: 56925s  128,535,198,400 steps   655297 feasible sets         0 orders tried  current cost 3
    W_14: 56940s  128,570,049,400 steps   655459 feasible sets         0 orders tried  current cost 5
    W_14: 56955s  128,604,487,400 steps   655621 feasible sets         0 orders tried  current cost 11
    W_14: 56970s  128,639,351,400 steps   655858 feasible sets         0 orders tried  current cost 2
    W_14: 56985s  128,673,914,800 steps   656062 feasible sets         0 orders tried  current cost 2
    W_14: 57000s  128,708,338,800 steps   656243 feasible sets         0 orders tried  current cost 5
    W_14: 57015s  128,742,966,600 steps   656442 feasible sets         0 orders tried  current cost 6
    W_14: 57030s  128,778,169,000 steps   656603 feasible sets         0 orders tried  current cost 6
    W_14: 57045s  128,812,828,600 steps   656774 feasible sets         0 orders tried  current cost 4
    W_14: 57060s  128,847,441,400 steps   656993 feasible sets         0 orders tried  current cost 9
    W_14: 57075s  128,882,474,200 steps   657170 feasible sets         0 orders tried  current cost 1
    W_14: 57090s  128,917,107,000 steps   657360 feasible sets         0 orders tried  current cost 9
    W_14: 57105s  128,952,034,800 steps   657517 feasible sets         0 orders tried  current cost 4
    W_14: 57120s  128,987,287,000 steps   657633 feasible sets         0 orders tried  current cost 4
    W_14: 57135s  129,022,243,400 steps   657799 feasible sets         0 orders tried  current cost 10
    W_14: 57150s  129,057,176,600 steps   657980 feasible sets         0 orders tried  current cost 3
    W_14: 57165s  129,091,600,400 steps   658132 feasible sets         0 orders tried  current cost 16
    W_14: 57180s  129,126,279,000 steps   658291 feasible sets         0 orders tried  current cost 2
    W_14: 57195s  129,161,304,000 steps   658449 feasible sets         0 orders tried  current cost 4
    W_14: 57210s  129,196,286,800 steps   658603 feasible sets         0 orders tried  current cost 6
    W_14: 57225s  129,231,011,800 steps   658760 feasible sets         0 orders tried  current cost 3
    W_14: 57240s  129,265,751,400 steps   658988 feasible sets         0 orders tried  current cost 5
    W_14: 57255s  129,300,121,800 steps   659138 feasible sets         0 orders tried  current cost 10
    W_14: 57270s  129,335,036,600 steps   659353 feasible sets         0 orders tried  current cost 1
    W_14: 57285s  129,369,787,000 steps   659519 feasible sets         0 orders tried  current cost 3
    W_14: 57300s  129,404,702,000 steps   659716 feasible sets         0 orders tried  current cost 13
    W_14: 57315s  129,439,576,600 steps   659904 feasible sets         0 orders tried  current cost 2
    W_14: 57330s  129,473,643,200 steps   660083 feasible sets         0 orders tried  current cost 12
    W_14: 57345s  129,508,047,600 steps   660250 feasible sets         0 orders tried  current cost 4
    W_14: 57360s  129,542,747,200 steps   660457 feasible sets         0 orders tried  current cost 6
    W_14: 57375s  129,577,800,000 steps   660645 feasible sets         0 orders tried  current cost 1
    W_14: 57390s  129,612,261,200 steps   660843 feasible sets         0 orders tried  current cost 13
    W_14: 57405s  129,646,845,000 steps   661034 feasible sets         0 orders tried  current cost 8
    W_14: 57420s  129,681,382,400 steps   661225 feasible sets         0 orders tried  current cost 11
    W_14: 57435s  129,716,083,600 steps   661415 feasible sets         0 orders tried  current cost 15
    W_14: 57450s  129,750,595,600 steps   661622 feasible sets         0 orders tried  current cost 1
    W_14: 57465s  129,785,115,600 steps   661778 feasible sets         0 orders tried  current cost 1
    W_14: 57480s  129,819,885,000 steps   661950 feasible sets         0 orders tried  current cost 10
    W_14: 57495s  129,854,485,000 steps   662155 feasible sets         0 orders tried  current cost 6
    W_14: 57510s  129,889,251,000 steps   662326 feasible sets         0 orders tried  current cost 5
    W_14: 57525s  129,924,204,600 steps   662504 feasible sets         0 orders tried  current cost 11
    W_14: 57540s  129,958,770,000 steps   662672 feasible sets         0 orders tried  current cost 5
    W_14: 57555s  129,993,447,000 steps   662874 feasible sets         0 orders tried  current cost 7
    W_14: 57570s  130,028,714,800 steps   663015 feasible sets         0 orders tried  current cost 2
    W_14: 57585s  130,063,148,000 steps   663184 feasible sets         0 orders tried  current cost 6
    W_14: 57600s  130,097,636,400 steps   663353 feasible sets         0 orders tried  current cost 3
    W_14: 57615s  130,132,637,200 steps   663514 feasible sets         0 orders tried  current cost 3
    W_14: 57630s  130,167,497,400 steps   663675 feasible sets         0 orders tried  current cost 2
    W_14: 57645s  130,202,222,400 steps   663830 feasible sets         0 orders tried  current cost 13
    W_14: 57660s  130,237,049,800 steps   663983 feasible sets         0 orders tried  current cost 2
    W_14: 57675s  130,272,206,200 steps   664155 feasible sets         0 orders tried  current cost 5
    W_14: 57690s  130,307,293,800 steps   664344 feasible sets         0 orders tried  current cost 1
    W_14: 57705s  130,342,201,000 steps   664506 feasible sets         0 orders tried  current cost 12
    W_14: 57720s  130,376,876,800 steps   664666 feasible sets         0 orders tried  current cost 4
    W_14: 57735s  130,411,906,600 steps   664804 feasible sets         0 orders tried  current cost 10
    W_14: 57750s  130,446,206,000 steps   664977 feasible sets         0 orders tried  current cost 10
    W_14: 57765s  130,480,816,200 steps   665160 feasible sets         0 orders tried  current cost 3
    W_14: 57780s  130,515,213,400 steps   665338 feasible sets         0 orders tried  current cost 4
    W_14: 57795s  130,550,269,400 steps   665548 feasible sets         0 orders tried  current cost 3
    W_14: 57810s  130,584,661,200 steps   665760 feasible sets         0 orders tried  current cost 14
    W_14: 57825s  130,619,592,600 steps   665939 feasible sets         0 orders tried  current cost 3
    W_14: 57840s  130,654,634,200 steps   666135 feasible sets         0 orders tried  current cost 3
    W_14: 57855s  130,689,748,600 steps   666316 feasible sets         0 orders tried  current cost 5
    W_14: 57870s  130,725,294,000 steps   666503 feasible sets         0 orders tried  current cost 3
    W_14: 57885s  130,760,686,600 steps   666694 feasible sets         0 orders tried  current cost 7
    W_14: 57900s  130,796,122,200 steps   666835 feasible sets         0 orders tried  current cost 10
    W_14: 57915s  130,831,122,600 steps   667025 feasible sets         0 orders tried  current cost 11
    W_14: 57930s  130,866,110,400 steps   667206 feasible sets         0 orders tried  current cost 5
    W_14: 57945s  130,901,251,400 steps   667382 feasible sets         0 orders tried  current cost 5
    W_14: 57960s  130,936,395,000 steps   667538 feasible sets         0 orders tried  current cost 3
    W_14: 57975s  130,971,394,400 steps   667733 feasible sets         0 orders tried  current cost 3
    W_14: 57990s  131,006,046,800 steps   667903 feasible sets         0 orders tried  current cost 4
    W_14: 58005s  131,041,346,800 steps   668072 feasible sets         0 orders tried  current cost 8
    W_14: 58020s  131,076,521,000 steps   668259 feasible sets         0 orders tried  current cost 13
    W_14: 58035s  131,111,879,400 steps   668487 feasible sets         0 orders tried  current cost 3
    W_14: 58050s  131,146,967,400 steps   668623 feasible sets         0 orders tried  current cost 6
    W_14: 58065s  131,182,109,800 steps   668773 feasible sets         0 orders tried  current cost 5
    W_14: 58080s  131,216,356,800 steps   668929 feasible sets         0 orders tried  current cost 3
    W_14: 58095s  131,250,970,200 steps   669114 feasible sets         0 orders tried  current cost 5
    W_14: 58110s  131,284,962,000 steps   669323 feasible sets         0 orders tried  current cost 10
    W_14: 58125s  131,319,675,000 steps   669517 feasible sets         0 orders tried  current cost 2
    W_14: 58140s  131,354,447,800 steps   669690 feasible sets         0 orders tried  current cost 6
    W_14: 58155s  131,389,000,600 steps   669860 feasible sets         0 orders tried  current cost 8
    W_14: 58170s  131,423,684,600 steps   670028 feasible sets         0 orders tried  current cost 11
    W_14: 58185s  131,458,530,200 steps   670251 feasible sets         0 orders tried  current cost 2
    W_14: 58200s  131,493,127,400 steps   670434 feasible sets         0 orders tried  current cost 6
    W_14: 58215s  131,527,835,000 steps   670625 feasible sets         0 orders tried  current cost 1
    W_14: 58230s  131,562,216,800 steps   670816 feasible sets         0 orders tried  current cost 3
    W_14: 58245s  131,596,837,600 steps   670998 feasible sets         0 orders tried  current cost 3
    W_14: 58260s  131,631,254,400 steps   671151 feasible sets         0 orders tried  current cost 3
    W_14: 58275s  131,665,783,000 steps   671334 feasible sets         0 orders tried  current cost 13
    W_14: 58290s  131,699,746,400 steps   671512 feasible sets         0 orders tried  current cost 7
    W_14: 58305s  131,734,372,400 steps   671679 feasible sets         0 orders tried  current cost 4
    W_14: 58320s  131,768,780,000 steps   671852 feasible sets         0 orders tried  current cost 2
    W_14: 58335s  131,803,185,600 steps   672026 feasible sets         0 orders tried  current cost 8
    W_14: 58350s  131,837,575,200 steps   672224 feasible sets         0 orders tried  current cost 3
    W_14: 58365s  131,872,344,800 steps   672413 feasible sets         0 orders tried  current cost 7
    W_14: 58380s  131,906,358,400 steps   672596 feasible sets         0 orders tried  current cost 2
    W_14: 58395s  131,938,310,800 steps   672764 feasible sets         0 orders tried  current cost 5
    W_14: 58410s  131,960,122,800 steps   672872 feasible sets         0 orders tried  current cost 11
    W_14: 58425s  131,994,614,600 steps   673038 feasible sets         0 orders tried  current cost 4
    W_14: 58440s  132,029,009,800 steps   673203 feasible sets         0 orders tried  current cost 5
    W_14: 58455s  132,063,321,800 steps   673361 feasible sets         0 orders tried  current cost 11
    W_14: 58470s  132,098,500,000 steps   673517 feasible sets         0 orders tried  current cost 3
    W_14: 58485s  132,133,341,600 steps   673683 feasible sets         0 orders tried  current cost 8
    W_14: 58500s  132,167,934,000 steps   673812 feasible sets         0 orders tried  current cost 2
    W_14: 58515s  132,202,982,400 steps   674004 feasible sets         0 orders tried  current cost 9
    W_14: 58530s  132,238,008,000 steps   674189 feasible sets         0 orders tried  current cost 5
    W_14: 58545s  132,273,297,200 steps   674365 feasible sets         0 orders tried  current cost 2
    W_14: 58560s  132,308,280,800 steps   674529 feasible sets         0 orders tried  current cost 13
    W_14: 58575s  132,342,960,000 steps   674705 feasible sets         0 orders tried  current cost 3
    W_14: 58590s  132,377,644,400 steps   674889 feasible sets         0 orders tried  current cost 10
    W_14: 58605s  132,412,872,400 steps   675036 feasible sets         0 orders tried  current cost 4
    W_14: 58620s  132,447,987,600 steps   675217 feasible sets         0 orders tried  current cost 4
    W_14: 58635s  132,482,604,200 steps   675339 feasible sets         0 orders tried  current cost 5
    W_14: 58650s  132,517,249,800 steps   675519 feasible sets         0 orders tried  current cost 5
    W_14: 58665s  132,552,267,800 steps   675678 feasible sets         0 orders tried  current cost 7
    W_14: 58680s  132,587,005,400 steps   675859 feasible sets         0 orders tried  current cost 4
    W_14: 58695s  132,622,153,800 steps   676004 feasible sets         0 orders tried  current cost 2
    W_14: 58710s  132,657,036,000 steps   676219 feasible sets         0 orders tried  current cost 3
    W_14: 58725s  132,692,117,600 steps   676398 feasible sets         0 orders tried  current cost 3
    W_14: 58740s  132,727,321,600 steps   676577 feasible sets         0 orders tried  current cost 10
    W_14: 58755s  132,762,033,000 steps   676763 feasible sets         0 orders tried  current cost 3
    W_14: 58770s  132,797,009,000 steps   676950 feasible sets         0 orders tried  current cost 5
    W_14: 58785s  132,831,861,600 steps   677177 feasible sets         0 orders tried  current cost 19
    W_14: 58800s  132,866,853,400 steps   677356 feasible sets         0 orders tried  current cost 2
    W_14: 58815s  132,901,781,000 steps   677494 feasible sets         0 orders tried  current cost 14
    W_14: 58830s  132,936,222,800 steps   677670 feasible sets         0 orders tried  current cost 12
    W_14: 58845s  132,970,954,200 steps   677855 feasible sets         0 orders tried  current cost 2
    W_14: 58860s  133,005,577,600 steps   678048 feasible sets         0 orders tried  current cost 3
    W_14: 58875s  133,040,860,800 steps   678220 feasible sets         0 orders tried  current cost 7
    W_14: 58890s  133,076,030,600 steps   678415 feasible sets         0 orders tried  current cost 5
    W_14: 58905s  133,110,771,600 steps   678625 feasible sets         0 orders tried  current cost 4
    W_14: 58920s  133,145,693,400 steps   678857 feasible sets         0 orders tried  current cost 2
    W_14: 58935s  133,180,675,000 steps   679004 feasible sets         0 orders tried  current cost 4
    W_14: 58950s  133,215,199,000 steps   679182 feasible sets         0 orders tried  current cost 3
    W_14: 58965s  133,249,723,800 steps   679346 feasible sets         0 orders tried  current cost 5
    W_14: 58980s  133,284,728,600 steps   679524 feasible sets         0 orders tried  current cost 2
    W_14: 58995s  133,319,414,200 steps   679701 feasible sets         0 orders tried  current cost 2
    W_14: 59010s  133,354,318,800 steps   679896 feasible sets         0 orders tried  current cost 3
    W_14: 59025s  133,388,968,800 steps   680087 feasible sets         0 orders tried  current cost 4
    W_14: 59040s  133,424,097,400 steps   680273 feasible sets         0 orders tried  current cost 4
    W_14: 59055s  133,458,570,400 steps   680462 feasible sets         0 orders tried  current cost 5
    W_14: 59070s  133,493,643,400 steps   680635 feasible sets         0 orders tried  current cost 11
    W_14: 59085s  133,528,565,200 steps   680809 feasible sets         0 orders tried  current cost 9
    W_14: 59100s  133,563,610,600 steps   680971 feasible sets         0 orders tried  current cost 4
    W_14: 59115s  133,598,095,000 steps   681149 feasible sets         0 orders tried  current cost 1
    W_14: 59130s  133,632,753,600 steps   681339 feasible sets         0 orders tried  current cost 2
    W_14: 59145s  133,667,585,000 steps   681516 feasible sets         0 orders tried  current cost 10
    W_14: 59160s  133,702,363,800 steps   681690 feasible sets         0 orders tried  current cost 12
    W_14: 59175s  133,736,960,400 steps   681873 feasible sets         0 orders tried  current cost 12
    W_14: 59190s  133,771,752,200 steps   682057 feasible sets         0 orders tried  current cost 1
    W_14: 59205s  133,806,571,000 steps   682201 feasible sets         0 orders tried  current cost 5
    W_14: 59220s  133,841,644,000 steps   682385 feasible sets         0 orders tried  current cost 7
    W_14: 59235s  133,876,777,200 steps   682546 feasible sets         0 orders tried  current cost 2
    W_14: 59250s  133,911,970,200 steps   682714 feasible sets         0 orders tried  current cost 5
    W_14: 59265s  133,945,901,000 steps   682857 feasible sets         0 orders tried  current cost 12
    W_14: 59280s  133,979,245,600 steps   683050 feasible sets         0 orders tried  current cost 9
    W_14: 59295s  134,014,115,800 steps   683204 feasible sets         0 orders tried  current cost 3
    W_14: 59310s  134,049,139,800 steps   683399 feasible sets         0 orders tried  current cost 7
    W_14: 59325s  134,083,945,800 steps   683598 feasible sets         0 orders tried  current cost 8
    W_14: 59340s  134,118,958,800 steps   683752 feasible sets         0 orders tried  current cost 4
    W_14: 59355s  134,154,209,600 steps   683906 feasible sets         0 orders tried  current cost 3
    W_14: 59370s  134,189,152,000 steps   684076 feasible sets         0 orders tried  current cost 5
    W_14: 59385s  134,223,833,600 steps   684243 feasible sets         0 orders tried  current cost 5
    W_14: 59400s  134,258,601,800 steps   684404 feasible sets         0 orders tried  current cost 10
    W_14: 59415s  134,292,924,200 steps   684611 feasible sets         0 orders tried  current cost 7
    W_14: 59430s  134,327,851,800 steps   684793 feasible sets         0 orders tried  current cost 3
    W_14: 59445s  134,362,615,200 steps   684923 feasible sets         0 orders tried  current cost 4
    W_14: 59460s  134,397,434,200 steps   685105 feasible sets         0 orders tried  current cost 4
    W_14: 59475s  134,432,634,000 steps   685297 feasible sets         0 orders tried  current cost 1
    W_14: 59490s  134,467,889,400 steps   685496 feasible sets         0 orders tried  current cost 5
    W_14: 59505s  134,502,161,600 steps   685635 feasible sets         0 orders tried  current cost 12
    W_14: 59520s  134,536,491,000 steps   685782 feasible sets         0 orders tried  current cost 3
    W_14: 59535s  134,571,273,400 steps   685984 feasible sets         0 orders tried  current cost 2
    W_14: 59550s  134,606,322,600 steps   686129 feasible sets         0 orders tried  current cost 10
    W_14: 59565s  134,640,873,600 steps   686325 feasible sets         0 orders tried  current cost 1
    W_14: 59580s  134,675,850,600 steps   686494 feasible sets         0 orders tried  current cost 3
    W_14: 59595s  134,710,741,200 steps   686680 feasible sets         0 orders tried  current cost 11
    W_14: 59610s  134,745,167,200 steps   686825 feasible sets         0 orders tried  current cost 5
    W_14: 59625s  134,779,627,600 steps   686987 feasible sets         0 orders tried  current cost 9
    W_14: 59640s  134,814,648,800 steps   687206 feasible sets         0 orders tried  current cost 5
    W_14: 59655s  134,849,611,200 steps   687372 feasible sets         0 orders tried  current cost 1
    W_14: 59670s  134,884,607,800 steps   687557 feasible sets         0 orders tried  current cost 8
    W_14: 59685s  134,919,274,600 steps   687726 feasible sets         0 orders tried  current cost 1
    W_14: 59700s  134,954,490,800 steps   687907 feasible sets         0 orders tried  current cost 1
    W_14: 59715s  134,989,174,000 steps   688087 feasible sets         0 orders tried  current cost 2
    W_14: 59730s  135,024,066,400 steps   688266 feasible sets         0 orders tried  current cost 5
    W_14: 59745s  135,059,102,200 steps   688462 feasible sets         0 orders tried  current cost 11
    W_14: 59760s  135,094,085,400 steps   688674 feasible sets         0 orders tried  current cost 8
    W_14: 59775s  135,129,017,000 steps   688827 feasible sets         0 orders tried  current cost 3
    W_14: 59790s  135,164,015,400 steps   688978 feasible sets         0 orders tried  current cost 3
    W_14: 59805s  135,198,994,600 steps   689146 feasible sets         0 orders tried  current cost 2
    W_14: 59820s  135,234,305,600 steps   689313 feasible sets         0 orders tried  current cost 3
    W_14: 59835s  135,268,944,000 steps   689509 feasible sets         0 orders tried  current cost 9
    W_14: 59850s  135,303,794,800 steps   689641 feasible sets         0 orders tried  current cost 3
    W_14: 59865s  135,338,786,000 steps   689815 feasible sets         0 orders tried  current cost 10
    W_14: 59880s  135,373,870,200 steps   689991 feasible sets         0 orders tried  current cost 3
    W_14: 59895s  135,409,080,000 steps   690190 feasible sets         0 orders tried  current cost 3
    W_14: 59910s  135,443,867,000 steps   690438 feasible sets         0 orders tried  current cost 9
    W_14: 59925s  135,478,476,000 steps   690629 feasible sets         0 orders tried  current cost 2
    W_14: 59940s  135,513,704,800 steps   690812 feasible sets         0 orders tried  current cost 9
    W_14: 59955s  135,548,298,400 steps   690982 feasible sets         0 orders tried  current cost 3
    W_14: 59970s  135,583,091,800 steps   691156 feasible sets         0 orders tried  current cost 3
    W_14: 59985s  135,617,803,600 steps   691331 feasible sets         0 orders tried  current cost 8
    W_14: 60000s  135,652,526,800 steps   691524 feasible sets         0 orders tried  current cost 7
    W_14: 60015s  135,687,417,600 steps   691714 feasible sets         0 orders tried  current cost 3
    W_14: 60030s  135,722,487,600 steps   691902 feasible sets         0 orders tried  current cost 6
    W_14: 60045s  135,757,599,200 steps   692096 feasible sets         0 orders tried  current cost 3
    W_14: 60060s  135,792,746,000 steps   692234 feasible sets         0 orders tried  current cost 9
    W_14: 60075s  135,828,133,600 steps   692412 feasible sets         0 orders tried  current cost 1
    W_14: 60090s  135,862,875,200 steps   692581 feasible sets         0 orders tried  current cost 1
    W_14: 60105s  135,897,554,000 steps   692740 feasible sets         0 orders tried  current cost 2
    W_14: 60120s  135,932,140,800 steps   692939 feasible sets         0 orders tried  current cost 18
    W_14: 60135s  135,966,763,200 steps   693124 feasible sets         0 orders tried  current cost 12
    W_14: 60150s  136,001,571,600 steps   693269 feasible sets         0 orders tried  current cost 1
    W_14: 60165s  136,036,949,800 steps   693437 feasible sets         0 orders tried  current cost 4
    W_14: 60180s  136,072,051,800 steps   693614 feasible sets         0 orders tried  current cost 4
    W_14: 60195s  136,107,162,800 steps   693819 feasible sets         0 orders tried  current cost 13
    W_14: 60210s  136,142,378,400 steps   693977 feasible sets         0 orders tried  current cost 2
    W_14: 60225s  136,177,137,400 steps   694138 feasible sets         0 orders tried  current cost 4
    W_14: 60240s  136,212,199,200 steps   694290 feasible sets         0 orders tried  current cost 4
    W_14: 60255s  136,246,893,000 steps   694461 feasible sets         0 orders tried  current cost 1
    W_14: 60270s  136,282,069,800 steps   694670 feasible sets         0 orders tried  current cost 6
    W_14: 60285s  136,317,281,200 steps   694844 feasible sets         0 orders tried  current cost 15
    W_14: 60300s  136,352,153,600 steps   695001 feasible sets         0 orders tried  current cost 1
    W_14: 60315s  136,387,095,200 steps   695165 feasible sets         0 orders tried  current cost 4
    W_14: 60330s  136,422,613,000 steps   695382 feasible sets         0 orders tried  current cost 3
    W_14: 60345s  136,457,712,800 steps   695517 feasible sets         0 orders tried  current cost 3
    W_14: 60360s  136,492,974,400 steps   695690 feasible sets         0 orders tried  current cost 4
    W_14: 60375s  136,527,554,200 steps   695848 feasible sets         0 orders tried  current cost 4
    W_14: 60390s  136,562,327,200 steps   696025 feasible sets         0 orders tried  current cost 7
    W_14: 60405s  136,596,878,600 steps   696223 feasible sets         0 orders tried  current cost 2
    W_14: 60420s  136,632,126,200 steps   696389 feasible sets         0 orders tried  current cost 8
    W_14: 60435s  136,666,788,200 steps   696539 feasible sets         0 orders tried  current cost 5
    W_14: 60450s  136,701,275,200 steps   696724 feasible sets         0 orders tried  current cost 2
    W_14: 60465s  136,735,847,000 steps   696876 feasible sets         0 orders tried  current cost 8
    W_14: 60480s  136,770,451,600 steps   697087 feasible sets         0 orders tried  current cost 2
    W_14: 60495s  136,805,561,400 steps   697306 feasible sets         0 orders tried  current cost 14
    W_14: 60510s  136,840,912,200 steps   697541 feasible sets         0 orders tried  current cost 1
    W_14: 60525s  136,876,083,800 steps   697748 feasible sets         0 orders tried  current cost 10
    W_14: 60540s  136,911,255,800 steps   697939 feasible sets         0 orders tried  current cost 1
    W_14: 60555s  136,945,856,200 steps   698104 feasible sets         0 orders tried  current cost 3
    W_14: 60570s  136,980,858,200 steps   698253 feasible sets         0 orders tried  current cost 4
    W_14: 60585s  137,015,305,800 steps   698435 feasible sets         0 orders tried  current cost 4
    W_14: 60600s  137,049,932,200 steps   698610 feasible sets         0 orders tried  current cost 4
    W_14: 60615s  137,084,486,600 steps   698793 feasible sets         0 orders tried  current cost 10
    W_14: 60630s  137,119,030,200 steps   698953 feasible sets         0 orders tried  current cost 1
    W_14: 60645s  137,154,051,200 steps   699178 feasible sets         0 orders tried  current cost 4
    W_14: 60660s  137,189,282,200 steps   699336 feasible sets         0 orders tried  current cost 18
    W_14: 60675s  137,223,826,800 steps   699502 feasible sets         0 orders tried  current cost 8
    W_14: 60690s  137,258,371,000 steps   699675 feasible sets         0 orders tried  current cost 4
    W_14: 60705s  137,292,918,600 steps   699842 feasible sets         0 orders tried  current cost 2
    W_14: 60720s  137,327,755,000 steps   699986 feasible sets         0 orders tried  current cost 5
    W_14: 60735s  137,362,728,400 steps   700149 feasible sets         0 orders tried  current cost 5
    W_14: 60750s  137,397,758,000 steps   700330 feasible sets         0 orders tried  current cost 3
    W_14: 60765s  137,432,241,000 steps   700520 feasible sets         0 orders tried  current cost 14
    W_14: 60780s  137,467,255,800 steps   700706 feasible sets         0 orders tried  current cost 5
    W_14: 60795s  137,501,812,000 steps   700850 feasible sets         0 orders tried  current cost 5
    W_14: 60810s  137,533,589,800 steps   701004 feasible sets         0 orders tried  current cost 4
    W_14: 60825s  137,565,481,400 steps   701187 feasible sets         0 orders tried  current cost 12
    W_14: 60840s  137,600,139,200 steps   701356 feasible sets         0 orders tried  current cost 2
    W_14: 60855s  137,634,878,400 steps   701490 feasible sets         0 orders tried  current cost 1
    W_14: 60870s  137,669,390,400 steps   701652 feasible sets         0 orders tried  current cost 3
    W_14: 60885s  137,704,304,600 steps   701839 feasible sets         0 orders tried  current cost 8
    W_14: 60900s  137,738,746,200 steps   702052 feasible sets         0 orders tried  current cost 7
    W_14: 60915s  137,773,600,800 steps   702225 feasible sets         0 orders tried  current cost 14
    W_14: 60930s  137,808,203,400 steps   702412 feasible sets         0 orders tried  current cost 17
    W_14: 60945s  137,842,651,400 steps   702604 feasible sets         0 orders tried  current cost 3
    W_14: 60960s  137,877,372,800 steps   702777 feasible sets         0 orders tried  current cost 1
    W_14: 60975s  137,912,297,200 steps   702941 feasible sets         0 orders tried  current cost 3
    W_14: 60990s  137,947,214,200 steps   703103 feasible sets         0 orders tried  current cost 4
    W_14: 61005s  137,982,527,600 steps   703272 feasible sets         0 orders tried  current cost 4
    W_14: 61020s  138,016,983,200 steps   703423 feasible sets         0 orders tried  current cost 6
    W_14: 61035s  138,051,503,800 steps   703573 feasible sets         0 orders tried  current cost 13
    W_14: 61050s  138,086,461,400 steps   703746 feasible sets         0 orders tried  current cost 11
    W_14: 61065s  138,121,082,800 steps   703939 feasible sets         0 orders tried  current cost 14
    W_14: 61080s  138,155,717,800 steps   704104 feasible sets         0 orders tried  current cost 4
    W_14: 61095s  138,190,680,800 steps   704247 feasible sets         0 orders tried  current cost 12
    W_14: 61110s  138,225,771,600 steps   704434 feasible sets         0 orders tried  current cost 4
    W_14: 61125s  138,260,905,400 steps   704591 feasible sets         0 orders tried  current cost 6
    W_14: 61140s  138,295,788,600 steps   704801 feasible sets         0 orders tried  current cost 5
    W_14: 61155s  138,330,613,800 steps   704972 feasible sets         0 orders tried  current cost 2
    W_14: 61170s  138,365,094,800 steps   705149 feasible sets         0 orders tried  current cost 3
    W_14: 61185s  138,400,000,200 steps   705346 feasible sets         0 orders tried  current cost 19
    W_14: 61200s  138,434,896,800 steps   705550 feasible sets         0 orders tried  current cost 3
    W_14: 61215s  138,469,452,600 steps   705728 feasible sets         0 orders tried  current cost 5
    W_14: 61230s  138,503,977,600 steps   705908 feasible sets         0 orders tried  current cost 5
    W_14: 61245s  138,539,021,600 steps   706095 feasible sets         0 orders tried  current cost 13
    W_14: 61260s  138,573,586,800 steps   706285 feasible sets         0 orders tried  current cost 8
    W_14: 61275s  138,608,467,400 steps   706443 feasible sets         0 orders tried  current cost 9
    W_14: 61290s  138,643,547,800 steps   706636 feasible sets         0 orders tried  current cost 4
    W_14: 61305s  138,678,183,600 steps   706813 feasible sets         0 orders tried  current cost 13
    W_14: 61320s  138,712,850,200 steps   706989 feasible sets         0 orders tried  current cost 3
    W_14: 61335s  138,747,803,800 steps   707151 feasible sets         0 orders tried  current cost 9
    W_14: 61350s  138,782,389,400 steps   707312 feasible sets         0 orders tried  current cost 5
    W_14: 61365s  138,817,145,200 steps   707492 feasible sets         0 orders tried  current cost 5
    W_14: 61380s  138,851,618,200 steps   707653 feasible sets         0 orders tried  current cost 4
    W_14: 61395s  138,886,581,400 steps   707813 feasible sets         0 orders tried  current cost 12
    W_14: 61410s  138,921,712,000 steps   708013 feasible sets         0 orders tried  current cost 3
    W_14: 61425s  138,956,645,800 steps   708205 feasible sets         0 orders tried  current cost 7
    W_14: 61440s  138,991,717,600 steps   708400 feasible sets         0 orders tried  current cost 3
    W_14: 61455s  139,026,289,800 steps   708561 feasible sets         0 orders tried  current cost 8
    W_14: 61470s  139,060,884,200 steps   708711 feasible sets         0 orders tried  current cost 7
    W_14: 61485s  139,095,430,600 steps   708893 feasible sets         0 orders tried  current cost 4
    W_14: 61500s  139,130,447,000 steps   709065 feasible sets         0 orders tried  current cost 7
    W_14: 61515s  139,165,072,800 steps   709258 feasible sets         0 orders tried  current cost 3
    W_14: 61530s  139,200,019,600 steps   709460 feasible sets         0 orders tried  current cost 4
    W_14: 61545s  139,234,858,400 steps   709657 feasible sets         0 orders tried  current cost 2
    W_14: 61560s  139,270,101,600 steps   709881 feasible sets         0 orders tried  current cost 11
    W_14: 61575s  139,305,179,400 steps   710091 feasible sets         0 orders tried  current cost 1
    W_14: 61590s  139,339,467,800 steps   710311 feasible sets         0 orders tried  current cost 1
    W_14: 61605s  139,374,205,400 steps   710513 feasible sets         0 orders tried  current cost 9
    W_14: 61620s  139,408,759,400 steps   710663 feasible sets         0 orders tried  current cost 4
    W_14: 61635s  139,443,687,000 steps   710826 feasible sets         0 orders tried  current cost 7
    W_14: 61650s  139,478,435,800 steps   710988 feasible sets         0 orders tried  current cost 1
    W_14: 61665s  139,513,102,600 steps   711164 feasible sets         0 orders tried  current cost 9
    W_14: 61680s  139,547,758,600 steps   711341 feasible sets         0 orders tried  current cost 3
    W_14: 61695s  139,582,576,400 steps   711502 feasible sets         0 orders tried  current cost 3
    W_14: 61710s  139,617,075,800 steps   711679 feasible sets         0 orders tried  current cost 3
    W_14: 61725s  139,651,930,800 steps   711878 feasible sets         0 orders tried  current cost 5
    W_14: 61740s  139,686,380,800 steps   712033 feasible sets         0 orders tried  current cost 12
    W_14: 61755s  139,721,297,200 steps   712206 feasible sets         0 orders tried  current cost 3
    W_14: 61770s  139,756,480,600 steps   712439 feasible sets         0 orders tried  current cost 12
    W_14: 61785s  139,791,644,000 steps   712614 feasible sets         0 orders tried  current cost 10
    W_14: 61800s  139,826,538,600 steps   712772 feasible sets         0 orders tried  current cost 4
    W_14: 61815s  139,861,790,200 steps   712944 feasible sets         0 orders tried  current cost 5
    W_14: 61830s  139,896,089,600 steps   713113 feasible sets         0 orders tried  current cost 2
    W_14: 61845s  139,930,465,800 steps   713269 feasible sets         0 orders tried  current cost 8
    W_14: 61860s  139,965,464,800 steps   713472 feasible sets         0 orders tried  current cost 8
    W_14: 61875s  140,000,489,200 steps   713651 feasible sets         0 orders tried  current cost 5
    W_14: 61890s  140,035,018,600 steps   713811 feasible sets         0 orders tried  current cost 3
    W_14: 61905s  140,069,497,000 steps   713966 feasible sets         0 orders tried  current cost 2
    W_14: 61920s  140,104,721,200 steps   714162 feasible sets         0 orders tried  current cost 13
    W_14: 61935s  140,139,461,600 steps   714375 feasible sets         0 orders tried  current cost 13
    W_14: 61950s  140,174,465,600 steps   714526 feasible sets         0 orders tried  current cost 8
    W_14: 61965s  140,209,038,000 steps   714680 feasible sets         0 orders tried  current cost 3
    W_14: 61980s  140,243,890,600 steps   714850 feasible sets         0 orders tried  current cost 6
    W_14: 61995s  140,278,970,000 steps   715005 feasible sets         0 orders tried  current cost 6
    W_14: 62010s  140,313,972,600 steps   715174 feasible sets         0 orders tried  current cost 4
    W_14: 62025s  140,348,966,800 steps   715381 feasible sets         0 orders tried  current cost 8
    W_14: 62040s  140,383,938,800 steps   715556 feasible sets         0 orders tried  current cost 4
    W_14: 62055s  140,419,008,800 steps   715764 feasible sets         0 orders tried  current cost 6
    W_14: 62070s  140,453,592,600 steps   715947 feasible sets         0 orders tried  current cost 4
    W_14: 62085s  140,488,402,400 steps   716119 feasible sets         0 orders tried  current cost 13
    W_14: 62100s  140,523,208,200 steps   716319 feasible sets         0 orders tried  current cost 4
    W_14: 62115s  140,558,090,000 steps   716496 feasible sets         0 orders tried  current cost 5
    W_14: 62130s  140,592,813,200 steps   716626 feasible sets         0 orders tried  current cost 3
    W_14: 62145s  140,627,760,200 steps   716818 feasible sets         0 orders tried  current cost 14
    W_14: 62160s  140,662,988,800 steps   716994 feasible sets         0 orders tried  current cost 6
    W_14: 62175s  140,697,743,600 steps   717199 feasible sets         0 orders tried  current cost 11
    W_14: 62190s  140,732,798,200 steps   717396 feasible sets         0 orders tried  current cost 3
    W_14: 62205s  140,767,032,000 steps   717548 feasible sets         0 orders tried  current cost 3
    W_14: 62220s  140,801,623,000 steps   717710 feasible sets         0 orders tried  current cost 12
    W_14: 62235s  140,836,466,000 steps   717897 feasible sets         0 orders tried  current cost 9
    W_14: 62250s  140,871,168,000 steps   718073 feasible sets         0 orders tried  current cost 5
    W_14: 62265s  140,906,028,200 steps   718256 feasible sets         0 orders tried  current cost 6
    W_14: 62280s  140,941,110,800 steps   718436 feasible sets         0 orders tried  current cost 2
    W_14: 62295s  140,975,507,600 steps   718587 feasible sets         0 orders tried  current cost 7
    W_14: 62310s  141,010,212,800 steps   718799 feasible sets         0 orders tried  current cost 4
    W_14: 62325s  141,044,979,400 steps   718952 feasible sets         0 orders tried  current cost 4
    W_14: 62340s  141,079,793,600 steps   719122 feasible sets         0 orders tried  current cost 2
    W_14: 62355s  141,114,216,200 steps   719289 feasible sets         0 orders tried  current cost 3
    W_14: 62370s  141,148,944,200 steps   719451 feasible sets         0 orders tried  current cost 8
    W_14: 62385s  141,183,889,800 steps   719607 feasible sets         0 orders tried  current cost 4
    W_14: 62400s  141,218,578,400 steps   719820 feasible sets         0 orders tried  current cost 2
    W_14: 62415s  141,253,212,200 steps   720006 feasible sets         0 orders tried  current cost 3
    W_14: 62430s  141,288,836,800 steps   720206 feasible sets         0 orders tried  current cost 3
    W_14: 62445s  141,323,325,000 steps   720379 feasible sets         0 orders tried  current cost 6
    W_14: 62460s  141,358,172,000 steps   720569 feasible sets         0 orders tried  current cost 1
    W_14: 62475s  141,392,864,000 steps   720784 feasible sets         0 orders tried  current cost 15
    W_14: 62490s  141,427,888,600 steps   720969 feasible sets         0 orders tried  current cost 6
    W_14: 62505s  141,462,628,600 steps   721123 feasible sets         0 orders tried  current cost 3
    W_14: 62520s  141,497,301,600 steps   721271 feasible sets         0 orders tried  current cost 14
    W_14: 62535s  141,531,676,800 steps   721413 feasible sets         0 orders tried  current cost 3
    W_14: 62550s  141,566,593,400 steps   721569 feasible sets         0 orders tried  current cost 2
    W_14: 62565s  141,601,360,800 steps   721780 feasible sets         0 orders tried  current cost 10
    W_14: 62580s  141,636,280,600 steps   721939 feasible sets         0 orders tried  current cost 8
    W_14: 62595s  141,671,198,200 steps   722119 feasible sets         0 orders tried  current cost 3
    W_14: 62610s  141,706,127,400 steps   722277 feasible sets         0 orders tried  current cost 6
    W_14: 62625s  141,740,784,000 steps   722452 feasible sets         0 orders tried  current cost 12
    W_14: 62640s  141,775,268,200 steps   722604 feasible sets         0 orders tried  current cost 2
    W_14: 62655s  141,810,100,200 steps   722775 feasible sets         0 orders tried  current cost 7
    W_14: 62670s  141,845,085,800 steps   722976 feasible sets         0 orders tried  current cost 8
    W_14: 62685s  141,880,050,000 steps   723147 feasible sets         0 orders tried  current cost 3
    W_14: 62700s  141,914,814,200 steps   723336 feasible sets         0 orders tried  current cost 1
    W_14: 62715s  141,949,637,600 steps   723508 feasible sets         0 orders tried  current cost 4
    W_14: 62730s  141,984,850,800 steps   723713 feasible sets         0 orders tried  current cost 5
    W_14: 62745s  142,019,943,400 steps   723874 feasible sets         0 orders tried  current cost 6
    W_14: 62760s  142,054,994,200 steps   724070 feasible sets         0 orders tried  current cost 3
    W_14: 62775s  142,089,931,600 steps   724214 feasible sets         0 orders tried  current cost 2
    W_14: 62790s  142,124,557,000 steps   724401 feasible sets         0 orders tried  current cost 4
    W_14: 62805s  142,159,966,200 steps   724576 feasible sets         0 orders tried  current cost 10
    W_14: 62820s  142,194,990,600 steps   724793 feasible sets         0 orders tried  current cost 3
    W_14: 62835s  142,229,896,000 steps   724972 feasible sets         0 orders tried  current cost 4
    W_14: 62850s  142,264,821,800 steps   725165 feasible sets         0 orders tried  current cost 8
    W_14: 62865s  142,299,798,400 steps   725348 feasible sets         0 orders tried  current cost 3
    W_14: 62880s  142,334,684,800 steps   725503 feasible sets         0 orders tried  current cost 8
    W_14: 62895s  142,369,818,800 steps   725711 feasible sets         0 orders tried  current cost 4
    W_14: 62910s  142,404,937,000 steps   725879 feasible sets         0 orders tried  current cost 4
    W_14: 62925s  142,439,810,200 steps   726044 feasible sets         0 orders tried  current cost 4
    W_14: 62940s  142,474,698,400 steps   726201 feasible sets         0 orders tried  current cost 4
    W_14: 62955s  142,510,005,400 steps   726385 feasible sets         0 orders tried  current cost 6
    W_14: 62970s  142,544,764,800 steps   726571 feasible sets         0 orders tried  current cost 12
    W_14: 62985s  142,579,657,600 steps   726754 feasible sets         0 orders tried  current cost 3
    W_14: 63000s  142,614,657,200 steps   726907 feasible sets         0 orders tried  current cost 2
    W_14: 63015s  142,649,655,800 steps   727072 feasible sets         0 orders tried  current cost 4
    W_14: 63030s  142,684,509,000 steps   727218 feasible sets         0 orders tried  current cost 3
    W_14: 63045s  142,719,233,200 steps   727414 feasible sets         0 orders tried  current cost 5
    W_14: 63060s  142,753,773,200 steps   727594 feasible sets         0 orders tried  current cost 3
    W_14: 63075s  142,786,979,200 steps   727807 feasible sets         0 orders tried  current cost 3
    W_14: 63090s  142,821,088,600 steps   727969 feasible sets         0 orders tried  current cost 5
    W_14: 63105s  142,855,078,400 steps   728184 feasible sets         0 orders tried  current cost 2
    W_14: 63120s  142,889,152,200 steps   728382 feasible sets         0 orders tried  current cost 3
    W_14: 63135s  142,922,884,200 steps   728533 feasible sets         0 orders tried  current cost 6
    W_14: 63150s  142,956,580,400 steps   728744 feasible sets         0 orders tried  current cost 14
    W_14: 63165s  142,990,824,400 steps   728946 feasible sets         0 orders tried  current cost 8
    W_14: 63180s  143,024,997,400 steps   729142 feasible sets         0 orders tried  current cost 2
    W_14: 63195s  143,058,783,600 steps   729316 feasible sets         0 orders tried  current cost 11
    W_14: 63210s  143,093,358,600 steps   729497 feasible sets         0 orders tried  current cost 3
    W_14: 63225s  143,127,037,800 steps   729680 feasible sets         0 orders tried  current cost 1
    W_14: 63240s  143,161,115,400 steps   729836 feasible sets         0 orders tried  current cost 3
    W_14: 63255s  143,195,005,200 steps   730015 feasible sets         0 orders tried  current cost 8
    W_14: 63270s  143,227,393,200 steps   730150 feasible sets         0 orders tried  current cost 3
    W_14: 63285s  143,260,852,600 steps   730330 feasible sets         0 orders tried  current cost 1
    W_14: 63300s  143,294,077,400 steps   730497 feasible sets         0 orders tried  current cost 3
    W_14: 63315s  143,328,679,000 steps   730673 feasible sets         0 orders tried  current cost 3
    W_14: 63330s  143,363,919,200 steps   730855 feasible sets         0 orders tried  current cost 1
    W_14: 63345s  143,398,779,200 steps   731030 feasible sets         0 orders tried  current cost 2
    W_14: 63360s  143,433,556,000 steps   731219 feasible sets         0 orders tried  current cost 5
    W_14: 63375s  143,468,522,000 steps   731381 feasible sets         0 orders tried  current cost 15
    W_14: 63390s  143,503,225,200 steps   731563 feasible sets         0 orders tried  current cost 9
    W_14: 63405s  143,538,119,000 steps   731734 feasible sets         0 orders tried  current cost 2
    W_14: 63420s  143,572,752,800 steps   731901 feasible sets         0 orders tried  current cost 4
    W_14: 63435s  143,607,568,400 steps   732097 feasible sets         0 orders tried  current cost 4
    W_14: 63450s  143,642,164,000 steps   732265 feasible sets         0 orders tried  current cost 11
    W_14: 63465s  143,676,798,800 steps   732464 feasible sets         0 orders tried  current cost 4
    W_14: 63480s  143,711,783,800 steps   732642 feasible sets         0 orders tried  current cost 11
    W_14: 63495s  143,746,785,000 steps   732804 feasible sets         0 orders tried  current cost 10
    W_14: 63510s  143,781,464,400 steps   732957 feasible sets         0 orders tried  current cost 10
    W_14: 63525s  143,817,132,000 steps   733175 feasible sets         0 orders tried  current cost 5
    W_14: 63540s  143,852,183,400 steps   733360 feasible sets         0 orders tried  current cost 10
    W_14: 63555s  143,887,054,800 steps   733574 feasible sets         0 orders tried  current cost 4
    W_14: 63570s  143,922,046,000 steps   733715 feasible sets         0 orders tried  current cost 9
    W_14: 63585s  143,956,546,000 steps   733879 feasible sets         0 orders tried  current cost 9
    W_14: 63600s  143,991,138,000 steps   734057 feasible sets         0 orders tried  current cost 4
    W_14: 63615s  144,026,087,000 steps   734237 feasible sets         0 orders tried  current cost 13
    W_14: 63630s  144,060,759,200 steps   734403 feasible sets         0 orders tried  current cost 3
    W_14: 63645s  144,095,548,200 steps   734614 feasible sets         0 orders tried  current cost 8
    W_14: 63660s  144,130,169,600 steps   734834 feasible sets         0 orders tried  current cost 6
    W_14: 63675s  144,164,856,800 steps   735064 feasible sets         0 orders tried  current cost 5
    W_14: 63690s  144,199,025,400 steps   735221 feasible sets         0 orders tried  current cost 7
    W_14: 63705s  144,233,157,200 steps   735392 feasible sets         0 orders tried  current cost 1
    W_14: 63720s  144,267,982,200 steps   735580 feasible sets         0 orders tried  current cost 14
    W_14: 63735s  144,302,879,200 steps   735747 feasible sets         0 orders tried  current cost 2
    W_14: 63750s  144,338,288,000 steps   735930 feasible sets         0 orders tried  current cost 7
    W_14: 63765s  144,372,928,400 steps   736096 feasible sets         0 orders tried  current cost 3
    W_14: 63780s  144,407,685,800 steps   736264 feasible sets         0 orders tried  current cost 13
    W_14: 63795s  144,442,784,000 steps   736407 feasible sets         0 orders tried  current cost 10
    W_14: 63810s  144,477,655,200 steps   736612 feasible sets         0 orders tried  current cost 3
    W_14: 63825s  144,512,533,800 steps   736779 feasible sets         0 orders tried  current cost 4
    W_14: 63840s  144,547,277,800 steps   736922 feasible sets         0 orders tried  current cost 4
    W_14: 63855s  144,582,319,600 steps   737133 feasible sets         0 orders tried  current cost 3
    W_14: 63870s  144,617,105,600 steps   737289 feasible sets         0 orders tried  current cost 8
    W_14: 63885s  144,651,382,000 steps   737482 feasible sets         0 orders tried  current cost 7
    W_14: 63900s  144,686,526,200 steps   737677 feasible sets         0 orders tried  current cost 6
    W_14: 63915s  144,721,897,200 steps   737857 feasible sets         0 orders tried  current cost 1
    W_14: 63930s  144,757,044,200 steps   738017 feasible sets         0 orders tried  current cost 12
    W_14: 63945s  144,791,636,400 steps   738165 feasible sets         0 orders tried  current cost 2
    W_14: 63960s  144,826,422,600 steps   738346 feasible sets         0 orders tried  current cost 18
    W_14: 63975s  144,861,021,400 steps   738527 feasible sets         0 orders tried  current cost 18
    W_14: 63990s  144,895,472,600 steps   738701 feasible sets         0 orders tried  current cost 4
    W_14: 64005s  144,930,324,200 steps   738851 feasible sets         0 orders tried  current cost 11
    W_14: 64020s  144,965,176,400 steps   739009 feasible sets         0 orders tried  current cost 2
    W_14: 64035s  145,000,077,400 steps   739176 feasible sets         0 orders tried  current cost 4
    W_14: 64050s  145,034,943,600 steps   739340 feasible sets         0 orders tried  current cost 10
    W_14: 64065s  145,069,803,000 steps   739569 feasible sets         0 orders tried  current cost 18
    W_14: 64080s  145,104,664,000 steps   739753 feasible sets         0 orders tried  current cost 10
    W_14: 64095s  145,139,729,400 steps   739951 feasible sets         0 orders tried  current cost 4
    W_14: 64110s  145,175,095,200 steps   740122 feasible sets         0 orders tried  current cost 1
    W_14: 64125s  145,209,736,800 steps   740302 feasible sets         0 orders tried  current cost 3
    W_14: 64140s  145,244,170,400 steps   740484 feasible sets         0 orders tried  current cost 6
    W_14: 64155s  145,279,116,200 steps   740631 feasible sets         0 orders tried  current cost 2
    W_14: 64170s  145,313,917,200 steps   740810 feasible sets         0 orders tried  current cost 2
    W_14: 64185s  145,348,506,600 steps   741004 feasible sets         0 orders tried  current cost 5
    W_14: 64200s  145,383,124,000 steps   741149 feasible sets         0 orders tried  current cost 8
    W_14: 64215s  145,417,511,400 steps   741318 feasible sets         0 orders tried  current cost 5
    W_14: 64230s  145,452,061,200 steps   741523 feasible sets         0 orders tried  current cost 14
    W_14: 64245s  145,486,684,000 steps   741677 feasible sets         0 orders tried  current cost 11
    W_14: 64260s  145,521,443,200 steps   741834 feasible sets         0 orders tried  current cost 11
    W_14: 64275s  145,556,077,800 steps   742030 feasible sets         0 orders tried  current cost 3
    W_14: 64290s  145,590,600,600 steps   742211 feasible sets         0 orders tried  current cost 13
    W_14: 64305s  145,625,267,000 steps   742423 feasible sets         0 orders tried  current cost 9
    W_14: 64320s  145,659,003,400 steps   742588 feasible sets         0 orders tried  current cost 9
    W_14: 64335s  145,692,838,800 steps   742737 feasible sets         0 orders tried  current cost 2
    W_14: 64350s  145,726,022,800 steps   742894 feasible sets         0 orders tried  current cost 15
    W_14: 64365s  145,759,245,600 steps   743052 feasible sets         0 orders tried  current cost 8
    W_14: 64380s  145,792,828,200 steps   743235 feasible sets         0 orders tried  current cost 5
    W_14: 64395s  145,826,197,600 steps   743405 feasible sets         0 orders tried  current cost 2
    W_14: 64410s  145,860,493,400 steps   743594 feasible sets         0 orders tried  current cost 4
    W_14: 64425s  145,894,157,800 steps   743784 feasible sets         0 orders tried  current cost 2
    W_14: 64440s  145,926,618,800 steps   743971 feasible sets         0 orders tried  current cost 4
    W_14: 64455s  145,960,808,600 steps   744104 feasible sets         0 orders tried  current cost 4
    W_14: 64470s  145,994,776,000 steps   744277 feasible sets         0 orders tried  current cost 4
    W_14: 64485s  146,028,861,000 steps   744448 feasible sets         0 orders tried  current cost 18
    W_14: 64500s  146,062,806,400 steps   744584 feasible sets         0 orders tried  current cost 7
    W_14: 64515s  146,097,199,000 steps   744765 feasible sets         0 orders tried  current cost 2
    W_14: 64530s  146,131,157,600 steps   744888 feasible sets         0 orders tried  current cost 3
    W_14: 64545s  146,164,722,400 steps   745065 feasible sets         0 orders tried  current cost 12
    W_14: 64560s  146,198,578,800 steps   745239 feasible sets         0 orders tried  current cost 2
    W_14: 64575s  146,232,346,200 steps   745433 feasible sets         0 orders tried  current cost 8
    W_14: 64590s  146,266,808,200 steps   745606 feasible sets         0 orders tried  current cost 4
    W_14: 64605s  146,301,666,000 steps   745779 feasible sets         0 orders tried  current cost 10
    W_14: 64620s  146,335,683,400 steps   745979 feasible sets         0 orders tried  current cost 13
    W_14: 64635s  146,368,521,000 steps   746138 feasible sets         0 orders tried  current cost 17
    W_14: 64650s  146,402,843,000 steps   746322 feasible sets         0 orders tried  current cost 11
    W_14: 64665s  146,437,433,000 steps   746528 feasible sets         0 orders tried  current cost 3
    W_14: 64680s  146,471,518,400 steps   746716 feasible sets         0 orders tried  current cost 4
    W_14: 64695s  146,506,035,200 steps   746898 feasible sets         0 orders tried  current cost 2
    W_14: 64710s  146,540,841,800 steps   747073 feasible sets         0 orders tried  current cost 11
    W_14: 64725s  146,574,990,000 steps   747294 feasible sets         0 orders tried  current cost 5
    W_14: 64740s  146,609,707,000 steps   747447 feasible sets         0 orders tried  current cost 6
    W_14: 64755s  146,644,401,000 steps   747619 feasible sets         0 orders tried  current cost 10
    W_14: 64770s  146,678,624,000 steps   747770 feasible sets         0 orders tried  current cost 11
    W_14: 64785s  146,712,161,400 steps   747940 feasible sets         0 orders tried  current cost 12
seed=8, time limit 64800s per wheel

W_14  not found   64800s, 748102 feasible sets, 0 orders tried

0/1 wheels solved and independently verified.
A wheel not solved here is undecided, not shown to be impossible: this search is incomplete by design.
