    W_14:    15s  34,287,000 steps      166 feasible sets         0 orders tried  current cost 6
    W_14:    30s  69,191,800 steps      296 feasible sets         0 orders tried  current cost 5
    W_14:    45s  103,866,200 steps      464 feasible sets         0 orders tried  current cost 9
    W_14:    60s  138,042,600 steps      679 feasible sets         0 orders tried  current cost 8
    W_14:    75s  171,788,200 steps      858 feasible sets         0 orders tried  current cost 5
    W_14:    90s  205,866,000 steps     1014 feasible sets         0 orders tried  current cost 6
    W_14:   105s  240,296,000 steps     1199 feasible sets         0 orders tried  current cost 2
    W_14:   120s  274,409,200 steps     1346 feasible sets         0 orders tried  current cost 6
    W_14:   135s  304,172,800 steps     1529 feasible sets         0 orders tried  current cost 3
    W_14:   150s  322,197,400 steps     1610 feasible sets         0 orders tried  current cost 1
    W_14:   165s  355,600,200 steps     1769 feasible sets         0 orders tried  current cost 9
    W_14:   180s  389,650,000 steps     1990 feasible sets         0 orders tried  current cost 4
    W_14:   195s  423,901,600 steps     2151 feasible sets         0 orders tried  current cost 10
    W_14:   210s  457,845,400 steps     2285 feasible sets         0 orders tried  current cost 4
    W_14:   225s  491,909,800 steps     2455 feasible sets         0 orders tried  current cost 5
    W_14:   240s  525,867,200 steps     2634 feasible sets         0 orders tried  current cost 5
    W_14:   255s  560,116,400 steps     2788 feasible sets         0 orders tried  current cost 4
    W_14:   270s  594,211,400 steps     2989 feasible sets         0 orders tried  current cost 3
    W_14:   285s  628,272,400 steps     3146 feasible sets         0 orders tried  current cost 4
    W_14:   300s  662,428,800 steps     3319 feasible sets         0 orders tried  current cost 6
    W_14:   315s  696,530,600 steps     3520 feasible sets         0 orders tried  current cost 3
    W_14:   330s  730,993,200 steps     3697 feasible sets         0 orders tried  current cost 3
    W_14:   345s  765,159,000 steps     3883 feasible sets         0 orders tried  current cost 3
    W_14:   360s  799,383,400 steps     4052 feasible sets         0 orders tried  current cost 10
    W_14:   375s  833,577,200 steps     4190 feasible sets         0 orders tried  current cost 3
    W_14:   390s  868,161,600 steps     4375 feasible sets         0 orders tried  current cost 14
    W_14:   405s  902,458,800 steps     4548 feasible sets         0 orders tried  current cost 2
    W_14:   420s  936,872,200 steps     4745 feasible sets         0 orders tried  current cost 3
    W_14:   435s  971,267,200 steps     4886 feasible sets         0 orders tried  current cost 7
    W_14:   450s  1,005,233,600 steps     5009 feasible sets         0 orders tried  current cost 4
    W_14:   465s  1,039,973,200 steps     5195 feasible sets         0 orders tried  current cost 3
    W_14:   480s  1,074,104,400 steps     5357 feasible sets         0 orders tried  current cost 9
    W_14:   495s  1,108,032,200 steps     5517 feasible sets         0 orders tried  current cost 2
    W_14:   510s  1,142,184,400 steps     5668 feasible sets         0 orders tried  current cost 8
    W_14:   525s  1,176,377,200 steps     5841 feasible sets         0 orders tried  current cost 3
    W_14:   540s  1,210,519,600 steps     6012 feasible sets         0 orders tried  current cost 3
    W_14:   555s  1,244,784,400 steps     6180 feasible sets         0 orders tried  current cost 11
    W_14:   570s  1,278,683,200 steps     6351 feasible sets         0 orders tried  current cost 8
    W_14:   585s  1,312,156,400 steps     6511 feasible sets         0 orders tried  current cost 4
    W_14:   600s  1,346,372,600 steps     6687 feasible sets         0 orders tried  current cost 4
    W_14:   615s  1,380,760,200 steps     6846 feasible sets         0 orders tried  current cost 12
    W_14:   630s  1,414,948,000 steps     7016 feasible sets         0 orders tried  current cost 8
    W_14:   645s  1,448,997,200 steps     7222 feasible sets         0 orders tried  current cost 4
    W_14:   660s  1,483,213,200 steps     7374 feasible sets         0 orders tried  current cost 7
    W_14:   675s  1,517,251,000 steps     7527 feasible sets         0 orders tried  current cost 5
    W_14:   690s  1,551,586,200 steps     7725 feasible sets         0 orders tried  current cost 8
    W_14:   705s  1,585,356,000 steps     7906 feasible sets         0 orders tried  current cost 4
    W_14:   720s  1,619,045,800 steps     8093 feasible sets         0 orders tried  current cost 7
    W_14:   735s  1,653,196,200 steps     8317 feasible sets         0 orders tried  current cost 2
    W_14:   750s  1,687,163,000 steps     8511 feasible sets         0 orders tried  current cost 7
    W_14:   765s  1,721,229,200 steps     8693 feasible sets         0 orders tried  current cost 3
    W_14:   780s  1,755,009,600 steps     8882 feasible sets         0 orders tried  current cost 4
    W_14:   795s  1,788,802,200 steps     9052 feasible sets         0 orders tried  current cost 10
    W_14:   810s  1,822,622,000 steps     9211 feasible sets         0 orders tried  current cost 16
    W_14:   825s  1,854,539,000 steps     9412 feasible sets         0 orders tried  current cost 5
    W_14:   840s  1,874,778,000 steps     9537 feasible sets         0 orders tried  current cost 3
    W_14:   855s  1,908,596,000 steps     9743 feasible sets         0 orders tried  current cost 1
    W_14:   870s  1,942,682,400 steps     9913 feasible sets         0 orders tried  current cost 12
    W_14:   885s  1,977,007,600 steps    10096 feasible sets         0 orders tried  current cost 5
    W_14:   900s  2,010,788,400 steps    10250 feasible sets         0 orders tried  current cost 7
    W_14:   915s  2,045,016,800 steps    10425 feasible sets         0 orders tried  current cost 2
    W_14:   930s  2,079,054,000 steps    10579 feasible sets         0 orders tried  current cost 3
    W_14:   945s  2,113,425,200 steps    10774 feasible sets         0 orders tried  current cost 8
    W_14:   960s  2,147,567,000 steps    10925 feasible sets         0 orders tried  current cost 7
    W_14:   975s  2,181,800,600 steps    11075 feasible sets         0 orders tried  current cost 9
    W_14:   990s  2,215,871,400 steps    11261 feasible sets         0 orders tried  current cost 2
    W_14:  1005s  2,250,050,400 steps    11460 feasible sets         0 orders tried  current cost 4
    W_14:  1020s  2,284,328,400 steps    11632 feasible sets         0 orders tried  current cost 4
    W_14:  1035s  2,318,445,800 steps    11846 feasible sets         0 orders tried  current cost 6
    W_14:  1050s  2,352,466,600 steps    12010 feasible sets         0 orders tried  current cost 9
    W_14:  1065s  2,386,838,200 steps    12206 feasible sets         0 orders tried  current cost 2
    W_14:  1080s  2,420,830,400 steps    12389 feasible sets         0 orders tried  current cost 5
    W_14:  1095s  2,455,147,000 steps    12571 feasible sets         0 orders tried  current cost 7
    W_14:  1110s  2,489,503,600 steps    12757 feasible sets         0 orders tried  current cost 8
    W_14:  1125s  2,523,667,000 steps    12930 feasible sets         0 orders tried  current cost 4
    W_14:  1140s  2,557,894,400 steps    13111 feasible sets         0 orders tried  current cost 2
    W_14:  1155s  2,592,281,200 steps    13285 feasible sets         0 orders tried  current cost 14
    W_14:  1170s  2,626,774,800 steps    13454 feasible sets         0 orders tried  current cost 1
    W_14:  1185s  2,661,041,400 steps    13647 feasible sets         0 orders tried  current cost 9
    W_14:  1200s  2,695,259,800 steps    13820 feasible sets         0 orders tried  current cost 2
    W_14:  1215s  2,729,375,000 steps    13963 feasible sets         0 orders tried  current cost 2
    W_14:  1230s  2,763,645,800 steps    14111 feasible sets         0 orders tried  current cost 8
    W_14:  1245s  2,797,811,200 steps    14300 feasible sets         0 orders tried  current cost 4
    W_14:  1260s  2,832,073,000 steps    14479 feasible sets         0 orders tried  current cost 3
    W_14:  1275s  2,866,055,400 steps    14672 feasible sets         0 orders tried  current cost 2
    W_14:  1290s  2,900,324,200 steps    14835 feasible sets         0 orders tried  current cost 14
    W_14:  1305s  2,934,570,400 steps    15004 feasible sets         0 orders tried  current cost 4
    W_14:  1320s  2,968,492,800 steps    15180 feasible sets         0 orders tried  current cost 2
    W_14:  1335s  3,002,889,800 steps    15364 feasible sets         0 orders tried  current cost 5
    W_14:  1350s  3,035,401,600 steps    15533 feasible sets         0 orders tried  current cost 10
    W_14:  1365s  3,067,970,000 steps    15705 feasible sets         0 orders tried  current cost 5
    W_14:  1380s  3,101,974,000 steps    15893 feasible sets         0 orders tried  current cost 3
    W_14:  1395s  3,135,848,600 steps    16074 feasible sets         0 orders tried  current cost 4
    W_14:  1410s  3,169,724,800 steps    16262 feasible sets         0 orders tried  current cost 8
    W_14:  1425s  3,202,609,200 steps    16468 feasible sets         0 orders tried  current cost 3
    W_14:  1440s  3,236,193,000 steps    16629 feasible sets         0 orders tried  current cost 5
    W_14:  1455s  3,269,988,000 steps    16821 feasible sets         0 orders tried  current cost 3
    W_14:  1470s  3,304,530,200 steps    17005 feasible sets         0 orders tried  current cost 6
    W_14:  1485s  3,339,020,400 steps    17170 feasible sets         0 orders tried  current cost 14
    W_14:  1500s  3,372,701,400 steps    17324 feasible sets         0 orders tried  current cost 15
    W_14:  1515s  3,400,576,200 steps    17461 feasible sets         0 orders tried  current cost 4
    W_14:  1530s  3,415,438,000 steps    17529 feasible sets         0 orders tried  current cost 2
    W_14:  1545s  3,449,411,400 steps    17714 feasible sets         0 orders tried  current cost 2
    W_14:  1560s  3,483,568,600 steps    17919 feasible sets         0 orders tried  current cost 4
    W_14:  1575s  3,518,084,200 steps    18092 feasible sets         0 orders tried  current cost 11
    W_14:  1590s  3,552,669,000 steps    18265 feasible sets         0 orders tried  current cost 1
    W_14:  1605s  3,587,154,200 steps    18448 feasible sets         0 orders tried  current cost 3
    W_14:  1620s  3,621,405,400 steps    18592 feasible sets         0 orders tried  current cost 9
    W_14:  1635s  3,655,671,800 steps    18803 feasible sets         0 orders tried  current cost 2
    W_14:  1650s  3,690,061,800 steps    19016 feasible sets         0 orders tried  current cost 17
    W_14:  1665s  3,724,053,000 steps    19156 feasible sets         0 orders tried  current cost 5
    W_14:  1680s  3,758,592,200 steps    19307 feasible sets         0 orders tried  current cost 5
    W_14:  1695s  3,792,959,600 steps    19488 feasible sets         0 orders tried  current cost 1
    W_14:  1710s  3,826,981,800 steps    19670 feasible sets         0 orders tried  current cost 11
    W_14:  1725s  3,860,750,400 steps    19825 feasible sets         0 orders tried  current cost 5
    W_14:  1740s  3,894,921,400 steps    20011 feasible sets         0 orders tried  current cost 12
    W_14:  1755s  3,929,155,400 steps    20206 feasible sets         0 orders tried  current cost 4
    W_14:  1770s  3,963,544,200 steps    20383 feasible sets         0 orders tried  current cost 11
    W_14:  1785s  3,997,605,800 steps    20554 feasible sets         0 orders tried  current cost 8
    W_14:  1800s  4,031,843,200 steps    20732 feasible sets         0 orders tried  current cost 9
    W_14:  1815s  4,066,039,800 steps    20914 feasible sets         0 orders tried  current cost 3
    W_14:  1830s  4,100,358,400 steps    21076 feasible sets         0 orders tried  current cost 2
    W_14:  1845s  4,134,449,200 steps    21229 feasible sets         0 orders tried  current cost 4
    W_14:  1860s  4,168,608,400 steps    21390 feasible sets         0 orders tried  current cost 2
    W_14:  1875s  4,202,846,800 steps    21539 feasible sets         0 orders tried  current cost 9
    W_14:  1890s  4,237,084,200 steps    21701 feasible sets         0 orders tried  current cost 14
    W_14:  1905s  4,270,851,600 steps    21874 feasible sets         0 orders tried  current cost 3
    W_14:  1920s  4,304,987,600 steps    22047 feasible sets         0 orders tried  current cost 8
    W_14:  1935s  4,338,956,400 steps    22239 feasible sets         0 orders tried  current cost 1
    W_14:  1950s  4,373,165,600 steps    22419 feasible sets         0 orders tried  current cost 4
    W_14:  1965s  4,407,663,000 steps    22595 feasible sets         0 orders tried  current cost 12
    W_14:  1980s  4,442,201,800 steps    22797 feasible sets         0 orders tried  current cost 9
    W_14:  1995s  4,476,358,000 steps    22964 feasible sets         0 orders tried  current cost 3
    W_14:  2010s  4,510,770,600 steps    23082 feasible sets         0 orders tried  current cost 4
    W_14:  2025s  4,544,800,400 steps    23253 feasible sets         0 orders tried  current cost 18
    W_14:  2040s  4,579,217,000 steps    23445 feasible sets         0 orders tried  current cost 1
    W_14:  2055s  4,613,628,000 steps    23625 feasible sets         0 orders tried  current cost 5
    W_14:  2070s  4,648,001,000 steps    23780 feasible sets         0 orders tried  current cost 9
    W_14:  2085s  4,682,372,000 steps    23964 feasible sets         0 orders tried  current cost 3
    W_14:  2100s  4,716,758,600 steps    24134 feasible sets         0 orders tried  current cost 4
    W_14:  2115s  4,750,866,200 steps    24348 feasible sets         0 orders tried  current cost 9
    W_14:  2130s  4,784,952,400 steps    24521 feasible sets         0 orders tried  current cost 1
    W_14:  2145s  4,819,070,000 steps    24668 feasible sets         0 orders tried  current cost 4
    W_14:  2160s  4,853,444,400 steps    24843 feasible sets         0 orders tried  current cost 12
    W_14:  2175s  4,887,694,200 steps    24983 feasible sets         0 orders tried  current cost 4
    W_14:  2190s  4,921,708,400 steps    25173 feasible sets         0 orders tried  current cost 7
    W_14:  2205s  4,954,262,600 steps    25351 feasible sets         0 orders tried  current cost 11
    W_14:  2220s  4,970,055,200 steps    25406 feasible sets         0 orders tried  current cost 3
    W_14:  2235s  5,003,276,000 steps    25562 feasible sets         0 orders tried  current cost 3
    W_14:  2250s  5,037,625,600 steps    25745 feasible sets         0 orders tried  current cost 8
    W_14:  2265s  5,072,171,200 steps    25963 feasible sets         0 orders tried  current cost 4
    W_14:  2280s  5,106,630,400 steps    26175 feasible sets         0 orders tried  current cost 5
    W_14:  2295s  5,141,147,000 steps    26355 feasible sets         0 orders tried  current cost 10
    W_14:  2310s  5,175,367,000 steps    26556 feasible sets         0 orders tried  current cost 5
    W_14:  2325s  5,209,902,000 steps    26728 feasible sets         0 orders tried  current cost 12
    W_14:  2340s  5,244,299,200 steps    26951 feasible sets         0 orders tried  current cost 3
    W_14:  2355s  5,278,576,400 steps    27115 feasible sets         0 orders tried  current cost 3
    W_14:  2370s  5,312,755,000 steps    27277 feasible sets         0 orders tried  current cost 5
    W_14:  2385s  5,347,171,400 steps    27487 feasible sets         0 orders tried  current cost 4
    W_14:  2400s  5,381,312,800 steps    27638 feasible sets         0 orders tried  current cost 3
    W_14:  2415s  5,415,619,200 steps    27813 feasible sets         0 orders tried  current cost 3
    W_14:  2430s  5,449,992,400 steps    28011 feasible sets         0 orders tried  current cost 2
    W_14:  2445s  5,484,298,800 steps    28171 feasible sets         0 orders tried  current cost 4
    W_14:  2460s  5,518,654,600 steps    28357 feasible sets         0 orders tried  current cost 2
    W_14:  2475s  5,552,978,800 steps    28573 feasible sets         0 orders tried  current cost 4
    W_14:  2490s  5,586,621,800 steps    28733 feasible sets         0 orders tried  current cost 20
    W_14:  2505s  5,620,870,000 steps    28915 feasible sets         0 orders tried  current cost 7
    W_14:  2520s  5,654,954,600 steps    29122 feasible sets         0 orders tried  current cost 3
    W_14:  2535s  5,689,094,000 steps    29316 feasible sets         0 orders tried  current cost 4
    W_14:  2550s  5,723,252,400 steps    29460 feasible sets         0 orders tried  current cost 4
    W_14:  2565s  5,757,174,200 steps    29642 feasible sets         0 orders tried  current cost 1
    W_14:  2580s  5,791,291,600 steps    29828 feasible sets         0 orders tried  current cost 5
    W_14:  2595s  5,825,698,200 steps    30008 feasible sets         0 orders tried  current cost 3
    W_14:  2610s  5,860,376,600 steps    30169 feasible sets         0 orders tried  current cost 3
    W_14:  2625s  5,895,075,200 steps    30329 feasible sets         0 orders tried  current cost 1
    W_14:  2640s  5,929,296,800 steps    30534 feasible sets         0 orders tried  current cost 3
    W_14:  2655s  5,963,683,200 steps    30727 feasible sets         0 orders tried  current cost 5
    W_14:  2670s  5,997,744,000 steps    30893 feasible sets         0 orders tried  current cost 11
    W_14:  2685s  6,031,997,600 steps    31076 feasible sets         0 orders tried  current cost 5
    W_14:  2700s  6,066,574,800 steps    31216 feasible sets         0 orders tried  current cost 2
    W_14:  2715s  6,100,667,400 steps    31387 feasible sets         0 orders tried  current cost 5
    W_14:  2730s  6,134,945,400 steps    31553 feasible sets         0 orders tried  current cost 8
    W_14:  2745s  6,169,075,200 steps    31733 feasible sets         0 orders tried  current cost 2
    W_14:  2760s  6,203,222,200 steps    31929 feasible sets         0 orders tried  current cost 9
    W_14:  2775s  6,237,402,600 steps    32103 feasible sets         0 orders tried  current cost 15
    W_14:  2790s  6,271,575,600 steps    32268 feasible sets         0 orders tried  current cost 2
    W_14:  2805s  6,305,811,400 steps    32430 feasible sets         0 orders tried  current cost 5
    W_14:  2820s  6,339,849,600 steps    32600 feasible sets         0 orders tried  current cost 4
    W_14:  2835s  6,373,972,000 steps    32734 feasible sets         0 orders tried  current cost 3
    W_14:  2850s  6,408,120,600 steps    32973 feasible sets         0 orders tried  current cost 16
    W_14:  2865s  6,442,165,600 steps    33166 feasible sets         0 orders tried  current cost 7
    W_14:  2880s  6,476,119,600 steps    33325 feasible sets         0 orders tried  current cost 5
    W_14:  2895s  6,510,296,400 steps    33522 feasible sets         0 orders tried  current cost 3
    W_14:  2910s  6,544,350,200 steps    33706 feasible sets         0 orders tried  current cost 3
    W_14:  2925s  6,578,468,200 steps    33881 feasible sets         0 orders tried  current cost 6
    W_14:  2940s  6,612,737,200 steps    34022 feasible sets         0 orders tried  current cost 4
    W_14:  2955s  6,647,109,600 steps    34219 feasible sets         0 orders tried  current cost 2
    W_14:  2970s  6,681,644,600 steps    34398 feasible sets         0 orders tried  current cost 9
    W_14:  2985s  6,715,843,000 steps    34600 feasible sets         0 orders tried  current cost 12
    W_14:  3000s  6,750,201,600 steps    34766 feasible sets         0 orders tried  current cost 13
    W_14:  3015s  6,784,142,600 steps    34964 feasible sets         0 orders tried  current cost 13
    W_14:  3030s  6,818,402,800 steps    35132 feasible sets         0 orders tried  current cost 9
    W_14:  3045s  6,852,425,400 steps    35324 feasible sets         0 orders tried  current cost 7
    W_14:  3060s  6,886,958,000 steps    35478 feasible sets         0 orders tried  current cost 3
    W_14:  3075s  6,921,345,200 steps    35638 feasible sets         0 orders tried  current cost 9
    W_14:  3090s  6,955,506,200 steps    35840 feasible sets         0 orders tried  current cost 9
    W_14:  3105s  6,989,445,200 steps    36031 feasible sets         0 orders tried  current cost 6
    W_14:  3120s  7,023,844,200 steps    36207 feasible sets         0 orders tried  current cost 10
    W_14:  3135s  7,057,683,600 steps    36399 feasible sets         0 orders tried  current cost 9
    W_14:  3150s  7,091,832,600 steps    36573 feasible sets         0 orders tried  current cost 3
    W_14:  3165s  7,126,102,000 steps    36759 feasible sets         0 orders tried  current cost 7
    W_14:  3180s  7,160,516,800 steps    36911 feasible sets         0 orders tried  current cost 2
    W_14:  3195s  7,194,608,400 steps    37081 feasible sets         0 orders tried  current cost 4
    W_14:  3210s  7,228,389,000 steps    37233 feasible sets         0 orders tried  current cost 6
    W_14:  3225s  7,262,457,200 steps    37432 feasible sets         0 orders tried  current cost 4
    W_14:  3240s  7,296,243,800 steps    37620 feasible sets         0 orders tried  current cost 8
    W_14:  3255s  7,330,365,800 steps    37821 feasible sets         0 orders tried  current cost 8
    W_14:  3270s  7,364,331,400 steps    37981 feasible sets         0 orders tried  current cost 3
    W_14:  3285s  7,398,509,200 steps    38146 feasible sets         0 orders tried  current cost 5
    W_14:  3300s  7,432,714,200 steps    38285 feasible sets         0 orders tried  current cost 2
    W_14:  3315s  7,467,052,600 steps    38514 feasible sets         0 orders tried  current cost 4
    W_14:  3330s  7,500,967,200 steps    38672 feasible sets         0 orders tried  current cost 5
    W_14:  3345s  7,535,200,200 steps    38849 feasible sets         0 orders tried  current cost 12
    W_14:  3360s  7,568,226,600 steps    39026 feasible sets         0 orders tried  current cost 8
    W_14:  3375s  7,584,662,800 steps    39104 feasible sets         0 orders tried  current cost 13
    W_14:  3390s  7,616,427,800 steps    39261 feasible sets         0 orders tried  current cost 8
    W_14:  3405s  7,649,396,400 steps    39411 feasible sets         0 orders tried  current cost 1
    W_14:  3420s  7,682,868,000 steps    39568 feasible sets         0 orders tried  current cost 6
    W_14:  3435s  7,716,184,200 steps    39748 feasible sets         0 orders tried  current cost 9
    W_14:  3450s  7,749,496,400 steps    39936 feasible sets         0 orders tried  current cost 4
    W_14:  3465s  7,783,011,800 steps    40120 feasible sets         0 orders tried  current cost 1
    W_14:  3480s  7,816,461,600 steps    40298 feasible sets         0 orders tried  current cost 11
    W_14:  3495s  7,849,853,600 steps    40441 feasible sets         0 orders tried  current cost 4
    W_14:  3510s  7,882,982,400 steps    40635 feasible sets         0 orders tried  current cost 9
    W_14:  3525s  7,915,884,800 steps    40762 feasible sets         0 orders tried  current cost 12
    W_14:  3540s  7,949,126,000 steps    40956 feasible sets         0 orders tried  current cost 8
    W_14:  3555s  7,982,704,200 steps    41137 feasible sets         0 orders tried  current cost 6
    W_14:  3570s  8,016,382,200 steps    41281 feasible sets         0 orders tried  current cost 10
    W_14:  3585s  8,049,863,800 steps    41481 feasible sets         0 orders tried  current cost 11
    W_14:  3600s  8,083,467,600 steps    41664 feasible sets         0 orders tried  current cost 4
    W_14:  3615s  8,116,915,800 steps    41864 feasible sets         0 orders tried  current cost 3
    W_14:  3630s  8,150,442,800 steps    42044 feasible sets         0 orders tried  current cost 10
    W_14:  3645s  8,183,723,800 steps    42190 feasible sets         0 orders tried  current cost 9
    W_14:  3660s  8,217,160,200 steps    42356 feasible sets         0 orders tried  current cost 17
    W_14:  3675s  8,250,641,400 steps    42531 feasible sets         0 orders tried  current cost 11
    W_14:  3690s  8,284,164,600 steps    42692 feasible sets         0 orders tried  current cost 11
    W_14:  3705s  8,317,317,400 steps    42801 feasible sets         0 orders tried  current cost 1
    W_14:  3720s  8,350,722,200 steps    42969 feasible sets         0 orders tried  current cost 13
    W_14:  3735s  8,384,103,000 steps    43180 feasible sets         0 orders tried  current cost 8
    W_14:  3750s  8,417,355,200 steps    43364 feasible sets         0 orders tried  current cost 4
    W_14:  3765s  8,450,391,000 steps    43530 feasible sets         0 orders tried  current cost 5
    W_14:  3780s  8,483,866,600 steps    43702 feasible sets         0 orders tried  current cost 6
    W_14:  3795s  8,517,456,600 steps    43879 feasible sets         0 orders tried  current cost 4
    W_14:  3810s  8,550,775,800 steps    44062 feasible sets         0 orders tried  current cost 3
    W_14:  3825s  8,584,052,000 steps    44246 feasible sets         0 orders tried  current cost 4
    W_14:  3840s  8,617,019,200 steps    44389 feasible sets         0 orders tried  current cost 1
    W_14:  3855s  8,650,403,800 steps    44558 feasible sets         0 orders tried  current cost 12
    W_14:  3870s  8,683,675,000 steps    44739 feasible sets         0 orders tried  current cost 1
    W_14:  3885s  8,716,670,000 steps    44913 feasible sets         0 orders tried  current cost 6
    W_14:  3900s  8,750,029,200 steps    45092 feasible sets         0 orders tried  current cost 5
    W_14:  3915s  8,783,346,200 steps    45269 feasible sets         0 orders tried  current cost 10
    W_14:  3930s  8,816,781,200 steps    45425 feasible sets         0 orders tried  current cost 10
    W_14:  3945s  8,850,106,000 steps    45567 feasible sets         0 orders tried  current cost 10
    W_14:  3960s  8,883,342,000 steps    45709 feasible sets         0 orders tried  current cost 11
    W_14:  3975s  8,916,782,000 steps    45887 feasible sets         0 orders tried  current cost 11
    W_14:  3990s  8,950,014,400 steps    46031 feasible sets         0 orders tried  current cost 4
    W_14:  4005s  8,983,209,400 steps    46207 feasible sets         0 orders tried  current cost 4
    W_14:  4020s  9,016,574,200 steps    46399 feasible sets         0 orders tried  current cost 4
    W_14:  4035s  9,050,029,400 steps    46598 feasible sets         0 orders tried  current cost 2
    W_14:  4050s  9,083,230,000 steps    46743 feasible sets         0 orders tried  current cost 3
    W_14:  4065s  9,116,311,200 steps    46958 feasible sets         0 orders tried  current cost 6
    W_14:  4080s  9,149,612,800 steps    47100 feasible sets         0 orders tried  current cost 3
    W_14:  4095s  9,183,294,800 steps    47280 feasible sets         0 orders tried  current cost 3
    W_14:  4110s  9,216,628,800 steps    47449 feasible sets         0 orders tried  current cost 9
    W_14:  4125s  9,249,785,600 steps    47611 feasible sets         0 orders tried  current cost 5
    W_14:  4140s  9,282,829,800 steps    47793 feasible sets         0 orders tried  current cost 5
    W_14:  4155s  9,316,353,200 steps    47954 feasible sets         0 orders tried  current cost 3
    W_14:  4170s  9,349,680,200 steps    48134 feasible sets         0 orders tried  current cost 11
    W_14:  4185s  9,382,839,600 steps    48281 feasible sets         0 orders tried  current cost 5
    W_14:  4200s  9,416,522,000 steps    48435 feasible sets         0 orders tried  current cost 12
    W_14:  4215s  9,449,969,200 steps    48588 feasible sets         0 orders tried  current cost 6
    W_14:  4230s  9,483,069,800 steps    48774 feasible sets         0 orders tried  current cost 4
    W_14:  4245s  9,516,738,400 steps    48961 feasible sets         0 orders tried  current cost 3
    W_14:  4260s  9,550,232,000 steps    49138 feasible sets         0 orders tried  current cost 5
    W_14:  4275s  9,583,370,000 steps    49312 feasible sets         0 orders tried  current cost 5
    W_14:  4290s  9,616,842,000 steps    49504 feasible sets         0 orders tried  current cost 11
    W_14:  4305s  9,650,770,800 steps    49662 feasible sets         0 orders tried  current cost 3
    W_14:  4320s  9,684,186,800 steps    49839 feasible sets         0 orders tried  current cost 9
    W_14:  4335s  9,717,794,800 steps    50030 feasible sets         0 orders tried  current cost 4
    W_14:  4350s  9,751,500,200 steps    50188 feasible sets         0 orders tried  current cost 18
    W_14:  4365s  9,785,293,200 steps    50344 feasible sets         0 orders tried  current cost 4
    W_14:  4380s  9,818,539,600 steps    50505 feasible sets         0 orders tried  current cost 2
    W_14:  4395s  9,852,152,800 steps    50677 feasible sets         0 orders tried  current cost 4
    W_14:  4410s  9,885,419,800 steps    50851 feasible sets         0 orders tried  current cost 2
    W_14:  4425s  9,918,907,800 steps    51017 feasible sets         0 orders tried  current cost 8
    W_14:  4440s  9,952,494,000 steps    51205 feasible sets         0 orders tried  current cost 3
    W_14:  4455s  9,986,274,000 steps    51354 feasible sets         0 orders tried  current cost 4
    W_14:  4470s  10,019,306,600 steps    51554 feasible sets         0 orders tried  current cost 10
    W_14:  4485s  10,051,976,800 steps    51728 feasible sets         0 orders tried  current cost 4
    W_14:  4500s  10,085,358,200 steps    51896 feasible sets         0 orders tried  current cost 2
    W_14:  4515s  10,118,140,000 steps    52058 feasible sets         0 orders tried  current cost 4
    W_14:  4530s  10,138,478,400 steps    52170 feasible sets         0 orders tried  current cost 3
    W_14:  4545s  10,172,348,600 steps    52330 feasible sets         0 orders tried  current cost 4
    W_14:  4560s  10,206,201,200 steps    52511 feasible sets         0 orders tried  current cost 6
    W_14:  4575s  10,240,506,400 steps    52708 feasible sets         0 orders tried  current cost 5
    W_14:  4590s  10,274,969,600 steps    52890 feasible sets         0 orders tried  current cost 6
    W_14:  4605s  10,309,652,800 steps    53061 feasible sets         0 orders tried  current cost 5
    W_14:  4620s  10,344,000,800 steps    53227 feasible sets         0 orders tried  current cost 11
    W_14:  4635s  10,378,439,800 steps    53419 feasible sets         0 orders tried  current cost 4
    W_14:  4650s  10,412,976,600 steps    53591 feasible sets         0 orders tried  current cost 1
    W_14:  4665s  10,447,450,800 steps    53753 feasible sets         0 orders tried  current cost 3
    W_14:  4680s  10,481,648,000 steps    53931 feasible sets         0 orders tried  current cost 5
    W_14:  4695s  10,515,890,600 steps    54123 feasible sets         0 orders tried  current cost 6
    W_14:  4710s  10,550,183,200 steps    54321 feasible sets         0 orders tried  current cost 8
    W_14:  4725s  10,584,256,800 steps    54489 feasible sets         0 orders tried  current cost 2
    W_14:  4740s  10,618,476,000 steps    54648 feasible sets         0 orders tried  current cost 3
    W_14:  4755s  10,652,810,000 steps    54818 feasible sets         0 orders tried  current cost 5
    W_14:  4770s  10,687,320,800 steps    54973 feasible sets         0 orders tried  current cost 17
    W_14:  4785s  10,721,719,400 steps    55146 feasible sets         0 orders tried  current cost 4
    W_14:  4800s  10,756,010,400 steps    55295 feasible sets         0 orders tried  current cost 5
    W_14:  4815s  10,790,206,800 steps    55429 feasible sets         0 orders tried  current cost 7
    W_14:  4830s  10,824,488,200 steps    55625 feasible sets         0 orders tried  current cost 6
    W_14:  4845s  10,858,640,600 steps    55823 feasible sets         0 orders tried  current cost 21
    W_14:  4860s  10,893,164,400 steps    56003 feasible sets         0 orders tried  current cost 13
    W_14:  4875s  10,927,641,600 steps    56156 feasible sets         0 orders tried  current cost 10
    W_14:  4890s  10,962,097,200 steps    56328 feasible sets         0 orders tried  current cost 3
    W_14:  4905s  10,996,623,800 steps    56471 feasible sets         0 orders tried  current cost 9
    W_14:  4920s  11,030,941,800 steps    56662 feasible sets         0 orders tried  current cost 7
    W_14:  4935s  11,065,642,800 steps    56840 feasible sets         0 orders tried  current cost 11
    W_14:  4950s  11,099,916,800 steps    57017 feasible sets         0 orders tried  current cost 1
    W_14:  4965s  11,134,268,400 steps    57221 feasible sets         0 orders tried  current cost 6
    W_14:  4980s  11,168,266,800 steps    57372 feasible sets         0 orders tried  current cost 8
    W_14:  4995s  11,202,740,400 steps    57504 feasible sets         0 orders tried  current cost 14
    W_14:  5010s  11,237,065,800 steps    57693 feasible sets         0 orders tried  current cost 7
    W_14:  5025s  11,271,509,200 steps    57883 feasible sets         0 orders tried  current cost 6
    W_14:  5040s  11,306,195,600 steps    58071 feasible sets         0 orders tried  current cost 2
    W_14:  5055s  11,340,518,000 steps    58264 feasible sets         0 orders tried  current cost 3
    W_14:  5070s  11,374,727,000 steps    58438 feasible sets         0 orders tried  current cost 5
    W_14:  5085s  11,409,111,000 steps    58603 feasible sets         0 orders tried  current cost 3
    W_14:  5100s  11,443,581,600 steps    58752 feasible sets         0 orders tried  current cost 14
    W_14:  5115s  11,477,839,200 steps    58934 feasible sets         0 orders tried  current cost 1
    W_14:  5130s  11,512,286,000 steps    59111 feasible sets         0 orders tried  current cost 10
    W_14:  5145s  11,546,895,200 steps    59287 feasible sets         0 orders tried  current cost 4
    W_14:  5160s  11,581,144,400 steps    59490 feasible sets         0 orders tried  current cost 5
    W_14:  5175s  11,615,160,400 steps    59662 feasible sets         0 orders tried  current cost 16
    W_14:  5190s  11,649,412,600 steps    59827 feasible sets         0 orders tried  current cost 6
    W_14:  5205s  11,683,547,800 steps    60009 feasible sets         0 orders tried  current cost 5
    W_14:  5220s  11,717,799,000 steps    60194 feasible sets         0 orders tried  current cost 4
    W_14:  5235s  11,751,837,600 steps    60367 feasible sets         0 orders tried  current cost 3
    W_14:  5250s  11,785,969,200 steps    60527 feasible sets         0 orders tried  current cost 5
    W_14:  5265s  11,820,386,000 steps    60714 feasible sets         0 orders tried  current cost 8
    W_14:  5280s  11,854,796,600 steps    60862 feasible sets         0 orders tried  current cost 1
    W_14:  5295s  11,888,910,600 steps    61055 feasible sets         0 orders tried  current cost 3
    W_14:  5310s  11,922,956,000 steps    61245 feasible sets         0 orders tried  current cost 3
    W_14:  5325s  11,957,380,800 steps    61430 feasible sets         0 orders tried  current cost 18
    W_14:  5340s  11,991,882,200 steps    61595 feasible sets         0 orders tried  current cost 9
    W_14:  5355s  12,025,794,400 steps    61772 feasible sets         0 orders tried  current cost 1
    W_14:  5370s  12,059,769,200 steps    61920 feasible sets         0 orders tried  current cost 5
    W_14:  5385s  12,093,675,400 steps    62092 feasible sets         0 orders tried  current cost 5
    W_14:  5400s  12,127,803,600 steps    62250 feasible sets         0 orders tried  current cost 9
    W_14:  5415s  12,162,133,200 steps    62469 feasible sets         0 orders tried  current cost 5
    W_14:  5430s  12,196,470,000 steps    62672 feasible sets         0 orders tried  current cost 3
    W_14:  5445s  12,230,802,800 steps    62825 feasible sets         0 orders tried  current cost 13
    W_14:  5460s  12,264,936,200 steps    63001 feasible sets         0 orders tried  current cost 4
    W_14:  5475s  12,299,370,600 steps    63160 feasible sets         0 orders tried  current cost 4
    W_14:  5490s  12,333,407,000 steps    63331 feasible sets         0 orders tried  current cost 7
    W_14:  5505s  12,367,768,800 steps    63517 feasible sets         0 orders tried  current cost 6
    W_14:  5520s  12,401,747,000 steps    63672 feasible sets         0 orders tried  current cost 9
    W_14:  5535s  12,435,849,600 steps    63858 feasible sets         0 orders tried  current cost 3
    W_14:  5550s  12,470,211,200 steps    64055 feasible sets         0 orders tried  current cost 2
    W_14:  5565s  12,504,231,600 steps    64274 feasible sets         0 orders tried  current cost 3
    W_14:  5580s  12,538,452,000 steps    64422 feasible sets         0 orders tried  current cost 4
    W_14:  5595s  12,568,914,400 steps    64593 feasible sets         0 orders tried  current cost 4
    W_14:  5610s  12,597,322,000 steps    64722 feasible sets         0 orders tried  current cost 16
    W_14:  5625s  12,628,051,000 steps    64884 feasible sets         0 orders tried  current cost 4
    W_14:  5640s  12,659,549,000 steps    65022 feasible sets         0 orders tried  current cost 4
    W_14:  5655s  12,693,276,200 steps    65232 feasible sets         0 orders tried  current cost 2
    W_14:  5670s  12,724,430,200 steps    65396 feasible sets         0 orders tried  current cost 6
    W_14:  5685s  12,748,664,800 steps    65502 feasible sets         0 orders tried  current cost 8
    W_14:  5700s  12,753,954,200 steps    65539 feasible sets         0 orders tried  current cost 3
    W_14:  5715s  12,785,800,000 steps    65709 feasible sets         0 orders tried  current cost 3
    W_14:  5730s  12,820,611,000 steps    65854 feasible sets         0 orders tried  current cost 6
    W_14:  5745s  12,855,135,600 steps    66038 feasible sets         0 orders tried  current cost 3
    W_14:  5760s  12,887,406,000 steps    66207 feasible sets         0 orders tried  current cost 5
    W_14:  5775s  12,918,751,200 steps    66364 feasible sets         0 orders tried  current cost 1
    W_14:  5790s  12,949,338,800 steps    66557 feasible sets         0 orders tried  current cost 3
    W_14:  5805s  12,980,329,200 steps    66726 feasible sets         0 orders tried  current cost 6
    W_14:  5820s  13,013,646,800 steps    66934 feasible sets         0 orders tried  current cost 7
    W_14:  5835s  13,046,572,200 steps    67091 feasible sets         0 orders tried  current cost 4
    W_14:  5850s  13,080,182,400 steps    67245 feasible sets         0 orders tried  current cost 10
    W_14:  5865s  13,113,269,400 steps    67398 feasible sets         0 orders tried  current cost 1
    W_14:  5880s  13,146,941,200 steps    67556 feasible sets         0 orders tried  current cost 14
    W_14:  5895s  13,180,452,200 steps    67726 feasible sets         0 orders tried  current cost 3
    W_14:  5910s  13,214,715,200 steps    67892 feasible sets         0 orders tried  current cost 4
    W_14:  5925s  13,249,513,800 steps    68065 feasible sets         0 orders tried  current cost 3
    W_14:  5940s  13,283,589,600 steps    68261 feasible sets         0 orders tried  current cost 4
    W_14:  5955s  13,317,959,800 steps    68436 feasible sets         0 orders tried  current cost 3
    W_14:  5970s  13,352,268,400 steps    68626 feasible sets         0 orders tried  current cost 4
    W_14:  5985s  13,386,533,600 steps    68785 feasible sets         0 orders tried  current cost 2
    W_14:  6000s  13,420,879,000 steps    68933 feasible sets         0 orders tried  current cost 3
    W_14:  6015s  13,455,089,000 steps    69119 feasible sets         0 orders tried  current cost 5
    W_14:  6030s  13,489,159,400 steps    69301 feasible sets         0 orders tried  current cost 4
    W_14:  6045s  13,523,265,800 steps    69515 feasible sets         0 orders tried  current cost 7
    W_14:  6060s  13,557,467,600 steps    69687 feasible sets         0 orders tried  current cost 6
    W_14:  6075s  13,592,030,800 steps    69848 feasible sets         0 orders tried  current cost 5
    W_14:  6090s  13,626,123,400 steps    70024 feasible sets         0 orders tried  current cost 10
    W_14:  6105s  13,660,314,200 steps    70219 feasible sets         0 orders tried  current cost 4
    W_14:  6120s  13,694,525,200 steps    70363 feasible sets         0 orders tried  current cost 5
    W_14:  6135s  13,728,759,400 steps    70506 feasible sets         0 orders tried  current cost 1
    W_14:  6150s  13,762,720,600 steps    70643 feasible sets         0 orders tried  current cost 12
    W_14:  6165s  13,796,746,200 steps    70779 feasible sets         0 orders tried  current cost 7
    W_14:  6180s  13,830,849,600 steps    70972 feasible sets         0 orders tried  current cost 3
    W_14:  6195s  13,865,065,400 steps    71141 feasible sets         0 orders tried  current cost 7
    W_14:  6210s  13,899,318,200 steps    71297 feasible sets         0 orders tried  current cost 2
    W_14:  6225s  13,933,579,800 steps    71487 feasible sets         0 orders tried  current cost 1
    W_14:  6240s  13,968,008,200 steps    71676 feasible sets         0 orders tried  current cost 5
    W_14:  6255s  14,002,439,400 steps    71864 feasible sets         0 orders tried  current cost 4
    W_14:  6270s  14,037,043,400 steps    72013 feasible sets         0 orders tried  current cost 10
    W_14:  6285s  14,071,376,200 steps    72185 feasible sets         0 orders tried  current cost 4
    W_14:  6300s  14,105,467,400 steps    72371 feasible sets         0 orders tried  current cost 6
    W_14:  6315s  14,139,678,000 steps    72539 feasible sets         0 orders tried  current cost 4
    W_14:  6330s  14,174,109,400 steps    72702 feasible sets         0 orders tried  current cost 2
    W_14:  6345s  14,208,607,800 steps    72888 feasible sets         0 orders tried  current cost 5
    W_14:  6360s  14,242,903,000 steps    73066 feasible sets         0 orders tried  current cost 14
    W_14:  6375s  14,277,335,200 steps    73215 feasible sets         0 orders tried  current cost 2
    W_14:  6390s  14,311,914,600 steps    73390 feasible sets         0 orders tried  current cost 3
    W_14:  6405s  14,346,307,000 steps    73565 feasible sets         0 orders tried  current cost 6
    W_14:  6420s  14,380,700,000 steps    73739 feasible sets         0 orders tried  current cost 4
    W_14:  6435s  14,414,850,000 steps    73933 feasible sets         0 orders tried  current cost 3
    W_14:  6450s  14,449,409,600 steps    74107 feasible sets         0 orders tried  current cost 1
    W_14:  6465s  14,483,939,600 steps    74239 feasible sets         0 orders tried  current cost 1
    W_14:  6480s  14,517,617,600 steps    74403 feasible sets         0 orders tried  current cost 2
    W_14:  6495s  14,551,968,000 steps    74561 feasible sets         0 orders tried  current cost 5
    W_14:  6510s  14,586,078,000 steps    74738 feasible sets         0 orders tried  current cost 3
    W_14:  6525s  14,620,524,600 steps    74902 feasible sets         0 orders tried  current cost 8
    W_14:  6540s  14,654,587,600 steps    75104 feasible sets         0 orders tried  current cost 9
    W_14:  6555s  14,689,014,600 steps    75288 feasible sets         0 orders tried  current cost 3
    W_14:  6570s  14,723,161,000 steps    75447 feasible sets         0 orders tried  current cost 17
    W_14:  6585s  14,757,530,600 steps    75616 feasible sets         0 orders tried  current cost 2
    W_14:  6600s  14,791,962,000 steps    75794 feasible sets         0 orders tried  current cost 14
    W_14:  6615s  14,826,241,800 steps    75977 feasible sets         0 orders tried  current cost 14
    W_14:  6630s  14,860,773,600 steps    76146 feasible sets         0 orders tried  current cost 3
    W_14:  6645s  14,895,142,800 steps    76318 feasible sets         0 orders tried  current cost 10
    W_14:  6660s  14,926,751,600 steps    76477 feasible sets         0 orders tried  current cost 3
    W_14:  6675s  14,957,985,800 steps    76633 feasible sets         0 orders tried  current cost 8
    W_14:  6690s  14,989,443,800 steps    76792 feasible sets         0 orders tried  current cost 12
    W_14:  6705s  15,022,250,400 steps    76959 feasible sets         0 orders tried  current cost 3
    W_14:  6720s  15,056,699,200 steps    77151 feasible sets         0 orders tried  current cost 1
    W_14:  6735s  15,091,180,200 steps    77306 feasible sets         0 orders tried  current cost 7
    W_14:  6750s  15,125,201,400 steps    77432 feasible sets         0 orders tried  current cost 10
    W_14:  6765s  15,157,994,400 steps    77576 feasible sets         0 orders tried  current cost 6
    W_14:  6780s  15,192,258,800 steps    77760 feasible sets         0 orders tried  current cost 4
    W_14:  6795s  15,226,406,200 steps    77926 feasible sets         0 orders tried  current cost 8
    W_14:  6810s  15,260,396,600 steps    78148 feasible sets         0 orders tried  current cost 3
    W_14:  6825s  15,293,949,400 steps    78327 feasible sets         0 orders tried  current cost 1
    W_14:  6840s  15,327,953,200 steps    78517 feasible sets         0 orders tried  current cost 4
    W_14:  6855s  15,362,204,600 steps    78664 feasible sets         0 orders tried  current cost 11
    W_14:  6870s  15,396,235,000 steps    78841 feasible sets         0 orders tried  current cost 4
    W_14:  6885s  15,430,459,000 steps    79025 feasible sets         0 orders tried  current cost 2
    W_14:  6900s  15,464,946,000 steps    79215 feasible sets         0 orders tried  current cost 6
    W_14:  6915s  15,499,004,000 steps    79365 feasible sets         0 orders tried  current cost 11
    W_14:  6930s  15,533,385,800 steps    79537 feasible sets         0 orders tried  current cost 5
    W_14:  6945s  15,567,437,000 steps    79702 feasible sets         0 orders tried  current cost 4
    W_14:  6960s  15,601,116,600 steps    79864 feasible sets         0 orders tried  current cost 4
    W_14:  6975s  15,635,436,600 steps    80047 feasible sets         0 orders tried  current cost 2
    W_14:  6990s  15,669,950,800 steps    80265 feasible sets         0 orders tried  current cost 5
    W_14:  7005s  15,704,868,400 steps    80445 feasible sets         0 orders tried  current cost 2
    W_14:  7020s  15,739,235,400 steps    80621 feasible sets         0 orders tried  current cost 4
    W_14:  7035s  15,773,331,600 steps    80821 feasible sets         0 orders tried  current cost 3
    W_14:  7050s  15,807,472,600 steps    81008 feasible sets         0 orders tried  current cost 4
    W_14:  7065s  15,841,620,600 steps    81171 feasible sets         0 orders tried  current cost 17
    W_14:  7080s  15,875,978,400 steps    81364 feasible sets         0 orders tried  current cost 4
    W_14:  7095s  15,910,424,200 steps    81513 feasible sets         0 orders tried  current cost 9
    W_14:  7110s  15,944,733,800 steps    81680 feasible sets         0 orders tried  current cost 4
    W_14:  7125s  15,978,816,800 steps    81836 feasible sets         0 orders tried  current cost 1
    W_14:  7140s  16,012,858,400 steps    82011 feasible sets         0 orders tried  current cost 3
    W_14:  7155s  16,046,866,400 steps    82213 feasible sets         0 orders tried  current cost 10
    W_14:  7170s  16,081,337,200 steps    82407 feasible sets         0 orders tried  current cost 2
    W_14:  7185s  16,115,463,600 steps    82611 feasible sets         0 orders tried  current cost 9
    W_14:  7200s  16,149,343,000 steps    82780 feasible sets         0 orders tried  current cost 10
    W_14:  7215s  16,183,607,200 steps    82984 feasible sets         0 orders tried  current cost 6
    W_14:  7230s  16,217,857,800 steps    83151 feasible sets         0 orders tried  current cost 5
    W_14:  7245s  16,251,733,800 steps    83352 feasible sets         0 orders tried  current cost 3
    W_14:  7260s  16,285,886,400 steps    83542 feasible sets         0 orders tried  current cost 5
    W_14:  7275s  16,320,213,800 steps    83708 feasible sets         0 orders tried  current cost 3
    W_14:  7290s  16,354,307,400 steps    83890 feasible sets         0 orders tried  current cost 6
    W_14:  7305s  16,388,338,400 steps    84064 feasible sets         0 orders tried  current cost 2
    W_14:  7320s  16,422,526,000 steps    84231 feasible sets         0 orders tried  current cost 13
    W_14:  7335s  16,456,524,800 steps    84379 feasible sets         0 orders tried  current cost 8
    W_14:  7350s  16,490,556,800 steps    84569 feasible sets         0 orders tried  current cost 1
    W_14:  7365s  16,524,524,200 steps    84737 feasible sets         0 orders tried  current cost 11
    W_14:  7380s  16,558,718,000 steps    84936 feasible sets         0 orders tried  current cost 4
    W_14:  7395s  16,593,101,800 steps    85124 feasible sets         0 orders tried  current cost 12
    W_14:  7410s  16,627,609,600 steps    85317 feasible sets         0 orders tried  current cost 4
    W_14:  7425s  16,661,972,000 steps    85464 feasible sets         0 orders tried  current cost 2
    W_14:  7440s  16,695,868,200 steps    85665 feasible sets         0 orders tried  current cost 4
    W_14:  7455s  16,730,068,800 steps    85835 feasible sets         0 orders tried  current cost 8
    W_14:  7470s  16,764,178,400 steps    85999 feasible sets         0 orders tried  current cost 1
    W_14:  7485s  16,798,618,000 steps    86142 feasible sets         0 orders tried  current cost 2
    W_14:  7500s  16,833,260,200 steps    86333 feasible sets         0 orders tried  current cost 12
    W_14:  7515s  16,867,683,200 steps    86544 feasible sets         0 orders tried  current cost 12
    W_14:  7530s  16,901,865,400 steps    86685 feasible sets         0 orders tried  current cost 6
    W_14:  7545s  16,936,693,600 steps    86839 feasible sets         0 orders tried  current cost 2
    W_14:  7560s  16,971,114,400 steps    87043 feasible sets         0 orders tried  current cost 4
    W_14:  7575s  17,005,538,800 steps    87222 feasible sets         0 orders tried  current cost 4
    W_14:  7590s  17,040,278,000 steps    87410 feasible sets         0 orders tried  current cost 2
    W_14:  7605s  17,074,760,000 steps    87543 feasible sets         0 orders tried  current cost 3
    W_14:  7620s  17,109,386,800 steps    87723 feasible sets         0 orders tried  current cost 7
    W_14:  7635s  17,143,270,800 steps    87858 feasible sets         0 orders tried  current cost 4
    W_14:  7650s  17,177,510,000 steps    88048 feasible sets         0 orders tried  current cost 4
    W_14:  7665s  17,211,795,400 steps    88274 feasible sets         0 orders tried  current cost 1
    W_14:  7680s  17,246,412,200 steps    88442 feasible sets         0 orders tried  current cost 2
    W_14:  7695s  17,280,996,400 steps    88565 feasible sets         0 orders tried  current cost 4
    W_14:  7710s  17,315,514,000 steps    88727 feasible sets         0 orders tried  current cost 1
    W_14:  7725s  17,350,332,800 steps    88876 feasible sets         0 orders tried  current cost 1
    W_14:  7740s  17,384,656,400 steps    89046 feasible sets         0 orders tried  current cost 1
    W_14:  7755s  17,419,062,400 steps    89225 feasible sets         0 orders tried  current cost 11
    W_14:  7770s  17,453,266,400 steps    89401 feasible sets         0 orders tried  current cost 7
    W_14:  7785s  17,487,587,800 steps    89582 feasible sets         0 orders tried  current cost 2
    W_14:  7800s  17,522,243,600 steps    89722 feasible sets         0 orders tried  current cost 16
    W_14:  7815s  17,556,190,200 steps    89892 feasible sets         0 orders tried  current cost 4
    W_14:  7830s  17,590,802,600 steps    90124 feasible sets         0 orders tried  current cost 15
    W_14:  7845s  17,625,262,600 steps    90298 feasible sets         0 orders tried  current cost 10
    W_14:  7860s  17,660,110,600 steps    90475 feasible sets         0 orders tried  current cost 4
    W_14:  7875s  17,694,427,600 steps    90627 feasible sets         0 orders tried  current cost 5
    W_14:  7890s  17,725,243,800 steps    90750 feasible sets         0 orders tried  current cost 6
    W_14:  7905s  17,754,711,600 steps    90888 feasible sets         0 orders tried  current cost 3
    W_14:  7920s  17,785,182,800 steps    91053 feasible sets         0 orders tried  current cost 15
    W_14:  7935s  17,816,869,800 steps    91206 feasible sets         0 orders tried  current cost 5
    W_14:  7950s  17,851,174,200 steps    91386 feasible sets         0 orders tried  current cost 5
    W_14:  7965s  17,885,671,600 steps    91582 feasible sets         0 orders tried  current cost 4
    W_14:  7980s  17,919,870,000 steps    91752 feasible sets         0 orders tried  current cost 4
    W_14:  7995s  17,954,457,200 steps    91936 feasible sets         0 orders tried  current cost 3
    W_14:  8010s  17,988,795,200 steps    92122 feasible sets         0 orders tried  current cost 1
    W_14:  8025s  18,023,193,000 steps    92326 feasible sets         0 orders tried  current cost 4
    W_14:  8040s  18,057,661,200 steps    92488 feasible sets         0 orders tried  current cost 12
    W_14:  8055s  18,092,166,400 steps    92682 feasible sets         0 orders tried  current cost 4
    W_14:  8070s  18,126,863,600 steps    92830 feasible sets         0 orders tried  current cost 6
    W_14:  8085s  18,161,563,800 steps    92982 feasible sets         0 orders tried  current cost 8
    W_14:  8100s  18,196,228,800 steps    93199 feasible sets         0 orders tried  current cost 5
    W_14:  8115s  18,230,521,000 steps    93357 feasible sets         0 orders tried  current cost 11
    W_14:  8130s  18,264,791,400 steps    93515 feasible sets         0 orders tried  current cost 3
    W_14:  8145s  18,299,196,400 steps    93715 feasible sets         0 orders tried  current cost 1
    W_14:  8160s  18,333,305,800 steps    93873 feasible sets         0 orders tried  current cost 8
    W_14:  8175s  18,367,422,400 steps    94055 feasible sets         0 orders tried  current cost 10
    W_14:  8190s  18,401,697,800 steps    94230 feasible sets         0 orders tried  current cost 1
    W_14:  8205s  18,436,481,400 steps    94360 feasible sets         0 orders tried  current cost 11
    W_14:  8220s  18,470,745,600 steps    94518 feasible sets         0 orders tried  current cost 7
    W_14:  8235s  18,505,265,200 steps    94681 feasible sets         0 orders tried  current cost 8
    W_14:  8250s  18,539,905,600 steps    94820 feasible sets         0 orders tried  current cost 11
    W_14:  8265s  18,574,199,800 steps    95044 feasible sets         0 orders tried  current cost 3
    W_14:  8280s  18,608,456,800 steps    95214 feasible sets         0 orders tried  current cost 2
    W_14:  8295s  18,642,334,200 steps    95395 feasible sets         0 orders tried  current cost 4
    W_14:  8310s  18,676,676,000 steps    95569 feasible sets         0 orders tried  current cost 4
    W_14:  8325s  18,711,516,400 steps    95759 feasible sets         0 orders tried  current cost 3
    W_14:  8340s  18,745,803,800 steps    95921 feasible sets         0 orders tried  current cost 8
    W_14:  8355s  18,779,930,400 steps    96111 feasible sets         0 orders tried  current cost 5
    W_14:  8370s  18,814,534,200 steps    96275 feasible sets         0 orders tried  current cost 3
    W_14:  8385s  18,849,517,800 steps    96466 feasible sets         0 orders tried  current cost 3
    W_14:  8400s  18,884,057,600 steps    96628 feasible sets         0 orders tried  current cost 2
    W_14:  8415s  18,918,521,400 steps    96794 feasible sets         0 orders tried  current cost 10
    W_14:  8430s  18,953,044,000 steps    97033 feasible sets         0 orders tried  current cost 7
    W_14:  8445s  18,987,461,000 steps    97194 feasible sets         0 orders tried  current cost 5
    W_14:  8460s  19,021,401,200 steps    97363 feasible sets         0 orders tried  current cost 12
    W_14:  8475s  19,055,856,400 steps    97545 feasible sets         0 orders tried  current cost 3
    W_14:  8490s  19,090,021,400 steps    97710 feasible sets         0 orders tried  current cost 18
    W_14:  8505s  19,124,504,200 steps    97881 feasible sets         0 orders tried  current cost 12
    W_14:  8520s  19,158,919,200 steps    98037 feasible sets         0 orders tried  current cost 3
    W_14:  8535s  19,193,282,600 steps    98215 feasible sets         0 orders tried  current cost 6
    W_14:  8550s  19,227,947,600 steps    98380 feasible sets         0 orders tried  current cost 7
    W_14:  8565s  19,262,649,800 steps    98502 feasible sets         0 orders tried  current cost 1
    W_14:  8580s  19,296,984,000 steps    98687 feasible sets         0 orders tried  current cost 9
    W_14:  8595s  19,331,224,200 steps    98883 feasible sets         0 orders tried  current cost 8
    W_14:  8610s  19,365,731,000 steps    99086 feasible sets         0 orders tried  current cost 5
    W_14:  8625s  19,400,012,400 steps    99255 feasible sets         0 orders tried  current cost 2
    W_14:  8640s  19,434,299,200 steps    99402 feasible sets         0 orders tried  current cost 3
    W_14:  8655s  19,468,490,600 steps    99557 feasible sets         0 orders tried  current cost 3
    W_14:  8670s  19,502,681,000 steps    99717 feasible sets         0 orders tried  current cost 12
    W_14:  8685s  19,537,004,000 steps    99885 feasible sets         0 orders tried  current cost 12
    W_14:  8700s  19,571,511,200 steps   100028 feasible sets         0 orders tried  current cost 2
    W_14:  8715s  19,606,088,600 steps   100219 feasible sets         0 orders tried  current cost 6
    W_14:  8730s  19,640,349,400 steps   100374 feasible sets         0 orders tried  current cost 4
    W_14:  8745s  19,675,273,400 steps   100543 feasible sets         0 orders tried  current cost 3
    W_14:  8760s  19,709,574,800 steps   100695 feasible sets         0 orders tried  current cost 3
    W_14:  8775s  19,744,031,000 steps   100892 feasible sets         0 orders tried  current cost 3
    W_14:  8790s  19,777,751,200 steps   101098 feasible sets         0 orders tried  current cost 5
    W_14:  8805s  19,812,404,000 steps   101282 feasible sets         0 orders tried  current cost 9
    W_14:  8820s  19,846,520,400 steps   101507 feasible sets         0 orders tried  current cost 18
    W_14:  8835s  19,880,662,800 steps   101666 feasible sets         0 orders tried  current cost 12
    W_14:  8850s  19,914,903,600 steps   101870 feasible sets         0 orders tried  current cost 15
    W_14:  8865s  19,949,632,600 steps   102044 feasible sets         0 orders tried  current cost 3
    W_14:  8880s  19,983,853,400 steps   102246 feasible sets         0 orders tried  current cost 3
    W_14:  8895s  20,018,242,000 steps   102438 feasible sets         0 orders tried  current cost 18
    W_14:  8910s  20,052,942,400 steps   102652 feasible sets         0 orders tried  current cost 7
    W_14:  8925s  20,087,584,600 steps   102849 feasible sets         0 orders tried  current cost 13
    W_14:  8940s  20,121,947,600 steps   103034 feasible sets         0 orders tried  current cost 8
    W_14:  8955s  20,156,015,600 steps   103228 feasible sets         0 orders tried  current cost 3
    W_14:  8970s  20,190,026,800 steps   103417 feasible sets         0 orders tried  current cost 5
    W_14:  8985s  20,224,684,600 steps   103592 feasible sets         0 orders tried  current cost 8
    W_14:  9000s  20,258,904,200 steps   103754 feasible sets         0 orders tried  current cost 5
    W_14:  9015s  20,293,448,200 steps   103924 feasible sets         0 orders tried  current cost 3
    W_14:  9030s  20,327,653,800 steps   104156 feasible sets         0 orders tried  current cost 3
    W_14:  9045s  20,361,820,600 steps   104349 feasible sets         0 orders tried  current cost 11
    W_14:  9060s  20,396,563,000 steps   104505 feasible sets         0 orders tried  current cost 9
    W_14:  9075s  20,431,032,000 steps   104674 feasible sets         0 orders tried  current cost 6
    W_14:  9090s  20,465,018,400 steps   104829 feasible sets         0 orders tried  current cost 1
    W_14:  9105s  20,499,506,600 steps   105017 feasible sets         0 orders tried  current cost 8
    W_14:  9120s  20,533,929,000 steps   105199 feasible sets         0 orders tried  current cost 4
    W_14:  9135s  20,568,294,600 steps   105428 feasible sets         0 orders tried  current cost 4
    W_14:  9150s  20,602,603,600 steps   105627 feasible sets         0 orders tried  current cost 7
    W_14:  9165s  20,637,329,400 steps   105810 feasible sets         0 orders tried  current cost 6
    W_14:  9180s  20,671,382,000 steps   105982 feasible sets         0 orders tried  current cost 11
    W_14:  9195s  20,705,555,800 steps   106197 feasible sets         0 orders tried  current cost 1
    W_14:  9210s  20,739,801,200 steps   106372 feasible sets         0 orders tried  current cost 8
    W_14:  9225s  20,774,162,400 steps   106548 feasible sets         0 orders tried  current cost 13
    W_14:  9240s  20,808,921,800 steps   106756 feasible sets         0 orders tried  current cost 12
    W_14:  9255s  20,843,227,200 steps   106913 feasible sets         0 orders tried  current cost 5
    W_14:  9270s  20,877,383,000 steps   107125 feasible sets         0 orders tried  current cost 6
    W_14:  9285s  20,911,613,800 steps   107326 feasible sets         0 orders tried  current cost 5
    W_14:  9300s  20,945,668,000 steps   107509 feasible sets         0 orders tried  current cost 8
    W_14:  9315s  20,980,008,800 steps   107693 feasible sets         0 orders tried  current cost 6
    W_14:  9330s  21,014,533,400 steps   107840 feasible sets         0 orders tried  current cost 1
    W_14:  9345s  21,049,000,000 steps   107994 feasible sets         0 orders tried  current cost 4
    W_14:  9360s  21,083,681,800 steps   108148 feasible sets         0 orders tried  current cost 8
    W_14:  9375s  21,118,234,400 steps   108343 feasible sets         0 orders tried  current cost 2
    W_14:  9390s  21,152,500,400 steps   108515 feasible sets         0 orders tried  current cost 18
    W_14:  9405s  21,187,087,400 steps   108675 feasible sets         0 orders tried  current cost 8
    W_14:  9420s  21,221,625,800 steps   108847 feasible sets         0 orders tried  current cost 5
    W_14:  9435s  21,256,084,800 steps   109008 feasible sets         0 orders tried  current cost 10
    W_14:  9450s  21,290,696,000 steps   109197 feasible sets         0 orders tried  current cost 2
    W_14:  9465s  21,325,368,400 steps   109425 feasible sets         0 orders tried  current cost 2
    W_14:  9480s  21,359,775,400 steps   109600 feasible sets         0 orders tried  current cost 4
    W_14:  9495s  21,394,114,800 steps   109789 feasible sets         0 orders tried  current cost 3
    W_14:  9510s  21,428,683,400 steps   109965 feasible sets         0 orders tried  current cost 12
    W_14:  9525s  21,463,116,400 steps   110132 feasible sets         0 orders tried  current cost 4
    W_14:  9540s  21,497,582,000 steps   110312 feasible sets         0 orders tried  current cost 16
    W_14:  9555s  21,532,102,200 steps   110488 feasible sets         0 orders tried  current cost 10
    W_14:  9570s  21,566,465,600 steps   110640 feasible sets         0 orders tried  current cost 3
    W_14:  9585s  21,600,115,000 steps   110816 feasible sets         0 orders tried  current cost 2
    W_14:  9600s  21,634,393,800 steps   110990 feasible sets         0 orders tried  current cost 4
    W_14:  9615s  21,668,801,200 steps   111177 feasible sets         0 orders tried  current cost 18
    W_14:  9630s  21,702,818,600 steps   111293 feasible sets         0 orders tried  current cost 5
    W_14:  9645s  21,737,204,600 steps   111502 feasible sets         0 orders tried  current cost 8
    W_14:  9660s  21,771,695,400 steps   111664 feasible sets         0 orders tried  current cost 4
    W_14:  9675s  21,805,848,800 steps   111817 feasible sets         0 orders tried  current cost 6
    W_14:  9690s  21,840,411,400 steps   112005 feasible sets         0 orders tried  current cost 2
    W_14:  9705s  21,875,072,600 steps   112190 feasible sets         0 orders tried  current cost 2
    W_14:  9720s  21,909,870,400 steps   112386 feasible sets         0 orders tried  current cost 1
    W_14:  9735s  21,943,848,000 steps   112563 feasible sets         0 orders tried  current cost 5
    W_14:  9750s  21,978,615,800 steps   112719 feasible sets         0 orders tried  current cost 3
    W_14:  9765s  22,012,640,800 steps   112898 feasible sets         0 orders tried  current cost 11
    W_14:  9780s  22,047,033,800 steps   113079 feasible sets         0 orders tried  current cost 4
    W_14:  9795s  22,081,437,600 steps   113274 feasible sets         0 orders tried  current cost 4
    W_14:  9810s  22,115,588,000 steps   113419 feasible sets         0 orders tried  current cost 8
    W_14:  9825s  22,148,392,400 steps   113602 feasible sets         0 orders tried  current cost 5
    W_14:  9840s  22,181,447,400 steps   113783 feasible sets         0 orders tried  current cost 3
    W_14:  9855s  22,215,096,400 steps   113912 feasible sets         0 orders tried  current cost 3
    W_14:  9870s  22,249,103,000 steps   114077 feasible sets         0 orders tried  current cost 9
    W_14:  9885s  22,283,440,800 steps   114209 feasible sets         0 orders tried  current cost 15
    W_14:  9900s  22,317,669,600 steps   114372 feasible sets         0 orders tried  current cost 4
    W_14:  9915s  22,351,688,200 steps   114508 feasible sets         0 orders tried  current cost 9
    W_14:  9930s  22,385,326,000 steps   114696 feasible sets         0 orders tried  current cost 9
    W_14:  9945s  22,419,159,400 steps   114853 feasible sets         0 orders tried  current cost 4
    W_14:  9960s  22,452,888,000 steps   115021 feasible sets         0 orders tried  current cost 6
    W_14:  9975s  22,486,370,600 steps   115194 feasible sets         0 orders tried  current cost 5
    W_14:  9990s  22,520,889,800 steps   115397 feasible sets         0 orders tried  current cost 3
    W_14: 10005s  22,554,823,200 steps   115581 feasible sets         0 orders tried  current cost 11
    W_14: 10020s  22,588,470,000 steps   115776 feasible sets         0 orders tried  current cost 4
    W_14: 10035s  22,622,805,400 steps   115938 feasible sets         0 orders tried  current cost 7
    W_14: 10050s  22,656,620,800 steps   116145 feasible sets         0 orders tried  current cost 9
    W_14: 10065s  22,690,490,400 steps   116323 feasible sets         0 orders tried  current cost 4
    W_14: 10080s  22,724,106,200 steps   116490 feasible sets         0 orders tried  current cost 6
    W_14: 10095s  22,757,850,600 steps   116651 feasible sets         0 orders tried  current cost 1
    W_14: 10110s  22,791,611,800 steps   116837 feasible sets         0 orders tried  current cost 4
    W_14: 10125s  22,825,802,000 steps   117026 feasible sets         0 orders tried  current cost 9
    W_14: 10140s  22,859,388,400 steps   117215 feasible sets         0 orders tried  current cost 3
    W_14: 10155s  22,893,359,600 steps   117430 feasible sets         0 orders tried  current cost 3
    W_14: 10170s  22,927,093,400 steps   117593 feasible sets         0 orders tried  current cost 3
    W_14: 10185s  22,960,749,400 steps   117770 feasible sets         0 orders tried  current cost 5
    W_14: 10200s  22,994,584,200 steps   117957 feasible sets         0 orders tried  current cost 8
    W_14: 10215s  23,028,384,400 steps   118114 feasible sets         0 orders tried  current cost 8
    W_14: 10230s  23,062,315,400 steps   118299 feasible sets         0 orders tried  current cost 2
    W_14: 10245s  23,096,145,200 steps   118472 feasible sets         0 orders tried  current cost 9
    W_14: 10260s  23,129,567,600 steps   118606 feasible sets         0 orders tried  current cost 8
    W_14: 10275s  23,163,586,200 steps   118774 feasible sets         0 orders tried  current cost 9
    W_14: 10290s  23,197,285,600 steps   118963 feasible sets         0 orders tried  current cost 11
    W_14: 10305s  23,230,978,400 steps   119110 feasible sets         0 orders tried  current cost 4
    W_14: 10320s  23,265,122,200 steps   119305 feasible sets         0 orders tried  current cost 14
    W_14: 10335s  23,298,469,200 steps   119478 feasible sets         0 orders tried  current cost 4
    W_14: 10350s  23,332,033,800 steps   119663 feasible sets         0 orders tried  current cost 2
    W_14: 10365s  23,366,100,000 steps   119825 feasible sets         0 orders tried  current cost 3
    W_14: 10380s  23,399,721,600 steps   119980 feasible sets         0 orders tried  current cost 11
    W_14: 10395s  23,433,783,000 steps   120146 feasible sets         0 orders tried  current cost 8
    W_14: 10410s  23,467,728,600 steps   120292 feasible sets         0 orders tried  current cost 4
    W_14: 10425s  23,501,714,000 steps   120468 feasible sets         0 orders tried  current cost 2
    W_14: 10440s  23,536,085,800 steps   120640 feasible sets         0 orders tried  current cost 7
    W_14: 10455s  23,569,765,400 steps   120808 feasible sets         0 orders tried  current cost 8
    W_14: 10470s  23,603,782,200 steps   121001 feasible sets         0 orders tried  current cost 11
    W_14: 10485s  23,638,279,000 steps   121207 feasible sets         0 orders tried  current cost 2
    W_14: 10500s  23,672,270,800 steps   121379 feasible sets         0 orders tried  current cost 4
    W_14: 10515s  23,706,426,000 steps   121563 feasible sets         0 orders tried  current cost 7
    W_14: 10530s  23,740,625,400 steps   121752 feasible sets         0 orders tried  current cost 11
    W_14: 10545s  23,774,519,600 steps   121945 feasible sets         0 orders tried  current cost 3
    W_14: 10560s  23,808,188,800 steps   122070 feasible sets         0 orders tried  current cost 6
    W_14: 10575s  23,842,430,400 steps   122252 feasible sets         0 orders tried  current cost 5
    W_14: 10590s  23,875,804,800 steps   122410 feasible sets         0 orders tried  current cost 10
    W_14: 10605s  23,909,911,200 steps   122585 feasible sets         0 orders tried  current cost 4
    W_14: 10620s  23,944,099,400 steps   122760 feasible sets         0 orders tried  current cost 2
    W_14: 10635s  23,977,623,200 steps   122924 feasible sets         0 orders tried  current cost 9
    W_14: 10650s  24,011,592,000 steps   123126 feasible sets         0 orders tried  current cost 4
    W_14: 10665s  24,045,524,000 steps   123318 feasible sets         0 orders tried  current cost 6
    W_14: 10680s  24,079,288,800 steps   123467 feasible sets         0 orders tried  current cost 4
    W_14: 10695s  24,113,395,000 steps   123618 feasible sets         0 orders tried  current cost 2
    W_14: 10710s  24,147,056,400 steps   123759 feasible sets         0 orders tried  current cost 2
    W_14: 10725s  24,180,937,600 steps   123930 feasible sets         0 orders tried  current cost 4
    W_14: 10740s  24,214,951,800 steps   124114 feasible sets         0 orders tried  current cost 3
    W_14: 10755s  24,248,511,400 steps   124330 feasible sets         0 orders tried  current cost 3
    W_14: 10770s  24,282,520,200 steps   124488 feasible sets         0 orders tried  current cost 14
    W_14: 10785s  24,316,338,000 steps   124675 feasible sets         0 orders tried  current cost 4
    W_14: 10800s  24,349,623,400 steps   124858 feasible sets         0 orders tried  current cost 12
    W_14: 10815s  24,383,358,200 steps   125050 feasible sets         0 orders tried  current cost 1
    W_14: 10830s  24,416,998,200 steps   125231 feasible sets         0 orders tried  current cost 2
    W_14: 10845s  24,450,929,000 steps   125388 feasible sets         0 orders tried  current cost 2
    W_14: 10860s  24,485,114,800 steps   125537 feasible sets         0 orders tried  current cost 2
    W_14: 10875s  24,518,813,400 steps   125668 feasible sets         0 orders tried  current cost 5
    W_14: 10890s  24,553,002,000 steps   125873 feasible sets         0 orders tried  current cost 18
    W_14: 10905s  24,587,034,800 steps   126038 feasible sets         0 orders tried  current cost 1
    W_14: 10920s  24,620,928,800 steps   126208 feasible sets         0 orders tried  current cost 5
    W_14: 10935s  24,654,918,600 steps   126383 feasible sets         0 orders tried  current cost 1
    W_14: 10950s  24,689,056,200 steps   126524 feasible sets         0 orders tried  current cost 1
    W_14: 10965s  24,723,002,000 steps   126716 feasible sets         0 orders tried  current cost 9
    W_14: 10980s  24,756,997,800 steps   126895 feasible sets         0 orders tried  current cost 2
    W_14: 10995s  24,790,823,000 steps   127075 feasible sets         0 orders tried  current cost 15
    W_14: 11010s  24,824,751,000 steps   127278 feasible sets         0 orders tried  current cost 4
    W_14: 11025s  24,859,335,200 steps   127464 feasible sets         0 orders tried  current cost 3
    W_14: 11040s  24,893,062,400 steps   127666 feasible sets         0 orders tried  current cost 11
    W_14: 11055s  24,926,754,800 steps   127842 feasible sets         0 orders tried  current cost 3
    W_14: 11070s  24,960,361,800 steps   127991 feasible sets         0 orders tried  current cost 11
    W_14: 11085s  24,993,969,400 steps   128137 feasible sets         0 orders tried  current cost 4
    W_14: 11100s  25,027,718,800 steps   128353 feasible sets         0 orders tried  current cost 1
    W_14: 11115s  25,061,730,200 steps   128509 feasible sets         0 orders tried  current cost 4
    W_14: 11130s  25,095,587,000 steps   128675 feasible sets         0 orders tried  current cost 8
    W_14: 11145s  25,129,840,600 steps   128836 feasible sets         0 orders tried  current cost 9
    W_14: 11160s  25,163,678,600 steps   128994 feasible sets         0 orders tried  current cost 4
    W_14: 11175s  25,197,352,200 steps   129173 feasible sets         0 orders tried  current cost 1
    W_14: 11190s  25,231,434,800 steps   129322 feasible sets         0 orders tried  current cost 3
    W_14: 11205s  25,264,985,800 steps   129496 feasible sets         0 orders tried  current cost 3
    W_14: 11220s  25,298,920,800 steps   129642 feasible sets         0 orders tried  current cost 8
    W_14: 11235s  25,331,907,400 steps   129825 feasible sets         0 orders tried  current cost 9
    W_14: 11250s  25,364,712,600 steps   130028 feasible sets         0 orders tried  current cost 3
    W_14: 11265s  25,398,709,800 steps   130151 feasible sets         0 orders tried  current cost 4
    W_14: 11280s  25,432,992,200 steps   130312 feasible sets         0 orders tried  current cost 7
    W_14: 11295s  25,467,233,000 steps   130492 feasible sets         0 orders tried  current cost 5
    W_14: 11310s  25,501,589,200 steps   130706 feasible sets         0 orders tried  current cost 1
    W_14: 11325s  25,536,008,000 steps   130890 feasible sets         0 orders tried  current cost 6
    W_14: 11340s  25,569,797,800 steps   131032 feasible sets         0 orders tried  current cost 3
    W_14: 11355s  25,603,802,000 steps   131203 feasible sets         0 orders tried  current cost 13
    W_14: 11370s  25,638,024,600 steps   131422 feasible sets         0 orders tried  current cost 6
    W_14: 11385s  25,672,125,600 steps   131634 feasible sets         0 orders tried  current cost 9
    W_14: 11400s  25,705,686,200 steps   131801 feasible sets         0 orders tried  current cost 6
    W_14: 11415s  25,739,636,400 steps   132008 feasible sets         0 orders tried  current cost 2
    W_14: 11430s  25,774,015,200 steps   132199 feasible sets         0 orders tried  current cost 1
    W_14: 11445s  25,808,124,400 steps   132346 feasible sets         0 orders tried  current cost 12
    W_14: 11460s  25,842,530,000 steps   132551 feasible sets         0 orders tried  current cost 4
    W_14: 11475s  25,876,509,800 steps   132721 feasible sets         0 orders tried  current cost 4
    W_14: 11490s  25,910,548,800 steps   132851 feasible sets         0 orders tried  current cost 11
    W_14: 11505s  25,944,604,800 steps   132989 feasible sets         0 orders tried  current cost 8
    W_14: 11520s  25,978,551,400 steps   133136 feasible sets         0 orders tried  current cost 4
    W_14: 11535s  26,012,507,800 steps   133320 feasible sets         0 orders tried  current cost 3
    W_14: 11550s  26,046,905,600 steps   133506 feasible sets         0 orders tried  current cost 11
    W_14: 11565s  26,081,282,400 steps   133670 feasible sets         0 orders tried  current cost 14
    W_14: 11580s  26,115,359,200 steps   133847 feasible sets         0 orders tried  current cost 3
    W_14: 11595s  26,149,148,400 steps   134015 feasible sets         0 orders tried  current cost 7
    W_14: 11610s  26,183,389,400 steps   134199 feasible sets         0 orders tried  current cost 3
    W_14: 11625s  26,217,830,400 steps   134340 feasible sets         0 orders tried  current cost 4
    W_14: 11640s  26,252,527,600 steps   134533 feasible sets         0 orders tried  current cost 6
    W_14: 11655s  26,286,588,800 steps   134692 feasible sets         0 orders tried  current cost 3
    W_14: 11670s  26,320,920,000 steps   134888 feasible sets         0 orders tried  current cost 3
    W_14: 11685s  26,355,460,200 steps   135057 feasible sets         0 orders tried  current cost 11
    W_14: 11700s  26,389,518,000 steps   135218 feasible sets         0 orders tried  current cost 3
    W_14: 11715s  26,423,959,800 steps   135395 feasible sets         0 orders tried  current cost 2
    W_14: 11730s  26,458,190,800 steps   135552 feasible sets         0 orders tried  current cost 3
    W_14: 11745s  26,492,301,400 steps   135737 feasible sets         0 orders tried  current cost 18
    W_14: 11760s  26,526,781,400 steps   135966 feasible sets         0 orders tried  current cost 10
    W_14: 11775s  26,560,666,800 steps   136145 feasible sets         0 orders tried  current cost 7
    W_14: 11790s  26,594,709,800 steps   136311 feasible sets         0 orders tried  current cost 5
    W_14: 11805s  26,628,953,400 steps   136494 feasible sets         0 orders tried  current cost 3
    W_14: 11820s  26,663,002,400 steps   136712 feasible sets         0 orders tried  current cost 10
    W_14: 11835s  26,697,155,000 steps   136906 feasible sets         0 orders tried  current cost 3
    W_14: 11850s  26,731,303,600 steps   137047 feasible sets         0 orders tried  current cost 14
    W_14: 11865s  26,765,531,000 steps   137227 feasible sets         0 orders tried  current cost 4
    W_14: 11880s  26,799,451,000 steps   137419 feasible sets         0 orders tried  current cost 3
    W_14: 11895s  26,833,690,400 steps   137595 feasible sets         0 orders tried  current cost 4
    W_14: 11910s  26,867,335,400 steps   137735 feasible sets         0 orders tried  current cost 3
    W_14: 11925s  26,901,462,400 steps   137878 feasible sets         0 orders tried  current cost 10
    W_14: 11940s  26,935,481,200 steps   138057 feasible sets         0 orders tried  current cost 14
    W_14: 11955s  26,969,986,400 steps   138215 feasible sets         0 orders tried  current cost 4
    W_14: 11970s  27,003,748,600 steps   138374 feasible sets         0 orders tried  current cost 4
    W_14: 11985s  27,037,625,000 steps   138536 feasible sets         0 orders tried  current cost 10
    W_14: 12000s  27,071,295,200 steps   138740 feasible sets         0 orders tried  current cost 4
    W_14: 12015s  27,105,437,400 steps   138918 feasible sets         0 orders tried  current cost 1
    W_14: 12030s  27,139,282,400 steps   139089 feasible sets         0 orders tried  current cost 14
    W_14: 12045s  27,173,509,400 steps   139249 feasible sets         0 orders tried  current cost 4
    W_14: 12060s  27,207,446,200 steps   139429 feasible sets         0 orders tried  current cost 9
    W_14: 12075s  27,241,083,200 steps   139620 feasible sets         0 orders tried  current cost 8
    W_14: 12090s  27,275,065,600 steps   139787 feasible sets         0 orders tried  current cost 11
    W_14: 12105s  27,308,965,200 steps   139963 feasible sets         0 orders tried  current cost 8
    W_14: 12120s  27,343,306,400 steps   140133 feasible sets         0 orders tried  current cost 6
    W_14: 12135s  27,377,399,400 steps   140318 feasible sets         0 orders tried  current cost 1
    W_14: 12150s  27,411,636,600 steps   140490 feasible sets         0 orders tried  current cost 3
    W_14: 12165s  27,446,175,600 steps   140715 feasible sets         0 orders tried  current cost 3
    W_14: 12180s  27,480,400,600 steps   140903 feasible sets         0 orders tried  current cost 12
    W_14: 12195s  27,514,349,000 steps   141093 feasible sets         0 orders tried  current cost 3
    W_14: 12210s  27,548,963,600 steps   141311 feasible sets         0 orders tried  current cost 12
    W_14: 12225s  27,583,168,600 steps   141439 feasible sets         0 orders tried  current cost 7
    W_14: 12240s  27,616,890,600 steps   141634 feasible sets         0 orders tried  current cost 2
    W_14: 12255s  27,650,624,200 steps   141793 feasible sets         0 orders tried  current cost 12
    W_14: 12270s  27,684,948,600 steps   141966 feasible sets         0 orders tried  current cost 3
    W_14: 12285s  27,718,983,800 steps   142105 feasible sets         0 orders tried  current cost 8
    W_14: 12300s  27,752,725,000 steps   142276 feasible sets         0 orders tried  current cost 8
    W_14: 12315s  27,787,254,000 steps   142426 feasible sets         0 orders tried  current cost 3
    W_14: 12330s  27,821,647,800 steps   142591 feasible sets         0 orders tried  current cost 5
    W_14: 12345s  27,855,759,600 steps   142786 feasible sets         0 orders tried  current cost 2
    W_14: 12360s  27,890,532,400 steps   142952 feasible sets         0 orders tried  current cost 2
    W_14: 12375s  27,925,034,800 steps   143163 feasible sets         0 orders tried  current cost 3
    W_14: 12390s  27,959,548,000 steps   143366 feasible sets         0 orders tried  current cost 3
    W_14: 12405s  27,993,889,000 steps   143532 feasible sets         0 orders tried  current cost 3
    W_14: 12420s  28,028,010,000 steps   143698 feasible sets         0 orders tried  current cost 5
    W_14: 12435s  28,062,508,400 steps   143876 feasible sets         0 orders tried  current cost 5
    W_14: 12450s  28,096,748,200 steps   144029 feasible sets         0 orders tried  current cost 2
    W_14: 12465s  28,131,065,400 steps   144206 feasible sets         0 orders tried  current cost 6
    W_14: 12480s  28,165,821,000 steps   144379 feasible sets         0 orders tried  current cost 19
    W_14: 12495s  28,199,866,800 steps   144565 feasible sets         0 orders tried  current cost 5
    W_14: 12510s  28,234,361,200 steps   144761 feasible sets         0 orders tried  current cost 22
    W_14: 12525s  28,268,421,000 steps   144939 feasible sets         0 orders tried  current cost 17
    W_14: 12540s  28,302,631,800 steps   145155 feasible sets         0 orders tried  current cost 4
    W_14: 12555s  28,336,952,600 steps   145331 feasible sets         0 orders tried  current cost 4
    W_14: 12570s  28,370,893,800 steps   145523 feasible sets         0 orders tried  current cost 2
    W_14: 12585s  28,405,439,600 steps   145701 feasible sets         0 orders tried  current cost 4
    W_14: 12600s  28,440,055,200 steps   145887 feasible sets         0 orders tried  current cost 3
    W_14: 12615s  28,474,524,600 steps   146036 feasible sets         0 orders tried  current cost 9
    W_14: 12630s  28,508,840,400 steps   146192 feasible sets         0 orders tried  current cost 18
    W_14: 12645s  28,543,032,800 steps   146390 feasible sets         0 orders tried  current cost 1
    W_14: 12660s  28,577,036,400 steps   146582 feasible sets         0 orders tried  current cost 3
    W_14: 12675s  28,611,103,400 steps   146783 feasible sets         0 orders tried  current cost 11
    W_14: 12690s  28,645,422,200 steps   146970 feasible sets         0 orders tried  current cost 10
    W_14: 12705s  28,679,874,200 steps   147117 feasible sets         0 orders tried  current cost 3
    W_14: 12720s  28,714,487,200 steps   147282 feasible sets         0 orders tried  current cost 9
    W_14: 12735s  28,748,818,800 steps   147482 feasible sets         0 orders tried  current cost 4
    W_14: 12750s  28,783,109,400 steps   147711 feasible sets         0 orders tried  current cost 3
    W_14: 12765s  28,817,917,600 steps   147838 feasible sets         0 orders tried  current cost 5
    W_14: 12780s  28,852,505,200 steps   148033 feasible sets         0 orders tried  current cost 8
    W_14: 12795s  28,886,251,000 steps   148184 feasible sets         0 orders tried  current cost 4
    W_14: 12810s  28,920,973,200 steps   148362 feasible sets         0 orders tried  current cost 2
    W_14: 12825s  28,955,276,800 steps   148562 feasible sets         0 orders tried  current cost 3
    W_14: 12840s  28,989,743,400 steps   148727 feasible sets         0 orders tried  current cost 14
    W_14: 12855s  29,024,105,400 steps   148935 feasible sets         0 orders tried  current cost 6
    W_14: 12870s  29,058,505,800 steps   149107 feasible sets         0 orders tried  current cost 8
    W_14: 12885s  29,093,002,000 steps   149270 feasible sets         0 orders tried  current cost 8
    W_14: 12900s  29,127,726,600 steps   149417 feasible sets         0 orders tried  current cost 7
    W_14: 12915s  29,161,909,200 steps   149562 feasible sets         0 orders tried  current cost 3
    W_14: 12930s  29,195,740,000 steps   149743 feasible sets         0 orders tried  current cost 3
    W_14: 12945s  29,230,314,200 steps   149944 feasible sets         0 orders tried  current cost 3
    W_14: 12960s  29,264,639,400 steps   150119 feasible sets         0 orders tried  current cost 4
    W_14: 12975s  29,299,365,200 steps   150279 feasible sets         0 orders tried  current cost 4
    W_14: 12990s  29,333,569,200 steps   150501 feasible sets         0 orders tried  current cost 6
    W_14: 13005s  29,367,874,000 steps   150667 feasible sets         0 orders tried  current cost 1
    W_14: 13020s  29,402,506,800 steps   150866 feasible sets         0 orders tried  current cost 7
    W_14: 13035s  29,436,319,600 steps   151043 feasible sets         0 orders tried  current cost 4
    W_14: 13050s  29,470,723,600 steps   151218 feasible sets         0 orders tried  current cost 9
    W_14: 13065s  29,504,861,000 steps   151360 feasible sets         0 orders tried  current cost 16
    W_14: 13080s  29,538,908,400 steps   151543 feasible sets         0 orders tried  current cost 3
    W_14: 13095s  29,572,922,600 steps   151710 feasible sets         0 orders tried  current cost 10
    W_14: 13110s  29,607,431,000 steps   151883 feasible sets         0 orders tried  current cost 3
    W_14: 13125s  29,641,802,000 steps   152054 feasible sets         0 orders tried  current cost 12
    W_14: 13140s  29,675,769,600 steps   152239 feasible sets         0 orders tried  current cost 3
    W_14: 13155s  29,710,150,000 steps   152419 feasible sets         0 orders tried  current cost 3
    W_14: 13170s  29,744,195,000 steps   152588 feasible sets         0 orders tried  current cost 4
    W_14: 13185s  29,778,642,000 steps   152747 feasible sets         0 orders tried  current cost 11
    W_14: 13200s  29,813,088,000 steps   152967 feasible sets         0 orders tried  current cost 5
    W_14: 13215s  29,847,297,400 steps   153086 feasible sets         0 orders tried  current cost 3
    W_14: 13230s  29,881,506,800 steps   153255 feasible sets         0 orders tried  current cost 9
    W_14: 13245s  29,915,883,000 steps   153429 feasible sets         0 orders tried  current cost 12
    W_14: 13260s  29,950,279,400 steps   153628 feasible sets         0 orders tried  current cost 2
    W_14: 13275s  29,984,651,800 steps   153790 feasible sets         0 orders tried  current cost 6
    W_14: 13290s  30,019,258,000 steps   153962 feasible sets         0 orders tried  current cost 2
    W_14: 13305s  30,054,045,200 steps   154124 feasible sets         0 orders tried  current cost 9
    W_14: 13320s  30,088,626,000 steps   154277 feasible sets         0 orders tried  current cost 8
    W_14: 13335s  30,123,132,000 steps   154448 feasible sets         0 orders tried  current cost 4
    W_14: 13350s  30,157,238,800 steps   154605 feasible sets         0 orders tried  current cost 1
    W_14: 13365s  30,191,603,000 steps   154770 feasible sets         0 orders tried  current cost 8
    W_14: 13380s  30,226,182,200 steps   154936 feasible sets         0 orders tried  current cost 12
    W_14: 13395s  30,260,647,200 steps   155108 feasible sets         0 orders tried  current cost 3
    W_14: 13410s  30,294,875,200 steps   155300 feasible sets         0 orders tried  current cost 4
    W_14: 13425s  30,329,118,800 steps   155461 feasible sets         0 orders tried  current cost 3
    W_14: 13440s  30,363,380,000 steps   155623 feasible sets         0 orders tried  current cost 2
    W_14: 13455s  30,397,895,400 steps   155807 feasible sets         0 orders tried  current cost 4
    W_14: 13470s  30,432,298,600 steps   155979 feasible sets         0 orders tried  current cost 4
    W_14: 13485s  30,466,138,200 steps   156172 feasible sets         0 orders tried  current cost 3
    W_14: 13500s  30,500,204,400 steps   156330 feasible sets         0 orders tried  current cost 8
    W_14: 13515s  30,534,840,000 steps   156545 feasible sets         0 orders tried  current cost 2
    W_14: 13530s  30,569,215,200 steps   156704 feasible sets         0 orders tried  current cost 3
    W_14: 13545s  30,603,322,600 steps   156870 feasible sets         0 orders tried  current cost 7
    W_14: 13560s  30,637,354,800 steps   157003 feasible sets         0 orders tried  current cost 3
    W_14: 13575s  30,671,849,800 steps   157166 feasible sets         0 orders tried  current cost 4
    W_14: 13590s  30,706,379,400 steps   157350 feasible sets         0 orders tried  current cost 4
    W_14: 13605s  30,740,984,400 steps   157555 feasible sets         0 orders tried  current cost 5
    W_14: 13620s  30,775,581,000 steps   157735 feasible sets         0 orders tried  current cost 17
    W_14: 13635s  30,810,081,000 steps   157913 feasible sets         0 orders tried  current cost 12
    W_14: 13650s  30,844,130,000 steps   158092 feasible sets         0 orders tried  current cost 1
    W_14: 13665s  30,878,732,600 steps   158257 feasible sets         0 orders tried  current cost 5
    W_14: 13680s  30,913,047,000 steps   158403 feasible sets         0 orders tried  current cost 3
    W_14: 13695s  30,947,440,800 steps   158558 feasible sets         0 orders tried  current cost 9
    W_14: 13710s  30,981,927,600 steps   158755 feasible sets         0 orders tried  current cost 6
    W_14: 13725s  31,016,689,400 steps   158987 feasible sets         0 orders tried  current cost 3
    W_14: 13740s  31,050,979,600 steps   159155 feasible sets         0 orders tried  current cost 3
    W_14: 13755s  31,085,424,400 steps   159334 feasible sets         0 orders tried  current cost 13
    W_14: 13770s  31,119,705,800 steps   159489 feasible sets         0 orders tried  current cost 7
    W_14: 13785s  31,154,266,200 steps   159680 feasible sets         0 orders tried  current cost 8
    W_14: 13800s  31,188,354,000 steps   159863 feasible sets         0 orders tried  current cost 5
    W_14: 13815s  31,222,715,200 steps   160061 feasible sets         0 orders tried  current cost 3
    W_14: 13830s  31,256,348,400 steps   160210 feasible sets         0 orders tried  current cost 5
    W_14: 13845s  31,290,188,600 steps   160359 feasible sets         0 orders tried  current cost 8
    W_14: 13860s  31,324,502,400 steps   160571 feasible sets         0 orders tried  current cost 13
    W_14: 13875s  31,358,722,200 steps   160749 feasible sets         0 orders tried  current cost 8
    W_14: 13890s  31,393,095,200 steps   160917 feasible sets         0 orders tried  current cost 5
    W_14: 13905s  31,427,397,200 steps   161131 feasible sets         0 orders tried  current cost 2
    W_14: 13920s  31,461,564,200 steps   161277 feasible sets         0 orders tried  current cost 6
    W_14: 13935s  31,495,900,000 steps   161460 feasible sets         0 orders tried  current cost 3
    W_14: 13950s  31,529,909,800 steps   161676 feasible sets         0 orders tried  current cost 4
    W_14: 13965s  31,564,209,800 steps   161865 feasible sets         0 orders tried  current cost 6
    W_14: 13980s  31,598,408,200 steps   162048 feasible sets         0 orders tried  current cost 4
    W_14: 13995s  31,632,882,600 steps   162232 feasible sets         0 orders tried  current cost 14
    W_14: 14010s  31,667,541,800 steps   162433 feasible sets         0 orders tried  current cost 12
    W_14: 14025s  31,701,991,800 steps   162629 feasible sets         0 orders tried  current cost 6
    W_14: 14040s  31,736,366,200 steps   162823 feasible sets         0 orders tried  current cost 8
    W_14: 14055s  31,770,494,600 steps   162986 feasible sets         0 orders tried  current cost 1
    W_14: 14070s  31,804,705,000 steps   163155 feasible sets         0 orders tried  current cost 11
    W_14: 14085s  31,838,895,400 steps   163302 feasible sets         0 orders tried  current cost 1
    W_14: 14100s  31,873,124,600 steps   163478 feasible sets         0 orders tried  current cost 10
    W_14: 14115s  31,907,153,400 steps   163652 feasible sets         0 orders tried  current cost 4
    W_14: 14130s  31,941,275,200 steps   163815 feasible sets         0 orders tried  current cost 2
    W_14: 14145s  31,975,694,400 steps   164016 feasible sets         0 orders tried  current cost 3
    W_14: 14160s  32,009,850,000 steps   164210 feasible sets         0 orders tried  current cost 4
    W_14: 14175s  32,044,046,400 steps   164389 feasible sets         0 orders tried  current cost 6
    W_14: 14190s  32,078,543,200 steps   164542 feasible sets         0 orders tried  current cost 13
    W_14: 14205s  32,113,160,600 steps   164696 feasible sets         0 orders tried  current cost 11
    W_14: 14220s  32,147,542,800 steps   164860 feasible sets         0 orders tried  current cost 11
    W_14: 14235s  32,182,031,800 steps   165047 feasible sets         0 orders tried  current cost 1
    W_14: 14250s  32,216,565,800 steps   165210 feasible sets         0 orders tried  current cost 6
    W_14: 14265s  32,251,066,800 steps   165389 feasible sets         0 orders tried  current cost 5
    W_14: 14280s  32,285,580,200 steps   165549 feasible sets         0 orders tried  current cost 11
    W_14: 14295s  32,319,803,200 steps   165720 feasible sets         0 orders tried  current cost 11
    W_14: 14310s  32,354,033,000 steps   165932 feasible sets         0 orders tried  current cost 3
    W_14: 14325s  32,388,232,800 steps   166111 feasible sets         0 orders tried  current cost 2
    W_14: 14340s  32,422,598,200 steps   166328 feasible sets         0 orders tried  current cost 1
    W_14: 14355s  32,457,144,400 steps   166511 feasible sets         0 orders tried  current cost 10
    W_14: 14370s  32,491,718,600 steps   166725 feasible sets         0 orders tried  current cost 1
    W_14: 14385s  32,526,210,000 steps   166925 feasible sets         0 orders tried  current cost 3
    W_14: 14400s  32,560,761,800 steps   167096 feasible sets         0 orders tried  current cost 15
    W_14: 14415s  32,594,935,000 steps   167274 feasible sets         0 orders tried  current cost 3
    W_14: 14430s  32,629,477,000 steps   167402 feasible sets         0 orders tried  current cost 4
    W_14: 14445s  32,663,803,000 steps   167602 feasible sets         0 orders tried  current cost 9
    W_14: 14460s  32,698,198,000 steps   167758 feasible sets         0 orders tried  current cost 3
    W_14: 14475s  32,732,614,000 steps   167920 feasible sets         0 orders tried  current cost 5
    W_14: 14490s  32,767,022,600 steps   168115 feasible sets         0 orders tried  current cost 8
    W_14: 14505s  32,801,307,400 steps   168273 feasible sets         0 orders tried  current cost 8
    W_14: 14520s  32,835,583,000 steps   168433 feasible sets         0 orders tried  current cost 15
    W_14: 14535s  32,869,698,800 steps   168583 feasible sets         0 orders tried  current cost 5
    W_14: 14550s  32,904,153,000 steps   168765 feasible sets         0 orders tried  current cost 1
    W_14: 14565s  32,938,144,400 steps   168948 feasible sets         0 orders tried  current cost 11
    W_14: 14580s  32,972,497,000 steps   169119 feasible sets         0 orders tried  current cost 4
    W_14: 14595s  33,006,710,200 steps   169290 feasible sets         0 orders tried  current cost 4
    W_14: 14610s  33,041,426,600 steps   169471 feasible sets         0 orders tried  current cost 5
    W_14: 14625s  33,076,301,000 steps   169636 feasible sets         0 orders tried  current cost 10
    W_14: 14640s  33,110,446,200 steps   169806 feasible sets         0 orders tried  current cost 9
    W_14: 14655s  33,144,393,600 steps   169967 feasible sets         0 orders tried  current cost 2
    W_14: 14670s  33,178,883,400 steps   170148 feasible sets         0 orders tried  current cost 13
    W_14: 14685s  33,212,808,400 steps   170360 feasible sets         0 orders tried  current cost 6
    W_14: 14700s  33,247,041,200 steps   170552 feasible sets         0 orders tried  current cost 12
    W_14: 14715s  33,281,015,800 steps   170702 feasible sets         0 orders tried  current cost 5
    W_14: 14730s  33,315,215,400 steps   170837 feasible sets         0 orders tried  current cost 3
    W_14: 14745s  33,349,330,800 steps   171053 feasible sets         0 orders tried  current cost 3
    W_14: 14760s  33,383,843,000 steps   171220 feasible sets         0 orders tried  current cost 16
    W_14: 14775s  33,417,881,600 steps   171387 feasible sets         0 orders tried  current cost 14
    W_14: 14790s  33,451,783,600 steps   171577 feasible sets         0 orders tried  current cost 9
    W_14: 14805s  33,485,703,000 steps   171720 feasible sets         0 orders tried  current cost 11
    W_14: 14820s  33,519,637,400 steps   171849 feasible sets         0 orders tried  current cost 3
    W_14: 14835s  33,554,027,200 steps   172009 feasible sets         0 orders tried  current cost 2
    W_14: 14850s  33,587,119,600 steps   172139 feasible sets         0 orders tried  current cost 1
    W_14: 14865s  33,620,889,800 steps   172327 feasible sets         0 orders tried  current cost 5
    W_14: 14880s  33,654,946,400 steps   172509 feasible sets         0 orders tried  current cost 10
    W_14: 14895s  33,689,259,600 steps   172668 feasible sets         0 orders tried  current cost 4
    W_14: 14910s  33,723,030,600 steps   172857 feasible sets         0 orders tried  current cost 5
    W_14: 14925s  33,757,040,000 steps   173015 feasible sets         0 orders tried  current cost 2
    W_14: 14940s  33,791,219,600 steps   173208 feasible sets         0 orders tried  current cost 2
    W_14: 14955s  33,825,731,000 steps   173402 feasible sets         0 orders tried  current cost 4
    W_14: 14970s  33,859,919,400 steps   173579 feasible sets         0 orders tried  current cost 4
    W_14: 14985s  33,894,791,600 steps   173753 feasible sets         0 orders tried  current cost 4
    W_14: 15000s  33,928,957,400 steps   173958 feasible sets         0 orders tried  current cost 3
    W_14: 15015s  33,962,865,200 steps   174171 feasible sets         0 orders tried  current cost 5
    W_14: 15030s  33,997,048,400 steps   174348 feasible sets         0 orders tried  current cost 7
    W_14: 15045s  34,031,187,600 steps   174499 feasible sets         0 orders tried  current cost 6
    W_14: 15060s  34,065,040,200 steps   174654 feasible sets         0 orders tried  current cost 14
    W_14: 15075s  34,099,526,600 steps   174827 feasible sets         0 orders tried  current cost 7
    W_14: 15090s  34,134,188,000 steps   175029 feasible sets         0 orders tried  current cost 4
    W_14: 15105s  34,168,251,000 steps   175191 feasible sets         0 orders tried  current cost 2
    W_14: 15120s  34,202,583,000 steps   175374 feasible sets         0 orders tried  current cost 7
    W_14: 15135s  34,236,760,800 steps   175557 feasible sets         0 orders tried  current cost 15
    W_14: 15150s  34,270,820,600 steps   175744 feasible sets         0 orders tried  current cost 10
    W_14: 15165s  34,305,441,600 steps   175918 feasible sets         0 orders tried  current cost 14
    W_14: 15180s  34,339,642,200 steps   176087 feasible sets         0 orders tried  current cost 12
    W_14: 15195s  34,373,974,200 steps   176278 feasible sets         0 orders tried  current cost 3
    W_14: 15210s  34,407,965,000 steps   176447 feasible sets         0 orders tried  current cost 12
    W_14: 15225s  34,442,238,600 steps   176667 feasible sets         0 orders tried  current cost 5
    W_14: 15240s  34,476,442,000 steps   176878 feasible sets         0 orders tried  current cost 11
    W_14: 15255s  34,511,062,400 steps   177035 feasible sets         0 orders tried  current cost 13
    W_14: 15270s  34,545,375,400 steps   177198 feasible sets         0 orders tried  current cost 4
    W_14: 15285s  34,579,413,200 steps   177356 feasible sets         0 orders tried  current cost 5
    W_14: 15300s  34,613,774,600 steps   177518 feasible sets         0 orders tried  current cost 2
    W_14: 15315s  34,648,197,800 steps   177708 feasible sets         0 orders tried  current cost 2
    W_14: 15330s  34,682,819,600 steps   177873 feasible sets         0 orders tried  current cost 5
    W_14: 15345s  34,717,376,400 steps   178026 feasible sets         0 orders tried  current cost 3
    W_14: 15360s  34,751,476,200 steps   178202 feasible sets         0 orders tried  current cost 1
    W_14: 15375s  34,785,499,400 steps   178349 feasible sets         0 orders tried  current cost 3
    W_14: 15390s  34,819,986,600 steps   178513 feasible sets         0 orders tried  current cost 10
    W_14: 15405s  34,854,650,400 steps   178665 feasible sets         0 orders tried  current cost 1
    W_14: 15420s  34,889,255,600 steps   178848 feasible sets         0 orders tried  current cost 4
    W_14: 15435s  34,923,499,400 steps   178993 feasible sets         0 orders tried  current cost 1
    W_14: 15450s  34,958,069,400 steps   179180 feasible sets         0 orders tried  current cost 3
    W_14: 15465s  34,993,020,800 steps   179353 feasible sets         0 orders tried  current cost 14
    W_14: 15480s  35,027,709,800 steps   179521 feasible sets         0 orders tried  current cost 3
    W_14: 15495s  35,062,539,000 steps   179709 feasible sets         0 orders tried  current cost 3
    W_14: 15510s  35,097,325,600 steps   179913 feasible sets         0 orders tried  current cost 7
    W_14: 15525s  35,131,794,000 steps   180136 feasible sets         0 orders tried  current cost 2
    W_14: 15540s  35,166,509,200 steps   180334 feasible sets         0 orders tried  current cost 5
    W_14: 15555s  35,200,773,800 steps   180509 feasible sets         0 orders tried  current cost 3
    W_14: 15570s  35,235,400,200 steps   180738 feasible sets         0 orders tried  current cost 12
    W_14: 15585s  35,269,966,200 steps   180906 feasible sets         0 orders tried  current cost 5
    W_14: 15600s  35,304,576,800 steps   181099 feasible sets         0 orders tried  current cost 1
    W_14: 15615s  35,339,065,000 steps   181262 feasible sets         0 orders tried  current cost 8
    W_14: 15630s  35,373,372,000 steps   181403 feasible sets         0 orders tried  current cost 3
    W_14: 15645s  35,407,863,400 steps   181592 feasible sets         0 orders tried  current cost 6
    W_14: 15660s  35,442,770,800 steps   181751 feasible sets         0 orders tried  current cost 2
    W_14: 15675s  35,477,786,600 steps   181916 feasible sets         0 orders tried  current cost 9
    W_14: 15690s  35,512,108,600 steps   182093 feasible sets         0 orders tried  current cost 4
    W_14: 15705s  35,546,814,000 steps   182293 feasible sets         0 orders tried  current cost 4
    W_14: 15720s  35,580,826,400 steps   182470 feasible sets         0 orders tried  current cost 9
    W_14: 15735s  35,614,983,400 steps   182625 feasible sets         0 orders tried  current cost 11
    W_14: 15750s  35,649,502,400 steps   182797 feasible sets         0 orders tried  current cost 7
    W_14: 15765s  35,683,626,200 steps   182953 feasible sets         0 orders tried  current cost 11
    W_14: 15780s  35,718,259,400 steps   183198 feasible sets         0 orders tried  current cost 3
    W_14: 15795s  35,752,147,800 steps   183355 feasible sets         0 orders tried  current cost 5
    W_14: 15810s  35,786,427,000 steps   183536 feasible sets         0 orders tried  current cost 7
    W_14: 15825s  35,820,801,800 steps   183718 feasible sets         0 orders tried  current cost 11
    W_14: 15840s  35,854,422,000 steps   183888 feasible sets         0 orders tried  current cost 11
    W_14: 15855s  35,887,842,800 steps   184035 feasible sets         0 orders tried  current cost 11
    W_14: 15870s  35,921,224,400 steps   184235 feasible sets         0 orders tried  current cost 13
    W_14: 15885s  35,954,734,200 steps   184387 feasible sets         0 orders tried  current cost 2
    W_14: 15900s  35,988,399,200 steps   184542 feasible sets         0 orders tried  current cost 2
    W_14: 15915s  36,022,232,000 steps   184735 feasible sets         0 orders tried  current cost 3
    W_14: 15930s  36,055,488,000 steps   184910 feasible sets         0 orders tried  current cost 5
    W_14: 15945s  36,088,954,000 steps   185095 feasible sets         0 orders tried  current cost 3
    W_14: 15960s  36,122,430,600 steps   185254 feasible sets         0 orders tried  current cost 4
    W_14: 15975s  36,156,104,200 steps   185381 feasible sets         0 orders tried  current cost 9
    W_14: 15990s  36,189,714,400 steps   185524 feasible sets         0 orders tried  current cost 4
    W_14: 16005s  36,223,316,400 steps   185675 feasible sets         0 orders tried  current cost 4
    W_14: 16020s  36,256,954,200 steps   185862 feasible sets         0 orders tried  current cost 3
    W_14: 16035s  36,290,649,600 steps   185986 feasible sets         0 orders tried  current cost 8
    W_14: 16050s  36,323,776,800 steps   186145 feasible sets         0 orders tried  current cost 2
    W_14: 16065s  36,357,236,400 steps   186303 feasible sets         0 orders tried  current cost 4
    W_14: 16080s  36,390,553,400 steps   186499 feasible sets         0 orders tried  current cost 2
    W_14: 16095s  36,423,943,200 steps   186656 feasible sets         0 orders tried  current cost 10
    W_14: 16110s  36,457,891,800 steps   186800 feasible sets         0 orders tried  current cost 6
    W_14: 16125s  36,491,809,000 steps   186967 feasible sets         0 orders tried  current cost 5
    W_14: 16140s  36,523,088,800 steps   187158 feasible sets         0 orders tried  current cost 5
    W_14: 16155s  36,555,731,800 steps   187297 feasible sets         0 orders tried  current cost 2
    W_14: 16170s  36,571,486,200 steps   187352 feasible sets         0 orders tried  current cost 3
    W_14: 16185s  36,604,324,800 steps   187515 feasible sets         0 orders tried  current cost 10
    W_14: 16200s  36,638,070,800 steps   187679 feasible sets         0 orders tried  current cost 5
    W_14: 16215s  36,671,932,200 steps   187832 feasible sets         0 orders tried  current cost 2
    W_14: 16230s  36,706,334,800 steps   187991 feasible sets         0 orders tried  current cost 5
    W_14: 16245s  36,740,593,000 steps   188172 feasible sets         0 orders tried  current cost 4
    W_14: 16260s  36,774,953,800 steps   188349 feasible sets         0 orders tried  current cost 2
    W_14: 16275s  36,809,205,200 steps   188545 feasible sets         0 orders tried  current cost 11
    W_14: 16290s  36,843,703,000 steps   188743 feasible sets         0 orders tried  current cost 13
    W_14: 16305s  36,878,315,600 steps   188961 feasible sets         0 orders tried  current cost 1
    W_14: 16320s  36,912,512,400 steps   189130 feasible sets         0 orders tried  current cost 1
    W_14: 16335s  36,946,479,600 steps   189324 feasible sets         0 orders tried  current cost 1
    W_14: 16350s  36,980,664,800 steps   189506 feasible sets         0 orders tried  current cost 8
    W_14: 16365s  37,015,187,200 steps   189687 feasible sets         0 orders tried  current cost 10
    W_14: 16380s  37,049,686,400 steps   189880 feasible sets         0 orders tried  current cost 8
    W_14: 16395s  37,084,377,200 steps   190060 feasible sets         0 orders tried  current cost 2
    W_14: 16410s  37,119,044,000 steps   190258 feasible sets         0 orders tried  current cost 9
    W_14: 16425s  37,153,242,600 steps   190445 feasible sets         0 orders tried  current cost 9
    W_14: 16440s  37,187,558,000 steps   190624 feasible sets         0 orders tried  current cost 2
    W_14: 16455s  37,221,642,200 steps   190794 feasible sets         0 orders tried  current cost 8
    W_14: 16470s  37,255,836,000 steps   191000 feasible sets         0 orders tried  current cost 3
    W_14: 16485s  37,290,472,600 steps   191191 feasible sets         0 orders tried  current cost 4
    W_14: 16500s  37,324,703,200 steps   191388 feasible sets         0 orders tried  current cost 11
    W_14: 16515s  37,358,805,000 steps   191564 feasible sets         0 orders tried  current cost 7
    W_14: 16530s  37,393,395,000 steps   191780 feasible sets         0 orders tried  current cost 1
    W_14: 16545s  37,427,905,000 steps   191992 feasible sets         0 orders tried  current cost 9
    W_14: 16560s  37,462,496,600 steps   192178 feasible sets         0 orders tried  current cost 1
    W_14: 16575s  37,496,691,600 steps   192365 feasible sets         0 orders tried  current cost 4
    W_14: 16590s  37,531,047,400 steps   192543 feasible sets         0 orders tried  current cost 6
    W_14: 16605s  37,565,626,600 steps   192678 feasible sets         0 orders tried  current cost 9
    W_14: 16620s  37,599,965,800 steps   192912 feasible sets         0 orders tried  current cost 10
    W_14: 16635s  37,634,441,200 steps   193087 feasible sets         0 orders tried  current cost 13
    W_14: 16650s  37,668,765,200 steps   193238 feasible sets         0 orders tried  current cost 14
    W_14: 16665s  37,703,145,800 steps   193435 feasible sets         0 orders tried  current cost 9
    W_14: 16680s  37,737,290,400 steps   193608 feasible sets         0 orders tried  current cost 5
    W_14: 16695s  37,771,558,200 steps   193814 feasible sets         0 orders tried  current cost 2
    W_14: 16710s  37,805,600,800 steps   193956 feasible sets         0 orders tried  current cost 12
    W_14: 16725s  37,839,822,800 steps   194098 feasible sets         0 orders tried  current cost 9
    W_14: 16740s  37,874,106,600 steps   194270 feasible sets         0 orders tried  current cost 4
    W_14: 16755s  37,908,302,000 steps   194429 feasible sets         0 orders tried  current cost 15
    W_14: 16770s  37,942,503,800 steps   194594 feasible sets         0 orders tried  current cost 8
    W_14: 16785s  37,976,779,000 steps   194776 feasible sets         0 orders tried  current cost 2
    W_14: 16800s  38,011,471,400 steps   194964 feasible sets         0 orders tried  current cost 3
    W_14: 16815s  38,045,858,000 steps   195164 feasible sets         0 orders tried  current cost 3
    W_14: 16830s  38,079,872,000 steps   195365 feasible sets         0 orders tried  current cost 4
    W_14: 16845s  38,113,968,000 steps   195542 feasible sets         0 orders tried  current cost 3
    W_14: 16860s  38,148,166,200 steps   195695 feasible sets         0 orders tried  current cost 9
    W_14: 16875s  38,182,614,400 steps   195849 feasible sets         0 orders tried  current cost 4
    W_14: 16890s  38,217,153,000 steps   196043 feasible sets         0 orders tried  current cost 1
    W_14: 16905s  38,251,322,400 steps   196220 feasible sets         0 orders tried  current cost 7
    W_14: 16920s  38,285,520,000 steps   196392 feasible sets         0 orders tried  current cost 2
    W_14: 16935s  38,319,753,800 steps   196615 feasible sets         0 orders tried  current cost 3
    W_14: 16950s  38,354,065,200 steps   196812 feasible sets         0 orders tried  current cost 8
    W_14: 16965s  38,388,286,600 steps   196939 feasible sets         0 orders tried  current cost 9
    W_14: 16980s  38,422,539,600 steps   197100 feasible sets         0 orders tried  current cost 3
    W_14: 16995s  38,456,872,600 steps   197242 feasible sets         0 orders tried  current cost 4
    W_14: 17010s  38,491,043,000 steps   197443 feasible sets         0 orders tried  current cost 7
    W_14: 17025s  38,525,275,600 steps   197653 feasible sets         0 orders tried  current cost 1
    W_14: 17040s  38,559,781,800 steps   197842 feasible sets         0 orders tried  current cost 12
    W_14: 17055s  38,594,265,400 steps   198029 feasible sets         0 orders tried  current cost 10
    W_14: 17070s  38,628,901,800 steps   198203 feasible sets         0 orders tried  current cost 11
    W_14: 17085s  38,663,383,200 steps   198371 feasible sets         0 orders tried  current cost 14
    W_14: 17100s  38,697,911,200 steps   198566 feasible sets         0 orders tried  current cost 4
    W_14: 17115s  38,732,490,200 steps   198738 feasible sets         0 orders tried  current cost 4
    W_14: 17130s  38,766,723,000 steps   198901 feasible sets         0 orders tried  current cost 13
    W_14: 17145s  38,800,839,400 steps   199095 feasible sets         0 orders tried  current cost 1
    W_14: 17160s  38,835,187,200 steps   199323 feasible sets         0 orders tried  current cost 6
    W_14: 17175s  38,869,665,800 steps   199514 feasible sets         0 orders tried  current cost 8
    W_14: 17190s  38,903,772,200 steps   199685 feasible sets         0 orders tried  current cost 4
    W_14: 17205s  38,938,194,400 steps   199844 feasible sets         0 orders tried  current cost 5
    W_14: 17220s  38,972,459,600 steps   199999 feasible sets         0 orders tried  current cost 1
    W_14: 17235s  39,006,763,800 steps   200163 feasible sets         0 orders tried  current cost 6
    W_14: 17250s  39,041,245,800 steps   200307 feasible sets         0 orders tried  current cost 10
    W_14: 17265s  39,075,817,600 steps   200506 feasible sets         0 orders tried  current cost 3
    W_14: 17280s  39,110,336,400 steps   200642 feasible sets         0 orders tried  current cost 4
    W_14: 17295s  39,144,683,600 steps   200818 feasible sets         0 orders tried  current cost 11
    W_14: 17310s  39,179,079,000 steps   201010 feasible sets         0 orders tried  current cost 2
    W_14: 17325s  39,213,648,000 steps   201198 feasible sets         0 orders tried  current cost 7
    W_14: 17340s  39,247,696,800 steps   201362 feasible sets         0 orders tried  current cost 5
    W_14: 17355s  39,281,643,000 steps   201552 feasible sets         0 orders tried  current cost 12
    W_14: 17370s  39,316,217,800 steps   201711 feasible sets         0 orders tried  current cost 4
    W_14: 17385s  39,350,553,000 steps   201882 feasible sets         0 orders tried  current cost 5
    W_14: 17400s  39,384,859,800 steps   202056 feasible sets         0 orders tried  current cost 3
    W_14: 17415s  39,418,932,000 steps   202260 feasible sets         0 orders tried  current cost 1
    W_14: 17430s  39,453,326,800 steps   202445 feasible sets         0 orders tried  current cost 7
    W_14: 17445s  39,487,514,400 steps   202632 feasible sets         0 orders tried  current cost 2
    W_14: 17460s  39,521,691,800 steps   202795 feasible sets         0 orders tried  current cost 5
    W_14: 17475s  39,556,438,800 steps   202963 feasible sets         0 orders tried  current cost 2
    W_14: 17490s  39,591,134,200 steps   203101 feasible sets         0 orders tried  current cost 3
    W_14: 17505s  39,625,246,200 steps   203277 feasible sets         0 orders tried  current cost 7
    W_14: 17520s  39,659,776,400 steps   203431 feasible sets         0 orders tried  current cost 3
    W_14: 17535s  39,693,653,400 steps   203634 feasible sets         0 orders tried  current cost 2
    W_14: 17550s  39,727,805,600 steps   203809 feasible sets         0 orders tried  current cost 8
    W_14: 17565s  39,761,914,400 steps   203984 feasible sets         0 orders tried  current cost 3
    W_14: 17580s  39,795,989,200 steps   204167 feasible sets         0 orders tried  current cost 3
    W_14: 17595s  39,830,542,200 steps   204359 feasible sets         0 orders tried  current cost 11
    W_14: 17610s  39,864,922,600 steps   204512 feasible sets         0 orders tried  current cost 13
    W_14: 17625s  39,899,338,400 steps   204686 feasible sets         0 orders tried  current cost 3
    W_14: 17640s  39,933,329,200 steps   204837 feasible sets         0 orders tried  current cost 6
    W_14: 17655s  39,967,664,400 steps   205048 feasible sets         0 orders tried  current cost 10
    W_14: 17670s  40,002,020,200 steps   205214 feasible sets         0 orders tried  current cost 13
    W_14: 17685s  40,036,050,400 steps   205370 feasible sets         0 orders tried  current cost 3
    W_14: 17700s  40,070,514,200 steps   205527 feasible sets         0 orders tried  current cost 3
    W_14: 17715s  40,103,834,400 steps   205701 feasible sets         0 orders tried  current cost 1
    W_14: 17730s  40,135,964,400 steps   205887 feasible sets         0 orders tried  current cost 6
    W_14: 17745s  40,169,452,200 steps   206037 feasible sets         0 orders tried  current cost 5
    W_14: 17760s  40,204,197,800 steps   206187 feasible sets         0 orders tried  current cost 3
    W_14: 17775s  40,238,589,600 steps   206395 feasible sets         0 orders tried  current cost 3
    W_14: 17790s  40,273,356,800 steps   206587 feasible sets         0 orders tried  current cost 3
    W_14: 17805s  40,308,451,200 steps   206758 feasible sets         0 orders tried  current cost 3
    W_14: 17820s  40,343,355,000 steps   206896 feasible sets         0 orders tried  current cost 5
    W_14: 17835s  40,377,943,200 steps   207093 feasible sets         0 orders tried  current cost 14
    W_14: 17850s  40,412,265,800 steps   207267 feasible sets         0 orders tried  current cost 5
    W_14: 17865s  40,446,881,200 steps   207470 feasible sets         0 orders tried  current cost 13
    W_14: 17880s  40,481,329,800 steps   207654 feasible sets         0 orders tried  current cost 4
    W_14: 17895s  40,516,292,400 steps   207837 feasible sets         0 orders tried  current cost 1
    W_14: 17910s  40,550,534,400 steps   207988 feasible sets         0 orders tried  current cost 5
    W_14: 17925s  40,584,988,200 steps   208168 feasible sets         0 orders tried  current cost 4
    W_14: 17940s  40,619,482,800 steps   208386 feasible sets         0 orders tried  current cost 14
    W_14: 17955s  40,654,625,400 steps   208565 feasible sets         0 orders tried  current cost 5
    W_14: 17970s  40,689,450,400 steps   208760 feasible sets         0 orders tried  current cost 5
    W_14: 17985s  40,724,012,600 steps   208915 feasible sets         0 orders tried  current cost 4
    W_14: 18000s  40,758,497,800 steps   209099 feasible sets         0 orders tried  current cost 2
    W_14: 18015s  40,793,082,800 steps   209293 feasible sets         0 orders tried  current cost 13
    W_14: 18030s  40,827,893,400 steps   209454 feasible sets         0 orders tried  current cost 2
    W_14: 18045s  40,862,325,200 steps   209630 feasible sets         0 orders tried  current cost 5
    W_14: 18060s  40,896,980,600 steps   209843 feasible sets         0 orders tried  current cost 12
    W_14: 18075s  40,931,475,000 steps   209995 feasible sets         0 orders tried  current cost 4
    W_14: 18090s  40,965,896,400 steps   210157 feasible sets         0 orders tried  current cost 4
    W_14: 18105s  41,000,139,600 steps   210334 feasible sets         0 orders tried  current cost 2
    W_14: 18120s  41,034,634,800 steps   210561 feasible sets         0 orders tried  current cost 3
    W_14: 18135s  41,069,801,400 steps   210701 feasible sets         0 orders tried  current cost 9
    W_14: 18150s  41,104,096,000 steps   210852 feasible sets         0 orders tried  current cost 2
    W_14: 18165s  41,138,355,400 steps   211039 feasible sets         0 orders tried  current cost 4
    W_14: 18180s  41,172,677,800 steps   211214 feasible sets         0 orders tried  current cost 3
    W_14: 18195s  41,207,359,800 steps   211409 feasible sets         0 orders tried  current cost 2
    W_14: 18210s  41,242,026,200 steps   211581 feasible sets         0 orders tried  current cost 7
    W_14: 18225s  41,275,967,600 steps   211760 feasible sets         0 orders tried  current cost 6
    W_14: 18240s  41,310,255,000 steps   211975 feasible sets         0 orders tried  current cost 1
    W_14: 18255s  41,345,018,000 steps   212200 feasible sets         0 orders tried  current cost 3
    W_14: 18270s  41,379,594,600 steps   212379 feasible sets         0 orders tried  current cost 4
    W_14: 18285s  41,414,227,800 steps   212534 feasible sets         0 orders tried  current cost 3
    W_14: 18300s  41,448,526,600 steps   212702 feasible sets         0 orders tried  current cost 4
    W_14: 18315s  41,482,791,800 steps   212918 feasible sets         0 orders tried  current cost 4
    W_14: 18330s  41,517,624,800 steps   213083 feasible sets         0 orders tried  current cost 8
    W_14: 18345s  41,551,942,400 steps   213249 feasible sets         0 orders tried  current cost 13
    W_14: 18360s  41,586,459,800 steps   213464 feasible sets         0 orders tried  current cost 3
    W_14: 18375s  41,620,976,400 steps   213637 feasible sets         0 orders tried  current cost 5
    W_14: 18390s  41,655,351,000 steps   213823 feasible sets         0 orders tried  current cost 4
    W_14: 18405s  41,689,652,800 steps   213998 feasible sets         0 orders tried  current cost 4
    W_14: 18420s  41,724,176,800 steps   214141 feasible sets         0 orders tried  current cost 1
    W_14: 18435s  41,759,166,400 steps   214345 feasible sets         0 orders tried  current cost 5
    W_14: 18450s  41,793,560,800 steps   214531 feasible sets         0 orders tried  current cost 15
    W_14: 18465s  41,828,172,000 steps   214725 feasible sets         0 orders tried  current cost 2
    W_14: 18480s  41,862,982,000 steps   214876 feasible sets         0 orders tried  current cost 15
    W_14: 18495s  41,897,428,400 steps   215053 feasible sets         0 orders tried  current cost 8
    W_14: 18510s  41,931,612,600 steps   215219 feasible sets         0 orders tried  current cost 2
    W_14: 18525s  41,966,261,200 steps   215403 feasible sets         0 orders tried  current cost 11
    W_14: 18540s  42,000,668,000 steps   215544 feasible sets         0 orders tried  current cost 6
    W_14: 18555s  42,034,923,600 steps   215719 feasible sets         0 orders tried  current cost 7
    W_14: 18570s  42,069,936,200 steps   215920 feasible sets         0 orders tried  current cost 3
    W_14: 18585s  42,104,388,000 steps   216091 feasible sets         0 orders tried  current cost 9
    W_14: 18600s  42,138,558,600 steps   216288 feasible sets         0 orders tried  current cost 2
    W_14: 18615s  42,173,404,400 steps   216465 feasible sets         0 orders tried  current cost 12
    W_14: 18630s  42,208,148,600 steps   216642 feasible sets         0 orders tried  current cost 4
    W_14: 18645s  42,242,625,400 steps   216802 feasible sets         0 orders tried  current cost 10
    W_14: 18660s  42,277,361,400 steps   216943 feasible sets         0 orders tried  current cost 10
    W_14: 18675s  42,311,859,600 steps   217088 feasible sets         0 orders tried  current cost 3
    W_14: 18690s  42,346,026,400 steps   217294 feasible sets         0 orders tried  current cost 6
    W_14: 18705s  42,380,706,400 steps   217445 feasible sets         0 orders tried  current cost 9
    W_14: 18720s  42,415,360,800 steps   217598 feasible sets         0 orders tried  current cost 16
    W_14: 18735s  42,449,429,400 steps   217791 feasible sets         0 orders tried  current cost 5
    W_14: 18750s  42,484,222,200 steps   217979 feasible sets         0 orders tried  current cost 7
    W_14: 18765s  42,518,767,000 steps   218160 feasible sets         0 orders tried  current cost 4
    W_14: 18780s  42,553,498,000 steps   218320 feasible sets         0 orders tried  current cost 4
    W_14: 18795s  42,588,196,400 steps   218504 feasible sets         0 orders tried  current cost 4
    W_14: 18810s  42,622,668,600 steps   218671 feasible sets         0 orders tried  current cost 6
    W_14: 18825s  42,657,416,600 steps   218879 feasible sets         0 orders tried  current cost 3
    W_14: 18840s  42,691,785,200 steps   219035 feasible sets         0 orders tried  current cost 7
    W_14: 18855s  42,726,454,800 steps   219209 feasible sets         0 orders tried  current cost 3
    W_14: 18870s  42,760,930,200 steps   219408 feasible sets         0 orders tried  current cost 7
    W_14: 18885s  42,795,119,800 steps   219549 feasible sets         0 orders tried  current cost 3
    W_14: 18900s  42,829,490,600 steps   219723 feasible sets         0 orders tried  current cost 5
    W_14: 18915s  42,864,235,400 steps   219881 feasible sets         0 orders tried  current cost 5
    W_14: 18930s  42,898,940,000 steps   220088 feasible sets         0 orders tried  current cost 3
    W_14: 18945s  42,933,389,600 steps   220295 feasible sets         0 orders tried  current cost 6
    W_14: 18960s  42,967,931,600 steps   220457 feasible sets         0 orders tried  current cost 6
    W_14: 18975s  43,002,419,000 steps   220657 feasible sets         0 orders tried  current cost 3
    W_14: 18990s  43,037,082,200 steps   220846 feasible sets         0 orders tried  current cost 20
    W_14: 19005s  43,071,444,600 steps   220998 feasible sets         0 orders tried  current cost 9
    W_14: 19020s  43,106,022,200 steps   221211 feasible sets         0 orders tried  current cost 8
    W_14: 19035s  43,140,118,000 steps   221393 feasible sets         0 orders tried  current cost 2
    W_14: 19050s  43,174,812,200 steps   221542 feasible sets         0 orders tried  current cost 3
    W_14: 19065s  43,209,484,800 steps   221690 feasible sets         0 orders tried  current cost 12
    W_14: 19080s  43,243,954,000 steps   221897 feasible sets         0 orders tried  current cost 2
    W_14: 19095s  43,278,420,600 steps   222088 feasible sets         0 orders tried  current cost 15
    W_14: 19110s  43,312,705,000 steps   222240 feasible sets         0 orders tried  current cost 7
    W_14: 19125s  43,347,666,600 steps   222400 feasible sets         0 orders tried  current cost 5
    W_14: 19140s  43,382,026,000 steps   222591 feasible sets         0 orders tried  current cost 8
    W_14: 19155s  43,416,692,000 steps   222743 feasible sets         0 orders tried  current cost 2
    W_14: 19170s  43,451,254,800 steps   222882 feasible sets         0 orders tried  current cost 4
    W_14: 19185s  43,485,807,200 steps   223052 feasible sets         0 orders tried  current cost 6
    W_14: 19200s  43,520,042,400 steps   223232 feasible sets         0 orders tried  current cost 11
    W_14: 19215s  43,554,763,000 steps   223395 feasible sets         0 orders tried  current cost 11
    W_14: 19230s  43,589,103,400 steps   223578 feasible sets         0 orders tried  current cost 13
    W_14: 19245s  43,623,426,400 steps   223749 feasible sets         0 orders tried  current cost 8
    W_14: 19260s  43,658,145,400 steps   223911 feasible sets         0 orders tried  current cost 7
    W_14: 19275s  43,692,537,800 steps   224064 feasible sets         0 orders tried  current cost 4
    W_14: 19290s  43,727,268,400 steps   224241 feasible sets         0 orders tried  current cost 6
    W_14: 19305s  43,761,536,000 steps   224422 feasible sets         0 orders tried  current cost 2
    W_14: 19320s  43,795,859,000 steps   224566 feasible sets         0 orders tried  current cost 2
    W_14: 19335s  43,830,643,200 steps   224704 feasible sets         0 orders tried  current cost 12
    W_14: 19350s  43,865,036,600 steps   224851 feasible sets         0 orders tried  current cost 1
    W_14: 19365s  43,899,659,200 steps   225041 feasible sets         0 orders tried  current cost 2
    W_14: 19380s  43,934,177,600 steps   225216 feasible sets         0 orders tried  current cost 2
    W_14: 19395s  43,968,645,200 steps   225375 feasible sets         0 orders tried  current cost 11
    W_14: 19410s  44,003,054,600 steps   225581 feasible sets         0 orders tried  current cost 2
    W_14: 19425s  44,037,636,400 steps   225779 feasible sets         0 orders tried  current cost 2
    W_14: 19440s  44,072,581,800 steps   225979 feasible sets         0 orders tried  current cost 11
    W_14: 19455s  44,107,345,400 steps   226148 feasible sets         0 orders tried  current cost 8
    W_14: 19470s  44,141,751,600 steps   226327 feasible sets         0 orders tried  current cost 3
    W_14: 19485s  44,176,114,800 steps   226515 feasible sets         0 orders tried  current cost 2
    W_14: 19500s  44,210,687,400 steps   226694 feasible sets         0 orders tried  current cost 7
    W_14: 19515s  44,244,978,400 steps   226889 feasible sets         0 orders tried  current cost 1
    W_14: 19530s  44,279,310,000 steps   227061 feasible sets         0 orders tried  current cost 3
    W_14: 19545s  44,314,114,000 steps   227197 feasible sets         0 orders tried  current cost 4
    W_14: 19560s  44,348,567,000 steps   227401 feasible sets         0 orders tried  current cost 3
    W_14: 19575s  44,383,148,200 steps   227579 feasible sets         0 orders tried  current cost 6
    W_14: 19590s  44,418,258,600 steps   227749 feasible sets         0 orders tried  current cost 2
    W_14: 19605s  44,453,224,000 steps   227915 feasible sets         0 orders tried  current cost 13
    W_14: 19620s  44,487,869,400 steps   228062 feasible sets         0 orders tried  current cost 4
    W_14: 19635s  44,522,506,000 steps   228210 feasible sets         0 orders tried  current cost 9
    W_14: 19650s  44,557,627,400 steps   228422 feasible sets         0 orders tried  current cost 8
    W_14: 19665s  44,592,105,200 steps   228615 feasible sets         0 orders tried  current cost 9
    W_14: 19680s  44,626,631,400 steps   228864 feasible sets         0 orders tried  current cost 4
    W_14: 19695s  44,661,249,400 steps   229034 feasible sets         0 orders tried  current cost 5
    W_14: 19710s  44,695,362,000 steps   229201 feasible sets         0 orders tried  current cost 9
    W_14: 19725s  44,729,951,200 steps   229355 feasible sets         0 orders tried  current cost 4
    W_14: 19740s  44,764,580,000 steps   229554 feasible sets         0 orders tried  current cost 3
    W_14: 19755s  44,799,492,200 steps   229751 feasible sets         0 orders tried  current cost 1
    W_14: 19770s  44,834,235,600 steps   229925 feasible sets         0 orders tried  current cost 5
    W_14: 19785s  44,868,976,800 steps   230097 feasible sets         0 orders tried  current cost 3
    W_14: 19800s  44,903,437,600 steps   230279 feasible sets         0 orders tried  current cost 5
    W_14: 19815s  44,937,904,600 steps   230449 feasible sets         0 orders tried  current cost 12
    W_14: 19830s  44,972,523,600 steps   230591 feasible sets         0 orders tried  current cost 8
    W_14: 19845s  45,007,317,200 steps   230786 feasible sets         0 orders tried  current cost 5
    W_14: 19860s  45,041,516,600 steps   230996 feasible sets         0 orders tried  current cost 3
    W_14: 19875s  45,076,045,400 steps   231153 feasible sets         0 orders tried  current cost 10
    W_14: 19890s  45,110,821,200 steps   231302 feasible sets         0 orders tried  current cost 12
    W_14: 19905s  45,145,243,800 steps   231483 feasible sets         0 orders tried  current cost 12
    W_14: 19920s  45,179,903,000 steps   231649 feasible sets         0 orders tried  current cost 12
    W_14: 19935s  45,214,561,800 steps   231834 feasible sets         0 orders tried  current cost 14
    W_14: 19950s  45,249,339,400 steps   232017 feasible sets         0 orders tried  current cost 1
    W_14: 19965s  45,284,129,000 steps   232215 feasible sets         0 orders tried  current cost 6
    W_14: 19980s  45,319,068,000 steps   232421 feasible sets         0 orders tried  current cost 6
    W_14: 19995s  45,353,827,600 steps   232612 feasible sets         0 orders tried  current cost 8
    W_14: 20010s  45,388,731,400 steps   232815 feasible sets         0 orders tried  current cost 5
    W_14: 20025s  45,423,240,800 steps   232948 feasible sets         0 orders tried  current cost 14
    W_14: 20040s  45,457,982,400 steps   233150 feasible sets         0 orders tried  current cost 11
    W_14: 20055s  45,492,658,800 steps   233332 feasible sets         0 orders tried  current cost 4
    W_14: 20070s  45,527,092,600 steps   233473 feasible sets         0 orders tried  current cost 4
    W_14: 20085s  45,561,696,000 steps   233645 feasible sets         0 orders tried  current cost 1
    W_14: 20100s  45,595,915,000 steps   233822 feasible sets         0 orders tried  current cost 2
    W_14: 20115s  45,628,306,400 steps   233965 feasible sets         0 orders tried  current cost 5
    W_14: 20130s  45,661,919,600 steps   234117 feasible sets         0 orders tried  current cost 3
    W_14: 20145s  45,696,495,400 steps   234291 feasible sets         0 orders tried  current cost 1
    W_14: 20160s  45,731,073,200 steps   234464 feasible sets         0 orders tried  current cost 4
    W_14: 20175s  45,765,706,400 steps   234617 feasible sets         0 orders tried  current cost 9
    W_14: 20190s  45,800,405,400 steps   234803 feasible sets         0 orders tried  current cost 7
    W_14: 20205s  45,834,888,400 steps   235006 feasible sets         0 orders tried  current cost 7
    W_14: 20220s  45,870,042,200 steps   235180 feasible sets         0 orders tried  current cost 8
    W_14: 20235s  45,904,911,200 steps   235364 feasible sets         0 orders tried  current cost 3
    W_14: 20250s  45,939,585,000 steps   235582 feasible sets         0 orders tried  current cost 7
    W_14: 20265s  45,974,518,600 steps   235775 feasible sets         0 orders tried  current cost 1
    W_14: 20280s  46,009,005,400 steps   235979 feasible sets         0 orders tried  current cost 5
    W_14: 20295s  46,043,208,200 steps   236137 feasible sets         0 orders tried  current cost 2
    W_14: 20310s  46,076,767,200 steps   236309 feasible sets         0 orders tried  current cost 8
    W_14: 20325s  46,111,353,800 steps   236501 feasible sets         0 orders tried  current cost 5
    W_14: 20340s  46,146,010,800 steps   236686 feasible sets         0 orders tried  current cost 3
    W_14: 20355s  46,180,176,800 steps   236877 feasible sets         0 orders tried  current cost 4
    W_14: 20370s  46,214,690,200 steps   237051 feasible sets         0 orders tried  current cost 4
    W_14: 20385s  46,249,453,400 steps   237217 feasible sets         0 orders tried  current cost 3
    W_14: 20400s  46,283,813,400 steps   237422 feasible sets         0 orders tried  current cost 2
    W_14: 20415s  46,318,628,200 steps   237604 feasible sets         0 orders tried  current cost 4
    W_14: 20430s  46,353,428,800 steps   237804 feasible sets         0 orders tried  current cost 3
    W_14: 20445s  46,387,672,800 steps   237980 feasible sets         0 orders tried  current cost 5
    W_14: 20460s  46,422,230,400 steps   238203 feasible sets         0 orders tried  current cost 4
    W_14: 20475s  46,457,044,000 steps   238384 feasible sets         0 orders tried  current cost 11
    W_14: 20490s  46,491,469,400 steps   238567 feasible sets         0 orders tried  current cost 7
    W_14: 20505s  46,525,886,200 steps   238756 feasible sets         0 orders tried  current cost 4
    W_14: 20520s  46,560,509,800 steps   238915 feasible sets         0 orders tried  current cost 5
    W_14: 20535s  46,594,728,600 steps   239106 feasible sets         0 orders tried  current cost 4
    W_14: 20550s  46,629,025,600 steps   239307 feasible sets         0 orders tried  current cost 7
    W_14: 20565s  46,663,685,800 steps   239502 feasible sets         0 orders tried  current cost 6
    W_14: 20580s  46,698,273,800 steps   239714 feasible sets         0 orders tried  current cost 5
    W_14: 20595s  46,733,014,000 steps   239906 feasible sets         0 orders tried  current cost 3
    W_14: 20610s  46,767,879,600 steps   240103 feasible sets         0 orders tried  current cost 1
    W_14: 20625s  46,801,759,400 steps   240306 feasible sets         0 orders tried  current cost 3
    W_14: 20640s  46,836,413,800 steps   240535 feasible sets         0 orders tried  current cost 3
    W_14: 20655s  46,870,701,600 steps   240700 feasible sets         0 orders tried  current cost 13
    W_14: 20670s  46,904,785,800 steps   240914 feasible sets         0 orders tried  current cost 8
    W_14: 20685s  46,938,830,000 steps   241104 feasible sets         0 orders tried  current cost 5
    W_14: 20700s  46,973,312,800 steps   241307 feasible sets         0 orders tried  current cost 4
    W_14: 20715s  47,007,996,800 steps   241505 feasible sets         0 orders tried  current cost 4
    W_14: 20730s  47,042,600,800 steps   241684 feasible sets         0 orders tried  current cost 14
    W_14: 20745s  47,077,375,400 steps   241814 feasible sets         0 orders tried  current cost 2
    W_14: 20760s  47,112,088,600 steps   242030 feasible sets         0 orders tried  current cost 6
    W_14: 20775s  47,146,683,000 steps   242208 feasible sets         0 orders tried  current cost 13
    W_14: 20790s  47,181,274,800 steps   242403 feasible sets         0 orders tried  current cost 1
    W_14: 20805s  47,215,746,400 steps   242586 feasible sets         0 orders tried  current cost 5
    W_14: 20820s  47,250,556,200 steps   242759 feasible sets         0 orders tried  current cost 3
    W_14: 20835s  47,285,517,600 steps   242935 feasible sets         0 orders tried  current cost 3
    W_14: 20850s  47,320,366,800 steps   243136 feasible sets         0 orders tried  current cost 11
    W_14: 20865s  47,355,112,000 steps   243286 feasible sets         0 orders tried  current cost 4
    W_14: 20880s  47,389,421,000 steps   243426 feasible sets         0 orders tried  current cost 9
    W_14: 20895s  47,424,018,000 steps   243577 feasible sets         0 orders tried  current cost 1
    W_14: 20910s  47,459,061,200 steps   243730 feasible sets         0 orders tried  current cost 10
    W_14: 20925s  47,493,775,200 steps   243939 feasible sets         0 orders tried  current cost 4
    W_14: 20940s  47,528,275,800 steps   244118 feasible sets         0 orders tried  current cost 3
    W_14: 20955s  47,562,619,000 steps   244269 feasible sets         0 orders tried  current cost 3
    W_14: 20970s  47,597,537,600 steps   244466 feasible sets         0 orders tried  current cost 1
    W_14: 20985s  47,632,230,000 steps   244666 feasible sets         0 orders tried  current cost 1
    W_14: 21000s  47,667,109,800 steps   244884 feasible sets         0 orders tried  current cost 3
    W_14: 21015s  47,701,492,200 steps   245051 feasible sets         0 orders tried  current cost 5
    W_14: 21030s  47,735,778,600 steps   245181 feasible sets         0 orders tried  current cost 4
    W_14: 21045s  47,769,974,800 steps   245364 feasible sets         0 orders tried  current cost 2
    W_14: 21060s  47,804,307,600 steps   245521 feasible sets         0 orders tried  current cost 7
    W_14: 21075s  47,838,840,000 steps   245711 feasible sets         0 orders tried  current cost 1
    W_14: 21090s  47,873,128,800 steps   245867 feasible sets         0 orders tried  current cost 5
    W_14: 21105s  47,907,335,000 steps   246058 feasible sets         0 orders tried  current cost 2
    W_14: 21120s  47,941,842,000 steps   246211 feasible sets         0 orders tried  current cost 15
    W_14: 21135s  47,975,921,400 steps   246428 feasible sets         0 orders tried  current cost 10
    W_14: 21150s  48,009,729,800 steps   246595 feasible sets         0 orders tried  current cost 4
    W_14: 21165s  48,044,701,800 steps   246763 feasible sets         0 orders tried  current cost 14
    W_14: 21180s  48,079,366,800 steps   246949 feasible sets         0 orders tried  current cost 5
    W_14: 21195s  48,114,198,200 steps   247152 feasible sets         0 orders tried  current cost 3
    W_14: 21210s  48,148,929,200 steps   247327 feasible sets         0 orders tried  current cost 3
    W_14: 21225s  48,183,772,400 steps   247474 feasible sets         0 orders tried  current cost 2
    W_14: 21240s  48,218,311,600 steps   247681 feasible sets         0 orders tried  current cost 4
    W_14: 21255s  48,253,458,200 steps   247833 feasible sets         0 orders tried  current cost 4
    W_14: 21270s  48,288,310,400 steps   248025 feasible sets         0 orders tried  current cost 4
    W_14: 21285s  48,323,073,200 steps   248191 feasible sets         0 orders tried  current cost 3
    W_14: 21300s  48,357,780,600 steps   248341 feasible sets         0 orders tried  current cost 11
    W_14: 21315s  48,392,641,800 steps   248535 feasible sets         0 orders tried  current cost 7
    W_14: 21330s  48,427,600,000 steps   248687 feasible sets         0 orders tried  current cost 3
    W_14: 21345s  48,461,853,800 steps   248888 feasible sets         0 orders tried  current cost 4
    W_14: 21360s  48,496,383,600 steps   249052 feasible sets         0 orders tried  current cost 13
    W_14: 21375s  48,531,298,800 steps   249250 feasible sets         0 orders tried  current cost 2
    W_14: 21390s  48,566,080,200 steps   249422 feasible sets         0 orders tried  current cost 13
    W_14: 21405s  48,600,520,400 steps   249601 feasible sets         0 orders tried  current cost 9
    W_14: 21420s  48,635,138,600 steps   249774 feasible sets         0 orders tried  current cost 1
    W_14: 21435s  48,670,211,400 steps   249965 feasible sets         0 orders tried  current cost 6
    W_14: 21450s  48,705,003,800 steps   250123 feasible sets         0 orders tried  current cost 9
    W_14: 21465s  48,739,888,400 steps   250316 feasible sets         0 orders tried  current cost 2
    W_14: 21480s  48,774,252,200 steps   250495 feasible sets         0 orders tried  current cost 4
    W_14: 21495s  48,808,995,400 steps   250706 feasible sets         0 orders tried  current cost 3
    W_14: 21510s  48,843,842,600 steps   250888 feasible sets         0 orders tried  current cost 14
    W_14: 21525s  48,878,735,200 steps   251070 feasible sets         0 orders tried  current cost 2
    W_14: 21540s  48,913,591,400 steps   251243 feasible sets         0 orders tried  current cost 4
    W_14: 21555s  48,948,115,600 steps   251392 feasible sets         0 orders tried  current cost 3
    W_14: 21570s  48,982,977,800 steps   251574 feasible sets         0 orders tried  current cost 5
    W_14: 21585s  49,017,521,200 steps   251726 feasible sets         0 orders tried  current cost 14
    W_14: 21600s  49,052,184,600 steps   251910 feasible sets         0 orders tried  current cost 9
    W_14: 21615s  49,086,900,400 steps   252118 feasible sets         0 orders tried  current cost 22
    W_14: 21630s  49,121,756,800 steps   252316 feasible sets         0 orders tried  current cost 3
    W_14: 21645s  49,156,258,800 steps   252530 feasible sets         0 orders tried  current cost 3
    W_14: 21660s  49,191,138,800 steps   252711 feasible sets         0 orders tried  current cost 3
    W_14: 21675s  49,225,854,200 steps   252881 feasible sets         0 orders tried  current cost 1
    W_14: 21690s  49,260,432,800 steps   253031 feasible sets         0 orders tried  current cost 4
    W_14: 21705s  49,295,358,000 steps   253205 feasible sets         0 orders tried  current cost 4
    W_14: 21720s  49,329,981,800 steps   253399 feasible sets         0 orders tried  current cost 11
    W_14: 21735s  49,364,616,200 steps   253543 feasible sets         0 orders tried  current cost 4
    W_14: 21750s  49,399,001,000 steps   253739 feasible sets         0 orders tried  current cost 8
    W_14: 21765s  49,433,683,800 steps   253931 feasible sets         0 orders tried  current cost 9
    W_14: 21780s  49,468,470,200 steps   254120 feasible sets         0 orders tried  current cost 3
    W_14: 21795s  49,503,032,800 steps   254315 feasible sets         0 orders tried  current cost 3
    W_14: 21810s  49,537,503,800 steps   254519 feasible sets         0 orders tried  current cost 9
    W_14: 21825s  49,571,854,400 steps   254716 feasible sets         0 orders tried  current cost 4
    W_14: 21840s  49,606,751,800 steps   254856 feasible sets         0 orders tried  current cost 1
    W_14: 21855s  49,641,344,000 steps   255023 feasible sets         0 orders tried  current cost 9
    W_14: 21870s  49,675,884,000 steps   255178 feasible sets         0 orders tried  current cost 7
    W_14: 21885s  49,710,154,000 steps   255313 feasible sets         0 orders tried  current cost 4
    W_14: 21900s  49,744,588,400 steps   255490 feasible sets         0 orders tried  current cost 7
    W_14: 21915s  49,779,370,400 steps   255659 feasible sets         0 orders tried  current cost 2
    W_14: 21930s  49,813,807,000 steps   255838 feasible sets         0 orders tried  current cost 7
    W_14: 21945s  49,847,817,000 steps   256015 feasible sets         0 orders tried  current cost 3
    W_14: 21960s  49,882,474,200 steps   256204 feasible sets         0 orders tried  current cost 5
    W_14: 21975s  49,917,242,400 steps   256384 feasible sets         0 orders tried  current cost 8
    W_14: 21990s  49,951,670,000 steps   256532 feasible sets         0 orders tried  current cost 3
    W_14: 22005s  49,986,224,200 steps   256707 feasible sets         0 orders tried  current cost 11
    W_14: 22020s  50,020,876,600 steps   256863 feasible sets         0 orders tried  current cost 4
    W_14: 22035s  50,055,860,200 steps   257036 feasible sets         0 orders tried  current cost 12
    W_14: 22050s  50,090,310,800 steps   257231 feasible sets         0 orders tried  current cost 4
    W_14: 22065s  50,124,991,600 steps   257382 feasible sets         0 orders tried  current cost 4
    W_14: 22080s  50,159,648,000 steps   257591 feasible sets         0 orders tried  current cost 8
    W_14: 22095s  50,194,279,000 steps   257772 feasible sets         0 orders tried  current cost 3
    W_14: 22110s  50,228,651,000 steps   257948 feasible sets         0 orders tried  current cost 4
    W_14: 22125s  50,263,393,400 steps   258130 feasible sets         0 orders tried  current cost 3
    W_14: 22140s  50,298,135,400 steps   258325 feasible sets         0 orders tried  current cost 1
    W_14: 22155s  50,333,024,600 steps   258471 feasible sets         0 orders tried  current cost 8
    W_14: 22170s  50,367,490,800 steps   258637 feasible sets         0 orders tried  current cost 5
    W_14: 22185s  50,402,143,400 steps   258818 feasible sets         0 orders tried  current cost 14
    W_14: 22200s  50,436,859,600 steps   259007 feasible sets         0 orders tried  current cost 1
    W_14: 22215s  50,471,478,800 steps   259202 feasible sets         0 orders tried  current cost 3
    W_14: 22230s  50,506,079,200 steps   259421 feasible sets         0 orders tried  current cost 2
    W_14: 22245s  50,541,353,000 steps   259623 feasible sets         0 orders tried  current cost 1
    W_14: 22260s  50,576,050,400 steps   259794 feasible sets         0 orders tried  current cost 2
    W_14: 22275s  50,610,985,200 steps   260006 feasible sets         0 orders tried  current cost 9
    W_14: 22290s  50,645,615,400 steps   260205 feasible sets         0 orders tried  current cost 2
    W_14: 22305s  50,680,486,000 steps   260346 feasible sets         0 orders tried  current cost 6
    W_14: 22320s  50,715,000,400 steps   260503 feasible sets         0 orders tried  current cost 14
    W_14: 22335s  50,749,557,200 steps   260742 feasible sets         0 orders tried  current cost 4
    W_14: 22350s  50,783,959,600 steps   260899 feasible sets         0 orders tried  current cost 3
    W_14: 22365s  50,818,728,600 steps   261059 feasible sets         0 orders tried  current cost 6
    W_14: 22380s  50,853,082,000 steps   261213 feasible sets         0 orders tried  current cost 9
    W_14: 22395s  50,887,929,400 steps   261377 feasible sets         0 orders tried  current cost 4
    W_14: 22410s  50,922,736,800 steps   261538 feasible sets         0 orders tried  current cost 5
    W_14: 22425s  50,957,459,800 steps   261694 feasible sets         0 orders tried  current cost 3
    W_14: 22440s  50,992,176,200 steps   261853 feasible sets         0 orders tried  current cost 2
    W_14: 22455s  51,026,898,000 steps   262033 feasible sets         0 orders tried  current cost 3
    W_14: 22470s  51,061,964,200 steps   262235 feasible sets         0 orders tried  current cost 10
    W_14: 22485s  51,096,653,400 steps   262418 feasible sets         0 orders tried  current cost 3
    W_14: 22500s  51,131,266,400 steps   262576 feasible sets         0 orders tried  current cost 7
    W_14: 22515s  51,165,668,200 steps   262746 feasible sets         0 orders tried  current cost 7
    W_14: 22530s  51,200,425,400 steps   262926 feasible sets         0 orders tried  current cost 9
    W_14: 22545s  51,234,975,600 steps   263109 feasible sets         0 orders tried  current cost 4
    W_14: 22560s  51,269,608,200 steps   263306 feasible sets         0 orders tried  current cost 5
    W_14: 22575s  51,304,128,400 steps   263457 feasible sets         0 orders tried  current cost 5
    W_14: 22590s  51,339,048,200 steps   263621 feasible sets         0 orders tried  current cost 5
    W_14: 22605s  51,374,138,800 steps   263785 feasible sets         0 orders tried  current cost 4
    W_14: 22620s  51,409,299,600 steps   263955 feasible sets         0 orders tried  current cost 3
    W_14: 22635s  51,443,959,400 steps   264106 feasible sets         0 orders tried  current cost 3
    W_14: 22650s  51,478,704,000 steps   264258 feasible sets         0 orders tried  current cost 9
    W_14: 22665s  51,513,481,200 steps   264426 feasible sets         0 orders tried  current cost 16
    W_14: 22680s  51,548,242,200 steps   264611 feasible sets         0 orders tried  current cost 9
    W_14: 22695s  51,582,844,400 steps   264791 feasible sets         0 orders tried  current cost 12
    W_14: 22710s  51,617,499,800 steps   264979 feasible sets         0 orders tried  current cost 3
    W_14: 22725s  51,652,045,200 steps   265118 feasible sets         0 orders tried  current cost 8
    W_14: 22740s  51,687,027,800 steps   265307 feasible sets         0 orders tried  current cost 8
    W_14: 22755s  51,721,821,800 steps   265456 feasible sets         0 orders tried  current cost 9
    W_14: 22770s  51,756,567,800 steps   265594 feasible sets         0 orders tried  current cost 8
    W_14: 22785s  51,791,098,000 steps   265781 feasible sets         0 orders tried  current cost 3
    W_14: 22800s  51,825,590,200 steps   265937 feasible sets         0 orders tried  current cost 2
    W_14: 22815s  51,860,342,000 steps   266081 feasible sets         0 orders tried  current cost 10
    W_14: 22830s  51,895,053,600 steps   266237 feasible sets         0 orders tried  current cost 4
    W_14: 22845s  51,929,614,200 steps   266397 feasible sets         0 orders tried  current cost 5
    W_14: 22860s  51,963,980,200 steps   266543 feasible sets         0 orders tried  current cost 16
    W_14: 22875s  51,998,638,200 steps   266733 feasible sets         0 orders tried  current cost 1
    W_14: 22890s  52,033,441,600 steps   266914 feasible sets         0 orders tried  current cost 14
    W_14: 22905s  52,067,845,400 steps   267061 feasible sets         0 orders tried  current cost 7
    W_14: 22920s  52,102,305,400 steps   267224 feasible sets         0 orders tried  current cost 11
    W_14: 22935s  52,136,298,800 steps   267392 feasible sets         0 orders tried  current cost 2
    W_14: 22950s  52,171,067,600 steps   267627 feasible sets         0 orders tried  current cost 5
    W_14: 22965s  52,205,614,800 steps   267793 feasible sets         0 orders tried  current cost 1
    W_14: 22980s  52,240,399,000 steps   267948 feasible sets         0 orders tried  current cost 3
    W_14: 22995s  52,275,115,800 steps   268128 feasible sets         0 orders tried  current cost 3
    W_14: 23010s  52,309,780,400 steps   268270 feasible sets         0 orders tried  current cost 12
    W_14: 23025s  52,344,607,400 steps   268430 feasible sets         0 orders tried  current cost 7
    W_14: 23040s  52,379,265,200 steps   268612 feasible sets         0 orders tried  current cost 6
    W_14: 23055s  52,413,781,800 steps   268799 feasible sets         0 orders tried  current cost 8
    W_14: 23070s  52,448,496,800 steps   268963 feasible sets         0 orders tried  current cost 3
    W_14: 23085s  52,482,952,000 steps   269098 feasible sets         0 orders tried  current cost 1
    W_14: 23100s  52,517,767,000 steps   269263 feasible sets         0 orders tried  current cost 4
    W_14: 23115s  52,552,448,800 steps   269441 feasible sets         0 orders tried  current cost 4
    W_14: 23130s  52,587,568,800 steps   269603 feasible sets         0 orders tried  current cost 3
    W_14: 23145s  52,622,255,400 steps   269769 feasible sets         0 orders tried  current cost 3
    W_14: 23160s  52,656,988,200 steps   269929 feasible sets         0 orders tried  current cost 5
    W_14: 23175s  52,691,786,600 steps   270063 feasible sets         0 orders tried  current cost 7
    W_14: 23190s  52,727,101,200 steps   270265 feasible sets         0 orders tried  current cost 14
    W_14: 23205s  52,762,401,600 steps   270415 feasible sets         0 orders tried  current cost 15
    W_14: 23220s  52,797,209,600 steps   270595 feasible sets         0 orders tried  current cost 3
    W_14: 23235s  52,832,119,800 steps   270773 feasible sets         0 orders tried  current cost 1
    W_14: 23250s  52,866,624,800 steps   270984 feasible sets         0 orders tried  current cost 8
    W_14: 23265s  52,901,589,200 steps   271170 feasible sets         0 orders tried  current cost 4
    W_14: 23280s  52,936,582,400 steps   271363 feasible sets         0 orders tried  current cost 9
    W_14: 23295s  52,971,423,400 steps   271571 feasible sets         0 orders tried  current cost 11
    W_14: 23310s  53,006,351,200 steps   271706 feasible sets         0 orders tried  current cost 4
    W_14: 23325s  53,040,592,400 steps   271874 feasible sets         0 orders tried  current cost 3
    W_14: 23340s  53,075,570,000 steps   272074 feasible sets         0 orders tried  current cost 4
    W_14: 23355s  53,110,037,800 steps   272225 feasible sets         0 orders tried  current cost 4
    W_14: 23370s  53,145,064,200 steps   272434 feasible sets         0 orders tried  current cost 8
    W_14: 23385s  53,179,863,000 steps   272626 feasible sets         0 orders tried  current cost 7
    W_14: 23400s  53,214,791,200 steps   272807 feasible sets         0 orders tried  current cost 5
    W_14: 23415s  53,249,522,600 steps   272992 feasible sets         0 orders tried  current cost 11
    W_14: 23430s  53,284,107,200 steps   273157 feasible sets         0 orders tried  current cost 6
    W_14: 23445s  53,318,967,800 steps   273315 feasible sets         0 orders tried  current cost 9
    W_14: 23460s  53,353,848,800 steps   273506 feasible sets         0 orders tried  current cost 5
    W_14: 23475s  53,385,434,000 steps   273637 feasible sets         0 orders tried  current cost 3
    W_14: 23490s  53,419,900,200 steps   273819 feasible sets         0 orders tried  current cost 13
    W_14: 23505s  53,454,551,600 steps   273992 feasible sets         0 orders tried  current cost 3
    W_14: 23520s  53,489,109,400 steps   274161 feasible sets         0 orders tried  current cost 6
    W_14: 23535s  53,523,626,200 steps   274346 feasible sets         0 orders tried  current cost 8
    W_14: 23550s  53,558,028,200 steps   274518 feasible sets         0 orders tried  current cost 6
    W_14: 23565s  53,592,751,600 steps   274688 feasible sets         0 orders tried  current cost 3
    W_14: 23580s  53,627,719,800 steps   274867 feasible sets         0 orders tried  current cost 4
    W_14: 23595s  53,662,384,600 steps   275057 feasible sets         0 orders tried  current cost 8
    W_14: 23610s  53,697,051,600 steps   275262 feasible sets         0 orders tried  current cost 3
    W_14: 23625s  53,731,659,400 steps   275403 feasible sets         0 orders tried  current cost 1
    W_14: 23640s  53,766,442,800 steps   275631 feasible sets         0 orders tried  current cost 15
    W_14: 23655s  53,801,267,400 steps   275837 feasible sets         0 orders tried  current cost 7
    W_14: 23670s  53,835,906,400 steps   276002 feasible sets         0 orders tried  current cost 11
    W_14: 23685s  53,870,782,400 steps   276183 feasible sets         0 orders tried  current cost 11
    W_14: 23700s  53,905,921,200 steps   276348 feasible sets         0 orders tried  current cost 16
    W_14: 23715s  53,940,807,400 steps   276515 feasible sets         0 orders tried  current cost 4
    W_14: 23730s  53,975,328,600 steps   276708 feasible sets         0 orders tried  current cost 7
    W_14: 23745s  54,010,023,200 steps   276832 feasible sets         0 orders tried  current cost 8
    W_14: 23760s  54,044,931,200 steps   276993 feasible sets         0 orders tried  current cost 5
    W_14: 23775s  54,079,561,200 steps   277178 feasible sets         0 orders tried  current cost 12
    W_14: 23790s  54,114,428,600 steps   277346 feasible sets         0 orders tried  current cost 4
    W_14: 23805s  54,149,106,800 steps   277517 feasible sets         0 orders tried  current cost 8
    W_14: 23820s  54,183,689,400 steps   277701 feasible sets         0 orders tried  current cost 3
    W_14: 23835s  54,218,452,800 steps   277896 feasible sets         0 orders tried  current cost 5
    W_14: 23850s  54,253,066,000 steps   278064 feasible sets         0 orders tried  current cost 7
    W_14: 23865s  54,287,905,200 steps   278254 feasible sets         0 orders tried  current cost 6
    W_14: 23880s  54,322,532,800 steps   278430 feasible sets         0 orders tried  current cost 1
    W_14: 23895s  54,357,255,200 steps   278623 feasible sets         0 orders tried  current cost 2
    W_14: 23910s  54,391,994,800 steps   278813 feasible sets         0 orders tried  current cost 4
    W_14: 23925s  54,426,718,800 steps   279017 feasible sets         0 orders tried  current cost 2
    W_14: 23940s  54,461,511,800 steps   279220 feasible sets         0 orders tried  current cost 4
    W_14: 23955s  54,496,060,800 steps   279386 feasible sets         0 orders tried  current cost 12
    W_14: 23970s  54,530,361,400 steps   279551 feasible sets         0 orders tried  current cost 9
    W_14: 23985s  54,564,753,000 steps   279748 feasible sets         0 orders tried  current cost 4
    W_14: 24000s  54,599,938,200 steps   279940 feasible sets         0 orders tried  current cost 3
    W_14: 24015s  54,634,814,200 steps   280106 feasible sets         0 orders tried  current cost 5
    W_14: 24030s  54,669,799,200 steps   280280 feasible sets         0 orders tried  current cost 3
    W_14: 24045s  54,704,185,800 steps   280494 feasible sets         0 orders tried  current cost 5
    W_14: 24060s  54,738,913,800 steps   280661 feasible sets         0 orders tried  current cost 3
    W_14: 24075s  54,773,795,200 steps   280829 feasible sets         0 orders tried  current cost 2
    W_14: 24090s  54,808,282,400 steps   280988 feasible sets         0 orders tried  current cost 10
    W_14: 24105s  54,843,280,600 steps   281140 feasible sets         0 orders tried  current cost 13
    W_14: 24120s  54,877,813,000 steps   281314 feasible sets         0 orders tried  current cost 2
    W_14: 24135s  54,912,449,200 steps   281492 feasible sets         0 orders tried  current cost 2
    W_14: 24150s  54,946,917,400 steps   281653 feasible sets         0 orders tried  current cost 1
    W_14: 24165s  54,981,692,200 steps   281802 feasible sets         0 orders tried  current cost 3
    W_14: 24180s  55,016,279,800 steps   281981 feasible sets         0 orders tried  current cost 3
    W_14: 24195s  55,051,143,800 steps   282166 feasible sets         0 orders tried  current cost 9
    W_14: 24210s  55,085,544,000 steps   282355 feasible sets         0 orders tried  current cost 9
    W_14: 24225s  55,120,260,600 steps   282546 feasible sets         0 orders tried  current cost 12
    W_14: 24240s  55,155,159,200 steps   282767 feasible sets         0 orders tried  current cost 3
    W_14: 24255s  55,189,766,400 steps   282947 feasible sets         0 orders tried  current cost 6
    W_14: 24270s  55,224,686,800 steps   283145 feasible sets         0 orders tried  current cost 5
    W_14: 24285s  55,259,106,600 steps   283307 feasible sets         0 orders tried  current cost 7
    W_14: 24300s  55,293,590,400 steps   283462 feasible sets         0 orders tried  current cost 5
    W_14: 24315s  55,328,366,000 steps   283626 feasible sets         0 orders tried  current cost 8
    W_14: 24330s  55,362,986,000 steps   283782 feasible sets         0 orders tried  current cost 4
    W_14: 24345s  55,397,639,800 steps   283970 feasible sets         0 orders tried  current cost 4
    W_14: 24360s  55,432,174,600 steps   284117 feasible sets         0 orders tried  current cost 4
    W_14: 24375s  55,467,090,800 steps   284318 feasible sets         0 orders tried  current cost 4
    W_14: 24390s  55,501,474,600 steps   284510 feasible sets         0 orders tried  current cost 3
    W_14: 24405s  55,536,051,800 steps   284697 feasible sets         0 orders tried  current cost 2
    W_14: 24420s  55,570,928,800 steps   284848 feasible sets         0 orders tried  current cost 5
    W_14: 24435s  55,605,371,000 steps   285018 feasible sets         0 orders tried  current cost 5
    W_14: 24450s  55,640,284,800 steps   285221 feasible sets         0 orders tried  current cost 9
    W_14: 24465s  55,675,256,800 steps   285405 feasible sets         0 orders tried  current cost 1
    W_14: 24480s  55,709,907,800 steps   285575 feasible sets         0 orders tried  current cost 5
    W_14: 24495s  55,744,728,200 steps   285750 feasible sets         0 orders tried  current cost 6
    W_14: 24510s  55,778,974,000 steps   285967 feasible sets         0 orders tried  current cost 4
    W_14: 24525s  55,813,527,600 steps   286126 feasible sets         0 orders tried  current cost 8
    W_14: 24540s  55,848,065,400 steps   286275 feasible sets         0 orders tried  current cost 13
    W_14: 24555s  55,882,779,200 steps   286440 feasible sets         0 orders tried  current cost 3
    W_14: 24570s  55,917,444,200 steps   286648 feasible sets         0 orders tried  current cost 10
    W_14: 24585s  55,952,482,800 steps   286833 feasible sets         0 orders tried  current cost 9
    W_14: 24600s  55,987,156,000 steps   287001 feasible sets         0 orders tried  current cost 2
    W_14: 24615s  56,021,951,600 steps   287176 feasible sets         0 orders tried  current cost 1
    W_14: 24630s  56,056,889,400 steps   287349 feasible sets         0 orders tried  current cost 5
    W_14: 24645s  56,091,229,000 steps   287513 feasible sets         0 orders tried  current cost 5
    W_14: 24660s  56,125,801,400 steps   287701 feasible sets         0 orders tried  current cost 10
    W_14: 24675s  56,160,125,400 steps   287900 feasible sets         0 orders tried  current cost 8
    W_14: 24690s  56,194,830,400 steps   288057 feasible sets         0 orders tried  current cost 2
    W_14: 24705s  56,229,146,000 steps   288208 feasible sets         0 orders tried  current cost 5
    W_14: 24720s  56,263,919,800 steps   288374 feasible sets         0 orders tried  current cost 3
    W_14: 24735s  56,298,739,600 steps   288578 feasible sets         0 orders tried  current cost 5
    W_14: 24750s  56,333,446,600 steps   288725 feasible sets         0 orders tried  current cost 9
    W_14: 24765s  56,368,312,800 steps   288895 feasible sets         0 orders tried  current cost 2
    W_14: 24780s  56,402,763,600 steps   289045 feasible sets         0 orders tried  current cost 12
    W_14: 24795s  56,437,457,200 steps   289230 feasible sets         0 orders tried  current cost 1
    W_14: 24810s  56,472,414,800 steps   289414 feasible sets         0 orders tried  current cost 2
    W_14: 24825s  56,507,190,400 steps   289615 feasible sets         0 orders tried  current cost 4
    W_14: 24840s  56,542,118,800 steps   289802 feasible sets         0 orders tried  current cost 3
    W_14: 24855s  56,576,809,800 steps   289971 feasible sets         0 orders tried  current cost 7
    W_14: 24870s  56,611,604,000 steps   290143 feasible sets         0 orders tried  current cost 12
    W_14: 24885s  56,646,196,600 steps   290354 feasible sets         0 orders tried  current cost 2
    W_14: 24900s  56,680,845,800 steps   290536 feasible sets         0 orders tried  current cost 7
    W_14: 24915s  56,715,693,200 steps   290712 feasible sets         0 orders tried  current cost 2
    W_14: 24930s  56,750,303,600 steps   290876 feasible sets         0 orders tried  current cost 11
    W_14: 24945s  56,785,204,400 steps   291003 feasible sets         0 orders tried  current cost 7
    W_14: 24960s  56,820,241,200 steps   291186 feasible sets         0 orders tried  current cost 16
    W_14: 24975s  56,855,192,200 steps   291353 feasible sets         0 orders tried  current cost 3
    W_14: 24990s  56,890,154,600 steps   291513 feasible sets         0 orders tried  current cost 4
    W_14: 25005s  56,924,905,800 steps   291695 feasible sets         0 orders tried  current cost 9
    W_14: 25020s  56,959,689,400 steps   291890 feasible sets         0 orders tried  current cost 5
    W_14: 25035s  56,994,492,400 steps   292117 feasible sets         0 orders tried  current cost 5
    W_14: 25050s  57,029,154,000 steps   292283 feasible sets         0 orders tried  current cost 4
    W_14: 25065s  57,064,295,000 steps   292491 feasible sets         0 orders tried  current cost 3
    W_14: 25080s  57,099,376,000 steps   292685 feasible sets         0 orders tried  current cost 4
    W_14: 25095s  57,133,888,800 steps   292848 feasible sets         0 orders tried  current cost 6
    W_14: 25110s  57,168,492,200 steps   293022 feasible sets         0 orders tried  current cost 1
    W_14: 25125s  57,203,019,000 steps   293206 feasible sets         0 orders tried  current cost 1
    W_14: 25140s  57,237,657,200 steps   293373 feasible sets         0 orders tried  current cost 3
    W_14: 25155s  57,272,198,200 steps   293572 feasible sets         0 orders tried  current cost 3
    W_14: 25170s  57,306,695,000 steps   293748 feasible sets         0 orders tried  current cost 3
    W_14: 25185s  57,341,254,000 steps   293910 feasible sets         0 orders tried  current cost 4
    W_14: 25200s  57,376,116,000 steps   294087 feasible sets         0 orders tried  current cost 3
    W_14: 25215s  57,410,606,000 steps   294248 feasible sets         0 orders tried  current cost 8
    W_14: 25230s  57,445,155,800 steps   294420 feasible sets         0 orders tried  current cost 3
    W_14: 25245s  57,479,854,200 steps   294625 feasible sets         0 orders tried  current cost 3
    W_14: 25260s  57,514,996,800 steps   294798 feasible sets         0 orders tried  current cost 2
    W_14: 25275s  57,549,919,000 steps   294964 feasible sets         0 orders tried  current cost 1
    W_14: 25290s  57,584,487,400 steps   295137 feasible sets         0 orders tried  current cost 7
    W_14: 25305s  57,619,195,200 steps   295285 feasible sets         0 orders tried  current cost 2
    W_14: 25320s  57,654,099,200 steps   295459 feasible sets         0 orders tried  current cost 1
    W_14: 25335s  57,688,869,400 steps   295634 feasible sets         0 orders tried  current cost 4
    W_14: 25350s  57,723,331,200 steps   295836 feasible sets         0 orders tried  current cost 3
    W_14: 25365s  57,758,229,000 steps   296014 feasible sets         0 orders tried  current cost 6
    W_14: 25380s  57,792,594,600 steps   296170 feasible sets         0 orders tried  current cost 3
    W_14: 25395s  57,827,366,600 steps   296354 feasible sets         0 orders tried  current cost 9
    W_14: 25410s  57,862,442,600 steps   296559 feasible sets         0 orders tried  current cost 9
    W_14: 25425s  57,897,241,200 steps   296717 feasible sets         0 orders tried  current cost 14
    W_14: 25440s  57,931,743,200 steps   296885 feasible sets         0 orders tried  current cost 13
    W_14: 25455s  57,966,022,400 steps   297046 feasible sets         0 orders tried  current cost 8
    W_14: 25470s  58,000,328,600 steps   297182 feasible sets         0 orders tried  current cost 5
    W_14: 25485s  58,034,811,600 steps   297317 feasible sets         0 orders tried  current cost 3
    W_14: 25500s  58,069,495,600 steps   297505 feasible sets         0 orders tried  current cost 3
    W_14: 25515s  58,104,187,400 steps   297675 feasible sets         0 orders tried  current cost 7
    W_14: 25530s  58,138,607,600 steps   297844 feasible sets         0 orders tried  current cost 5
    W_14: 25545s  58,173,202,800 steps   298001 feasible sets         0 orders tried  current cost 9
    W_14: 25560s  58,207,530,800 steps   298176 feasible sets         0 orders tried  current cost 1
    W_14: 25575s  58,242,457,400 steps   298362 feasible sets         0 orders tried  current cost 3
    W_14: 25590s  58,277,500,400 steps   298528 feasible sets         0 orders tried  current cost 12
    W_14: 25605s  58,312,291,600 steps   298719 feasible sets         0 orders tried  current cost 3
    W_14: 25620s  58,346,555,600 steps   298877 feasible sets         0 orders tried  current cost 4
    W_14: 25635s  58,381,720,000 steps   299042 feasible sets         0 orders tried  current cost 4
    W_14: 25650s  58,416,289,000 steps   299190 feasible sets         0 orders tried  current cost 5
    W_14: 25665s  58,450,206,800 steps   299348 feasible sets         0 orders tried  current cost 8
    W_14: 25680s  58,482,635,000 steps   299512 feasible sets         0 orders tried  current cost 2
    W_14: 25695s  58,517,491,400 steps   299694 feasible sets         0 orders tried  current cost 1
    W_14: 25710s  58,552,698,200 steps   299868 feasible sets         0 orders tried  current cost 3
    W_14: 25725s  58,587,818,200 steps   300079 feasible sets         0 orders tried  current cost 5
    W_14: 25740s  58,622,257,600 steps   300273 feasible sets         0 orders tried  current cost 4
    W_14: 25755s  58,657,127,600 steps   300426 feasible sets         0 orders tried  current cost 2
    W_14: 25770s  58,692,159,200 steps   300578 feasible sets         0 orders tried  current cost 4
    W_14: 25785s  58,726,946,400 steps   300777 feasible sets         0 orders tried  current cost 8
    W_14: 25800s  58,761,423,200 steps   300924 feasible sets         0 orders tried  current cost 8
    W_14: 25815s  58,795,915,200 steps   301074 feasible sets         0 orders tried  current cost 1
    W_14: 25830s  58,830,409,000 steps   301248 feasible sets         0 orders tried  current cost 3
    W_14: 25845s  58,865,036,200 steps   301422 feasible sets         0 orders tried  current cost 3
    W_14: 25860s  58,899,648,000 steps   301591 feasible sets         0 orders tried  current cost 7
    W_14: 25875s  58,934,422,600 steps   301737 feasible sets         0 orders tried  current cost 12
    W_14: 25890s  58,969,261,200 steps   301928 feasible sets         0 orders tried  current cost 18
    W_14: 25905s  59,004,123,400 steps   302099 feasible sets         0 orders tried  current cost 13
    W_14: 25920s  59,039,031,400 steps   302270 feasible sets         0 orders tried  current cost 6
    W_14: 25935s  59,073,794,000 steps   302426 feasible sets         0 orders tried  current cost 2
    W_14: 25950s  59,108,525,400 steps   302634 feasible sets         0 orders tried  current cost 8
    W_14: 25965s  59,143,411,400 steps   302812 feasible sets         0 orders tried  current cost 6
    W_14: 25980s  59,178,025,200 steps   302969 feasible sets         0 orders tried  current cost 5
    W_14: 25995s  59,212,706,000 steps   303123 feasible sets         0 orders tried  current cost 4
    W_14: 26010s  59,246,869,000 steps   303308 feasible sets         0 orders tried  current cost 5
    W_14: 26025s  59,281,466,400 steps   303494 feasible sets         0 orders tried  current cost 7
    W_14: 26040s  59,316,078,400 steps   303638 feasible sets         0 orders tried  current cost 8
    W_14: 26055s  59,350,876,000 steps   303812 feasible sets         0 orders tried  current cost 4
    W_14: 26070s  59,385,841,800 steps   304003 feasible sets         0 orders tried  current cost 13
    W_14: 26085s  59,420,335,600 steps   304180 feasible sets         0 orders tried  current cost 3
    W_14: 26100s  59,455,264,800 steps   304364 feasible sets         0 orders tried  current cost 8
    W_14: 26115s  59,489,948,600 steps   304557 feasible sets         0 orders tried  current cost 7
    W_14: 26130s  59,524,539,400 steps   304760 feasible sets         0 orders tried  current cost 1
    W_14: 26145s  59,558,997,200 steps   304934 feasible sets         0 orders tried  current cost 2
    W_14: 26160s  59,593,325,400 steps   305102 feasible sets         0 orders tried  current cost 10
    W_14: 26175s  59,627,946,800 steps   305282 feasible sets         0 orders tried  current cost 6
    W_14: 26190s  59,662,823,400 steps   305479 feasible sets         0 orders tried  current cost 7
    W_14: 26205s  59,697,180,600 steps   305698 feasible sets         0 orders tried  current cost 19
    W_14: 26220s  59,731,285,200 steps   305830 feasible sets         0 orders tried  current cost 9
    W_14: 26235s  59,765,660,800 steps   305991 feasible sets         0 orders tried  current cost 16
    W_14: 26250s  59,799,554,800 steps   306155 feasible sets         0 orders tried  current cost 4
    W_14: 26265s  59,833,946,200 steps   306304 feasible sets         0 orders tried  current cost 6
    W_14: 26280s  59,868,113,400 steps   306499 feasible sets         0 orders tried  current cost 3
    W_14: 26295s  59,902,369,400 steps   306687 feasible sets         0 orders tried  current cost 5
    W_14: 26310s  59,936,339,600 steps   306847 feasible sets         0 orders tried  current cost 2
    W_14: 26325s  59,969,830,000 steps   307023 feasible sets         0 orders tried  current cost 4
    W_14: 26340s  60,003,886,800 steps   307245 feasible sets         0 orders tried  current cost 8
    W_14: 26355s  60,037,626,000 steps   307441 feasible sets         0 orders tried  current cost 8
    W_14: 26370s  60,071,731,000 steps   307611 feasible sets         0 orders tried  current cost 4
    W_14: 26385s  60,105,996,400 steps   307770 feasible sets         0 orders tried  current cost 4
    W_14: 26400s  60,139,992,000 steps   307982 feasible sets         0 orders tried  current cost 1
    W_14: 26415s  60,173,936,800 steps   308140 feasible sets         0 orders tried  current cost 1
    W_14: 26430s  60,207,989,400 steps   308339 feasible sets         0 orders tried  current cost 6
    W_14: 26445s  60,241,982,600 steps   308487 feasible sets         0 orders tried  current cost 6
    W_14: 26460s  60,276,255,800 steps   308627 feasible sets         0 orders tried  current cost 2
    W_14: 26475s  60,310,372,600 steps   308775 feasible sets         0 orders tried  current cost 1
    W_14: 26490s  60,344,210,000 steps   308976 feasible sets         0 orders tried  current cost 4
    W_14: 26505s  60,378,025,000 steps   309172 feasible sets         0 orders tried  current cost 6
    W_14: 26520s  60,411,832,400 steps   309334 feasible sets         0 orders tried  current cost 3
    W_14: 26535s  60,444,149,800 steps   309496 feasible sets         0 orders tried  current cost 5
    W_14: 26550s  60,471,885,600 steps   309614 feasible sets         0 orders tried  current cost 6
    W_14: 26565s  60,500,753,200 steps   309738 feasible sets         0 orders tried  current cost 4
    W_14: 26580s  60,534,915,400 steps   309919 feasible sets         0 orders tried  current cost 1
    W_14: 26595s  60,568,874,400 steps   310089 feasible sets         0 orders tried  current cost 2
    W_14: 26610s  60,603,073,400 steps   310282 feasible sets         0 orders tried  current cost 4
    W_14: 26625s  60,637,046,000 steps   310435 feasible sets         0 orders tried  current cost 4
    W_14: 26640s  60,670,902,200 steps   310614 feasible sets         0 orders tried  current cost 13
    W_14: 26655s  60,705,043,000 steps   310788 feasible sets         0 orders tried  current cost 14
    W_14: 26670s  60,738,905,400 steps   310960 feasible sets         0 orders tried  current cost 5
    W_14: 26685s  60,772,650,800 steps   311129 feasible sets         0 orders tried  current cost 1
    W_14: 26700s  60,806,844,400 steps   311292 feasible sets         0 orders tried  current cost 8
    W_14: 26715s  60,840,749,400 steps   311438 feasible sets         0 orders tried  current cost 6
    W_14: 26730s  60,874,543,600 steps   311615 feasible sets         0 orders tried  current cost 11
    W_14: 26745s  60,908,737,000 steps   311766 feasible sets         0 orders tried  current cost 2
    W_14: 26760s  60,942,779,200 steps   311927 feasible sets         0 orders tried  current cost 4
    W_14: 26775s  60,976,427,000 steps   312108 feasible sets         0 orders tried  current cost 8
    W_14: 26790s  61,010,405,600 steps   312303 feasible sets         0 orders tried  current cost 8
    W_14: 26805s  61,044,228,800 steps   312521 feasible sets         0 orders tried  current cost 7
    W_14: 26820s  61,078,433,800 steps   312707 feasible sets         0 orders tried  current cost 3
    W_14: 26835s  61,112,325,600 steps   312874 feasible sets         0 orders tried  current cost 6
    W_14: 26850s  61,146,151,000 steps   312995 feasible sets         0 orders tried  current cost 1
    W_14: 26865s  61,180,159,000 steps   313196 feasible sets         0 orders tried  current cost 3
    W_14: 26880s  61,211,816,000 steps   313373 feasible sets         0 orders tried  current cost 5
    W_14: 26895s  61,244,830,200 steps   313578 feasible sets         0 orders tried  current cost 4
    W_14: 26910s  61,263,348,800 steps   313676 feasible sets         0 orders tried  current cost 7
    W_14: 26925s  61,297,360,600 steps   313853 feasible sets         0 orders tried  current cost 7
    W_14: 26940s  61,331,400,000 steps   313994 feasible sets         0 orders tried  current cost 3
    W_14: 26955s  61,366,060,000 steps   314188 feasible sets         0 orders tried  current cost 4
    W_14: 26970s  61,400,952,000 steps   314345 feasible sets         0 orders tried  current cost 1
    W_14: 26985s  61,435,543,800 steps   314541 feasible sets         0 orders tried  current cost 10
    W_14: 27000s  61,470,335,400 steps   314721 feasible sets         0 orders tried  current cost 3
    W_14: 27015s  61,504,170,600 steps   314926 feasible sets         0 orders tried  current cost 3
    W_14: 27030s  61,538,744,000 steps   315086 feasible sets         0 orders tried  current cost 14
    W_14: 27045s  61,573,486,400 steps   315247 feasible sets         0 orders tried  current cost 8
    W_14: 27060s  61,608,157,600 steps   315450 feasible sets         0 orders tried  current cost 3
    W_14: 27075s  61,642,872,000 steps   315624 feasible sets         0 orders tried  current cost 1
    W_14: 27090s  61,677,154,200 steps   315825 feasible sets         0 orders tried  current cost 3
    W_14: 27105s  61,711,576,400 steps   316001 feasible sets         0 orders tried  current cost 2
    W_14: 27120s  61,746,449,400 steps   316163 feasible sets         0 orders tried  current cost 4
    W_14: 27135s  61,780,593,600 steps   316369 feasible sets         0 orders tried  current cost 3
    W_14: 27150s  61,815,457,400 steps   316524 feasible sets         0 orders tried  current cost 2
    W_14: 27165s  61,849,921,200 steps   316701 feasible sets         0 orders tried  current cost 15
    W_14: 27180s  61,884,404,800 steps   316896 feasible sets         0 orders tried  current cost 8
    W_14: 27195s  61,919,161,800 steps   317050 feasible sets         0 orders tried  current cost 11
    W_14: 27210s  61,953,995,000 steps   317228 feasible sets         0 orders tried  current cost 4
    W_14: 27225s  61,988,904,800 steps   317428 feasible sets         0 orders tried  current cost 9
    W_14: 27240s  62,023,811,000 steps   317582 feasible sets         0 orders tried  current cost 5
    W_14: 27255s  62,058,514,000 steps   317744 feasible sets         0 orders tried  current cost 1
    W_14: 27270s  62,093,225,000 steps   317919 feasible sets         0 orders tried  current cost 3
    W_14: 27285s  62,127,931,400 steps   318106 feasible sets         0 orders tried  current cost 5
    W_14: 27300s  62,162,698,800 steps   318291 feasible sets         0 orders tried  current cost 2
    W_14: 27315s  62,197,858,800 steps   318463 feasible sets         0 orders tried  current cost 2
    W_14: 27330s  62,232,291,400 steps   318627 feasible sets         0 orders tried  current cost 3
    W_14: 27345s  62,266,850,600 steps   318792 feasible sets         0 orders tried  current cost 5
    W_14: 27360s  62,301,632,800 steps   318979 feasible sets         0 orders tried  current cost 4
    W_14: 27375s  62,336,390,600 steps   319141 feasible sets         0 orders tried  current cost 5
    W_14: 27390s  62,371,178,800 steps   319292 feasible sets         0 orders tried  current cost 2
    W_14: 27405s  62,406,322,000 steps   319459 feasible sets         0 orders tried  current cost 8
    W_14: 27420s  62,440,316,000 steps   319628 feasible sets         0 orders tried  current cost 3
    W_14: 27435s  62,475,089,000 steps   319797 feasible sets         0 orders tried  current cost 6
    W_14: 27450s  62,509,562,800 steps   320006 feasible sets         0 orders tried  current cost 10
    W_14: 27465s  62,543,668,400 steps   320200 feasible sets         0 orders tried  current cost 6
    W_14: 27480s  62,578,471,000 steps   320374 feasible sets         0 orders tried  current cost 3
    W_14: 27495s  62,612,876,600 steps   320543 feasible sets         0 orders tried  current cost 2
    W_14: 27510s  62,647,059,600 steps   320734 feasible sets         0 orders tried  current cost 3
    W_14: 27525s  62,681,673,800 steps   320898 feasible sets         0 orders tried  current cost 3
    W_14: 27540s  62,716,253,600 steps   321068 feasible sets         0 orders tried  current cost 4
    W_14: 27555s  62,750,997,600 steps   321229 feasible sets         0 orders tried  current cost 3
    W_14: 27570s  62,785,673,400 steps   321437 feasible sets         0 orders tried  current cost 3
    W_14: 27585s  62,820,480,400 steps   321604 feasible sets         0 orders tried  current cost 15
    W_14: 27600s  62,855,275,000 steps   321786 feasible sets         0 orders tried  current cost 2
    W_14: 27615s  62,889,573,200 steps   321940 feasible sets         0 orders tried  current cost 3
    W_14: 27630s  62,923,574,400 steps   322139 feasible sets         0 orders tried  current cost 2
    W_14: 27645s  62,958,114,000 steps   322358 feasible sets         0 orders tried  current cost 4
    W_14: 27660s  62,992,541,000 steps   322533 feasible sets         0 orders tried  current cost 10
    W_14: 27675s  63,027,053,800 steps   322712 feasible sets         0 orders tried  current cost 3
    W_14: 27690s  63,061,733,800 steps   322898 feasible sets         0 orders tried  current cost 4
    W_14: 27705s  63,096,121,000 steps   323084 feasible sets         0 orders tried  current cost 13
    W_14: 27720s  63,130,720,200 steps   323262 feasible sets         0 orders tried  current cost 13
    W_14: 27735s  63,165,462,200 steps   323438 feasible sets         0 orders tried  current cost 4
    W_14: 27750s  63,200,475,200 steps   323614 feasible sets         0 orders tried  current cost 1
    W_14: 27765s  63,234,731,200 steps   323770 feasible sets         0 orders tried  current cost 4
    W_14: 27780s  63,268,907,800 steps   323951 feasible sets         0 orders tried  current cost 7
    W_14: 27795s  63,303,240,800 steps   324123 feasible sets         0 orders tried  current cost 9
    W_14: 27810s  63,337,977,600 steps   324291 feasible sets         0 orders tried  current cost 1
    W_14: 27825s  63,372,819,600 steps   324468 feasible sets         0 orders tried  current cost 2
    W_14: 27840s  63,407,234,200 steps   324625 feasible sets         0 orders tried  current cost 4
    W_14: 27855s  63,441,899,200 steps   324796 feasible sets         0 orders tried  current cost 1
    W_14: 27870s  63,477,029,200 steps   324940 feasible sets         0 orders tried  current cost 5
    W_14: 27885s  63,511,282,600 steps   325157 feasible sets         0 orders tried  current cost 9
    W_14: 27900s  63,545,766,000 steps   325328 feasible sets         0 orders tried  current cost 8
    W_14: 27915s  63,580,298,400 steps   325511 feasible sets         0 orders tried  current cost 3
    W_14: 27930s  63,614,543,600 steps   325671 feasible sets         0 orders tried  current cost 10
    W_14: 27945s  63,649,592,000 steps   325853 feasible sets         0 orders tried  current cost 6
    W_14: 27960s  63,684,086,800 steps   326036 feasible sets         0 orders tried  current cost 5
    W_14: 27975s  63,718,454,000 steps   326221 feasible sets         0 orders tried  current cost 2
    W_14: 27990s  63,752,675,000 steps   326402 feasible sets         0 orders tried  current cost 3
    W_14: 28005s  63,786,948,600 steps   326525 feasible sets         0 orders tried  current cost 4
    W_14: 28020s  63,822,011,200 steps   326694 feasible sets         0 orders tried  current cost 2
    W_14: 28035s  63,856,748,800 steps   326852 feasible sets         0 orders tried  current cost 3
    W_14: 28050s  63,891,045,000 steps   327052 feasible sets         0 orders tried  current cost 7
    W_14: 28065s  63,925,959,800 steps   327233 feasible sets         0 orders tried  current cost 5
    W_14: 28080s  63,960,602,600 steps   327397 feasible sets         0 orders tried  current cost 13
    W_14: 28095s  63,995,100,800 steps   327581 feasible sets         0 orders tried  current cost 8
    W_14: 28110s  64,029,789,800 steps   327739 feasible sets         0 orders tried  current cost 5
    W_14: 28125s  64,064,292,000 steps   327881 feasible sets         0 orders tried  current cost 4
    W_14: 28140s  64,098,714,600 steps   328035 feasible sets         0 orders tried  current cost 3
    W_14: 28155s  64,133,337,600 steps   328245 feasible sets         0 orders tried  current cost 2
    W_14: 28170s  64,167,501,600 steps   328414 feasible sets         0 orders tried  current cost 15
    W_14: 28185s  64,202,339,000 steps   328579 feasible sets         0 orders tried  current cost 2
    W_14: 28200s  64,236,944,200 steps   328785 feasible sets         0 orders tried  current cost 12
    W_14: 28215s  64,271,681,600 steps   328950 feasible sets         0 orders tried  current cost 17
    W_14: 28230s  64,306,045,000 steps   329108 feasible sets         0 orders tried  current cost 6
    W_14: 28245s  64,340,377,600 steps   329281 feasible sets         0 orders tried  current cost 2
    W_14: 28260s  64,374,988,800 steps   329415 feasible sets         0 orders tried  current cost 4
    W_14: 28275s  64,409,340,000 steps   329578 feasible sets         0 orders tried  current cost 6
    W_14: 28290s  64,443,954,600 steps   329764 feasible sets         0 orders tried  current cost 2
    W_14: 28305s  64,478,442,800 steps   329939 feasible sets         0 orders tried  current cost 12
    W_14: 28320s  64,512,505,200 steps   330143 feasible sets         0 orders tried  current cost 5
    W_14: 28335s  64,546,934,400 steps   330306 feasible sets         0 orders tried  current cost 2
    W_14: 28350s  64,581,756,000 steps   330476 feasible sets         0 orders tried  current cost 1
    W_14: 28365s  64,616,635,800 steps   330693 feasible sets         0 orders tried  current cost 3
    W_14: 28380s  64,651,638,400 steps   330877 feasible sets         0 orders tried  current cost 2
    W_14: 28395s  64,686,467,000 steps   331032 feasible sets         0 orders tried  current cost 6
    W_14: 28410s  64,720,893,600 steps   331216 feasible sets         0 orders tried  current cost 1
    W_14: 28425s  64,755,826,200 steps   331368 feasible sets         0 orders tried  current cost 12
    W_14: 28440s  64,790,300,600 steps   331515 feasible sets         0 orders tried  current cost 12
    W_14: 28455s  64,824,532,000 steps   331704 feasible sets         0 orders tried  current cost 1
    W_14: 28470s  64,859,127,800 steps   331888 feasible sets         0 orders tried  current cost 5
    W_14: 28485s  64,893,759,000 steps   332096 feasible sets         0 orders tried  current cost 2
    W_14: 28500s  64,928,117,600 steps   332272 feasible sets         0 orders tried  current cost 2
    W_14: 28515s  64,962,783,400 steps   332440 feasible sets         0 orders tried  current cost 8
    W_14: 28530s  64,997,454,400 steps   332617 feasible sets         0 orders tried  current cost 3
    W_14: 28545s  65,032,258,000 steps   332768 feasible sets         0 orders tried  current cost 2
    W_14: 28560s  65,067,159,200 steps   332922 feasible sets         0 orders tried  current cost 3
    W_14: 28575s  65,101,656,600 steps   333111 feasible sets         0 orders tried  current cost 2
    W_14: 28590s  65,136,236,600 steps   333296 feasible sets         0 orders tried  current cost 4
    W_14: 28605s  65,170,845,800 steps   333485 feasible sets         0 orders tried  current cost 8
    W_14: 28620s  65,205,439,400 steps   333611 feasible sets         0 orders tried  current cost 3
    W_14: 28635s  65,240,303,400 steps   333784 feasible sets         0 orders tried  current cost 13
    W_14: 28650s  65,274,983,800 steps   333912 feasible sets         0 orders tried  current cost 11
    W_14: 28665s  65,309,677,600 steps   334072 feasible sets         0 orders tried  current cost 5
    W_14: 28680s  65,344,697,400 steps   334282 feasible sets         0 orders tried  current cost 5
    W_14: 28695s  65,379,300,200 steps   334449 feasible sets         0 orders tried  current cost 13
    W_14: 28710s  65,414,175,600 steps   334623 feasible sets         0 orders tried  current cost 2
    W_14: 28725s  65,448,995,600 steps   334795 feasible sets         0 orders tried  current cost 2
    W_14: 28740s  65,484,086,800 steps   334999 feasible sets         0 orders tried  current cost 9
    W_14: 28755s  65,518,944,600 steps   335207 feasible sets         0 orders tried  current cost 10
    W_14: 28770s  65,553,813,400 steps   335374 feasible sets         0 orders tried  current cost 4
    W_14: 28785s  65,588,259,600 steps   335537 feasible sets         0 orders tried  current cost 1
    W_14: 28800s  65,623,181,800 steps   335707 feasible sets         0 orders tried  current cost 8
    W_14: 28815s  65,658,006,800 steps   335883 feasible sets         0 orders tried  current cost 7
    W_14: 28830s  65,693,000,200 steps   336085 feasible sets         0 orders tried  current cost 8
    W_14: 28845s  65,727,799,400 steps   336279 feasible sets         0 orders tried  current cost 2
    W_14: 28860s  65,762,507,400 steps   336457 feasible sets         0 orders tried  current cost 9
    W_14: 28875s  65,797,815,400 steps   336616 feasible sets         0 orders tried  current cost 4
    W_14: 28890s  65,832,539,200 steps   336816 feasible sets         0 orders tried  current cost 4
    W_14: 28905s  65,867,386,800 steps   337013 feasible sets         0 orders tried  current cost 7
    W_14: 28920s  65,901,780,800 steps   337231 feasible sets         0 orders tried  current cost 25
    W_14: 28935s  65,935,913,000 steps   337394 feasible sets         0 orders tried  current cost 3
    W_14: 28950s  65,970,231,600 steps   337612 feasible sets         0 orders tried  current cost 3
    W_14: 28965s  66,004,819,400 steps   337804 feasible sets         0 orders tried  current cost 1
    W_14: 28980s  66,039,196,000 steps   337980 feasible sets         0 orders tried  current cost 3
    W_14: 28995s  66,074,039,400 steps   338165 feasible sets         0 orders tried  current cost 3
    W_14: 29010s  66,108,523,600 steps   338369 feasible sets         0 orders tried  current cost 8
    W_14: 29025s  66,143,168,400 steps   338566 feasible sets         0 orders tried  current cost 5
    W_14: 29040s  66,178,261,000 steps   338732 feasible sets         0 orders tried  current cost 11
    W_14: 29055s  66,213,247,600 steps   338941 feasible sets         0 orders tried  current cost 5
    W_14: 29070s  66,248,273,800 steps   339132 feasible sets         0 orders tried  current cost 3
    W_14: 29085s  66,282,968,000 steps   339329 feasible sets         0 orders tried  current cost 5
    W_14: 29100s  66,317,731,000 steps   339485 feasible sets         0 orders tried  current cost 2
    W_14: 29115s  66,352,357,000 steps   339666 feasible sets         0 orders tried  current cost 3
    W_14: 29130s  66,387,151,800 steps   339890 feasible sets         0 orders tried  current cost 2
    W_14: 29145s  66,421,720,400 steps   340078 feasible sets         0 orders tried  current cost 15
    W_14: 29160s  66,456,655,800 steps   340232 feasible sets         0 orders tried  current cost 4
    W_14: 29175s  66,491,262,800 steps   340429 feasible sets         0 orders tried  current cost 10
    W_14: 29190s  66,526,012,600 steps   340642 feasible sets         0 orders tried  current cost 4
    W_14: 29205s  66,560,439,400 steps   340830 feasible sets         0 orders tried  current cost 1
    W_14: 29220s  66,595,456,200 steps   341041 feasible sets         0 orders tried  current cost 1
    W_14: 29235s  66,629,751,200 steps   341204 feasible sets         0 orders tried  current cost 3
    W_14: 29250s  66,664,193,400 steps   341365 feasible sets         0 orders tried  current cost 4
    W_14: 29265s  66,698,656,200 steps   341541 feasible sets         0 orders tried  current cost 3
    W_14: 29280s  66,733,487,000 steps   341739 feasible sets         0 orders tried  current cost 7
    W_14: 29295s  66,767,790,600 steps   341929 feasible sets         0 orders tried  current cost 5
    W_14: 29310s  66,802,466,200 steps   342083 feasible sets         0 orders tried  current cost 6
    W_14: 29325s  66,837,097,000 steps   342270 feasible sets         0 orders tried  current cost 2
    W_14: 29340s  66,871,733,800 steps   342440 feasible sets         0 orders tried  current cost 4
    W_14: 29355s  66,906,358,800 steps   342631 feasible sets         0 orders tried  current cost 3
    W_14: 29370s  66,941,348,200 steps   342821 feasible sets         0 orders tried  current cost 7
    W_14: 29385s  66,976,284,800 steps   342994 feasible sets         0 orders tried  current cost 8
    W_14: 29400s  67,009,149,400 steps   343199 feasible sets         0 orders tried  current cost 4
    W_14: 29415s  67,043,888,400 steps   343349 feasible sets         0 orders tried  current cost 3
    W_14: 29430s  67,078,638,800 steps   343545 feasible sets         0 orders tried  current cost 2
    W_14: 29445s  67,113,238,800 steps   343729 feasible sets         0 orders tried  current cost 1
    W_14: 29460s  67,147,728,600 steps   343902 feasible sets         0 orders tried  current cost 4
    W_14: 29475s  67,182,513,400 steps   344089 feasible sets         0 orders tried  current cost 2
    W_14: 29490s  67,217,212,400 steps   344281 feasible sets         0 orders tried  current cost 3
    W_14: 29505s  67,252,014,600 steps   344413 feasible sets         0 orders tried  current cost 3
    W_14: 29520s  67,286,489,000 steps   344563 feasible sets         0 orders tried  current cost 6
    W_14: 29535s  67,321,501,800 steps   344755 feasible sets         0 orders tried  current cost 12
    W_14: 29550s  67,356,638,800 steps   344909 feasible sets         0 orders tried  current cost 2
    W_14: 29565s  67,390,754,600 steps   345076 feasible sets         0 orders tried  current cost 2
    W_14: 29580s  67,423,044,000 steps   345228 feasible sets         0 orders tried  current cost 9
    W_14: 29595s  67,449,068,800 steps   345388 feasible sets         0 orders tried  current cost 4
    W_14: 29610s  67,473,195,200 steps   345494 feasible sets         0 orders tried  current cost 2
    W_14: 29625s  67,507,325,600 steps   345666 feasible sets         0 orders tried  current cost 7
    W_14: 29640s  67,541,093,600 steps   345797 feasible sets         0 orders tried  current cost 2
    W_14: 29655s  67,573,498,200 steps   345962 feasible sets         0 orders tried  current cost 2
    W_14: 29670s  67,601,469,800 steps   346116 feasible sets         0 orders tried  current cost 3
    W_14: 29685s  67,617,057,000 steps   346171 feasible sets         0 orders tried  current cost 4
    W_14: 29700s  67,651,702,200 steps   346335 feasible sets         0 orders tried  current cost 9
    W_14: 29715s  67,682,263,600 steps   346485 feasible sets         0 orders tried  current cost 8
    W_14: 29730s  67,711,618,400 steps   346630 feasible sets         0 orders tried  current cost 4
    W_14: 29745s  67,730,907,400 steps   346719 feasible sets         0 orders tried  current cost 6
    W_14: 29760s  67,761,333,200 steps   346892 feasible sets         0 orders tried  current cost 2
    W_14: 29775s  67,791,891,400 steps   347033 feasible sets         0 orders tried  current cost 3
    W_14: 29790s  67,826,133,600 steps   347202 feasible sets         0 orders tried  current cost 2
    W_14: 29805s  67,860,517,400 steps   347394 feasible sets         0 orders tried  current cost 1
    W_14: 29820s  67,894,182,400 steps   347554 feasible sets         0 orders tried  current cost 12
    W_14: 29835s  67,928,238,400 steps   347702 feasible sets         0 orders tried  current cost 2
    W_14: 29850s  67,962,423,200 steps   347922 feasible sets         0 orders tried  current cost 14
    W_14: 29865s  67,996,956,200 steps   348067 feasible sets         0 orders tried  current cost 3
    W_14: 29880s  68,030,109,400 steps   348228 feasible sets         0 orders tried  current cost 5
    W_14: 29895s  68,063,156,400 steps   348387 feasible sets         0 orders tried  current cost 3
    W_14: 29910s  68,097,834,200 steps   348556 feasible sets         0 orders tried  current cost 3
    W_14: 29925s  68,131,740,000 steps   348735 feasible sets         0 orders tried  current cost 1
    W_14: 29940s  68,165,330,800 steps   348908 feasible sets         0 orders tried  current cost 4
    W_14: 29955s  68,199,509,800 steps   349089 feasible sets         0 orders tried  current cost 4
    W_14: 29970s  68,233,759,600 steps   349262 feasible sets         0 orders tried  current cost 3
    W_14: 29985s  68,267,899,800 steps   349440 feasible sets         0 orders tried  current cost 2
    W_14: 30000s  68,302,365,200 steps   349594 feasible sets         0 orders tried  current cost 12
    W_14: 30015s  68,336,673,600 steps   349757 feasible sets         0 orders tried  current cost 3
    W_14: 30030s  68,368,997,000 steps   349941 feasible sets         0 orders tried  current cost 2
    W_14: 30045s  68,403,210,600 steps   350142 feasible sets         0 orders tried  current cost 5
    W_14: 30060s  68,437,342,200 steps   350320 feasible sets         0 orders tried  current cost 11
    W_14: 30075s  68,470,924,800 steps   350533 feasible sets         0 orders tried  current cost 8
    W_14: 30090s  68,505,146,800 steps   350722 feasible sets         0 orders tried  current cost 8
    W_14: 30105s  68,537,783,400 steps   350865 feasible sets         0 orders tried  current cost 9
    W_14: 30120s  68,571,209,400 steps   351070 feasible sets         0 orders tried  current cost 3
    W_14: 30135s  68,606,034,200 steps   351230 feasible sets         0 orders tried  current cost 3
    W_14: 30150s  68,640,141,000 steps   351427 feasible sets         0 orders tried  current cost 10
    W_14: 30165s  68,673,942,800 steps   351630 feasible sets         0 orders tried  current cost 13
    W_14: 30180s  68,707,075,200 steps   351808 feasible sets         0 orders tried  current cost 2
    W_14: 30195s  68,739,597,200 steps   351942 feasible sets         0 orders tried  current cost 1
    W_14: 30210s  68,773,522,800 steps   352131 feasible sets         0 orders tried  current cost 13
    W_14: 30225s  68,805,574,800 steps   352322 feasible sets         0 orders tried  current cost 3
    W_14: 30240s  68,838,813,800 steps   352484 feasible sets         0 orders tried  current cost 5
    W_14: 30255s  68,870,650,000 steps   352640 feasible sets         0 orders tried  current cost 4
    W_14: 30270s  68,903,962,600 steps   352838 feasible sets         0 orders tried  current cost 11
    W_14: 30285s  68,938,434,600 steps   353011 feasible sets         0 orders tried  current cost 2
    W_14: 30300s  68,971,685,400 steps   353200 feasible sets         0 orders tried  current cost 10
    W_14: 30315s  69,001,754,400 steps   353386 feasible sets         0 orders tried  current cost 3
    W_14: 30330s  69,033,153,800 steps   353527 feasible sets         0 orders tried  current cost 4
    W_14: 30345s  69,065,176,000 steps   353690 feasible sets         0 orders tried  current cost 1
    W_14: 30360s  69,096,933,800 steps   353841 feasible sets         0 orders tried  current cost 4
    W_14: 30375s  69,128,732,200 steps   354015 feasible sets         0 orders tried  current cost 3
    W_14: 30390s  69,160,143,800 steps   354179 feasible sets         0 orders tried  current cost 9
    W_14: 30405s  69,191,757,200 steps   354330 feasible sets         0 orders tried  current cost 4
    W_14: 30420s  69,223,468,600 steps   354502 feasible sets         0 orders tried  current cost 2
    W_14: 30435s  69,255,194,600 steps   354658 feasible sets         0 orders tried  current cost 4
    W_14: 30450s  69,286,939,000 steps   354807 feasible sets         0 orders tried  current cost 3
    W_14: 30465s  69,318,684,600 steps   354925 feasible sets         0 orders tried  current cost 8
    W_14: 30480s  69,350,250,200 steps   355061 feasible sets         0 orders tried  current cost 2
    W_14: 30495s  69,381,897,000 steps   355221 feasible sets         0 orders tried  current cost 2
    W_14: 30510s  69,413,307,200 steps   355364 feasible sets         0 orders tried  current cost 5
    W_14: 30525s  69,444,321,000 steps   355528 feasible sets         0 orders tried  current cost 13
    W_14: 30540s  69,476,087,000 steps   355681 feasible sets         0 orders tried  current cost 7
    W_14: 30555s  69,507,977,600 steps   355877 feasible sets         0 orders tried  current cost 1
    W_14: 30570s  69,539,901,200 steps   356035 feasible sets         0 orders tried  current cost 11
    W_14: 30585s  69,571,532,200 steps   356197 feasible sets         0 orders tried  current cost 4
    W_14: 30600s  69,602,635,800 steps   356359 feasible sets         0 orders tried  current cost 2
    W_14: 30615s  69,633,749,000 steps   356493 feasible sets         0 orders tried  current cost 5
    W_14: 30630s  69,665,765,800 steps   356647 feasible sets         0 orders tried  current cost 6
    W_14: 30645s  69,697,443,400 steps   356813 feasible sets         0 orders tried  current cost 13
    W_14: 30660s  69,729,464,600 steps   356992 feasible sets         0 orders tried  current cost 8
    W_14: 30675s  69,761,343,000 steps   357189 feasible sets         0 orders tried  current cost 12
    W_14: 30690s  69,793,500,200 steps   357353 feasible sets         0 orders tried  current cost 13
    W_14: 30705s  69,825,409,800 steps   357516 feasible sets         0 orders tried  current cost 5
    W_14: 30720s  69,857,163,200 steps   357653 feasible sets         0 orders tried  current cost 14
    W_14: 30735s  69,888,452,200 steps   357794 feasible sets         0 orders tried  current cost 4
    W_14: 30750s  69,920,059,200 steps   357901 feasible sets         0 orders tried  current cost 3
    W_14: 30765s  69,951,694,600 steps   358063 feasible sets         0 orders tried  current cost 2
    W_14: 30780s  69,983,604,800 steps   358272 feasible sets         0 orders tried  current cost 11
    W_14: 30795s  70,015,034,400 steps   358433 feasible sets         0 orders tried  current cost 3
    W_14: 30810s  70,046,153,800 steps   358579 feasible sets         0 orders tried  current cost 4
    W_14: 30825s  70,076,043,400 steps   358704 feasible sets         0 orders tried  current cost 9
    W_14: 30840s  70,108,041,000 steps   358889 feasible sets         0 orders tried  current cost 18
    W_14: 30855s  70,142,039,400 steps   359034 feasible sets         0 orders tried  current cost 2
    W_14: 30870s  70,174,084,200 steps   359182 feasible sets         0 orders tried  current cost 6
    W_14: 30885s  70,205,623,600 steps   359341 feasible sets         0 orders tried  current cost 6
    W_14: 30900s  70,236,691,600 steps   359493 feasible sets         0 orders tried  current cost 5
    W_14: 30915s  70,268,588,600 steps   359676 feasible sets         0 orders tried  current cost 4
    W_14: 30930s  70,300,372,200 steps   359823 feasible sets         0 orders tried  current cost 4
    W_14: 30945s  70,332,188,400 steps   359996 feasible sets         0 orders tried  current cost 6
    W_14: 30960s  70,364,426,400 steps   360149 feasible sets         0 orders tried  current cost 6
    W_14: 30975s  70,396,480,000 steps   360292 feasible sets         0 orders tried  current cost 3
    W_14: 30990s  70,430,022,400 steps   360491 feasible sets         0 orders tried  current cost 10
    W_14: 31005s  70,464,445,800 steps   360681 feasible sets         0 orders tried  current cost 9
    W_14: 31020s  70,499,357,400 steps   360883 feasible sets         0 orders tried  current cost 2
    W_14: 31035s  70,533,769,800 steps   361066 feasible sets         0 orders tried  current cost 4
    W_14: 31050s  70,568,339,000 steps   361251 feasible sets         0 orders tried  current cost 4
    W_14: 31065s  70,602,844,000 steps   361429 feasible sets         0 orders tried  current cost 13
    W_14: 31080s  70,637,540,800 steps   361607 feasible sets         0 orders tried  current cost 24
    W_14: 31095s  70,672,385,600 steps   361771 feasible sets         0 orders tried  current cost 11
    W_14: 31110s  70,706,953,000 steps   361929 feasible sets         0 orders tried  current cost 2
    W_14: 31125s  70,741,371,400 steps   362154 feasible sets         0 orders tried  current cost 4
    W_14: 31140s  70,775,607,000 steps   362345 feasible sets         0 orders tried  current cost 6
    W_14: 31155s  70,809,198,400 steps   362509 feasible sets         0 orders tried  current cost 4
    W_14: 31170s  70,843,785,000 steps   362684 feasible sets         0 orders tried  current cost 10
    W_14: 31185s  70,877,199,800 steps   362863 feasible sets         0 orders tried  current cost 3
    W_14: 31200s  70,909,726,200 steps   363019 feasible sets         0 orders tried  current cost 11
    W_14: 31215s  70,943,652,600 steps   363228 feasible sets         0 orders tried  current cost 4
    W_14: 31230s  70,977,679,800 steps   363428 feasible sets         0 orders tried  current cost 1
    W_14: 31245s  71,011,986,200 steps   363611 feasible sets         0 orders tried  current cost 10
    W_14: 31260s  71,046,508,000 steps   363776 feasible sets         0 orders tried  current cost 5
    W_14: 31275s  71,081,062,400 steps   363977 feasible sets         0 orders tried  current cost 9
    W_14: 31290s  71,115,714,400 steps   364172 feasible sets         0 orders tried  current cost 5
    W_14: 31305s  71,150,031,200 steps   364356 feasible sets         0 orders tried  current cost 4
    W_14: 31320s  71,182,815,600 steps   364525 feasible sets         0 orders tried  current cost 2
    W_14: 31335s  71,217,248,000 steps   364719 feasible sets         0 orders tried  current cost 4
    W_14: 31350s  71,252,454,800 steps   364887 feasible sets         0 orders tried  current cost 2
    W_14: 31365s  71,286,711,800 steps   365024 feasible sets         0 orders tried  current cost 4
    W_14: 31380s  71,321,064,400 steps   365196 feasible sets         0 orders tried  current cost 8
    W_14: 31395s  71,355,518,600 steps   365353 feasible sets         0 orders tried  current cost 2
    W_14: 31410s  71,389,910,400 steps   365523 feasible sets         0 orders tried  current cost 3
    W_14: 31425s  71,424,508,800 steps   365684 feasible sets         0 orders tried  current cost 5
    W_14: 31440s  71,459,104,600 steps   365837 feasible sets         0 orders tried  current cost 7
    W_14: 31455s  71,493,498,000 steps   366038 feasible sets         0 orders tried  current cost 2
    W_14: 31470s  71,528,228,000 steps   366206 feasible sets         0 orders tried  current cost 4
    W_14: 31485s  71,562,613,600 steps   366352 feasible sets         0 orders tried  current cost 2
    W_14: 31500s  71,597,299,200 steps   366536 feasible sets         0 orders tried  current cost 2
    W_14: 31515s  71,632,020,600 steps   366711 feasible sets         0 orders tried  current cost 15
    W_14: 31530s  71,666,367,800 steps   366870 feasible sets         0 orders tried  current cost 8
    W_14: 31545s  71,701,004,400 steps   367045 feasible sets         0 orders tried  current cost 11
    W_14: 31560s  71,735,273,800 steps   367219 feasible sets         0 orders tried  current cost 2
    W_14: 31575s  71,769,328,400 steps   367403 feasible sets         0 orders tried  current cost 6
    W_14: 31590s  71,802,553,000 steps   367568 feasible sets         0 orders tried  current cost 3
    W_14: 31605s  71,836,759,000 steps   367734 feasible sets         0 orders tried  current cost 3
    W_14: 31620s  71,871,443,600 steps   367892 feasible sets         0 orders tried  current cost 9
    W_14: 31635s  71,905,604,600 steps   368083 feasible sets         0 orders tried  current cost 6
    W_14: 31650s  71,937,866,200 steps   368246 feasible sets         0 orders tried  current cost 8
    W_14: 31665s  71,971,271,400 steps   368402 feasible sets         0 orders tried  current cost 3
    W_14: 31680s  72,005,957,400 steps   368572 feasible sets         0 orders tried  current cost 4
    W_14: 31695s  72,039,619,400 steps   368718 feasible sets         0 orders tried  current cost 1
    W_14: 31710s  72,073,997,800 steps   368878 feasible sets         0 orders tried  current cost 1
    W_14: 31725s  72,108,888,800 steps   369145 feasible sets         0 orders tried  current cost 7
    W_14: 31740s  72,143,297,200 steps   369291 feasible sets         0 orders tried  current cost 3
    W_14: 31755s  72,177,659,800 steps   369468 feasible sets         0 orders tried  current cost 2
    W_14: 31770s  72,212,373,800 steps   369654 feasible sets         0 orders tried  current cost 4
    W_14: 31785s  72,246,506,400 steps   369828 feasible sets         0 orders tried  current cost 7
    W_14: 31800s  72,280,705,600 steps   369988 feasible sets         0 orders tried  current cost 7
    W_14: 31815s  72,315,299,800 steps   370157 feasible sets         0 orders tried  current cost 4
    W_14: 31830s  72,350,140,000 steps   370306 feasible sets         0 orders tried  current cost 4
    W_14: 31845s  72,385,019,400 steps   370514 feasible sets         0 orders tried  current cost 3
    W_14: 31860s  72,419,042,000 steps   370665 feasible sets         0 orders tried  current cost 17
    W_14: 31875s  72,453,281,200 steps   370850 feasible sets         0 orders tried  current cost 10
    W_14: 31890s  72,487,712,000 steps   371012 feasible sets         0 orders tried  current cost 2
    W_14: 31905s  72,517,821,200 steps   371214 feasible sets         0 orders tried  current cost 13
    W_14: 31920s  72,550,613,800 steps   371397 feasible sets         0 orders tried  current cost 4
    W_14: 31935s  72,582,810,800 steps   371546 feasible sets         0 orders tried  current cost 5
    W_14: 31950s  72,615,801,400 steps   371728 feasible sets         0 orders tried  current cost 17
    W_14: 31965s  72,650,428,200 steps   371909 feasible sets         0 orders tried  current cost 6
    W_14: 31980s  72,685,131,600 steps   372063 feasible sets         0 orders tried  current cost 4
    W_14: 31995s  72,719,963,800 steps   372245 feasible sets         0 orders tried  current cost 9
    W_14: 32010s  72,754,834,600 steps   372418 feasible sets         0 orders tried  current cost 2
    W_14: 32025s  72,789,347,600 steps   372600 feasible sets         0 orders tried  current cost 8
    W_14: 32040s  72,823,957,400 steps   372767 feasible sets         0 orders tried  current cost 3
    W_14: 32055s  72,858,324,200 steps   372943 feasible sets         0 orders tried  current cost 8
    W_14: 32070s  72,893,100,600 steps   373155 feasible sets         0 orders tried  current cost 13
    W_14: 32085s  72,927,842,400 steps   373322 feasible sets         0 orders tried  current cost 12
    W_14: 32100s  72,962,312,200 steps   373474 feasible sets         0 orders tried  current cost 5
    W_14: 32115s  72,997,049,000 steps   373660 feasible sets         0 orders tried  current cost 4
    W_14: 32130s  73,031,454,800 steps   373816 feasible sets         0 orders tried  current cost 4
    W_14: 32145s  73,066,157,000 steps   373967 feasible sets         0 orders tried  current cost 2
    W_14: 32160s  73,100,803,800 steps   374164 feasible sets         0 orders tried  current cost 10
    W_14: 32175s  73,135,977,400 steps   374372 feasible sets         0 orders tried  current cost 3
    W_14: 32190s  73,170,684,400 steps   374564 feasible sets         0 orders tried  current cost 10
    W_14: 32205s  73,205,231,800 steps   374777 feasible sets         0 orders tried  current cost 2
    W_14: 32220s  73,239,915,800 steps   374954 feasible sets         0 orders tried  current cost 1
    W_14: 32235s  73,274,171,000 steps   375130 feasible sets         0 orders tried  current cost 3
    W_14: 32250s  73,308,965,000 steps   375288 feasible sets         0 orders tried  current cost 8
    W_14: 32265s  73,343,144,600 steps   375464 feasible sets         0 orders tried  current cost 12
    W_14: 32280s  73,377,879,600 steps   375617 feasible sets         0 orders tried  current cost 5
    W_14: 32295s  73,412,513,800 steps   375803 feasible sets         0 orders tried  current cost 2
    W_14: 32310s  73,447,193,800 steps   375973 feasible sets         0 orders tried  current cost 4
    W_14: 32325s  73,481,666,600 steps   376168 feasible sets         0 orders tried  current cost 7
    W_14: 32340s  73,516,875,200 steps   376334 feasible sets         0 orders tried  current cost 3
    W_14: 32355s  73,551,627,000 steps   376517 feasible sets         0 orders tried  current cost 7
    W_14: 32370s  73,586,007,800 steps   376708 feasible sets         0 orders tried  current cost 5
    W_14: 32385s  73,619,930,400 steps   376875 feasible sets         0 orders tried  current cost 4
    W_14: 32400s  73,654,323,200 steps   377016 feasible sets         0 orders tried  current cost 10
    W_14: 32415s  73,687,981,200 steps   377180 feasible sets         0 orders tried  current cost 24
    W_14: 32430s  73,722,062,400 steps   377336 feasible sets         0 orders tried  current cost 11
    W_14: 32445s  73,756,806,200 steps   377509 feasible sets         0 orders tried  current cost 7
    W_14: 32460s  73,789,893,400 steps   377651 feasible sets         0 orders tried  current cost 1
    W_14: 32475s  73,823,610,200 steps   377774 feasible sets         0 orders tried  current cost 4
    W_14: 32490s  73,856,203,000 steps   377947 feasible sets         0 orders tried  current cost 16
    W_14: 32505s  73,888,897,600 steps   378115 feasible sets         0 orders tried  current cost 2
    W_14: 32520s  73,921,195,000 steps   378287 feasible sets         0 orders tried  current cost 3
    W_14: 32535s  73,954,707,600 steps   378485 feasible sets         0 orders tried  current cost 6
    W_14: 32550s  73,986,724,200 steps   378658 feasible sets         0 orders tried  current cost 12
    W_14: 32565s  74,020,370,400 steps   378820 feasible sets         0 orders tried  current cost 4
    W_14: 32580s  74,054,226,400 steps   379004 feasible sets         0 orders tried  current cost 6
    W_14: 32595s  74,088,828,400 steps   379143 feasible sets         0 orders tried  current cost 6
    W_14: 32610s  74,123,424,800 steps   379375 feasible sets         0 orders tried  current cost 8
    W_14: 32625s  74,156,591,600 steps   379542 feasible sets         0 orders tried  current cost 6
    W_14: 32640s  74,190,301,600 steps   379724 feasible sets         0 orders tried  current cost 11
    W_14: 32655s  74,224,693,600 steps   379876 feasible sets         0 orders tried  current cost 4
    W_14: 32670s  74,258,573,000 steps   380059 feasible sets         0 orders tried  current cost 2
    W_14: 32685s  74,292,877,800 steps   380278 feasible sets         0 orders tried  current cost 4
    W_14: 32700s  74,324,363,200 steps   380436 feasible sets         0 orders tried  current cost 9
    W_14: 32715s  74,356,798,400 steps   380617 feasible sets         0 orders tried  current cost 2
    W_14: 32730s  74,390,565,800 steps   380778 feasible sets         0 orders tried  current cost 12
    W_14: 32745s  74,423,218,200 steps   380951 feasible sets         0 orders tried  current cost 4
    W_14: 32760s  74,455,262,800 steps   381083 feasible sets         0 orders tried  current cost 11
    W_14: 32775s  74,488,831,400 steps   381248 feasible sets         0 orders tried  current cost 4
    W_14: 32790s  74,522,181,800 steps   381416 feasible sets         0 orders tried  current cost 9
    W_14: 32805s  74,553,633,800 steps   381590 feasible sets         0 orders tried  current cost 4
    W_14: 32820s  74,587,270,200 steps   381754 feasible sets         0 orders tried  current cost 5
    W_14: 32835s  74,621,043,000 steps   381912 feasible sets         0 orders tried  current cost 13
    W_14: 32850s  74,654,526,200 steps   382092 feasible sets         0 orders tried  current cost 5
    W_14: 32865s  74,687,585,000 steps   382273 feasible sets         0 orders tried  current cost 9
    W_14: 32880s  74,721,935,400 steps   382436 feasible sets         0 orders tried  current cost 4
    W_14: 32895s  74,756,301,000 steps   382618 feasible sets         0 orders tried  current cost 9
    W_14: 32910s  74,789,916,400 steps   382785 feasible sets         0 orders tried  current cost 3
    W_14: 32925s  74,824,000,800 steps   382943 feasible sets         0 orders tried  current cost 12
    W_14: 32940s  74,855,829,000 steps   383097 feasible sets         0 orders tried  current cost 6
    W_14: 32955s  74,887,743,000 steps   383216 feasible sets         0 orders tried  current cost 9
    W_14: 32970s  74,920,459,000 steps   383373 feasible sets         0 orders tried  current cost 4
    W_14: 32985s  74,954,436,400 steps   383526 feasible sets         0 orders tried  current cost 2
    W_14: 33000s  74,986,412,400 steps   383713 feasible sets         0 orders tried  current cost 4
    W_14: 33015s  75,017,397,200 steps   383852 feasible sets         0 orders tried  current cost 1
    W_14: 33030s  75,048,952,800 steps   384014 feasible sets         0 orders tried  current cost 5
    W_14: 33045s  75,078,747,200 steps   384183 feasible sets         0 orders tried  current cost 6
    W_14: 33060s  75,110,758,200 steps   384305 feasible sets         0 orders tried  current cost 2
    W_14: 33075s  75,144,735,800 steps   384480 feasible sets         0 orders tried  current cost 4
    W_14: 33090s  75,179,179,600 steps   384652 feasible sets         0 orders tried  current cost 4
    W_14: 33105s  75,213,262,600 steps   384842 feasible sets         0 orders tried  current cost 11
    W_14: 33120s  75,247,631,000 steps   385020 feasible sets         0 orders tried  current cost 5
    W_14: 33135s  75,282,136,400 steps   385204 feasible sets         0 orders tried  current cost 3
    W_14: 33150s  75,317,065,000 steps   385415 feasible sets         0 orders tried  current cost 8
    W_14: 33165s  75,350,873,000 steps   385633 feasible sets         0 orders tried  current cost 3
    W_14: 33180s  75,385,558,400 steps   385825 feasible sets         0 orders tried  current cost 2
    W_14: 33195s  75,419,873,800 steps   386013 feasible sets         0 orders tried  current cost 3
    W_14: 33210s  75,452,930,000 steps   386202 feasible sets         0 orders tried  current cost 4
    W_14: 33225s  75,487,227,600 steps   386340 feasible sets         0 orders tried  current cost 9
    W_14: 33240s  75,521,720,400 steps   386519 feasible sets         0 orders tried  current cost 12
    W_14: 33255s  75,556,200,600 steps   386727 feasible sets         0 orders tried  current cost 9
    W_14: 33270s  75,590,528,400 steps   386911 feasible sets         0 orders tried  current cost 4
    W_14: 33285s  75,625,492,000 steps   387122 feasible sets         0 orders tried  current cost 2
    W_14: 33300s  75,660,223,000 steps   387288 feasible sets         0 orders tried  current cost 9
    W_14: 33315s  75,694,858,000 steps   387437 feasible sets         0 orders tried  current cost 2
    W_14: 33330s  75,729,927,200 steps   387601 feasible sets         0 orders tried  current cost 6
    W_14: 33345s  75,764,328,000 steps   387743 feasible sets         0 orders tried  current cost 8
    W_14: 33360s  75,798,735,800 steps   387931 feasible sets         0 orders tried  current cost 3
    W_14: 33375s  75,833,177,800 steps   388098 feasible sets         0 orders tried  current cost 5
    W_14: 33390s  75,867,948,600 steps   388236 feasible sets         0 orders tried  current cost 5
    W_14: 33405s  75,902,529,800 steps   388391 feasible sets         0 orders tried  current cost 3
    W_14: 33420s  75,937,086,800 steps   388581 feasible sets         0 orders tried  current cost 7
    W_14: 33435s  75,971,591,800 steps   388728 feasible sets         0 orders tried  current cost 4
    W_14: 33450s  76,006,095,400 steps   388890 feasible sets         0 orders tried  current cost 3
    W_14: 33465s  76,040,536,800 steps   389023 feasible sets         0 orders tried  current cost 3
    W_14: 33480s  76,075,091,400 steps   389189 feasible sets         0 orders tried  current cost 5
    W_14: 33495s  76,109,239,800 steps   389338 feasible sets         0 orders tried  current cost 2
    W_14: 33510s  76,143,629,200 steps   389503 feasible sets         0 orders tried  current cost 4
    W_14: 33525s  76,177,773,600 steps   389689 feasible sets         0 orders tried  current cost 3
    W_14: 33540s  76,212,411,800 steps   389875 feasible sets         0 orders tried  current cost 2
    W_14: 33555s  76,246,742,400 steps   390080 feasible sets         0 orders tried  current cost 9
    W_14: 33570s  76,281,084,400 steps   390219 feasible sets         0 orders tried  current cost 11
    W_14: 33585s  76,315,381,600 steps   390422 feasible sets         0 orders tried  current cost 15
    W_14: 33600s  76,348,759,000 steps   390592 feasible sets         0 orders tried  current cost 2
    W_14: 33615s  76,381,981,200 steps   390749 feasible sets         0 orders tried  current cost 13
    W_14: 33630s  76,415,949,200 steps   390896 feasible sets         0 orders tried  current cost 8
    W_14: 33645s  76,450,315,000 steps   391060 feasible sets         0 orders tried  current cost 4
    W_14: 33660s  76,483,612,000 steps   391227 feasible sets         0 orders tried  current cost 3
    W_14: 33675s  76,517,209,000 steps   391416 feasible sets         0 orders tried  current cost 4
    W_14: 33690s  76,551,102,200 steps   391590 feasible sets         0 orders tried  current cost 13
    W_14: 33705s  76,584,957,600 steps   391770 feasible sets         0 orders tried  current cost 3
    W_14: 33720s  76,617,186,000 steps   391925 feasible sets         0 orders tried  current cost 9
    W_14: 33735s  76,650,771,200 steps   392104 feasible sets         0 orders tried  current cost 6
    W_14: 33750s  76,684,739,000 steps   392256 feasible sets         0 orders tried  current cost 4
    W_14: 33765s  76,718,458,800 steps   392470 feasible sets         0 orders tried  current cost 4
    W_14: 33780s  76,753,169,200 steps   392646 feasible sets         0 orders tried  current cost 5
    W_14: 33795s  76,787,272,600 steps   392820 feasible sets         0 orders tried  current cost 3
    W_14: 33810s  76,821,313,800 steps   393033 feasible sets         0 orders tried  current cost 3
    W_14: 33825s  76,854,162,400 steps   393189 feasible sets         0 orders tried  current cost 13
    W_14: 33840s  76,886,912,800 steps   393359 feasible sets         0 orders tried  current cost 6
    W_14: 33855s  76,919,414,600 steps   393518 feasible sets         0 orders tried  current cost 4
    W_14: 33870s  76,952,408,000 steps   393701 feasible sets         0 orders tried  current cost 5
    W_14: 33885s  76,985,563,400 steps   393872 feasible sets         0 orders tried  current cost 9
    W_14: 33900s  77,017,382,600 steps   394042 feasible sets         0 orders tried  current cost 9
    W_14: 33915s  77,050,107,600 steps   394201 feasible sets         0 orders tried  current cost 7
    W_14: 33930s  77,082,308,600 steps   394388 feasible sets         0 orders tried  current cost 7
    W_14: 33945s  77,114,619,200 steps   394525 feasible sets         0 orders tried  current cost 3
    W_14: 33960s  77,147,418,400 steps   394702 feasible sets         0 orders tried  current cost 2
    W_14: 33975s  77,181,187,800 steps   394881 feasible sets         0 orders tried  current cost 8
    W_14: 33990s  77,214,549,400 steps   395016 feasible sets         0 orders tried  current cost 4
    W_14: 34005s  77,248,152,200 steps   395213 feasible sets         0 orders tried  current cost 5
    W_14: 34020s  77,281,225,800 steps   395356 feasible sets         0 orders tried  current cost 8
    W_14: 34035s  77,314,322,200 steps   395513 feasible sets         0 orders tried  current cost 15
    W_14: 34050s  77,347,502,000 steps   395687 feasible sets         0 orders tried  current cost 13
    W_14: 34065s  77,381,018,400 steps   395887 feasible sets         0 orders tried  current cost 3
    W_14: 34080s  77,415,390,400 steps   396040 feasible sets         0 orders tried  current cost 6
    W_14: 34095s  77,449,453,000 steps   396194 feasible sets         0 orders tried  current cost 2
    W_14: 34110s  77,482,488,000 steps   396372 feasible sets         0 orders tried  current cost 7
    W_14: 34125s  77,516,037,000 steps   396564 feasible sets         0 orders tried  current cost 2
    W_14: 34140s  77,549,307,400 steps   396748 feasible sets         0 orders tried  current cost 8
    W_14: 34155s  77,582,991,200 steps   396912 feasible sets         0 orders tried  current cost 2
    W_14: 34170s  77,616,803,200 steps   397061 feasible sets         0 orders tried  current cost 10
    W_14: 34185s  77,649,410,000 steps   397226 feasible sets         0 orders tried  current cost 3
    W_14: 34200s  77,683,064,000 steps   397396 feasible sets         0 orders tried  current cost 9
    W_14: 34215s  77,715,753,200 steps   397562 feasible sets         0 orders tried  current cost 3
    W_14: 34230s  77,748,687,000 steps   397769 feasible sets         0 orders tried  current cost 4
    W_14: 34245s  77,781,965,000 steps   397924 feasible sets         0 orders tried  current cost 7
    W_14: 34260s  77,814,488,200 steps   398095 feasible sets         0 orders tried  current cost 9
    W_14: 34275s  77,847,671,000 steps   398247 feasible sets         0 orders tried  current cost 3
    W_14: 34290s  77,880,560,800 steps   398428 feasible sets         0 orders tried  current cost 11
    W_14: 34305s  77,912,490,400 steps   398596 feasible sets         0 orders tried  current cost 5
    W_14: 34320s  77,943,867,000 steps   398773 feasible sets         0 orders tried  current cost 8
    W_14: 34335s  77,975,300,400 steps   398955 feasible sets         0 orders tried  current cost 13
    W_14: 34350s  78,006,403,800 steps   399124 feasible sets         0 orders tried  current cost 13
    W_14: 34365s  78,038,045,600 steps   399264 feasible sets         0 orders tried  current cost 5
    W_14: 34380s  78,069,746,600 steps   399424 feasible sets         0 orders tried  current cost 5
    W_14: 34395s  78,101,040,200 steps   399572 feasible sets         0 orders tried  current cost 11
    W_14: 34410s  78,132,962,000 steps   399728 feasible sets         0 orders tried  current cost 17
    W_14: 34425s  78,164,236,400 steps   399890 feasible sets         0 orders tried  current cost 3
    W_14: 34440s  78,195,957,800 steps   400039 feasible sets         0 orders tried  current cost 3
    W_14: 34455s  78,227,641,200 steps   400206 feasible sets         0 orders tried  current cost 19
    W_14: 34470s  78,259,100,400 steps   400376 feasible sets         0 orders tried  current cost 16
    W_14: 34485s  78,290,144,400 steps   400544 feasible sets         0 orders tried  current cost 5
    W_14: 34500s  78,321,448,000 steps   400685 feasible sets         0 orders tried  current cost 7
    W_14: 34515s  78,352,987,000 steps   400864 feasible sets         0 orders tried  current cost 5
    W_14: 34530s  78,384,346,200 steps   401017 feasible sets         0 orders tried  current cost 7
    W_14: 34545s  78,415,557,000 steps   401178 feasible sets         0 orders tried  current cost 3
    W_14: 34560s  78,447,598,800 steps   401310 feasible sets         0 orders tried  current cost 3
    W_14: 34575s  78,479,412,800 steps   401514 feasible sets         0 orders tried  current cost 2
    W_14: 34590s  78,511,293,800 steps   401685 feasible sets         0 orders tried  current cost 1
    W_14: 34605s  78,542,192,200 steps   401862 feasible sets         0 orders tried  current cost 4
    W_14: 34620s  78,572,621,800 steps   402010 feasible sets         0 orders tried  current cost 7
    W_14: 34635s  78,604,499,000 steps   402159 feasible sets         0 orders tried  current cost 2
    W_14: 34650s  78,636,426,600 steps   402302 feasible sets         0 orders tried  current cost 9
    W_14: 34665s  78,668,307,000 steps   402500 feasible sets         0 orders tried  current cost 6
    W_14: 34680s  78,699,576,000 steps   402672 feasible sets         0 orders tried  current cost 3
    W_14: 34695s  78,731,307,200 steps   402859 feasible sets         0 orders tried  current cost 7
    W_14: 34710s  78,762,856,800 steps   403017 feasible sets         0 orders tried  current cost 2
    W_14: 34725s  78,794,695,600 steps   403164 feasible sets         0 orders tried  current cost 2
    W_14: 34740s  78,826,837,800 steps   403308 feasible sets         0 orders tried  current cost 2
    W_14: 34755s  78,858,902,600 steps   403492 feasible sets         0 orders tried  current cost 11
    W_14: 34770s  78,890,814,200 steps   403636 feasible sets         0 orders tried  current cost 4
    W_14: 34785s  78,922,678,800 steps   403794 feasible sets         0 orders tried  current cost 1
    W_14: 34800s  78,954,502,800 steps   403938 feasible sets         0 orders tried  current cost 8
    W_14: 34815s  78,986,172,000 steps   404106 feasible sets         0 orders tried  current cost 4
    W_14: 34830s  79,018,159,000 steps   404259 feasible sets         0 orders tried  current cost 1
    W_14: 34845s  79,049,778,000 steps   404388 feasible sets         0 orders tried  current cost 3
    W_14: 34860s  79,081,325,400 steps   404531 feasible sets         0 orders tried  current cost 11
    W_14: 34875s  79,113,078,600 steps   404688 feasible sets         0 orders tried  current cost 3
    W_14: 34890s  79,144,751,400 steps   404843 feasible sets         0 orders tried  current cost 3
    W_14: 34905s  79,175,505,000 steps   404985 feasible sets         0 orders tried  current cost 8
    W_14: 34920s  79,207,557,200 steps   405157 feasible sets         0 orders tried  current cost 1
    W_14: 34935s  79,239,609,800 steps   405311 feasible sets         0 orders tried  current cost 6
    W_14: 34950s  79,271,480,800 steps   405463 feasible sets         0 orders tried  current cost 11
    W_14: 34965s  79,303,513,600 steps   405621 feasible sets         0 orders tried  current cost 4
    W_14: 34980s  79,335,038,800 steps   405754 feasible sets         0 orders tried  current cost 3
    W_14: 34995s  79,366,452,000 steps   405916 feasible sets         0 orders tried  current cost 4
    W_14: 35010s  79,398,424,400 steps   406073 feasible sets         0 orders tried  current cost 7
    W_14: 35025s  79,430,455,000 steps   406255 feasible sets         0 orders tried  current cost 3
    W_14: 35040s  79,462,673,000 steps   406402 feasible sets         0 orders tried  current cost 3
    W_14: 35055s  79,494,300,800 steps   406594 feasible sets         0 orders tried  current cost 8
    W_14: 35070s  79,525,878,400 steps   406743 feasible sets         0 orders tried  current cost 5
    W_14: 35085s  79,557,255,000 steps   406902 feasible sets         0 orders tried  current cost 3
    W_14: 35100s  79,589,137,000 steps   407079 feasible sets         0 orders tried  current cost 1
    W_14: 35115s  79,620,766,800 steps   407283 feasible sets         0 orders tried  current cost 3
    W_14: 35130s  79,652,328,600 steps   407428 feasible sets         0 orders tried  current cost 5
    W_14: 35145s  79,683,969,800 steps   407600 feasible sets         0 orders tried  current cost 5
    W_14: 35160s  79,715,736,000 steps   407767 feasible sets         0 orders tried  current cost 1
    W_14: 35175s  79,746,924,600 steps   407941 feasible sets         0 orders tried  current cost 9
    W_14: 35190s  79,778,242,000 steps   408065 feasible sets         0 orders tried  current cost 11
    W_14: 35205s  79,810,138,000 steps   408253 feasible sets         0 orders tried  current cost 3
    W_14: 35220s  79,841,698,200 steps   408414 feasible sets         0 orders tried  current cost 4
    W_14: 35235s  79,873,050,800 steps   408559 feasible sets         0 orders tried  current cost 4
    W_14: 35250s  79,905,274,800 steps   408711 feasible sets         0 orders tried  current cost 2
    W_14: 35265s  79,937,560,000 steps   408879 feasible sets         0 orders tried  current cost 1
    W_14: 35280s  79,969,430,800 steps   409060 feasible sets         0 orders tried  current cost 1
    W_14: 35295s  80,001,250,800 steps   409216 feasible sets         0 orders tried  current cost 1
    W_14: 35310s  80,033,193,200 steps   409403 feasible sets         0 orders tried  current cost 4
    W_14: 35325s  80,064,763,000 steps   409556 feasible sets         0 orders tried  current cost 16
    W_14: 35340s  80,095,956,400 steps   409719 feasible sets         0 orders tried  current cost 2
    W_14: 35355s  80,127,575,200 steps   409891 feasible sets         0 orders tried  current cost 3
    W_14: 35370s  80,159,727,800 steps   410060 feasible sets         0 orders tried  current cost 5
    W_14: 35385s  80,192,047,600 steps   410251 feasible sets         0 orders tried  current cost 7
    W_14: 35400s  80,224,140,600 steps   410421 feasible sets         0 orders tried  current cost 15
    W_14: 35415s  80,256,331,400 steps   410562 feasible sets         0 orders tried  current cost 3
    W_14: 35430s  80,288,345,600 steps   410715 feasible sets         0 orders tried  current cost 6
    W_14: 35445s  80,320,465,200 steps   410858 feasible sets         0 orders tried  current cost 9
    W_14: 35460s  80,351,064,400 steps   410992 feasible sets         0 orders tried  current cost 9
    W_14: 35475s  80,382,856,600 steps   411176 feasible sets         0 orders tried  current cost 3
    W_14: 35490s  80,414,401,400 steps   411323 feasible sets         0 orders tried  current cost 10
    W_14: 35505s  80,446,790,800 steps   411477 feasible sets         0 orders tried  current cost 4
    W_14: 35520s  80,478,825,400 steps   411637 feasible sets         0 orders tried  current cost 10
    W_14: 35535s  80,510,934,600 steps   411784 feasible sets         0 orders tried  current cost 4
    W_14: 35550s  80,543,384,200 steps   411934 feasible sets         0 orders tried  current cost 8
    W_14: 35565s  80,575,406,200 steps   412093 feasible sets         0 orders tried  current cost 7
    W_14: 35580s  80,607,881,800 steps   412251 feasible sets         0 orders tried  current cost 12
    W_14: 35595s  80,639,947,200 steps   412404 feasible sets         0 orders tried  current cost 7
    W_14: 35610s  80,672,335,600 steps   412583 feasible sets         0 orders tried  current cost 3
    W_14: 35625s  80,704,868,400 steps   412767 feasible sets         0 orders tried  current cost 8
    W_14: 35640s  80,737,315,400 steps   412967 feasible sets         0 orders tried  current cost 3
    W_14: 35655s  80,769,764,000 steps   413144 feasible sets         0 orders tried  current cost 8
    W_14: 35670s  80,802,013,800 steps   413274 feasible sets         0 orders tried  current cost 5
    W_14: 35685s  80,834,183,400 steps   413442 feasible sets         0 orders tried  current cost 9
    W_14: 35700s  80,866,557,200 steps   413618 feasible sets         0 orders tried  current cost 3
    W_14: 35715s  80,898,965,400 steps   413803 feasible sets         0 orders tried  current cost 10
    W_14: 35730s  80,930,922,800 steps   413930 feasible sets         0 orders tried  current cost 8
    W_14: 35745s  80,963,499,400 steps   414098 feasible sets         0 orders tried  current cost 2
    W_14: 35760s  80,995,864,000 steps   414256 feasible sets         0 orders tried  current cost 10
    W_14: 35775s  81,027,833,600 steps   414449 feasible sets         0 orders tried  current cost 1
    W_14: 35790s  81,060,048,800 steps   414607 feasible sets         0 orders tried  current cost 7
    W_14: 35805s  81,092,357,800 steps   414802 feasible sets         0 orders tried  current cost 5
    W_14: 35820s  81,124,827,000 steps   414995 feasible sets         0 orders tried  current cost 5
    W_14: 35835s  81,157,212,000 steps   415167 feasible sets         0 orders tried  current cost 4
    W_14: 35850s  81,189,174,200 steps   415365 feasible sets         0 orders tried  current cost 4
    W_14: 35865s  81,221,638,400 steps   415543 feasible sets         0 orders tried  current cost 4
    W_14: 35880s  81,254,559,400 steps   415734 feasible sets         0 orders tried  current cost 3
    W_14: 35895s  81,287,194,400 steps   415893 feasible sets         0 orders tried  current cost 5
    W_14: 35910s  81,319,698,400 steps   416048 feasible sets         0 orders tried  current cost 2
    W_14: 35925s  81,352,399,800 steps   416223 feasible sets         0 orders tried  current cost 3
    W_14: 35940s  81,385,450,800 steps   416380 feasible sets         0 orders tried  current cost 3
    W_14: 35955s  81,418,089,000 steps   416615 feasible sets         0 orders tried  current cost 6
    W_14: 35970s  81,450,787,400 steps   416828 feasible sets         0 orders tried  current cost 8
    W_14: 35985s  81,483,719,400 steps   416966 feasible sets         0 orders tried  current cost 3
    W_14: 36000s  81,516,639,800 steps   417133 feasible sets         0 orders tried  current cost 2
    W_14: 36015s  81,549,153,200 steps   417292 feasible sets         0 orders tried  current cost 3
    W_14: 36030s  81,582,286,000 steps   417445 feasible sets         0 orders tried  current cost 10
    W_14: 36045s  81,615,104,800 steps   417596 feasible sets         0 orders tried  current cost 6
    W_14: 36060s  81,647,964,400 steps   417740 feasible sets         0 orders tried  current cost 9
    W_14: 36075s  81,680,616,800 steps   417873 feasible sets         0 orders tried  current cost 3
    W_14: 36090s  81,713,632,400 steps   418057 feasible sets         0 orders tried  current cost 4
    W_14: 36105s  81,746,547,600 steps   418235 feasible sets         0 orders tried  current cost 8
    W_14: 36120s  81,779,590,800 steps   418414 feasible sets         0 orders tried  current cost 6
    W_14: 36135s  81,812,415,400 steps   418575 feasible sets         0 orders tried  current cost 2
    W_14: 36150s  81,845,155,800 steps   418731 feasible sets         0 orders tried  current cost 1
    W_14: 36165s  81,877,909,000 steps   418866 feasible sets         0 orders tried  current cost 3
    W_14: 36180s  81,910,753,400 steps   419032 feasible sets         0 orders tried  current cost 4
    W_14: 36195s  81,943,481,800 steps   419203 feasible sets         0 orders tried  current cost 10
    W_14: 36210s  81,976,129,600 steps   419396 feasible sets         0 orders tried  current cost 6
    W_14: 36225s  82,008,982,800 steps   419541 feasible sets         0 orders tried  current cost 5
    W_14: 36240s  82,041,355,000 steps   419699 feasible sets         0 orders tried  current cost 3
    W_14: 36255s  82,074,201,600 steps   419862 feasible sets         0 orders tried  current cost 13
    W_14: 36270s  82,106,830,000 steps   420031 feasible sets         0 orders tried  current cost 3
    W_14: 36285s  82,139,527,600 steps   420210 feasible sets         0 orders tried  current cost 5
    W_14: 36300s  82,172,686,200 steps   420372 feasible sets         0 orders tried  current cost 7
    W_14: 36315s  82,205,069,000 steps   420527 feasible sets         0 orders tried  current cost 4
    W_14: 36330s  82,237,926,000 steps   420690 feasible sets         0 orders tried  current cost 8
    W_14: 36345s  82,271,048,400 steps   420872 feasible sets         0 orders tried  current cost 9
    W_14: 36360s  82,303,991,800 steps   421074 feasible sets         0 orders tried  current cost 4
    W_14: 36375s  82,336,738,200 steps   421262 feasible sets         0 orders tried  current cost 3
    W_14: 36390s  82,369,784,600 steps   421431 feasible sets         0 orders tried  current cost 11
    W_14: 36405s  82,402,354,600 steps   421571 feasible sets         0 orders tried  current cost 1
    W_14: 36420s  82,435,352,000 steps   421745 feasible sets         0 orders tried  current cost 4
    W_14: 36435s  82,468,433,600 steps   421890 feasible sets         0 orders tried  current cost 3
    W_14: 36450s  82,501,237,800 steps   422099 feasible sets         0 orders tried  current cost 3
    W_14: 36465s  82,533,716,600 steps   422300 feasible sets         0 orders tried  current cost 4
    W_14: 36480s  82,566,848,600 steps   422458 feasible sets         0 orders tried  current cost 5
    W_14: 36495s  82,599,851,000 steps   422618 feasible sets         0 orders tried  current cost 4
    W_14: 36510s  82,632,556,600 steps   422754 feasible sets         0 orders tried  current cost 3
    W_14: 36525s  82,665,037,800 steps   422886 feasible sets         0 orders tried  current cost 3
    W_14: 36540s  82,698,002,400 steps   423066 feasible sets         0 orders tried  current cost 10
    W_14: 36555s  82,731,061,800 steps   423260 feasible sets         0 orders tried  current cost 17
    W_14: 36570s  82,764,406,800 steps   423416 feasible sets         0 orders tried  current cost 8
    W_14: 36585s  82,797,038,000 steps   423581 feasible sets         0 orders tried  current cost 5
    W_14: 36600s  82,830,131,600 steps   423747 feasible sets         0 orders tried  current cost 4
    W_14: 36615s  82,862,993,400 steps   423913 feasible sets         0 orders tried  current cost 2
    W_14: 36630s  82,895,875,600 steps   424103 feasible sets         0 orders tried  current cost 4
    W_14: 36645s  82,928,587,200 steps   424275 feasible sets         0 orders tried  current cost 7
    W_14: 36660s  82,961,127,000 steps   424464 feasible sets         0 orders tried  current cost 4
    W_14: 36675s  82,993,879,000 steps   424636 feasible sets         0 orders tried  current cost 1
    W_14: 36690s  83,026,828,600 steps   424768 feasible sets         0 orders tried  current cost 3
    W_14: 36705s  83,059,473,400 steps   424917 feasible sets         0 orders tried  current cost 5
    W_14: 36720s  83,092,355,800 steps   425116 feasible sets         0 orders tried  current cost 4
    W_14: 36735s  83,125,142,200 steps   425232 feasible sets         0 orders tried  current cost 9
    W_14: 36750s  83,158,149,000 steps   425373 feasible sets         0 orders tried  current cost 3
    W_14: 36765s  83,190,769,200 steps   425523 feasible sets         0 orders tried  current cost 2
    W_14: 36780s  83,223,876,000 steps   425715 feasible sets         0 orders tried  current cost 4
    W_14: 36795s  83,256,683,400 steps   425896 feasible sets         0 orders tried  current cost 6
    W_14: 36810s  83,289,245,200 steps   426087 feasible sets         0 orders tried  current cost 6
    W_14: 36825s  83,322,071,600 steps   426280 feasible sets         0 orders tried  current cost 3
    W_14: 36840s  83,354,753,200 steps   426448 feasible sets         0 orders tried  current cost 7
    W_14: 36855s  83,387,754,400 steps   426623 feasible sets         0 orders tried  current cost 1
    W_14: 36870s  83,420,556,000 steps   426754 feasible sets         0 orders tried  current cost 4
    W_14: 36885s  83,453,356,800 steps   426931 feasible sets         0 orders tried  current cost 3
    W_14: 36900s  83,486,082,400 steps   427126 feasible sets         0 orders tried  current cost 10
    W_14: 36915s  83,518,773,600 steps   427292 feasible sets         0 orders tried  current cost 3
    W_14: 36930s  83,551,269,800 steps   427476 feasible sets         0 orders tried  current cost 5
    W_14: 36945s  83,584,226,400 steps   427633 feasible sets         0 orders tried  current cost 10
    W_14: 36960s  83,616,976,400 steps   427819 feasible sets         0 orders tried  current cost 6
    W_14: 36975s  83,649,600,200 steps   428017 feasible sets         0 orders tried  current cost 10
    W_14: 36990s  83,682,176,400 steps   428192 feasible sets         0 orders tried  current cost 3
    W_14: 37005s  83,715,154,000 steps   428361 feasible sets         0 orders tried  current cost 3
    W_14: 37020s  83,747,525,400 steps   428517 feasible sets         0 orders tried  current cost 7
    W_14: 37035s  83,780,132,000 steps   428703 feasible sets         0 orders tried  current cost 1
    W_14: 37050s  83,812,100,600 steps   428881 feasible sets         0 orders tried  current cost 17
    W_14: 37065s  83,844,407,400 steps   429034 feasible sets         0 orders tried  current cost 7
    W_14: 37080s  83,876,739,000 steps   429220 feasible sets         0 orders tried  current cost 3
    W_14: 37095s  83,909,192,400 steps   429363 feasible sets         0 orders tried  current cost 4
    W_14: 37110s  83,941,380,000 steps   429496 feasible sets         0 orders tried  current cost 2
    W_14: 37125s  83,973,629,600 steps   429639 feasible sets         0 orders tried  current cost 5
    W_14: 37140s  84,005,775,600 steps   429817 feasible sets         0 orders tried  current cost 2
    W_14: 37155s  84,038,052,600 steps   429996 feasible sets         0 orders tried  current cost 4
    W_14: 37170s  84,070,013,400 steps   430167 feasible sets         0 orders tried  current cost 2
    W_14: 37185s  84,102,034,200 steps   430323 feasible sets         0 orders tried  current cost 3
    W_14: 37200s  84,134,288,000 steps   430476 feasible sets         0 orders tried  current cost 7
    W_14: 37215s  84,166,566,800 steps   430624 feasible sets         0 orders tried  current cost 4
    W_14: 37230s  84,198,413,800 steps   430787 feasible sets         0 orders tried  current cost 4
    W_14: 37245s  84,230,632,600 steps   430985 feasible sets         0 orders tried  current cost 4
    W_14: 37260s  84,262,578,600 steps   431217 feasible sets         0 orders tried  current cost 3
    W_14: 37275s  84,294,958,200 steps   431410 feasible sets         0 orders tried  current cost 3
    W_14: 37290s  84,326,877,600 steps   431580 feasible sets         0 orders tried  current cost 4
    W_14: 37305s  84,358,893,000 steps   431708 feasible sets         0 orders tried  current cost 4
    W_14: 37320s  84,390,805,000 steps   431847 feasible sets         0 orders tried  current cost 13
    W_14: 37335s  84,422,598,400 steps   431983 feasible sets         0 orders tried  current cost 1
    W_14: 37350s  84,452,679,800 steps   432100 feasible sets         0 orders tried  current cost 2
    W_14: 37365s  84,484,618,400 steps   432266 feasible sets         0 orders tried  current cost 3
    W_14: 37380s  84,499,696,600 steps   432339 feasible sets         0 orders tried  current cost 3
    W_14: 37395s  84,508,781,400 steps   432366 feasible sets         0 orders tried  current cost 11
    W_14: 37410s  84,540,516,000 steps   432534 feasible sets         0 orders tried  current cost 4
    W_14: 37425s  84,572,983,000 steps   432684 feasible sets         0 orders tried  current cost 11
    W_14: 37440s  84,605,786,400 steps   432828 feasible sets         0 orders tried  current cost 6
    W_14: 37455s  84,638,668,800 steps   432999 feasible sets         0 orders tried  current cost 4
    W_14: 37470s  84,671,630,800 steps   433182 feasible sets         0 orders tried  current cost 3
    W_14: 37485s  84,704,299,400 steps   433356 feasible sets         0 orders tried  current cost 2
    W_14: 37500s  84,736,911,400 steps   433532 feasible sets         0 orders tried  current cost 2
    W_14: 37515s  84,770,111,600 steps   433675 feasible sets         0 orders tried  current cost 2
    W_14: 37530s  84,802,614,600 steps   433822 feasible sets         0 orders tried  current cost 2
    W_14: 37545s  84,835,157,200 steps   433953 feasible sets         0 orders tried  current cost 2
    W_14: 37560s  84,867,974,600 steps   434138 feasible sets         0 orders tried  current cost 4
    W_14: 37575s  84,900,290,600 steps   434314 feasible sets         0 orders tried  current cost 3
    W_14: 37590s  84,932,626,800 steps   434482 feasible sets         0 orders tried  current cost 6
    W_14: 37605s  84,965,012,200 steps   434658 feasible sets         0 orders tried  current cost 2
    W_14: 37620s  84,997,853,000 steps   434835 feasible sets         0 orders tried  current cost 2
    W_14: 37635s  85,030,327,400 steps   435035 feasible sets         0 orders tried  current cost 6
    W_14: 37650s  85,062,728,800 steps   435212 feasible sets         0 orders tried  current cost 4
    W_14: 37665s  85,095,730,200 steps   435380 feasible sets         0 orders tried  current cost 3
    W_14: 37680s  85,128,473,000 steps   435553 feasible sets         0 orders tried  current cost 2
    W_14: 37695s  85,161,143,800 steps   435707 feasible sets         0 orders tried  current cost 8
    W_14: 37710s  85,193,823,200 steps   435852 feasible sets         0 orders tried  current cost 15
    W_14: 37725s  85,226,376,400 steps   436058 feasible sets         0 orders tried  current cost 4
    W_14: 37740s  85,258,934,000 steps   436216 feasible sets         0 orders tried  current cost 4
    W_14: 37755s  85,291,486,200 steps   436390 feasible sets         0 orders tried  current cost 7
    W_14: 37770s  85,324,305,400 steps   436609 feasible sets         0 orders tried  current cost 8
    W_14: 37785s  85,357,037,800 steps   436798 feasible sets         0 orders tried  current cost 4
    W_14: 37800s  85,389,651,000 steps   436946 feasible sets         0 orders tried  current cost 3
    W_14: 37815s  85,422,513,000 steps   437097 feasible sets         0 orders tried  current cost 3
    W_14: 37830s  85,455,020,200 steps   437249 feasible sets         0 orders tried  current cost 22
    W_14: 37845s  85,487,905,400 steps   437448 feasible sets         0 orders tried  current cost 9
    W_14: 37860s  85,520,880,400 steps   437621 feasible sets         0 orders tried  current cost 12
    W_14: 37875s  85,553,593,400 steps   437800 feasible sets         0 orders tried  current cost 5
    W_14: 37890s  85,586,159,800 steps   437976 feasible sets         0 orders tried  current cost 3
    W_14: 37905s  85,618,836,800 steps   438165 feasible sets         0 orders tried  current cost 3
    W_14: 37920s  85,651,822,200 steps   438304 feasible sets         0 orders tried  current cost 15
    W_14: 37935s  85,684,327,600 steps   438445 feasible sets         0 orders tried  current cost 8
    W_14: 37950s  85,716,888,400 steps   438604 feasible sets         0 orders tried  current cost 5
    W_14: 37965s  85,747,981,800 steps   438762 feasible sets         0 orders tried  current cost 11
    W_14: 37980s  85,777,078,800 steps   438901 feasible sets         0 orders tried  current cost 3
    W_14: 37995s  85,806,608,000 steps   439058 feasible sets         0 orders tried  current cost 4
    W_14: 38010s  85,836,881,800 steps   439202 feasible sets         0 orders tried  current cost 12
    W_14: 38025s  85,869,321,400 steps   439360 feasible sets         0 orders tried  current cost 8
    W_14: 38040s  85,903,070,400 steps   439521 feasible sets         0 orders tried  current cost 3
    W_14: 38055s  85,937,416,200 steps   439681 feasible sets         0 orders tried  current cost 1
    W_14: 38070s  85,972,157,400 steps   439854 feasible sets         0 orders tried  current cost 5
    W_14: 38085s  86,006,396,800 steps   440045 feasible sets         0 orders tried  current cost 1
    W_14: 38100s  86,040,403,600 steps   440231 feasible sets         0 orders tried  current cost 9
    W_14: 38115s  86,074,877,600 steps   440396 feasible sets         0 orders tried  current cost 3
    W_14: 38130s  86,109,443,000 steps   440564 feasible sets         0 orders tried  current cost 12
    W_14: 38145s  86,143,189,600 steps   440758 feasible sets         0 orders tried  current cost 4
    W_14: 38160s  86,177,580,400 steps   440928 feasible sets         0 orders tried  current cost 26
    W_14: 38175s  86,211,635,600 steps   441126 feasible sets         0 orders tried  current cost 3
    W_14: 38190s  86,245,663,000 steps   441299 feasible sets         0 orders tried  current cost 13
    W_14: 38205s  86,280,156,800 steps   441472 feasible sets         0 orders tried  current cost 1
    W_14: 38220s  86,314,359,600 steps   441637 feasible sets         0 orders tried  current cost 3
    W_14: 38235s  86,348,863,600 steps   441843 feasible sets         0 orders tried  current cost 12
    W_14: 38250s  86,383,512,200 steps   442012 feasible sets         0 orders tried  current cost 2
    W_14: 38265s  86,418,099,200 steps   442249 feasible sets         0 orders tried  current cost 2
    W_14: 38280s  86,452,618,000 steps   442457 feasible sets         0 orders tried  current cost 4
    W_14: 38295s  86,486,921,200 steps   442610 feasible sets         0 orders tried  current cost 12
    W_14: 38310s  86,521,201,000 steps   442765 feasible sets         0 orders tried  current cost 12
    W_14: 38325s  86,555,612,600 steps   442951 feasible sets         0 orders tried  current cost 5
    W_14: 38340s  86,590,172,000 steps   443175 feasible sets         0 orders tried  current cost 2
    W_14: 38355s  86,624,659,600 steps   443347 feasible sets         0 orders tried  current cost 3
    W_14: 38370s  86,658,954,200 steps   443489 feasible sets         0 orders tried  current cost 2
    W_14: 38385s  86,693,808,800 steps   443642 feasible sets         0 orders tried  current cost 7
    W_14: 38400s  86,728,383,200 steps   443827 feasible sets         0 orders tried  current cost 10
    W_14: 38415s  86,763,121,800 steps   443995 feasible sets         0 orders tried  current cost 15
    W_14: 38430s  86,798,035,000 steps   444148 feasible sets         0 orders tried  current cost 2
    W_14: 38445s  86,832,695,800 steps   444316 feasible sets         0 orders tried  current cost 4
    W_14: 38460s  86,867,484,000 steps   444505 feasible sets         0 orders tried  current cost 7
    W_14: 38475s  86,901,776,200 steps   444663 feasible sets         0 orders tried  current cost 3
    W_14: 38490s  86,935,940,000 steps   444858 feasible sets         0 orders tried  current cost 3
    W_14: 38505s  86,970,657,800 steps   445006 feasible sets         0 orders tried  current cost 2
    W_14: 38520s  87,004,879,200 steps   445199 feasible sets         0 orders tried  current cost 3
    W_14: 38535s  87,039,241,400 steps   445381 feasible sets         0 orders tried  current cost 12
    W_14: 38550s  87,073,542,600 steps   445589 feasible sets         0 orders tried  current cost 12
    W_14: 38565s  87,107,754,600 steps   445759 feasible sets         0 orders tried  current cost 2
    W_14: 38580s  87,142,221,400 steps   445940 feasible sets         0 orders tried  current cost 9
    W_14: 38595s  87,176,907,000 steps   446158 feasible sets         0 orders tried  current cost 11
    W_14: 38610s  87,211,576,800 steps   446364 feasible sets         0 orders tried  current cost 1
    W_14: 38625s  87,245,886,000 steps   446544 feasible sets         0 orders tried  current cost 8
    W_14: 38640s  87,280,210,200 steps   446733 feasible sets         0 orders tried  current cost 5
    W_14: 38655s  87,314,833,200 steps   446892 feasible sets         0 orders tried  current cost 4
    W_14: 38670s  87,348,969,400 steps   447089 feasible sets         0 orders tried  current cost 5
    W_14: 38685s  87,383,632,800 steps   447264 feasible sets         0 orders tried  current cost 4
    W_14: 38700s  87,417,946,400 steps   447419 feasible sets         0 orders tried  current cost 2
    W_14: 38715s  87,452,618,200 steps   447615 feasible sets         0 orders tried  current cost 3
    W_14: 38730s  87,487,289,400 steps   447769 feasible sets         0 orders tried  current cost 3
    W_14: 38745s  87,521,828,600 steps   447930 feasible sets         0 orders tried  current cost 5
    W_14: 38760s  87,556,374,800 steps   448136 feasible sets         0 orders tried  current cost 2
    W_14: 38775s  87,590,848,000 steps   448328 feasible sets         0 orders tried  current cost 7
    W_14: 38790s  87,624,969,800 steps   448488 feasible sets         0 orders tried  current cost 7
    W_14: 38805s  87,659,708,600 steps   448690 feasible sets         0 orders tried  current cost 6
    W_14: 38820s  87,694,309,400 steps   448891 feasible sets         0 orders tried  current cost 6
    W_14: 38835s  87,729,310,200 steps   449064 feasible sets         0 orders tried  current cost 3
    W_14: 38850s  87,763,767,400 steps   449270 feasible sets         0 orders tried  current cost 7
    W_14: 38865s  87,798,083,400 steps   449475 feasible sets         0 orders tried  current cost 13
    W_14: 38880s  87,832,441,400 steps   449664 feasible sets         0 orders tried  current cost 20
    W_14: 38895s  87,866,780,400 steps   449842 feasible sets         0 orders tried  current cost 13
    W_14: 38910s  87,899,379,200 steps   450001 feasible sets         0 orders tried  current cost 2
    W_14: 38925s  87,933,616,200 steps   450175 feasible sets         0 orders tried  current cost 2
    W_14: 38940s  87,968,210,200 steps   450357 feasible sets         0 orders tried  current cost 4
    W_14: 38955s  88,002,449,200 steps   450525 feasible sets         0 orders tried  current cost 5
    W_14: 38970s  88,036,856,200 steps   450697 feasible sets         0 orders tried  current cost 4
    W_14: 38985s  88,070,901,400 steps   450853 feasible sets         0 orders tried  current cost 10
    W_14: 39000s  88,105,406,200 steps   451002 feasible sets         0 orders tried  current cost 6
    W_14: 39015s  88,139,551,200 steps   451203 feasible sets         0 orders tried  current cost 2
    W_14: 39030s  88,174,088,800 steps   451403 feasible sets         0 orders tried  current cost 8
    W_14: 39045s  88,208,573,400 steps   451581 feasible sets         0 orders tried  current cost 3
    W_14: 39060s  88,243,170,200 steps   451758 feasible sets         0 orders tried  current cost 4
    W_14: 39075s  88,277,506,200 steps   451903 feasible sets         0 orders tried  current cost 9
    W_14: 39090s  88,311,899,000 steps   452073 feasible sets         0 orders tried  current cost 5
    W_14: 39105s  88,346,307,600 steps   452253 feasible sets         0 orders tried  current cost 10
    W_14: 39120s  88,380,297,800 steps   452409 feasible sets         0 orders tried  current cost 2
    W_14: 39135s  88,414,539,000 steps   452632 feasible sets         0 orders tried  current cost 3
    W_14: 39150s  88,448,946,600 steps   452825 feasible sets         0 orders tried  current cost 4
    W_14: 39165s  88,483,611,200 steps   453033 feasible sets         0 orders tried  current cost 4
    W_14: 39180s  88,518,366,200 steps   453210 feasible sets         0 orders tried  current cost 4
    W_14: 39195s  88,552,597,200 steps   453376 feasible sets         0 orders tried  current cost 2
    W_14: 39210s  88,586,884,200 steps   453529 feasible sets         0 orders tried  current cost 7
    W_14: 39225s  88,621,590,200 steps   453684 feasible sets         0 orders tried  current cost 4
    W_14: 39240s  88,656,186,800 steps   453870 feasible sets         0 orders tried  current cost 6
    W_14: 39255s  88,690,602,000 steps   454058 feasible sets         0 orders tried  current cost 14
    W_14: 39270s  88,724,906,000 steps   454232 feasible sets         0 orders tried  current cost 6
    W_14: 39285s  88,759,469,000 steps   454444 feasible sets         0 orders tried  current cost 4
    W_14: 39300s  88,793,979,400 steps   454577 feasible sets         0 orders tried  current cost 4
    W_14: 39315s  88,828,678,800 steps   454717 feasible sets         0 orders tried  current cost 2
    W_14: 39330s  88,863,649,800 steps   454869 feasible sets         0 orders tried  current cost 1
    W_14: 39345s  88,898,302,800 steps   455009 feasible sets         0 orders tried  current cost 11
    W_14: 39360s  88,932,694,400 steps   455217 feasible sets         0 orders tried  current cost 3
    W_14: 39375s  88,967,369,800 steps   455382 feasible sets         0 orders tried  current cost 4
    W_14: 39390s  89,002,074,000 steps   455579 feasible sets         0 orders tried  current cost 5
    W_14: 39405s  89,036,948,600 steps   455730 feasible sets         0 orders tried  current cost 5
    W_14: 39420s  89,071,168,000 steps   455930 feasible sets         0 orders tried  current cost 7
    W_14: 39435s  89,105,065,200 steps   456114 feasible sets         0 orders tried  current cost 8
    W_14: 39450s  89,139,206,600 steps   456307 feasible sets         0 orders tried  current cost 6
    W_14: 39465s  89,173,856,600 steps   456490 feasible sets         0 orders tried  current cost 3
    W_14: 39480s  89,208,388,400 steps   456694 feasible sets         0 orders tried  current cost 5
    W_14: 39495s  89,243,060,000 steps   456896 feasible sets         0 orders tried  current cost 4
    W_14: 39510s  89,277,233,800 steps   457075 feasible sets         0 orders tried  current cost 4
    W_14: 39525s  89,312,154,200 steps   457227 feasible sets         0 orders tried  current cost 3
    W_14: 39540s  89,346,869,000 steps   457382 feasible sets         0 orders tried  current cost 6
    W_14: 39555s  89,381,732,000 steps   457504 feasible sets         0 orders tried  current cost 6
    W_14: 39570s  89,416,712,400 steps   457654 feasible sets         0 orders tried  current cost 3
    W_14: 39585s  89,451,393,600 steps   457828 feasible sets         0 orders tried  current cost 2
    W_14: 39600s  89,485,865,600 steps   457988 feasible sets         0 orders tried  current cost 9
    W_14: 39615s  89,520,497,600 steps   458186 feasible sets         0 orders tried  current cost 3
    W_14: 39630s  89,554,807,000 steps   458351 feasible sets         0 orders tried  current cost 7
    W_14: 39645s  89,589,346,400 steps   458522 feasible sets         0 orders tried  current cost 6
    W_14: 39660s  89,623,925,000 steps   458698 feasible sets         0 orders tried  current cost 6
    W_14: 39675s  89,658,549,600 steps   458913 feasible sets         0 orders tried  current cost 8
    W_14: 39690s  89,693,031,200 steps   459108 feasible sets         0 orders tried  current cost 3
    W_14: 39705s  89,727,573,200 steps   459291 feasible sets         0 orders tried  current cost 4
    W_14: 39720s  89,762,513,600 steps   459473 feasible sets         0 orders tried  current cost 4
    W_14: 39735s  89,797,612,400 steps   459636 feasible sets         0 orders tried  current cost 4
    W_14: 39750s  89,832,057,200 steps   459805 feasible sets         0 orders tried  current cost 4
    W_14: 39765s  89,866,813,800 steps   459993 feasible sets         0 orders tried  current cost 2
    W_14: 39780s  89,901,269,200 steps   460138 feasible sets         0 orders tried  current cost 7
    W_14: 39795s  89,935,410,000 steps   460303 feasible sets         0 orders tried  current cost 7
    W_14: 39810s  89,969,571,600 steps   460488 feasible sets         0 orders tried  current cost 3
    W_14: 39825s  90,004,047,400 steps   460675 feasible sets         0 orders tried  current cost 8
    W_14: 39840s  90,038,370,400 steps   460859 feasible sets         0 orders tried  current cost 5
    W_14: 39855s  90,072,496,200 steps   461025 feasible sets         0 orders tried  current cost 2
    W_14: 39870s  90,107,594,400 steps   461196 feasible sets         0 orders tried  current cost 4
    W_14: 39885s  90,143,047,800 steps   461367 feasible sets         0 orders tried  current cost 6
    W_14: 39900s  90,177,889,400 steps   461529 feasible sets         0 orders tried  current cost 6
    W_14: 39915s  90,212,936,400 steps   461726 feasible sets         0 orders tried  current cost 4
    W_14: 39930s  90,247,610,400 steps   461901 feasible sets         0 orders tried  current cost 5
    W_14: 39945s  90,282,019,800 steps   462089 feasible sets         0 orders tried  current cost 3
    W_14: 39960s  90,316,900,200 steps   462290 feasible sets         0 orders tried  current cost 11
    W_14: 39975s  90,351,548,800 steps   462433 feasible sets         0 orders tried  current cost 5
    W_14: 39990s  90,386,228,600 steps   462602 feasible sets         0 orders tried  current cost 4
    W_14: 40005s  90,421,039,800 steps   462757 feasible sets         0 orders tried  current cost 4
    W_14: 40020s  90,455,594,800 steps   462907 feasible sets         0 orders tried  current cost 2
    W_14: 40035s  90,490,579,000 steps   463103 feasible sets         0 orders tried  current cost 4
    W_14: 40050s  90,525,214,000 steps   463256 feasible sets         0 orders tried  current cost 5
    W_14: 40065s  90,560,124,200 steps   463447 feasible sets         0 orders tried  current cost 10
    W_14: 40080s  90,594,976,400 steps   463609 feasible sets         0 orders tried  current cost 4
    W_14: 40095s  90,629,722,800 steps   463736 feasible sets         0 orders tried  current cost 9
    W_14: 40110s  90,664,446,400 steps   463952 feasible sets         0 orders tried  current cost 8
    W_14: 40125s  90,698,966,600 steps   464122 feasible sets         0 orders tried  current cost 11
    W_14: 40140s  90,733,066,000 steps   464290 feasible sets         0 orders tried  current cost 9
    W_14: 40155s  90,767,159,000 steps   464472 feasible sets         0 orders tried  current cost 4
    W_14: 40170s  90,801,714,200 steps   464678 feasible sets         0 orders tried  current cost 3
    W_14: 40185s  90,836,769,400 steps   464861 feasible sets         0 orders tried  current cost 3
    W_14: 40200s  90,871,842,800 steps   465037 feasible sets         0 orders tried  current cost 10
    W_14: 40215s  90,906,305,200 steps   465203 feasible sets         0 orders tried  current cost 9
    W_14: 40230s  90,940,838,000 steps   465371 feasible sets         0 orders tried  current cost 1
    W_14: 40245s  90,975,376,800 steps   465571 feasible sets         0 orders tried  current cost 4
    W_14: 40260s  91,009,915,000 steps   465738 feasible sets         0 orders tried  current cost 3
    W_14: 40275s  91,044,760,000 steps   465923 feasible sets         0 orders tried  current cost 2
    W_14: 40290s  91,079,428,800 steps   466106 feasible sets         0 orders tried  current cost 6
    W_14: 40305s  91,114,264,600 steps   466247 feasible sets         0 orders tried  current cost 8
    W_14: 40320s  91,148,823,200 steps   466398 feasible sets         0 orders tried  current cost 8
    W_14: 40335s  91,183,550,600 steps   466580 feasible sets         0 orders tried  current cost 5
    W_14: 40350s  91,218,214,200 steps   466749 feasible sets         0 orders tried  current cost 3
    W_14: 40365s  91,252,828,800 steps   466924 feasible sets         0 orders tried  current cost 2
    W_14: 40380s  91,287,448,200 steps   467084 feasible sets         0 orders tried  current cost 7
    W_14: 40395s  91,322,170,000 steps   467264 feasible sets         0 orders tried  current cost 4
    W_14: 40410s  91,356,663,400 steps   467455 feasible sets         0 orders tried  current cost 10
    W_14: 40425s  91,390,752,200 steps   467589 feasible sets         0 orders tried  current cost 3
    W_14: 40440s  91,424,992,000 steps   467719 feasible sets         0 orders tried  current cost 2
    W_14: 40455s  91,459,578,600 steps   467903 feasible sets         0 orders tried  current cost 2
    W_14: 40470s  91,493,728,400 steps   468093 feasible sets         0 orders tried  current cost 5
    W_14: 40485s  91,528,146,400 steps   468300 feasible sets         0 orders tried  current cost 3
    W_14: 40500s  91,561,904,200 steps   468498 feasible sets         0 orders tried  current cost 7
    W_14: 40515s  91,596,387,000 steps   468662 feasible sets         0 orders tried  current cost 8
    W_14: 40530s  91,630,840,400 steps   468832 feasible sets         0 orders tried  current cost 9
    W_14: 40545s  91,665,226,000 steps   469040 feasible sets         0 orders tried  current cost 10
    W_14: 40560s  91,699,343,600 steps   469187 feasible sets         0 orders tried  current cost 8
    W_14: 40575s  91,734,042,400 steps   469358 feasible sets         0 orders tried  current cost 9
    W_14: 40590s  91,768,275,200 steps   469510 feasible sets         0 orders tried  current cost 3
    W_14: 40605s  91,802,635,200 steps   469643 feasible sets         0 orders tried  current cost 1
    W_14: 40620s  91,836,762,200 steps   469798 feasible sets         0 orders tried  current cost 11
    W_14: 40635s  91,871,170,400 steps   469985 feasible sets         0 orders tried  current cost 6
    W_14: 40650s  91,905,249,400 steps   470125 feasible sets         0 orders tried  current cost 6
    W_14: 40665s  91,939,092,200 steps   470303 feasible sets         0 orders tried  current cost 2
    W_14: 40680s  91,973,267,800 steps   470496 feasible sets         0 orders tried  current cost 8
    W_14: 40695s  92,007,953,800 steps   470710 feasible sets         0 orders tried  current cost 4
    W_14: 40710s  92,042,116,600 steps   470891 feasible sets         0 orders tried  current cost 4
    W_14: 40725s  92,076,337,000 steps   471046 feasible sets         0 orders tried  current cost 4
    W_14: 40740s  92,111,017,800 steps   471268 feasible sets         0 orders tried  current cost 1
    W_14: 40755s  92,145,340,400 steps   471444 feasible sets         0 orders tried  current cost 13
    W_14: 40770s  92,180,030,800 steps   471584 feasible sets         0 orders tried  current cost 3
    W_14: 40785s  92,214,334,000 steps   471765 feasible sets         0 orders tried  current cost 2
    W_14: 40800s  92,249,161,800 steps   471987 feasible sets         0 orders tried  current cost 7
    W_14: 40815s  92,283,889,400 steps   472139 feasible sets         0 orders tried  current cost 8
    W_14: 40830s  92,317,970,600 steps   472305 feasible sets         0 orders tried  current cost 5
    W_14: 40845s  92,352,302,200 steps   472470 feasible sets         0 orders tried  current cost 8
    W_14: 40860s  92,386,927,200 steps   472611 feasible sets         0 orders tried  current cost 5
    W_14: 40875s  92,421,098,200 steps   472765 feasible sets         0 orders tried  current cost 1
    W_14: 40890s  92,455,539,800 steps   472976 feasible sets         0 orders tried  current cost 2
    W_14: 40905s  92,490,047,000 steps   473151 feasible sets         0 orders tried  current cost 6
    W_14: 40920s  92,524,621,600 steps   473317 feasible sets         0 orders tried  current cost 13
    W_14: 40935s  92,558,765,000 steps   473535 feasible sets         0 orders tried  current cost 8
    W_14: 40950s  92,593,088,400 steps   473701 feasible sets         0 orders tried  current cost 6
    W_14: 40965s  92,627,967,000 steps   473875 feasible sets         0 orders tried  current cost 5
    W_14: 40980s  92,662,766,800 steps   474096 feasible sets         0 orders tried  current cost 7
    W_14: 40995s  92,697,155,600 steps   474218 feasible sets         0 orders tried  current cost 1
    W_14: 41010s  92,731,531,400 steps   474402 feasible sets         0 orders tried  current cost 3
    W_14: 41025s  92,766,562,400 steps   474594 feasible sets         0 orders tried  current cost 9
    W_14: 41040s  92,801,014,000 steps   474760 feasible sets         0 orders tried  current cost 1
    W_14: 41055s  92,835,333,200 steps   474920 feasible sets         0 orders tried  current cost 5
    W_14: 41070s  92,870,282,400 steps   475061 feasible sets         0 orders tried  current cost 15
    W_14: 41085s  92,904,422,200 steps   475245 feasible sets         0 orders tried  current cost 16
    W_14: 41100s  92,938,854,800 steps   475429 feasible sets         0 orders tried  current cost 4
    W_14: 41115s  92,973,503,000 steps   475612 feasible sets         0 orders tried  current cost 12
    W_14: 41130s  93,008,065,800 steps   475757 feasible sets         0 orders tried  current cost 7
    W_14: 41145s  93,042,749,800 steps   475922 feasible sets         0 orders tried  current cost 5
    W_14: 41160s  93,077,150,200 steps   476100 feasible sets         0 orders tried  current cost 3
    W_14: 41175s  93,111,909,800 steps   476262 feasible sets         0 orders tried  current cost 7
    W_14: 41190s  93,146,786,400 steps   476421 feasible sets         0 orders tried  current cost 7
    W_14: 41205s  93,181,139,400 steps   476615 feasible sets         0 orders tried  current cost 3
    W_14: 41220s  93,215,553,200 steps   476840 feasible sets         0 orders tried  current cost 3
    W_14: 41235s  93,250,076,600 steps   477051 feasible sets         0 orders tried  current cost 3
    W_14: 41250s  93,284,442,400 steps   477202 feasible sets         0 orders tried  current cost 14
    W_14: 41265s  93,319,183,000 steps   477359 feasible sets         0 orders tried  current cost 10
    W_14: 41280s  93,352,569,800 steps   477574 feasible sets         0 orders tried  current cost 5
    W_14: 41295s  93,384,938,800 steps   477756 feasible sets         0 orders tried  current cost 1
    W_14: 41310s  93,418,798,400 steps   477946 feasible sets         0 orders tried  current cost 3
    W_14: 41325s  93,453,264,600 steps   478112 feasible sets         0 orders tried  current cost 10
    W_14: 41340s  93,488,081,000 steps   478270 feasible sets         0 orders tried  current cost 11
    W_14: 41355s  93,522,983,800 steps   478456 feasible sets         0 orders tried  current cost 13
    W_14: 41370s  93,557,479,600 steps   478625 feasible sets         0 orders tried  current cost 3
    W_14: 41385s  93,592,655,000 steps   478832 feasible sets         0 orders tried  current cost 2
    W_14: 41400s  93,626,758,200 steps   479009 feasible sets         0 orders tried  current cost 2
    W_14: 41415s  93,660,693,000 steps   479205 feasible sets         0 orders tried  current cost 1
    W_14: 41430s  93,695,045,800 steps   479371 feasible sets         0 orders tried  current cost 7
    W_14: 41445s  93,729,694,800 steps   479542 feasible sets         0 orders tried  current cost 4
    W_14: 41460s  93,764,096,800 steps   479724 feasible sets         0 orders tried  current cost 4
    W_14: 41475s  93,798,510,600 steps   479902 feasible sets         0 orders tried  current cost 4
    W_14: 41490s  93,832,672,600 steps   480050 feasible sets         0 orders tried  current cost 3
    W_14: 41505s  93,866,642,600 steps   480247 feasible sets         0 orders tried  current cost 7
    W_14: 41520s  93,901,344,000 steps   480402 feasible sets         0 orders tried  current cost 9
    W_14: 41535s  93,936,052,200 steps   480547 feasible sets         0 orders tried  current cost 4
    W_14: 41550s  93,970,783,200 steps   480777 feasible sets         0 orders tried  current cost 13
    W_14: 41565s  94,005,470,200 steps   480920 feasible sets         0 orders tried  current cost 3
    W_14: 41580s  94,040,061,800 steps   481095 feasible sets         0 orders tried  current cost 14
    W_14: 41595s  94,075,025,400 steps   481308 feasible sets         0 orders tried  current cost 10
    W_14: 41610s  94,109,685,600 steps   481508 feasible sets         0 orders tried  current cost 11
    W_14: 41625s  94,144,743,200 steps   481735 feasible sets         0 orders tried  current cost 12
    W_14: 41640s  94,179,539,600 steps   481922 feasible sets         0 orders tried  current cost 4
    W_14: 41655s  94,214,138,600 steps   482082 feasible sets         0 orders tried  current cost 3
    W_14: 41670s  94,248,219,000 steps   482240 feasible sets         0 orders tried  current cost 2
    W_14: 41685s  94,282,590,200 steps   482425 feasible sets         0 orders tried  current cost 5
    W_14: 41700s  94,316,985,600 steps   482598 feasible sets         0 orders tried  current cost 5
    W_14: 41715s  94,351,689,600 steps   482779 feasible sets         0 orders tried  current cost 4
    W_14: 41730s  94,386,058,400 steps   482951 feasible sets         0 orders tried  current cost 2
    W_14: 41745s  94,420,592,000 steps   483107 feasible sets         0 orders tried  current cost 4
    W_14: 41760s  94,455,043,200 steps   483295 feasible sets         0 orders tried  current cost 12
    W_14: 41775s  94,489,002,200 steps   483444 feasible sets         0 orders tried  current cost 10
    W_14: 41790s  94,523,934,400 steps   483640 feasible sets         0 orders tried  current cost 4
    W_14: 41805s  94,558,584,400 steps   483824 feasible sets         0 orders tried  current cost 8
    W_14: 41820s  94,593,079,600 steps   484018 feasible sets         0 orders tried  current cost 3
    W_14: 41835s  94,627,600,600 steps   484201 feasible sets         0 orders tried  current cost 8
    W_14: 41850s  94,662,123,200 steps   484356 feasible sets         0 orders tried  current cost 10
    W_14: 41865s  94,696,432,800 steps   484522 feasible sets         0 orders tried  current cost 1
    W_14: 41880s  94,731,405,000 steps   484698 feasible sets         0 orders tried  current cost 7
    W_14: 41895s  94,766,131,000 steps   484890 feasible sets         0 orders tried  current cost 4
    W_14: 41910s  94,800,511,400 steps   485058 feasible sets         0 orders tried  current cost 3
    W_14: 41925s  94,835,017,200 steps   485253 feasible sets         0 orders tried  current cost 2
    W_14: 41940s  94,869,278,800 steps   485425 feasible sets         0 orders tried  current cost 4
    W_14: 41955s  94,903,966,200 steps   485594 feasible sets         0 orders tried  current cost 6
    W_14: 41970s  94,938,502,600 steps   485751 feasible sets         0 orders tried  current cost 12
    W_14: 41985s  94,972,986,400 steps   485946 feasible sets         0 orders tried  current cost 6
    W_14: 42000s  95,006,935,000 steps   486106 feasible sets         0 orders tried  current cost 4
    W_14: 42015s  95,041,463,400 steps   486271 feasible sets         0 orders tried  current cost 11
    W_14: 42030s  95,076,269,000 steps   486477 feasible sets         0 orders tried  current cost 5
    W_14: 42045s  95,111,481,400 steps   486663 feasible sets         0 orders tried  current cost 12
    W_14: 42060s  95,146,241,600 steps   486836 feasible sets         0 orders tried  current cost 18
    W_14: 42075s  95,180,824,400 steps   486997 feasible sets         0 orders tried  current cost 8
    W_14: 42090s  95,215,759,800 steps   487166 feasible sets         0 orders tried  current cost 4
    W_14: 42105s  95,250,332,400 steps   487312 feasible sets         0 orders tried  current cost 3
    W_14: 42120s  95,284,981,200 steps   487477 feasible sets         0 orders tried  current cost 12
    W_14: 42135s  95,319,143,200 steps   487640 feasible sets         0 orders tried  current cost 8
    W_14: 42150s  95,353,518,400 steps   487811 feasible sets         0 orders tried  current cost 5
    W_14: 42165s  95,387,770,000 steps   488009 feasible sets         0 orders tried  current cost 5
    W_14: 42180s  95,422,154,200 steps   488163 feasible sets         0 orders tried  current cost 3
    W_14: 42195s  95,456,681,600 steps   488344 feasible sets         0 orders tried  current cost 15
    W_14: 42210s  95,491,120,800 steps   488570 feasible sets         0 orders tried  current cost 18
    W_14: 42225s  95,525,474,800 steps   488735 feasible sets         0 orders tried  current cost 6
    W_14: 42240s  95,559,993,800 steps   488930 feasible sets         0 orders tried  current cost 4
    W_14: 42255s  95,594,504,600 steps   489090 feasible sets         0 orders tried  current cost 9
    W_14: 42270s  95,629,037,600 steps   489218 feasible sets         0 orders tried  current cost 4
    W_14: 42285s  95,663,322,200 steps   489367 feasible sets         0 orders tried  current cost 10
    W_14: 42300s  95,698,006,400 steps   489572 feasible sets         0 orders tried  current cost 4
    W_14: 42315s  95,732,600,600 steps   489754 feasible sets         0 orders tried  current cost 13
    W_14: 42330s  95,767,257,000 steps   489931 feasible sets         0 orders tried  current cost 3
    W_14: 42345s  95,801,813,000 steps   490092 feasible sets         0 orders tried  current cost 3
    W_14: 42360s  95,836,293,400 steps   490266 feasible sets         0 orders tried  current cost 3
    W_14: 42375s  95,870,763,800 steps   490477 feasible sets         0 orders tried  current cost 7
    W_14: 42390s  95,904,964,000 steps   490626 feasible sets         0 orders tried  current cost 7
    W_14: 42405s  95,939,558,200 steps   490782 feasible sets         0 orders tried  current cost 3
    W_14: 42420s  95,974,136,200 steps   490986 feasible sets         0 orders tried  current cost 3
    W_14: 42435s  96,008,689,200 steps   491161 feasible sets         0 orders tried  current cost 3
    W_14: 42450s  96,043,439,000 steps   491344 feasible sets         0 orders tried  current cost 4
    W_14: 42465s  96,077,803,400 steps   491504 feasible sets         0 orders tried  current cost 7
    W_14: 42480s  96,111,799,400 steps   491698 feasible sets         0 orders tried  current cost 2
    W_14: 42495s  96,146,011,200 steps   491891 feasible sets         0 orders tried  current cost 4
    W_14: 42510s  96,180,718,200 steps   492069 feasible sets         0 orders tried  current cost 5
    W_14: 42525s  96,215,716,200 steps   492236 feasible sets         0 orders tried  current cost 5
    W_14: 42540s  96,250,157,200 steps   492392 feasible sets         0 orders tried  current cost 2
    W_14: 42555s  96,284,913,200 steps   492549 feasible sets         0 orders tried  current cost 2
    W_14: 42570s  96,319,260,000 steps   492742 feasible sets         0 orders tried  current cost 3
    W_14: 42585s  96,353,706,000 steps   492925 feasible sets         0 orders tried  current cost 6
    W_14: 42600s  96,388,237,800 steps   493091 feasible sets         0 orders tried  current cost 3
    W_14: 42615s  96,423,376,400 steps   493276 feasible sets         0 orders tried  current cost 4
    W_14: 42630s  96,458,438,400 steps   493474 feasible sets         0 orders tried  current cost 1
    W_14: 42645s  96,492,646,600 steps   493645 feasible sets         0 orders tried  current cost 10
    W_14: 42660s  96,527,186,400 steps   493827 feasible sets         0 orders tried  current cost 8
    W_14: 42675s  96,562,095,800 steps   493985 feasible sets         0 orders tried  current cost 2
    W_14: 42690s  96,596,267,400 steps   494155 feasible sets         0 orders tried  current cost 7
    W_14: 42705s  96,630,651,000 steps   494309 feasible sets         0 orders tried  current cost 6
    W_14: 42720s  96,665,004,000 steps   494460 feasible sets         0 orders tried  current cost 7
    W_14: 42735s  96,699,301,800 steps   494626 feasible sets         0 orders tried  current cost 12
    W_14: 42750s  96,734,256,000 steps   494816 feasible sets         0 orders tried  current cost 4
    W_14: 42765s  96,768,730,200 steps   494963 feasible sets         0 orders tried  current cost 6
    W_14: 42780s  96,803,558,600 steps   495126 feasible sets         0 orders tried  current cost 5
    W_14: 42795s  96,837,999,200 steps   495311 feasible sets         0 orders tried  current cost 4
    W_14: 42810s  96,872,410,000 steps   495484 feasible sets         0 orders tried  current cost 4
    W_14: 42825s  96,906,883,600 steps   495674 feasible sets         0 orders tried  current cost 6
    W_14: 42840s  96,941,295,200 steps   495822 feasible sets         0 orders tried  current cost 3
    W_14: 42855s  96,975,727,600 steps   496005 feasible sets         0 orders tried  current cost 3
    W_14: 42870s  97,010,167,800 steps   496190 feasible sets         0 orders tried  current cost 5
    W_14: 42885s  97,044,686,600 steps   496399 feasible sets         0 orders tried  current cost 6
    W_14: 42900s  97,079,308,000 steps   496571 feasible sets         0 orders tried  current cost 8
    W_14: 42915s  97,113,461,400 steps   496743 feasible sets         0 orders tried  current cost 10
    W_14: 42930s  97,148,106,400 steps   496916 feasible sets         0 orders tried  current cost 7
    W_14: 42945s  97,182,550,800 steps   497118 feasible sets         0 orders tried  current cost 1
    W_14: 42960s  97,216,808,600 steps   497317 feasible sets         0 orders tried  current cost 6
    W_14: 42975s  97,250,861,600 steps   497471 feasible sets         0 orders tried  current cost 14
    W_14: 42990s  97,284,824,800 steps   497672 feasible sets         0 orders tried  current cost 14
    W_14: 43005s  97,319,268,000 steps   497858 feasible sets         0 orders tried  current cost 6
    W_14: 43020s  97,353,758,200 steps   498065 feasible sets         0 orders tried  current cost 4
    W_14: 43035s  97,388,490,200 steps   498226 feasible sets         0 orders tried  current cost 4
    W_14: 43050s  97,423,244,400 steps   498386 feasible sets         0 orders tried  current cost 12
    W_14: 43065s  97,457,779,400 steps   498574 feasible sets         0 orders tried  current cost 4
    W_14: 43080s  97,492,482,200 steps   498751 feasible sets         0 orders tried  current cost 11
    W_14: 43095s  97,526,893,800 steps   498929 feasible sets         0 orders tried  current cost 2
    W_14: 43110s  97,561,727,600 steps   499134 feasible sets         0 orders tried  current cost 6
    W_14: 43125s  97,596,446,400 steps   499333 feasible sets         0 orders tried  current cost 7
    W_14: 43140s  97,631,150,000 steps   499541 feasible sets         0 orders tried  current cost 4
    W_14: 43155s  97,665,716,600 steps   499731 feasible sets         0 orders tried  current cost 4
    W_14: 43170s  97,700,113,400 steps   499902 feasible sets         0 orders tried  current cost 3
    W_14: 43185s  97,734,461,800 steps   500106 feasible sets         0 orders tried  current cost 15
    W_14: 43200s  97,768,573,200 steps   500273 feasible sets         0 orders tried  current cost 4
    W_14: 43215s  97,802,650,600 steps   500475 feasible sets         0 orders tried  current cost 4
    W_14: 43230s  97,837,204,200 steps   500666 feasible sets         0 orders tried  current cost 6
    W_14: 43245s  97,871,356,000 steps   500881 feasible sets         0 orders tried  current cost 2
    W_14: 43260s  97,905,911,000 steps   501052 feasible sets         0 orders tried  current cost 3
    W_14: 43275s  97,940,327,000 steps   501212 feasible sets         0 orders tried  current cost 6
    W_14: 43290s  97,974,669,400 steps   501378 feasible sets         0 orders tried  current cost 8
    W_14: 43305s  98,008,691,200 steps   501554 feasible sets         0 orders tried  current cost 2
    W_14: 43320s  98,043,252,400 steps   501728 feasible sets         0 orders tried  current cost 6
    W_14: 43335s  98,078,061,600 steps   501914 feasible sets         0 orders tried  current cost 10
    W_14: 43350s  98,112,335,200 steps   502072 feasible sets         0 orders tried  current cost 3
    W_14: 43365s  98,146,726,800 steps   502189 feasible sets         0 orders tried  current cost 5
    W_14: 43380s  98,181,015,200 steps   502342 feasible sets         0 orders tried  current cost 4
    W_14: 43395s  98,215,415,000 steps   502511 feasible sets         0 orders tried  current cost 5
    W_14: 43410s  98,249,752,600 steps   502679 feasible sets         0 orders tried  current cost 6
    W_14: 43425s  98,284,092,600 steps   502828 feasible sets         0 orders tried  current cost 2
    W_14: 43440s  98,318,560,600 steps   503044 feasible sets         0 orders tried  current cost 10
    W_14: 43455s  98,353,220,200 steps   503223 feasible sets         0 orders tried  current cost 14
    W_14: 43470s  98,387,930,400 steps   503438 feasible sets         0 orders tried  current cost 1
    W_14: 43485s  98,422,662,200 steps   503626 feasible sets         0 orders tried  current cost 15
    W_14: 43500s  98,457,197,400 steps   503798 feasible sets         0 orders tried  current cost 3
    W_14: 43515s  98,492,029,800 steps   503981 feasible sets         0 orders tried  current cost 3
    W_14: 43530s  98,527,190,400 steps   504169 feasible sets         0 orders tried  current cost 9
    W_14: 43545s  98,562,102,400 steps   504323 feasible sets         0 orders tried  current cost 13
    W_14: 43560s  98,596,583,400 steps   504508 feasible sets         0 orders tried  current cost 9
    W_14: 43575s  98,631,104,000 steps   504686 feasible sets         0 orders tried  current cost 9
    W_14: 43590s  98,665,691,000 steps   504862 feasible sets         0 orders tried  current cost 2
    W_14: 43605s  98,700,618,400 steps   504997 feasible sets         0 orders tried  current cost 3
    W_14: 43620s  98,735,018,400 steps   505185 feasible sets         0 orders tried  current cost 3
    W_14: 43635s  98,769,484,200 steps   505353 feasible sets         0 orders tried  current cost 10
    W_14: 43650s  98,804,192,800 steps   505551 feasible sets         0 orders tried  current cost 3
    W_14: 43665s  98,838,574,800 steps   505728 feasible sets         0 orders tried  current cost 2
    W_14: 43680s  98,873,109,800 steps   505908 feasible sets         0 orders tried  current cost 6
    W_14: 43695s  98,907,419,600 steps   506066 feasible sets         0 orders tried  current cost 5
    W_14: 43710s  98,942,181,800 steps   506244 feasible sets         0 orders tried  current cost 13
    W_14: 43725s  98,976,769,400 steps   506418 feasible sets         0 orders tried  current cost 6
    W_14: 43740s  99,010,990,800 steps   506584 feasible sets         0 orders tried  current cost 3
    W_14: 43755s  99,045,835,400 steps   506765 feasible sets         0 orders tried  current cost 4
    W_14: 43770s  99,080,372,400 steps   506920 feasible sets         0 orders tried  current cost 3
    W_14: 43785s  99,114,928,000 steps   507108 feasible sets         0 orders tried  current cost 8
    W_14: 43800s  99,149,752,800 steps   507300 feasible sets         0 orders tried  current cost 3
    W_14: 43815s  99,184,541,000 steps   507496 feasible sets         0 orders tried  current cost 8
    W_14: 43830s  99,219,432,200 steps   507680 feasible sets         0 orders tried  current cost 1
    W_14: 43845s  99,254,165,400 steps   507849 feasible sets         0 orders tried  current cost 9
    W_14: 43860s  99,288,930,600 steps   508043 feasible sets         0 orders tried  current cost 3
    W_14: 43875s  99,323,882,800 steps   508188 feasible sets         0 orders tried  current cost 11
    W_14: 43890s  99,358,494,200 steps   508399 feasible sets         0 orders tried  current cost 2
    W_14: 43905s  99,393,274,600 steps   508565 feasible sets         0 orders tried  current cost 3
    W_14: 43920s  99,427,659,800 steps   508699 feasible sets         0 orders tried  current cost 2
    W_14: 43935s  99,462,802,600 steps   508886 feasible sets         0 orders tried  current cost 10
    W_14: 43950s  99,497,402,200 steps   509064 feasible sets         0 orders tried  current cost 11
    W_14: 43965s  99,532,037,600 steps   509257 feasible sets         0 orders tried  current cost 3
    W_14: 43980s  99,566,833,800 steps   509445 feasible sets         0 orders tried  current cost 4
    W_14: 43995s  99,601,640,400 steps   509597 feasible sets         0 orders tried  current cost 15
    W_14: 44010s  99,636,257,200 steps   509779 feasible sets         0 orders tried  current cost 4
    W_14: 44025s  99,671,110,000 steps   509959 feasible sets         0 orders tried  current cost 4
    W_14: 44040s  99,705,809,600 steps   510156 feasible sets         0 orders tried  current cost 6
    W_14: 44055s  99,740,930,600 steps   510340 feasible sets         0 orders tried  current cost 3
    W_14: 44070s  99,775,276,200 steps   510518 feasible sets         0 orders tried  current cost 2
    W_14: 44085s  99,809,794,200 steps   510699 feasible sets         0 orders tried  current cost 3
    W_14: 44100s  99,844,889,200 steps   510881 feasible sets         0 orders tried  current cost 6
    W_14: 44115s  99,879,997,200 steps   511042 feasible sets         0 orders tried  current cost 4
    W_14: 44130s  99,914,611,400 steps   511206 feasible sets         0 orders tried  current cost 5
    W_14: 44145s  99,948,329,400 steps   511387 feasible sets         0 orders tried  current cost 4
    W_14: 44160s  99,982,634,600 steps   511539 feasible sets         0 orders tried  current cost 3
    W_14: 44175s  100,017,115,800 steps   511746 feasible sets         0 orders tried  current cost 2
    W_14: 44190s  100,052,054,600 steps   511921 feasible sets         0 orders tried  current cost 3
    W_14: 44205s  100,086,688,200 steps   512095 feasible sets         0 orders tried  current cost 5
    W_14: 44220s  100,121,210,400 steps   512249 feasible sets         0 orders tried  current cost 5
    W_14: 44235s  100,155,932,800 steps   512431 feasible sets         0 orders tried  current cost 2
    W_14: 44250s  100,190,692,800 steps   512591 feasible sets         0 orders tried  current cost 3
    W_14: 44265s  100,225,409,200 steps   512772 feasible sets         0 orders tried  current cost 4
    W_14: 44280s  100,259,919,000 steps   512950 feasible sets         0 orders tried  current cost 2
    W_14: 44295s  100,294,170,600 steps   513093 feasible sets         0 orders tried  current cost 4
    W_14: 44310s  100,328,868,800 steps   513235 feasible sets         0 orders tried  current cost 5
    W_14: 44325s  100,363,666,200 steps   513398 feasible sets         0 orders tried  current cost 8
    W_14: 44340s  100,398,644,800 steps   513533 feasible sets         0 orders tried  current cost 12
    W_14: 44355s  100,433,060,400 steps   513725 feasible sets         0 orders tried  current cost 10
    W_14: 44370s  100,467,627,000 steps   513896 feasible sets         0 orders tried  current cost 9
    W_14: 44385s  100,502,315,800 steps   514068 feasible sets         0 orders tried  current cost 2
    W_14: 44400s  100,537,027,000 steps   514234 feasible sets         0 orders tried  current cost 9
    W_14: 44415s  100,571,333,000 steps   514408 feasible sets         0 orders tried  current cost 3
    W_14: 44430s  100,606,176,600 steps   514599 feasible sets         0 orders tried  current cost 2
    W_14: 44445s  100,640,771,400 steps   514792 feasible sets         0 orders tried  current cost 4
    W_14: 44460s  100,675,398,000 steps   514935 feasible sets         0 orders tried  current cost 4
    W_14: 44475s  100,710,127,200 steps   515095 feasible sets         0 orders tried  current cost 6
    W_14: 44490s  100,744,907,200 steps   515268 feasible sets         0 orders tried  current cost 3
    W_14: 44505s  100,779,329,400 steps   515425 feasible sets         0 orders tried  current cost 5
    W_14: 44520s  100,813,962,600 steps   515598 feasible sets         0 orders tried  current cost 11
    W_14: 44535s  100,848,329,600 steps   515803 feasible sets         0 orders tried  current cost 6
    W_14: 44550s  100,883,303,800 steps   515973 feasible sets         0 orders tried  current cost 9
    W_14: 44565s  100,917,816,800 steps   516162 feasible sets         0 orders tried  current cost 3
    W_14: 44580s  100,952,181,600 steps   516331 feasible sets         0 orders tried  current cost 9
    W_14: 44595s  100,986,763,400 steps   516513 feasible sets         0 orders tried  current cost 11
    W_14: 44610s  101,021,223,000 steps   516688 feasible sets         0 orders tried  current cost 8
    W_14: 44625s  101,055,930,400 steps   516827 feasible sets         0 orders tried  current cost 2
    W_14: 44640s  101,090,515,000 steps   516999 feasible sets         0 orders tried  current cost 1
    W_14: 44655s  101,125,369,400 steps   517164 feasible sets         0 orders tried  current cost 4
    W_14: 44670s  101,160,060,600 steps   517332 feasible sets         0 orders tried  current cost 15
    W_14: 44685s  101,195,135,200 steps   517504 feasible sets         0 orders tried  current cost 2
    W_14: 44700s  101,229,809,000 steps   517671 feasible sets         0 orders tried  current cost 6
    W_14: 44715s  101,264,314,400 steps   517832 feasible sets         0 orders tried  current cost 2
    W_14: 44730s  101,299,001,000 steps   517997 feasible sets         0 orders tried  current cost 11
    W_14: 44745s  101,333,470,600 steps   518177 feasible sets         0 orders tried  current cost 3
    W_14: 44760s  101,368,163,200 steps   518358 feasible sets         0 orders tried  current cost 9
    W_14: 44775s  101,402,805,400 steps   518521 feasible sets         0 orders tried  current cost 12
    W_14: 44790s  101,437,510,200 steps   518682 feasible sets         0 orders tried  current cost 4
    W_14: 44805s  101,472,175,400 steps   518840 feasible sets         0 orders tried  current cost 3
    W_14: 44820s  101,506,805,800 steps   519019 feasible sets         0 orders tried  current cost 8
    W_14: 44835s  101,541,497,400 steps   519186 feasible sets         0 orders tried  current cost 4
    W_14: 44850s  101,576,348,000 steps   519356 feasible sets         0 orders tried  current cost 5
    W_14: 44865s  101,611,168,400 steps   519550 feasible sets         0 orders tried  current cost 3
    W_14: 44880s  101,645,951,000 steps   519754 feasible sets         0 orders tried  current cost 5
    W_14: 44895s  101,680,567,000 steps   519934 feasible sets         0 orders tried  current cost 8
    W_14: 44910s  101,715,355,600 steps   520121 feasible sets         0 orders tried  current cost 3
    W_14: 44925s  101,749,706,800 steps   520251 feasible sets         0 orders tried  current cost 11
    W_14: 44940s  101,784,365,000 steps   520406 feasible sets         0 orders tried  current cost 6
    W_14: 44955s  101,818,490,800 steps   520585 feasible sets         0 orders tried  current cost 1
    W_14: 44970s  101,853,360,000 steps   520781 feasible sets         0 orders tried  current cost 7
    W_14: 44985s  101,887,773,800 steps   520954 feasible sets         0 orders tried  current cost 4
    W_14: 45000s  101,922,548,200 steps   521148 feasible sets         0 orders tried  current cost 8
    W_14: 45015s  101,957,466,600 steps   521321 feasible sets         0 orders tried  current cost 3
    W_14: 45030s  101,992,248,000 steps   521479 feasible sets         0 orders tried  current cost 7
    W_14: 45045s  102,026,931,000 steps   521661 feasible sets         0 orders tried  current cost 4
    W_14: 45060s  102,061,288,600 steps   521814 feasible sets         0 orders tried  current cost 5
    W_14: 45075s  102,095,501,800 steps   521968 feasible sets         0 orders tried  current cost 11
    W_14: 45090s  102,129,773,000 steps   522158 feasible sets         0 orders tried  current cost 2
    W_14: 45105s  102,164,523,200 steps   522308 feasible sets         0 orders tried  current cost 9
    W_14: 45120s  102,198,931,800 steps   522456 feasible sets         0 orders tried  current cost 6
    W_14: 45135s  102,233,569,400 steps   522655 feasible sets         0 orders tried  current cost 3
    W_14: 45150s  102,268,327,600 steps   522833 feasible sets         0 orders tried  current cost 5
    W_14: 45165s  102,303,173,000 steps   523009 feasible sets         0 orders tried  current cost 5
    W_14: 45180s  102,338,382,000 steps   523214 feasible sets         0 orders tried  current cost 16
    W_14: 45195s  102,373,188,800 steps   523395 feasible sets         0 orders tried  current cost 6
    W_14: 45210s  102,407,918,200 steps   523599 feasible sets         0 orders tried  current cost 1
    W_14: 45225s  102,442,721,200 steps   523778 feasible sets         0 orders tried  current cost 11
    W_14: 45240s  102,476,801,800 steps   523929 feasible sets         0 orders tried  current cost 10
    W_14: 45255s  102,511,833,800 steps   524099 feasible sets         0 orders tried  current cost 1
    W_14: 45270s  102,546,417,200 steps   524334 feasible sets         0 orders tried  current cost 2
    W_14: 45285s  102,580,921,000 steps   524504 feasible sets         0 orders tried  current cost 13
    W_14: 45300s  102,615,404,400 steps   524691 feasible sets         0 orders tried  current cost 7
    W_14: 45315s  102,649,557,800 steps   524878 feasible sets         0 orders tried  current cost 2
    W_14: 45330s  102,684,423,600 steps   525071 feasible sets         0 orders tried  current cost 6
    W_14: 45345s  102,719,350,200 steps   525228 feasible sets         0 orders tried  current cost 2
    W_14: 45360s  102,753,800,000 steps   525413 feasible sets         0 orders tried  current cost 1
    W_14: 45375s  102,788,440,600 steps   525595 feasible sets         0 orders tried  current cost 17
    W_14: 45390s  102,822,833,600 steps   525795 feasible sets         0 orders tried  current cost 4
    W_14: 45405s  102,857,245,600 steps   525980 feasible sets         0 orders tried  current cost 9
    W_14: 45420s  102,891,784,000 steps   526151 feasible sets         0 orders tried  current cost 9
    W_14: 45435s  102,926,137,600 steps   526285 feasible sets         0 orders tried  current cost 4
    W_14: 45450s  102,960,414,800 steps   526436 feasible sets         0 orders tried  current cost 2
    W_14: 45465s  102,995,152,200 steps   526629 feasible sets         0 orders tried  current cost 5
    W_14: 45480s  103,029,881,600 steps   526783 feasible sets         0 orders tried  current cost 11
    W_14: 45495s  103,064,086,800 steps   526989 feasible sets         0 orders tried  current cost 8
    W_14: 45510s  103,098,883,000 steps   527175 feasible sets         0 orders tried  current cost 18
    W_14: 45525s  103,133,198,000 steps   527367 feasible sets         0 orders tried  current cost 1
    W_14: 45540s  103,167,493,400 steps   527539 feasible sets         0 orders tried  current cost 3
    W_14: 45555s  103,202,338,400 steps   527706 feasible sets         0 orders tried  current cost 3
    W_14: 45570s  103,236,667,200 steps   527859 feasible sets         0 orders tried  current cost 5
    W_14: 45585s  103,271,000,800 steps   528026 feasible sets         0 orders tried  current cost 17
    W_14: 45600s  103,305,748,200 steps   528234 feasible sets         0 orders tried  current cost 8
    W_14: 45615s  103,340,003,800 steps   528442 feasible sets         0 orders tried  current cost 8
    W_14: 45630s  103,374,316,800 steps   528603 feasible sets         0 orders tried  current cost 3
    W_14: 45645s  103,409,216,800 steps   528776 feasible sets         0 orders tried  current cost 2
    W_14: 45660s  103,443,864,800 steps   528994 feasible sets         0 orders tried  current cost 8
    W_14: 45675s  103,478,295,000 steps   529133 feasible sets         0 orders tried  current cost 3
    W_14: 45690s  103,513,268,800 steps   529330 feasible sets         0 orders tried  current cost 5
    W_14: 45705s  103,547,750,400 steps   529520 feasible sets         0 orders tried  current cost 5
    W_14: 45720s  103,582,387,600 steps   529662 feasible sets         0 orders tried  current cost 4
    W_14: 45735s  103,616,724,800 steps   529852 feasible sets         0 orders tried  current cost 9
    W_14: 45750s  103,651,178,200 steps   530047 feasible sets         0 orders tried  current cost 4
    W_14: 45765s  103,685,696,200 steps   530233 feasible sets         0 orders tried  current cost 3
    W_14: 45780s  103,720,137,000 steps   530405 feasible sets         0 orders tried  current cost 1
    W_14: 45795s  103,754,935,800 steps   530558 feasible sets         0 orders tried  current cost 3
    W_14: 45810s  103,789,525,600 steps   530736 feasible sets         0 orders tried  current cost 8
    W_14: 45825s  103,824,327,400 steps   530948 feasible sets         0 orders tried  current cost 6
    W_14: 45840s  103,858,764,000 steps   531153 feasible sets         0 orders tried  current cost 13
    W_14: 45855s  103,893,279,200 steps   531319 feasible sets         0 orders tried  current cost 2
    W_14: 45870s  103,927,830,400 steps   531467 feasible sets         0 orders tried  current cost 4
    W_14: 45885s  103,962,531,000 steps   531611 feasible sets         0 orders tried  current cost 5
    W_14: 45900s  103,996,969,000 steps   531772 feasible sets         0 orders tried  current cost 3
    W_14: 45915s  104,031,410,200 steps   531922 feasible sets         0 orders tried  current cost 3
    W_14: 45930s  104,066,219,400 steps   532086 feasible sets         0 orders tried  current cost 1
    W_14: 45945s  104,100,599,400 steps   532289 feasible sets         0 orders tried  current cost 3
    W_14: 45960s  104,134,752,200 steps   532478 feasible sets         0 orders tried  current cost 4
    W_14: 45975s  104,169,104,600 steps   532667 feasible sets         0 orders tried  current cost 7
    W_14: 45990s  104,203,615,800 steps   532794 feasible sets         0 orders tried  current cost 3
    W_14: 46005s  104,237,886,000 steps   532971 feasible sets         0 orders tried  current cost 8
    W_14: 46020s  104,272,418,200 steps   533147 feasible sets         0 orders tried  current cost 3
    W_14: 46035s  104,306,762,800 steps   533312 feasible sets         0 orders tried  current cost 11
    W_14: 46050s  104,341,709,000 steps   533476 feasible sets         0 orders tried  current cost 7
    W_14: 46065s  104,376,147,200 steps   533629 feasible sets         0 orders tried  current cost 8
    W_14: 46080s  104,410,964,000 steps   533811 feasible sets         0 orders tried  current cost 10
    W_14: 46095s  104,445,610,800 steps   533944 feasible sets         0 orders tried  current cost 2
    W_14: 46110s  104,480,565,600 steps   534100 feasible sets         0 orders tried  current cost 8
    W_14: 46125s  104,514,877,600 steps   534271 feasible sets         0 orders tried  current cost 4
    W_14: 46140s  104,549,586,400 steps   534423 feasible sets         0 orders tried  current cost 7
    W_14: 46155s  104,583,967,600 steps   534615 feasible sets         0 orders tried  current cost 6
    W_14: 46170s  104,618,647,800 steps   534777 feasible sets         0 orders tried  current cost 2
    W_14: 46185s  104,653,442,200 steps   534958 feasible sets         0 orders tried  current cost 11
    W_14: 46200s  104,687,981,800 steps   535136 feasible sets         0 orders tried  current cost 14
    W_14: 46215s  104,722,610,200 steps   535320 feasible sets         0 orders tried  current cost 3
    W_14: 46230s  104,756,766,000 steps   535480 feasible sets         0 orders tried  current cost 8
    W_14: 46245s  104,790,840,600 steps   535621 feasible sets         0 orders tried  current cost 12
    W_14: 46260s  104,825,790,000 steps   535799 feasible sets         0 orders tried  current cost 4
    W_14: 46275s  104,860,022,800 steps   535990 feasible sets         0 orders tried  current cost 13
    W_14: 46290s  104,894,569,200 steps   536224 feasible sets         0 orders tried  current cost 10
    W_14: 46305s  104,929,035,600 steps   536404 feasible sets         0 orders tried  current cost 3
    W_14: 46320s  104,964,050,800 steps   536573 feasible sets         0 orders tried  current cost 5
    W_14: 46335s  104,998,340,000 steps   536773 feasible sets         0 orders tried  current cost 2
    W_14: 46350s  105,032,711,600 steps   536913 feasible sets         0 orders tried  current cost 3
    W_14: 46365s  105,067,565,600 steps   537100 feasible sets         0 orders tried  current cost 9
    W_14: 46380s  105,102,158,600 steps   537291 feasible sets         0 orders tried  current cost 2
    W_14: 46395s  105,136,437,000 steps   537456 feasible sets         0 orders tried  current cost 4
    W_14: 46410s  105,170,548,400 steps   537638 feasible sets         0 orders tried  current cost 10
    W_14: 46425s  105,205,143,600 steps   537803 feasible sets         0 orders tried  current cost 7
    W_14: 46440s  105,239,748,200 steps   538000 feasible sets         0 orders tried  current cost 8
    W_14: 46455s  105,274,405,400 steps   538194 feasible sets         0 orders tried  current cost 11
    W_14: 46470s  105,308,963,200 steps   538355 feasible sets         0 orders tried  current cost 15
    W_14: 46485s  105,343,633,600 steps   538526 feasible sets         0 orders tried  current cost 1
    W_14: 46500s  105,378,134,600 steps   538726 feasible sets         0 orders tried  current cost 2
    W_14: 46515s  105,413,076,800 steps   538924 feasible sets         0 orders tried  current cost 3
    W_14: 46530s  105,447,863,400 steps   539127 feasible sets         0 orders tried  current cost 10
    W_14: 46545s  105,482,450,600 steps   539280 feasible sets         0 orders tried  current cost 2
    W_14: 46560s  105,517,019,200 steps   539460 feasible sets         0 orders tried  current cost 2
    W_14: 46575s  105,551,112,800 steps   539647 feasible sets         0 orders tried  current cost 4
    W_14: 46590s  105,586,170,800 steps   539867 feasible sets         0 orders tried  current cost 3
    W_14: 46605s  105,621,407,600 steps   540044 feasible sets         0 orders tried  current cost 3
    W_14: 46620s  105,655,363,800 steps   540207 feasible sets         0 orders tried  current cost 7
    W_14: 46635s  105,690,059,800 steps   540362 feasible sets         0 orders tried  current cost 3
    W_14: 46650s  105,724,768,400 steps   540534 feasible sets         0 orders tried  current cost 4
    W_14: 46665s  105,759,494,800 steps   540758 feasible sets         0 orders tried  current cost 4
    W_14: 46680s  105,793,820,800 steps   540961 feasible sets         0 orders tried  current cost 13
    W_14: 46695s  105,828,473,200 steps   541142 feasible sets         0 orders tried  current cost 1
    W_14: 46710s  105,862,800,800 steps   541330 feasible sets         0 orders tried  current cost 12
    W_14: 46725s  105,897,555,000 steps   541518 feasible sets         0 orders tried  current cost 3
    W_14: 46740s  105,932,090,800 steps   541697 feasible sets         0 orders tried  current cost 5
    W_14: 46755s  105,966,316,200 steps   541858 feasible sets         0 orders tried  current cost 3
    W_14: 46770s  106,001,459,200 steps   542001 feasible sets         0 orders tried  current cost 2
    W_14: 46785s  106,035,977,400 steps   542152 feasible sets         0 orders tried  current cost 2
    W_14: 46800s  106,070,626,600 steps   542327 feasible sets         0 orders tried  current cost 6
    W_14: 46815s  106,105,084,000 steps   542478 feasible sets         0 orders tried  current cost 9
    W_14: 46830s  106,139,472,000 steps   542677 feasible sets         0 orders tried  current cost 2
    W_14: 46845s  106,173,714,800 steps   542859 feasible sets         0 orders tried  current cost 3
    W_14: 46860s  106,208,172,200 steps   543012 feasible sets         0 orders tried  current cost 2
    W_14: 46875s  106,242,714,200 steps   543176 feasible sets         0 orders tried  current cost 3
    W_14: 46890s  106,277,263,400 steps   543333 feasible sets         0 orders tried  current cost 12
    W_14: 46905s  106,311,511,600 steps   543524 feasible sets         0 orders tried  current cost 3
    W_14: 46920s  106,345,880,600 steps   543696 feasible sets         0 orders tried  current cost 15
    W_14: 46935s  106,380,552,400 steps   543868 feasible sets         0 orders tried  current cost 3
    W_14: 46950s  106,415,241,600 steps   544041 feasible sets         0 orders tried  current cost 12
    W_14: 46965s  106,450,166,200 steps   544198 feasible sets         0 orders tried  current cost 8
    W_14: 46980s  106,484,826,800 steps   544359 feasible sets         0 orders tried  current cost 11
    W_14: 46995s  106,519,304,600 steps   544536 feasible sets         0 orders tried  current cost 14
    W_14: 47010s  106,554,109,600 steps   544720 feasible sets         0 orders tried  current cost 4
    W_14: 47025s  106,588,439,000 steps   544874 feasible sets         0 orders tried  current cost 1
    W_14: 47040s  106,622,685,200 steps   545044 feasible sets         0 orders tried  current cost 9
    W_14: 47055s  106,657,041,000 steps   545199 feasible sets         0 orders tried  current cost 14
    W_14: 47070s  106,691,748,600 steps   545343 feasible sets         0 orders tried  current cost 5
    W_14: 47085s  106,726,286,400 steps   545532 feasible sets         0 orders tried  current cost 6
    W_14: 47100s  106,760,794,200 steps   545759 feasible sets         0 orders tried  current cost 3
    W_14: 47115s  106,795,855,200 steps   545968 feasible sets         0 orders tried  current cost 2
    W_14: 47130s  106,830,479,400 steps   546158 feasible sets         0 orders tried  current cost 4
    W_14: 47145s  106,864,782,400 steps   546347 feasible sets         0 orders tried  current cost 14
    W_14: 47160s  106,898,947,800 steps   546504 feasible sets         0 orders tried  current cost 4
    W_14: 47175s  106,933,228,000 steps   546656 feasible sets         0 orders tried  current cost 3
    W_14: 47190s  106,967,719,400 steps   546824 feasible sets         0 orders tried  current cost 3
    W_14: 47205s  107,002,200,200 steps   546981 feasible sets         0 orders tried  current cost 11
    W_14: 47220s  107,036,923,400 steps   547156 feasible sets         0 orders tried  current cost 10
    W_14: 47235s  107,071,669,400 steps   547336 feasible sets         0 orders tried  current cost 6
    W_14: 47250s  107,106,313,000 steps   547534 feasible sets         0 orders tried  current cost 4
    W_14: 47265s  107,140,679,800 steps   547703 feasible sets         0 orders tried  current cost 1
    W_14: 47280s  107,175,203,600 steps   547903 feasible sets         0 orders tried  current cost 11
    W_14: 47295s  107,210,134,000 steps   548061 feasible sets         0 orders tried  current cost 3
    W_14: 47310s  107,244,359,200 steps   548239 feasible sets         0 orders tried  current cost 1
    W_14: 47325s  107,279,095,600 steps   548392 feasible sets         0 orders tried  current cost 4
    W_14: 47340s  107,313,430,000 steps   548553 feasible sets         0 orders tried  current cost 4
    W_14: 47355s  107,348,260,200 steps   548716 feasible sets         0 orders tried  current cost 18
    W_14: 47370s  107,382,728,200 steps   548905 feasible sets         0 orders tried  current cost 5
    W_14: 47385s  107,417,353,200 steps   549099 feasible sets         0 orders tried  current cost 3
    W_14: 47400s  107,452,211,600 steps   549293 feasible sets         0 orders tried  current cost 6
    W_14: 47415s  107,486,692,000 steps   549526 feasible sets         0 orders tried  current cost 4
    W_14: 47430s  107,520,850,800 steps   549678 feasible sets         0 orders tried  current cost 3
    W_14: 47445s  107,554,923,400 steps   549835 feasible sets         0 orders tried  current cost 9
    W_14: 47460s  107,588,971,400 steps   550024 feasible sets         0 orders tried  current cost 4
    W_14: 47475s  107,622,947,600 steps   550226 feasible sets         0 orders tried  current cost 5
    W_14: 47490s  107,656,931,600 steps   550393 feasible sets         0 orders tried  current cost 4
    W_14: 47505s  107,690,675,000 steps   550535 feasible sets         0 orders tried  current cost 5
    W_14: 47520s  107,724,497,400 steps   550727 feasible sets         0 orders tried  current cost 4
    W_14: 47535s  107,758,529,000 steps   550899 feasible sets         0 orders tried  current cost 5
    W_14: 47550s  107,792,721,400 steps   551101 feasible sets         0 orders tried  current cost 19
    W_14: 47565s  107,826,682,400 steps   551292 feasible sets         0 orders tried  current cost 9
    W_14: 47580s  107,860,781,200 steps   551445 feasible sets         0 orders tried  current cost 14
    W_14: 47595s  107,894,561,200 steps   551628 feasible sets         0 orders tried  current cost 13
    W_14: 47610s  107,928,775,000 steps   551811 feasible sets         0 orders tried  current cost 4
    W_14: 47625s  107,962,582,400 steps   551993 feasible sets         0 orders tried  current cost 13
    W_14: 47640s  107,996,297,400 steps   552169 feasible sets         0 orders tried  current cost 4
    W_14: 47655s  108,030,196,600 steps   552322 feasible sets         0 orders tried  current cost 6
    W_14: 47670s  108,064,042,800 steps   552531 feasible sets         0 orders tried  current cost 9
    W_14: 47685s  108,097,735,600 steps   552667 feasible sets         0 orders tried  current cost 1
    W_14: 47700s  108,131,519,600 steps   552849 feasible sets         0 orders tried  current cost 1
    W_14: 47715s  108,165,537,200 steps   553034 feasible sets         0 orders tried  current cost 3
    W_14: 47730s  108,199,490,200 steps   553231 feasible sets         0 orders tried  current cost 5
    W_14: 47745s  108,231,954,600 steps   553424 feasible sets         0 orders tried  current cost 5
    W_14: 47760s  108,265,867,000 steps   553569 feasible sets         0 orders tried  current cost 7
    W_14: 47775s  108,285,092,400 steps   553704 feasible sets         0 orders tried  current cost 4
    W_14: 47790s  108,319,270,800 steps   553916 feasible sets         0 orders tried  current cost 5
    W_14: 47805s  108,353,280,600 steps   554049 feasible sets         0 orders tried  current cost 14
    W_14: 47820s  108,387,380,600 steps   554216 feasible sets         0 orders tried  current cost 15
    W_14: 47835s  108,421,223,400 steps   554368 feasible sets         0 orders tried  current cost 15
    W_14: 47850s  108,455,150,800 steps   554541 feasible sets         0 orders tried  current cost 6
    W_14: 47865s  108,489,210,600 steps   554684 feasible sets         0 orders tried  current cost 5
    W_14: 47880s  108,523,578,200 steps   554872 feasible sets         0 orders tried  current cost 3
    W_14: 47895s  108,557,299,000 steps   555047 feasible sets         0 orders tried  current cost 3
    W_14: 47910s  108,591,366,000 steps   555179 feasible sets         0 orders tried  current cost 7
    W_14: 47925s  108,625,679,000 steps   555324 feasible sets         0 orders tried  current cost 2
    W_14: 47940s  108,659,294,000 steps   555507 feasible sets         0 orders tried  current cost 3
    W_14: 47955s  108,693,047,800 steps   555687 feasible sets         0 orders tried  current cost 8
    W_14: 47970s  108,726,891,600 steps   555870 feasible sets         0 orders tried  current cost 6
    W_14: 47985s  108,760,883,200 steps   556050 feasible sets         0 orders tried  current cost 12
    W_14: 48000s  108,794,511,400 steps   556199 feasible sets         0 orders tried  current cost 4
    W_14: 48015s  108,828,582,800 steps   556385 feasible sets         0 orders tried  current cost 11
    W_14: 48030s  108,862,699,800 steps   556585 feasible sets         0 orders tried  current cost 4
    W_14: 48045s  108,896,747,800 steps   556756 feasible sets         0 orders tried  current cost 9
    W_14: 48060s  108,931,018,200 steps   556916 feasible sets         0 orders tried  current cost 1
    W_14: 48075s  108,964,956,000 steps   557091 feasible sets         0 orders tried  current cost 4
    W_14: 48090s  108,998,732,000 steps   557268 feasible sets         0 orders tried  current cost 3
    W_14: 48105s  109,029,898,200 steps   557430 feasible sets         0 orders tried  current cost 1
    W_14: 48120s  109,050,417,400 steps   557539 feasible sets         0 orders tried  current cost 2
    W_14: 48135s  109,083,705,200 steps   557732 feasible sets         0 orders tried  current cost 6
    W_14: 48150s  109,117,566,400 steps   557899 feasible sets         0 orders tried  current cost 7
    W_14: 48165s  109,152,278,800 steps   558087 feasible sets         0 orders tried  current cost 2
    W_14: 48180s  109,186,954,800 steps   558294 feasible sets         0 orders tried  current cost 2
    W_14: 48195s  109,221,705,200 steps   558473 feasible sets         0 orders tried  current cost 7
    W_14: 48210s  109,256,688,800 steps   558650 feasible sets         0 orders tried  current cost 7
    W_14: 48225s  109,291,007,600 steps   558808 feasible sets         0 orders tried  current cost 9
    W_14: 48240s  109,325,615,600 steps   558978 feasible sets         0 orders tried  current cost 1
    W_14: 48255s  109,360,343,400 steps   559195 feasible sets         0 orders tried  current cost 6
    W_14: 48270s  109,395,028,200 steps   559348 feasible sets         0 orders tried  current cost 4
    W_14: 48285s  109,429,996,400 steps   559510 feasible sets         0 orders tried  current cost 4
    W_14: 48300s  109,464,388,600 steps   559645 feasible sets         0 orders tried  current cost 6
    W_14: 48315s  109,499,125,400 steps   559799 feasible sets         0 orders tried  current cost 8
    W_14: 48330s  109,534,054,600 steps   559970 feasible sets         0 orders tried  current cost 5
    W_14: 48345s  109,568,621,400 steps   560111 feasible sets         0 orders tried  current cost 12
    W_14: 48360s  109,603,445,200 steps   560311 feasible sets         0 orders tried  current cost 6
    W_14: 48375s  109,637,900,000 steps   560536 feasible sets         0 orders tried  current cost 4
    W_14: 48390s  109,672,509,800 steps   560717 feasible sets         0 orders tried  current cost 3
    W_14: 48405s  109,707,051,800 steps   560906 feasible sets         0 orders tried  current cost 4
    W_14: 48420s  109,741,967,200 steps   561129 feasible sets         0 orders tried  current cost 4
    W_14: 48435s  109,777,001,800 steps   561332 feasible sets         0 orders tried  current cost 7
    W_14: 48450s  109,811,792,000 steps   561518 feasible sets         0 orders tried  current cost 5
    W_14: 48465s  109,846,762,200 steps   561679 feasible sets         0 orders tried  current cost 11
    W_14: 48480s  109,881,311,000 steps   561862 feasible sets         0 orders tried  current cost 3
    W_14: 48495s  109,916,126,800 steps   562027 feasible sets         0 orders tried  current cost 7
    W_14: 48510s  109,950,708,000 steps   562194 feasible sets         0 orders tried  current cost 7
    W_14: 48525s  109,985,068,600 steps   562336 feasible sets         0 orders tried  current cost 2
    W_14: 48540s  110,019,725,400 steps   562527 feasible sets         0 orders tried  current cost 8
    W_14: 48555s  110,054,338,600 steps   562735 feasible sets         0 orders tried  current cost 2
    W_14: 48570s  110,088,783,400 steps   562919 feasible sets         0 orders tried  current cost 15
    W_14: 48585s  110,123,477,000 steps   563130 feasible sets         0 orders tried  current cost 4
    W_14: 48600s  110,158,327,200 steps   563296 feasible sets         0 orders tried  current cost 6
    W_14: 48615s  110,193,008,000 steps   563477 feasible sets         0 orders tried  current cost 6
    W_14: 48630s  110,227,310,400 steps   563655 feasible sets         0 orders tried  current cost 4
    W_14: 48645s  110,262,459,800 steps   563840 feasible sets         0 orders tried  current cost 3
    W_14: 48660s  110,297,132,000 steps   564034 feasible sets         0 orders tried  current cost 4
    W_14: 48675s  110,332,047,200 steps   564239 feasible sets         0 orders tried  current cost 9
    W_14: 48690s  110,367,177,800 steps   564448 feasible sets         0 orders tried  current cost 4
    W_14: 48705s  110,401,770,000 steps   564667 feasible sets         0 orders tried  current cost 5
    W_14: 48720s  110,436,673,200 steps   564838 feasible sets         0 orders tried  current cost 5
    W_14: 48735s  110,471,774,400 steps   565015 feasible sets         0 orders tried  current cost 3
    W_14: 48750s  110,506,558,400 steps   565198 feasible sets         0 orders tried  current cost 3
    W_14: 48765s  110,541,511,400 steps   565424 feasible sets         0 orders tried  current cost 4
    W_14: 48780s  110,576,252,600 steps   565608 feasible sets         0 orders tried  current cost 3
    W_14: 48795s  110,611,221,600 steps   565819 feasible sets         0 orders tried  current cost 10
    W_14: 48810s  110,646,028,400 steps   566013 feasible sets         0 orders tried  current cost 9
    W_14: 48825s  110,680,748,200 steps   566169 feasible sets         0 orders tried  current cost 4
    W_14: 48840s  110,715,756,400 steps   566311 feasible sets         0 orders tried  current cost 2
    W_14: 48855s  110,750,304,400 steps   566516 feasible sets         0 orders tried  current cost 8
    W_14: 48870s  110,785,299,800 steps   566715 feasible sets         0 orders tried  current cost 1
    W_14: 48885s  110,819,664,600 steps   566896 feasible sets         0 orders tried  current cost 8
    W_14: 48900s  110,855,049,800 steps   567087 feasible sets         0 orders tried  current cost 6
    W_14: 48915s  110,889,641,400 steps   567257 feasible sets         0 orders tried  current cost 14
    W_14: 48930s  110,924,677,400 steps   567431 feasible sets         0 orders tried  current cost 2
    W_14: 48945s  110,959,248,400 steps   567599 feasible sets         0 orders tried  current cost 6
    W_14: 48960s  110,993,910,400 steps   567738 feasible sets         0 orders tried  current cost 3
    W_14: 48975s  111,028,766,000 steps   567960 feasible sets         0 orders tried  current cost 11
    W_14: 48990s  111,063,266,000 steps   568136 feasible sets         0 orders tried  current cost 10
    W_14: 49005s  111,098,148,000 steps   568361 feasible sets         0 orders tried  current cost 7
    W_14: 49020s  111,133,068,400 steps   568536 feasible sets         0 orders tried  current cost 6
    W_14: 49035s  111,168,081,600 steps   568709 feasible sets         0 orders tried  current cost 14
    W_14: 49050s  111,202,785,600 steps   568877 feasible sets         0 orders tried  current cost 8
    W_14: 49065s  111,237,423,800 steps   569048 feasible sets         0 orders tried  current cost 4
    W_14: 49080s  111,272,268,000 steps   569216 feasible sets         0 orders tried  current cost 4
    W_14: 49095s  111,307,545,000 steps   569360 feasible sets         0 orders tried  current cost 7
    W_14: 49110s  111,342,405,000 steps   569550 feasible sets         0 orders tried  current cost 8
    W_14: 49125s  111,377,590,000 steps   569730 feasible sets         0 orders tried  current cost 3
    W_14: 49140s  111,412,603,600 steps   569915 feasible sets         0 orders tried  current cost 5
    W_14: 49155s  111,447,739,400 steps   570118 feasible sets         0 orders tried  current cost 2
    W_14: 49170s  111,482,110,200 steps   570261 feasible sets         0 orders tried  current cost 5
    W_14: 49185s  111,517,055,600 steps   570435 feasible sets         0 orders tried  current cost 3
    W_14: 49200s  111,551,785,800 steps   570613 feasible sets         0 orders tried  current cost 11
    W_14: 49215s  111,586,114,400 steps   570767 feasible sets         0 orders tried  current cost 4
    W_14: 49230s  111,621,149,800 steps   570945 feasible sets         0 orders tried  current cost 2
    W_14: 49245s  111,656,141,200 steps   571142 feasible sets         0 orders tried  current cost 17
    W_14: 49260s  111,690,817,600 steps   571348 feasible sets         0 orders tried  current cost 4
    W_14: 49275s  111,725,391,800 steps   571544 feasible sets         0 orders tried  current cost 4
    W_14: 49290s  111,760,504,600 steps   571707 feasible sets         0 orders tried  current cost 8
    W_14: 49305s  111,795,309,800 steps   571892 feasible sets         0 orders tried  current cost 4
    W_14: 49320s  111,830,114,600 steps   572043 feasible sets         0 orders tried  current cost 5
    W_14: 49335s  111,864,803,600 steps   572194 feasible sets         0 orders tried  current cost 8
    W_14: 49350s  111,899,371,000 steps   572360 feasible sets         0 orders tried  current cost 5
    W_14: 49365s  111,934,505,200 steps   572568 feasible sets         0 orders tried  current cost 13
    W_14: 49380s  111,969,371,400 steps   572747 feasible sets         0 orders tried  current cost 6
    W_14: 49395s  112,004,519,400 steps   572922 feasible sets         0 orders tried  current cost 3
    W_14: 49410s  112,038,802,400 steps   573117 feasible sets         0 orders tried  current cost 14
    W_14: 49425s  112,073,555,400 steps   573275 feasible sets         0 orders tried  current cost 2
    W_14: 49440s  112,108,160,600 steps   573441 feasible sets         0 orders tried  current cost 14
    W_14: 49455s  112,142,995,000 steps   573622 feasible sets         0 orders tried  current cost 3
    W_14: 49470s  112,178,157,200 steps   573788 feasible sets         0 orders tried  current cost 3
    W_14: 49485s  112,212,735,400 steps   573965 feasible sets         0 orders tried  current cost 1
    W_14: 49500s  112,247,724,600 steps   574162 feasible sets         0 orders tried  current cost 8
    W_14: 49515s  112,282,524,400 steps   574314 feasible sets         0 orders tried  current cost 15
    W_14: 49530s  112,316,911,800 steps   574488 feasible sets         0 orders tried  current cost 4
    W_14: 49545s  112,351,940,400 steps   574657 feasible sets         0 orders tried  current cost 13
    W_14: 49560s  112,386,965,400 steps   574867 feasible sets         0 orders tried  current cost 7
    W_14: 49575s  112,421,943,000 steps   575016 feasible sets         0 orders tried  current cost 9
    W_14: 49590s  112,456,680,600 steps   575194 feasible sets         0 orders tried  current cost 11
    W_14: 49605s  112,491,537,400 steps   575377 feasible sets         0 orders tried  current cost 1
    W_14: 49620s  112,525,869,400 steps   575558 feasible sets         0 orders tried  current cost 6
    W_14: 49635s  112,560,705,200 steps   575712 feasible sets         0 orders tried  current cost 9
    W_14: 49650s  112,595,260,600 steps   575871 feasible sets         0 orders tried  current cost 16
    W_14: 49665s  112,630,003,000 steps   576013 feasible sets         0 orders tried  current cost 14
    W_14: 49680s  112,664,586,200 steps   576184 feasible sets         0 orders tried  current cost 6
    W_14: 49695s  112,699,009,000 steps   576371 feasible sets         0 orders tried  current cost 4
    W_14: 49710s  112,733,888,800 steps   576514 feasible sets         0 orders tried  current cost 5
    W_14: 49725s  112,768,849,600 steps   576684 feasible sets         0 orders tried  current cost 4
    W_14: 49740s  112,803,435,000 steps   576861 feasible sets         0 orders tried  current cost 1
    W_14: 49755s  112,838,040,200 steps   577045 feasible sets         0 orders tried  current cost 10
    W_14: 49770s  112,872,432,200 steps   577232 feasible sets         0 orders tried  current cost 5
    W_14: 49785s  112,907,133,800 steps   577394 feasible sets         0 orders tried  current cost 3
    W_14: 49800s  112,942,125,200 steps   577555 feasible sets         0 orders tried  current cost 9
    W_14: 49815s  112,976,844,800 steps   577724 feasible sets         0 orders tried  current cost 8
    W_14: 49830s  113,011,325,800 steps   577919 feasible sets         0 orders tried  current cost 9
    W_14: 49845s  113,046,224,600 steps   578084 feasible sets         0 orders tried  current cost 7
    W_14: 49860s  113,080,625,400 steps   578231 feasible sets         0 orders tried  current cost 8
    W_14: 49875s  113,115,562,000 steps   578400 feasible sets         0 orders tried  current cost 11
    W_14: 49890s  113,150,850,400 steps   578572 feasible sets         0 orders tried  current cost 3
    W_14: 49905s  113,185,357,200 steps   578722 feasible sets         0 orders tried  current cost 2
    W_14: 49920s  113,219,927,800 steps   578891 feasible sets         0 orders tried  current cost 4
    W_14: 49935s  113,255,183,400 steps   579099 feasible sets         0 orders tried  current cost 15
    W_14: 49950s  113,290,009,800 steps   579321 feasible sets         0 orders tried  current cost 7
    W_14: 49965s  113,324,595,600 steps   579466 feasible sets         0 orders tried  current cost 1
    W_14: 49980s  113,359,495,000 steps   579667 feasible sets         0 orders tried  current cost 1
    W_14: 49995s  113,394,586,600 steps   579826 feasible sets         0 orders tried  current cost 6
    W_14: 50010s  113,429,520,800 steps   579977 feasible sets         0 orders tried  current cost 12
    W_14: 50025s  113,464,414,000 steps   580181 feasible sets         0 orders tried  current cost 3
    W_14: 50040s  113,499,040,200 steps   580378 feasible sets         0 orders tried  current cost 14
    W_14: 50055s  113,533,724,600 steps   580535 feasible sets         0 orders tried  current cost 7
    W_14: 50070s  113,568,574,000 steps   580730 feasible sets         0 orders tried  current cost 3
    W_14: 50085s  113,603,039,200 steps   580908 feasible sets         0 orders tried  current cost 1
    W_14: 50100s  113,637,928,000 steps   581058 feasible sets         0 orders tried  current cost 10
    W_14: 50115s  113,673,153,000 steps   581229 feasible sets         0 orders tried  current cost 3
    W_14: 50130s  113,707,973,800 steps   581427 feasible sets         0 orders tried  current cost 1
    W_14: 50145s  113,742,731,600 steps   581607 feasible sets         0 orders tried  current cost 3
    W_14: 50160s  113,777,582,000 steps   581798 feasible sets         0 orders tried  current cost 7
    W_14: 50175s  113,812,575,600 steps   581945 feasible sets         0 orders tried  current cost 4
    W_14: 50190s  113,847,388,800 steps   582142 feasible sets         0 orders tried  current cost 4
    W_14: 50205s  113,881,837,200 steps   582292 feasible sets         0 orders tried  current cost 3
    W_14: 50220s  113,916,536,800 steps   582467 feasible sets         0 orders tried  current cost 4
    W_14: 50235s  113,951,014,400 steps   582676 feasible sets         0 orders tried  current cost 4
    W_14: 50250s  113,985,786,000 steps   582879 feasible sets         0 orders tried  current cost 8
    W_14: 50265s  114,020,282,800 steps   583074 feasible sets         0 orders tried  current cost 10
    W_14: 50280s  114,055,531,200 steps   583279 feasible sets         0 orders tried  current cost 3
    W_14: 50295s  114,090,473,600 steps   583448 feasible sets         0 orders tried  current cost 2
    W_14: 50310s  114,125,362,200 steps   583621 feasible sets         0 orders tried  current cost 11
    W_14: 50325s  114,159,431,200 steps   583799 feasible sets         0 orders tried  current cost 3
    W_14: 50340s  114,194,332,800 steps   583975 feasible sets         0 orders tried  current cost 5
    W_14: 50355s  114,229,267,600 steps   584150 feasible sets         0 orders tried  current cost 7
    W_14: 50370s  114,264,193,200 steps   584325 feasible sets         0 orders tried  current cost 4
    W_14: 50385s  114,298,917,800 steps   584491 feasible sets         0 orders tried  current cost 3
    W_14: 50400s  114,334,038,800 steps   584680 feasible sets         0 orders tried  current cost 4
    W_14: 50415s  114,368,805,200 steps   584818 feasible sets         0 orders tried  current cost 8
    W_14: 50430s  114,403,693,000 steps   585013 feasible sets         0 orders tried  current cost 3
    W_14: 50445s  114,438,165,600 steps   585224 feasible sets         0 orders tried  current cost 7
    W_14: 50460s  114,473,111,000 steps   585387 feasible sets         0 orders tried  current cost 3
    W_14: 50475s  114,507,663,800 steps   585562 feasible sets         0 orders tried  current cost 14
    W_14: 50490s  114,542,167,200 steps   585743 feasible sets         0 orders tried  current cost 6
    W_14: 50505s  114,576,942,000 steps   585952 feasible sets         0 orders tried  current cost 11
    W_14: 50520s  114,611,713,800 steps   586133 feasible sets         0 orders tried  current cost 3
    W_14: 50535s  114,646,548,400 steps   586344 feasible sets         0 orders tried  current cost 8
    W_14: 50550s  114,681,053,200 steps   586563 feasible sets         0 orders tried  current cost 4
    W_14: 50565s  114,716,308,600 steps   586732 feasible sets         0 orders tried  current cost 4
    W_14: 50580s  114,750,963,600 steps   586901 feasible sets         0 orders tried  current cost 10
    W_14: 50595s  114,785,593,600 steps   587048 feasible sets         0 orders tried  current cost 4
    W_14: 50610s  114,820,476,600 steps   587228 feasible sets         0 orders tried  current cost 2
    W_14: 50625s  114,855,521,800 steps   587404 feasible sets         0 orders tried  current cost 8
    W_14: 50640s  114,890,437,400 steps   587566 feasible sets         0 orders tried  current cost 3
    W_14: 50655s  114,925,090,600 steps   587728 feasible sets         0 orders tried  current cost 2
    W_14: 50670s  114,959,677,000 steps   587932 feasible sets         0 orders tried  current cost 4
    W_14: 50685s  114,994,377,000 steps   588118 feasible sets         0 orders tried  current cost 3
    W_14: 50700s  115,029,099,600 steps   588315 feasible sets         0 orders tried  current cost 3
    W_14: 50715s  115,063,908,000 steps   588483 feasible sets         0 orders tried  current cost 4
    W_14: 50730s  115,098,645,600 steps   588657 feasible sets         0 orders tried  current cost 10
    W_14: 50745s  115,133,329,000 steps   588802 feasible sets         0 orders tried  current cost 6
    W_14: 50760s  115,168,250,600 steps   589006 feasible sets         0 orders tried  current cost 5
    W_14: 50775s  115,203,281,000 steps   589139 feasible sets         0 orders tried  current cost 15
    W_14: 50790s  115,238,584,600 steps   589328 feasible sets         0 orders tried  current cost 9
    W_14: 50805s  115,273,765,400 steps   589537 feasible sets         0 orders tried  current cost 7
    W_14: 50820s  115,308,641,000 steps   589688 feasible sets         0 orders tried  current cost 8
    W_14: 50835s  115,343,463,800 steps   589842 feasible sets         0 orders tried  current cost 7
    W_14: 50850s  115,378,190,600 steps   590016 feasible sets         0 orders tried  current cost 3
    W_14: 50865s  115,412,994,200 steps   590221 feasible sets         0 orders tried  current cost 4
    W_14: 50880s  115,447,513,000 steps   590447 feasible sets         0 orders tried  current cost 3
    W_14: 50895s  115,482,065,000 steps   590643 feasible sets         0 orders tried  current cost 8
    W_14: 50910s  115,516,658,200 steps   590786 feasible sets         0 orders tried  current cost 2
    W_14: 50925s  115,552,043,800 steps   590945 feasible sets         0 orders tried  current cost 10
    W_14: 50940s  115,587,214,200 steps   591101 feasible sets         0 orders tried  current cost 4
    W_14: 50955s  115,621,898,200 steps   591249 feasible sets         0 orders tried  current cost 2
    W_14: 50970s  115,656,985,600 steps   591410 feasible sets         0 orders tried  current cost 7
    W_14: 50985s  115,691,909,800 steps   591582 feasible sets         0 orders tried  current cost 3
    W_14: 51000s  115,726,471,400 steps   591727 feasible sets         0 orders tried  current cost 3
    W_14: 51015s  115,761,206,600 steps   591942 feasible sets         0 orders tried  current cost 5
    W_14: 51030s  115,795,680,400 steps   592107 feasible sets         0 orders tried  current cost 24
    W_14: 51045s  115,830,439,200 steps   592294 feasible sets         0 orders tried  current cost 3
    W_14: 51060s  115,865,461,000 steps   592477 feasible sets         0 orders tried  current cost 10
    W_14: 51075s  115,900,418,600 steps   592651 feasible sets         0 orders tried  current cost 3
    W_14: 51090s  115,935,199,200 steps   592801 feasible sets         0 orders tried  current cost 3
    W_14: 51105s  115,970,023,800 steps   592997 feasible sets         0 orders tried  current cost 9
    W_14: 51120s  116,004,470,200 steps   593150 feasible sets         0 orders tried  current cost 4
    W_14: 51135s  116,039,386,200 steps   593335 feasible sets         0 orders tried  current cost 6
    W_14: 51150s  116,074,516,400 steps   593537 feasible sets         0 orders tried  current cost 3
    W_14: 51165s  116,108,933,800 steps   593728 feasible sets         0 orders tried  current cost 3
    W_14: 51180s  116,143,665,000 steps   593905 feasible sets         0 orders tried  current cost 9
    W_14: 51195s  116,177,874,800 steps   594089 feasible sets         0 orders tried  current cost 3
    W_14: 51210s  116,212,773,400 steps   594263 feasible sets         0 orders tried  current cost 4
    W_14: 51225s  116,247,511,200 steps   594412 feasible sets         0 orders tried  current cost 4
    W_14: 51240s  116,281,765,600 steps   594571 feasible sets         0 orders tried  current cost 9
    W_14: 51255s  116,316,227,800 steps   594780 feasible sets         0 orders tried  current cost 10
    W_14: 51270s  116,350,860,200 steps   594995 feasible sets         0 orders tried  current cost 16
    W_14: 51285s  116,385,516,200 steps   595170 feasible sets         0 orders tried  current cost 3
    W_14: 51300s  116,420,056,400 steps   595339 feasible sets         0 orders tried  current cost 2
    W_14: 51315s  116,454,616,800 steps   595535 feasible sets         0 orders tried  current cost 2
    W_14: 51330s  116,489,076,000 steps   595733 feasible sets         0 orders tried  current cost 3
    W_14: 51345s  116,523,543,200 steps   595926 feasible sets         0 orders tried  current cost 11
    W_14: 51360s  116,558,187,600 steps   596045 feasible sets         0 orders tried  current cost 10
    W_14: 51375s  116,592,956,600 steps   596201 feasible sets         0 orders tried  current cost 1
    W_14: 51390s  116,627,558,000 steps   596337 feasible sets         0 orders tried  current cost 3
    W_14: 51405s  116,662,431,000 steps   596495 feasible sets         0 orders tried  current cost 4
    W_14: 51420s  116,697,308,800 steps   596679 feasible sets         0 orders tried  current cost 5
    W_14: 51435s  116,732,433,400 steps   596860 feasible sets         0 orders tried  current cost 3
    W_14: 51450s  116,767,400,800 steps   597048 feasible sets         0 orders tried  current cost 11
    W_14: 51465s  116,802,479,000 steps   597267 feasible sets         0 orders tried  current cost 2
    W_14: 51480s  116,837,272,600 steps   597449 feasible sets         0 orders tried  current cost 3
    W_14: 51495s  116,871,940,400 steps   597606 feasible sets         0 orders tried  current cost 15
    W_14: 51510s  116,906,919,600 steps   597774 feasible sets         0 orders tried  current cost 3
    W_14: 51525s  116,941,626,600 steps   597951 feasible sets         0 orders tried  current cost 11
    W_14: 51540s  116,976,334,000 steps   598124 feasible sets         0 orders tried  current cost 5
    W_14: 51555s  117,011,118,800 steps   598298 feasible sets         0 orders tried  current cost 5
    W_14: 51570s  117,045,537,000 steps   598456 feasible sets         0 orders tried  current cost 1
    W_14: 51585s  117,080,297,800 steps   598599 feasible sets         0 orders tried  current cost 3
    W_14: 51600s  117,114,784,000 steps   598760 feasible sets         0 orders tried  current cost 14
    W_14: 51615s  117,149,600,600 steps   598913 feasible sets         0 orders tried  current cost 15
    W_14: 51630s  117,184,450,200 steps   599078 feasible sets         0 orders tried  current cost 4
    W_14: 51645s  117,219,142,800 steps   599284 feasible sets         0 orders tried  current cost 11
    W_14: 51660s  117,254,020,600 steps   599423 feasible sets         0 orders tried  current cost 14
    W_14: 51675s  117,288,662,800 steps   599665 feasible sets         0 orders tried  current cost 10
    W_14: 51690s  117,323,205,200 steps   599832 feasible sets         0 orders tried  current cost 13
    W_14: 51705s  117,358,025,800 steps   599985 feasible sets         0 orders tried  current cost 8
    W_14: 51720s  117,392,962,000 steps   600131 feasible sets         0 orders tried  current cost 16
    W_14: 51735s  117,427,581,600 steps   600314 feasible sets         0 orders tried  current cost 14
    W_14: 51750s  117,462,627,200 steps   600482 feasible sets         0 orders tried  current cost 7
    W_14: 51765s  117,497,647,200 steps   600675 feasible sets         0 orders tried  current cost 6
    W_14: 51780s  117,532,619,600 steps   600857 feasible sets         0 orders tried  current cost 3
    W_14: 51795s  117,567,192,600 steps   601020 feasible sets         0 orders tried  current cost 5
    W_14: 51810s  117,601,326,800 steps   601177 feasible sets         0 orders tried  current cost 6
    W_14: 51825s  117,636,348,800 steps   601342 feasible sets         0 orders tried  current cost 2
    W_14: 51840s  117,670,457,200 steps   601488 feasible sets         0 orders tried  current cost 4
    W_14: 51855s  117,705,397,000 steps   601665 feasible sets         0 orders tried  current cost 3
    W_14: 51870s  117,740,160,200 steps   601826 feasible sets         0 orders tried  current cost 11
    W_14: 51885s  117,774,423,800 steps   602000 feasible sets         0 orders tried  current cost 8
    W_14: 51900s  117,809,157,800 steps   602162 feasible sets         0 orders tried  current cost 2
    W_14: 51915s  117,843,582,800 steps   602337 feasible sets         0 orders tried  current cost 9
    W_14: 51930s  117,878,328,000 steps   602565 feasible sets         0 orders tried  current cost 5
    W_14: 51945s  117,913,187,800 steps   602760 feasible sets         0 orders tried  current cost 5
    W_14: 51960s  117,947,699,600 steps   602985 feasible sets         0 orders tried  current cost 3
    W_14: 51975s  117,982,254,400 steps   603171 feasible sets         0 orders tried  current cost 3
    W_14: 51990s  118,016,935,600 steps   603378 feasible sets         0 orders tried  current cost 5
    W_14: 52005s  118,051,473,000 steps   603572 feasible sets         0 orders tried  current cost 3
    W_14: 52020s  118,085,986,400 steps   603768 feasible sets         0 orders tried  current cost 9
    W_14: 52035s  118,120,704,800 steps   603934 feasible sets         0 orders tried  current cost 8
    W_14: 52050s  118,155,730,800 steps   604112 feasible sets         0 orders tried  current cost 2
    W_14: 52065s  118,190,488,200 steps   604262 feasible sets         0 orders tried  current cost 5
    W_14: 52080s  118,225,691,800 steps   604430 feasible sets         0 orders tried  current cost 4
    W_14: 52095s  118,260,262,400 steps   604587 feasible sets         0 orders tried  current cost 10
    W_14: 52110s  118,295,039,800 steps   604744 feasible sets         0 orders tried  current cost 2
    W_14: 52125s  118,329,697,400 steps   604947 feasible sets         0 orders tried  current cost 1
    W_14: 52140s  118,364,471,400 steps   605097 feasible sets         0 orders tried  current cost 6
    W_14: 52155s  118,399,176,600 steps   605288 feasible sets         0 orders tried  current cost 1
    W_14: 52170s  118,433,581,200 steps   605473 feasible sets         0 orders tried  current cost 13
    W_14: 52185s  118,467,820,200 steps   605658 feasible sets         0 orders tried  current cost 13
    W_14: 52200s  118,502,270,000 steps   605794 feasible sets         0 orders tried  current cost 6
    W_14: 52215s  118,537,001,200 steps   605985 feasible sets         0 orders tried  current cost 10
    W_14: 52230s  118,571,997,000 steps   606168 feasible sets         0 orders tried  current cost 4
    W_14: 52245s  118,606,713,600 steps   606335 feasible sets         0 orders tried  current cost 5
    W_14: 52260s  118,641,371,800 steps   606498 feasible sets         0 orders tried  current cost 4
    W_14: 52275s  118,676,177,200 steps   606652 feasible sets         0 orders tried  current cost 4
    W_14: 52290s  118,711,319,200 steps   606828 feasible sets         0 orders tried  current cost 4
    W_14: 52305s  118,745,918,600 steps   607001 feasible sets         0 orders tried  current cost 1
    W_14: 52320s  118,780,544,600 steps   607152 feasible sets         0 orders tried  current cost 10
    W_14: 52335s  118,815,635,000 steps   607332 feasible sets         0 orders tried  current cost 4
    W_14: 52350s  118,850,169,800 steps   607492 feasible sets         0 orders tried  current cost 2
    W_14: 52365s  118,884,272,400 steps   607668 feasible sets         0 orders tried  current cost 3
    W_14: 52380s  118,919,266,600 steps   607830 feasible sets         0 orders tried  current cost 6
    W_14: 52395s  118,954,165,200 steps   608003 feasible sets         0 orders tried  current cost 9
    W_14: 52410s  118,989,013,600 steps   608154 feasible sets         0 orders tried  current cost 3
    W_14: 52425s  119,024,004,400 steps   608333 feasible sets         0 orders tried  current cost 8
    W_14: 52440s  119,058,449,000 steps   608531 feasible sets         0 orders tried  current cost 4
    W_14: 52455s  119,093,287,000 steps   608704 feasible sets         0 orders tried  current cost 7
    W_14: 52470s  119,127,950,400 steps   608887 feasible sets         0 orders tried  current cost 4
    W_14: 52485s  119,162,828,400 steps   609065 feasible sets         0 orders tried  current cost 7
    W_14: 52500s  119,197,251,000 steps   609215 feasible sets         0 orders tried  current cost 3
    W_14: 52515s  119,231,777,400 steps   609389 feasible sets         0 orders tried  current cost 2
    W_14: 52530s  119,266,449,400 steps   609565 feasible sets         0 orders tried  current cost 5
    W_14: 52545s  119,301,068,000 steps   609736 feasible sets         0 orders tried  current cost 6
    W_14: 52560s  119,335,781,000 steps   609925 feasible sets         0 orders tried  current cost 15
    W_14: 52575s  119,370,421,800 steps   610141 feasible sets         0 orders tried  current cost 10
    W_14: 52590s  119,405,091,400 steps   610284 feasible sets         0 orders tried  current cost 4
    W_14: 52605s  119,440,412,600 steps   610472 feasible sets         0 orders tried  current cost 3
    W_14: 52620s  119,474,852,400 steps   610655 feasible sets         0 orders tried  current cost 6
    W_14: 52635s  119,509,327,800 steps   610844 feasible sets         0 orders tried  current cost 7
    W_14: 52650s  119,544,339,400 steps   611057 feasible sets         0 orders tried  current cost 3
    W_14: 52665s  119,579,154,400 steps   611258 feasible sets         0 orders tried  current cost 1
    W_14: 52680s  119,613,590,600 steps   611421 feasible sets         0 orders tried  current cost 4
    W_14: 52695s  119,648,538,400 steps   611621 feasible sets         0 orders tried  current cost 3
    W_14: 52710s  119,683,358,200 steps   611808 feasible sets         0 orders tried  current cost 1
    W_14: 52725s  119,718,261,400 steps   611965 feasible sets         0 orders tried  current cost 11
    W_14: 52740s  119,752,744,800 steps   612127 feasible sets         0 orders tried  current cost 11
    W_14: 52755s  119,788,115,200 steps   612321 feasible sets         0 orders tried  current cost 6
    W_14: 52770s  119,822,781,600 steps   612453 feasible sets         0 orders tried  current cost 10
    W_14: 52785s  119,857,661,200 steps   612623 feasible sets         0 orders tried  current cost 10
    W_14: 52800s  119,892,607,000 steps   612805 feasible sets         0 orders tried  current cost 5
    W_14: 52815s  119,927,318,600 steps   612973 feasible sets         0 orders tried  current cost 2
    W_14: 52830s  119,961,872,800 steps   613135 feasible sets         0 orders tried  current cost 4
    W_14: 52845s  119,996,659,800 steps   613328 feasible sets         0 orders tried  current cost 2
    W_14: 52860s  120,031,569,000 steps   613539 feasible sets         0 orders tried  current cost 4
    W_14: 52875s  120,066,400,200 steps   613721 feasible sets         0 orders tried  current cost 16
    W_14: 52890s  120,101,435,400 steps   613884 feasible sets         0 orders tried  current cost 2
    W_14: 52905s  120,136,351,600 steps   614057 feasible sets         0 orders tried  current cost 4
    W_14: 52920s  120,171,243,400 steps   614251 feasible sets         0 orders tried  current cost 8
    W_14: 52935s  120,205,972,000 steps   614434 feasible sets         0 orders tried  current cost 5
    W_14: 52950s  120,240,480,800 steps   614609 feasible sets         0 orders tried  current cost 14
    W_14: 52965s  120,275,391,400 steps   614791 feasible sets         0 orders tried  current cost 3
    W_14: 52980s  120,310,006,400 steps   614964 feasible sets         0 orders tried  current cost 11
    W_14: 52995s  120,344,983,800 steps   615113 feasible sets         0 orders tried  current cost 9
    W_14: 53010s  120,379,511,400 steps   615300 feasible sets         0 orders tried  current cost 5
    W_14: 53025s  120,414,049,200 steps   615459 feasible sets         0 orders tried  current cost 6
    W_14: 53040s  120,448,702,800 steps   615610 feasible sets         0 orders tried  current cost 14
    W_14: 53055s  120,483,087,400 steps   615790 feasible sets         0 orders tried  current cost 2
    W_14: 53070s  120,517,916,200 steps   616019 feasible sets         0 orders tried  current cost 4
    W_14: 53085s  120,552,612,800 steps   616154 feasible sets         0 orders tried  current cost 4
    W_14: 53100s  120,587,388,400 steps   616323 feasible sets         0 orders tried  current cost 4
    W_14: 53115s  120,622,124,600 steps   616494 feasible sets         0 orders tried  current cost 10
    W_14: 53130s  120,656,561,800 steps   616728 feasible sets         0 orders tried  current cost 15
    W_14: 53145s  120,691,240,600 steps   616883 feasible sets         0 orders tried  current cost 12
    W_14: 53160s  120,725,995,000 steps   617084 feasible sets         0 orders tried  current cost 3
    W_14: 53175s  120,760,626,800 steps   617267 feasible sets         0 orders tried  current cost 11
    W_14: 53190s  120,795,378,800 steps   617458 feasible sets         0 orders tried  current cost 3
    W_14: 53205s  120,830,102,800 steps   617660 feasible sets         0 orders tried  current cost 10
    W_14: 53220s  120,864,443,800 steps   617837 feasible sets         0 orders tried  current cost 11
    W_14: 53235s  120,899,155,600 steps   617983 feasible sets         0 orders tried  current cost 3
    W_14: 53250s  120,933,894,600 steps   618190 feasible sets         0 orders tried  current cost 3
    W_14: 53265s  120,968,862,200 steps   618384 feasible sets         0 orders tried  current cost 8
    W_14: 53280s  121,004,030,800 steps   618534 feasible sets         0 orders tried  current cost 3
    W_14: 53295s  121,039,261,400 steps   618726 feasible sets         0 orders tried  current cost 9
    W_14: 53310s  121,073,892,600 steps   618907 feasible sets         0 orders tried  current cost 3
    W_14: 53325s  121,108,629,400 steps   619098 feasible sets         0 orders tried  current cost 4
    W_14: 53340s  121,143,502,600 steps   619258 feasible sets         0 orders tried  current cost 10
    W_14: 53355s  121,177,888,200 steps   619418 feasible sets         0 orders tried  current cost 6
    W_14: 53370s  121,212,441,200 steps   619598 feasible sets         0 orders tried  current cost 9
    W_14: 53385s  121,246,926,200 steps   619775 feasible sets         0 orders tried  current cost 6
    W_14: 53400s  121,281,657,600 steps   619963 feasible sets         0 orders tried  current cost 5
    W_14: 53415s  121,316,372,400 steps   620154 feasible sets         0 orders tried  current cost 3
    W_14: 53430s  121,351,306,600 steps   620338 feasible sets         0 orders tried  current cost 7
    W_14: 53445s  121,386,466,200 steps   620504 feasible sets         0 orders tried  current cost 8
    W_14: 53460s  121,420,905,000 steps   620693 feasible sets         0 orders tried  current cost 7
    W_14: 53475s  121,455,581,600 steps   620865 feasible sets         0 orders tried  current cost 8
    W_14: 53490s  121,490,394,800 steps   621059 feasible sets         0 orders tried  current cost 4
    W_14: 53505s  121,525,019,800 steps   621243 feasible sets         0 orders tried  current cost 1
    W_14: 53520s  121,559,824,200 steps   621414 feasible sets         0 orders tried  current cost 8
    W_14: 53535s  121,594,746,200 steps   621593 feasible sets         0 orders tried  current cost 4
    W_14: 53550s  121,628,928,000 steps   621771 feasible sets         0 orders tried  current cost 5
    W_14: 53565s  121,663,597,800 steps   621974 feasible sets         0 orders tried  current cost 2
    W_14: 53580s  121,697,899,000 steps   622131 feasible sets         0 orders tried  current cost 3
    W_14: 53595s  121,732,734,000 steps   622348 feasible sets         0 orders tried  current cost 4
    W_14: 53610s  121,767,333,400 steps   622518 feasible sets         0 orders tried  current cost 1
    W_14: 53625s  121,801,882,800 steps   622670 feasible sets         0 orders tried  current cost 9
    W_14: 53640s  121,836,572,600 steps   622846 feasible sets         0 orders tried  current cost 4
    W_14: 53655s  121,871,071,200 steps   623037 feasible sets         0 orders tried  current cost 6
    W_14: 53670s  121,905,277,000 steps   623172 feasible sets         0 orders tried  current cost 2
    W_14: 53685s  121,939,914,200 steps   623302 feasible sets         0 orders tried  current cost 3
    W_14: 53700s  121,974,633,600 steps   623451 feasible sets         0 orders tried  current cost 2
    W_14: 53715s  122,009,176,600 steps   623632 feasible sets         0 orders tried  current cost 4
    W_14: 53730s  122,043,689,600 steps   623809 feasible sets         0 orders tried  current cost 5
    W_14: 53745s  122,078,801,200 steps   624001 feasible sets         0 orders tried  current cost 17
    W_14: 53760s  122,113,599,600 steps   624148 feasible sets         0 orders tried  current cost 3
    W_14: 53775s  122,148,220,600 steps   624359 feasible sets         0 orders tried  current cost 16
    W_14: 53790s  122,181,060,800 steps   624496 feasible sets         0 orders tried  current cost 17
    W_14: 53805s  122,215,827,200 steps   624676 feasible sets         0 orders tried  current cost 6
    W_14: 53820s  122,250,507,000 steps   624836 feasible sets         0 orders tried  current cost 7
    W_14: 53835s  122,284,935,200 steps   625013 feasible sets         0 orders tried  current cost 3
    W_14: 53850s  122,318,773,600 steps   625190 feasible sets         0 orders tried  current cost 3
    W_14: 53865s  122,353,220,000 steps   625373 feasible sets         0 orders tried  current cost 3
    W_14: 53880s  122,387,741,400 steps   625536 feasible sets         0 orders tried  current cost 11
    W_14: 53895s  122,422,287,600 steps   625710 feasible sets         0 orders tried  current cost 3
    W_14: 53910s  122,456,392,200 steps   625875 feasible sets         0 orders tried  current cost 3
    W_14: 53925s  122,491,068,800 steps   626050 feasible sets         0 orders tried  current cost 3
    W_14: 53940s  122,525,466,200 steps   626201 feasible sets         0 orders tried  current cost 9
    W_14: 53955s  122,559,839,000 steps   626397 feasible sets         0 orders tried  current cost 3
    W_14: 53970s  122,594,036,000 steps   626570 feasible sets         0 orders tried  current cost 3
    W_14: 53985s  122,628,281,600 steps   626734 feasible sets         0 orders tried  current cost 9
    W_14: 54000s  122,662,745,200 steps   626941 feasible sets         0 orders tried  current cost 10
    W_14: 54015s  122,696,792,600 steps   627141 feasible sets         0 orders tried  current cost 4
    W_14: 54030s  122,730,755,400 steps   627310 feasible sets         0 orders tried  current cost 3
    W_14: 54045s  122,764,875,600 steps   627525 feasible sets         0 orders tried  current cost 2
    W_14: 54060s  122,798,299,800 steps   627713 feasible sets         0 orders tried  current cost 3
    W_14: 54075s  122,830,349,800 steps   627862 feasible sets         0 orders tried  current cost 3
    W_14: 54090s  122,864,102,800 steps   628011 feasible sets         0 orders tried  current cost 7
    W_14: 54105s  122,898,082,600 steps   628182 feasible sets         0 orders tried  current cost 15
    W_14: 54120s  122,932,666,400 steps   628337 feasible sets         0 orders tried  current cost 9
    W_14: 54135s  122,967,089,800 steps   628516 feasible sets         0 orders tried  current cost 5
    W_14: 54150s  123,001,545,200 steps   628714 feasible sets         0 orders tried  current cost 11
    W_14: 54165s  123,036,062,400 steps   628883 feasible sets         0 orders tried  current cost 12
    W_14: 54180s  123,070,223,000 steps   629045 feasible sets         0 orders tried  current cost 14
    W_14: 54195s  123,104,444,400 steps   629210 feasible sets         0 orders tried  current cost 11
    W_14: 54210s  123,139,080,800 steps   629393 feasible sets         0 orders tried  current cost 20
    W_14: 54225s  123,172,894,000 steps   629562 feasible sets         0 orders tried  current cost 3
    W_14: 54240s  123,206,875,400 steps   629722 feasible sets         0 orders tried  current cost 3
    W_14: 54255s  123,241,195,600 steps   629885 feasible sets         0 orders tried  current cost 1
    W_14: 54270s  123,274,749,600 steps   630062 feasible sets         0 orders tried  current cost 2
    W_14: 54285s  123,309,051,600 steps   630240 feasible sets         0 orders tried  current cost 3
    W_14: 54300s  123,343,152,600 steps   630404 feasible sets         0 orders tried  current cost 2
    W_14: 54315s  123,377,030,400 steps   630584 feasible sets         0 orders tried  current cost 4
    W_14: 54330s  123,410,330,200 steps   630735 feasible sets         0 orders tried  current cost 8
    W_14: 54345s  123,444,306,600 steps   630910 feasible sets         0 orders tried  current cost 7
    W_14: 54360s  123,477,460,600 steps   631077 feasible sets         0 orders tried  current cost 10
    W_14: 54375s  123,509,093,200 steps   631233 feasible sets         0 orders tried  current cost 2
    W_14: 54390s  123,542,858,000 steps   631412 feasible sets         0 orders tried  current cost 2
    W_14: 54405s  123,576,988,600 steps   631559 feasible sets         0 orders tried  current cost 5
    W_14: 54420s  123,610,941,400 steps   631738 feasible sets         0 orders tried  current cost 13
    W_14: 54435s  123,644,834,400 steps   631906 feasible sets         0 orders tried  current cost 2
    W_14: 54450s  123,678,877,600 steps   632056 feasible sets         0 orders tried  current cost 1
    W_14: 54465s  123,712,771,600 steps   632236 feasible sets         0 orders tried  current cost 2
    W_14: 54480s  123,746,300,200 steps   632419 feasible sets         0 orders tried  current cost 8
    W_14: 54495s  123,780,651,800 steps   632604 feasible sets         0 orders tried  current cost 4
    W_14: 54510s  123,815,305,200 steps   632776 feasible sets         0 orders tried  current cost 6
    W_14: 54525s  123,849,550,200 steps   632947 feasible sets         0 orders tried  current cost 1
    W_14: 54540s  123,884,029,400 steps   633144 feasible sets         0 orders tried  current cost 5
    W_14: 54555s  123,918,763,200 steps   633341 feasible sets         0 orders tried  current cost 11
    W_14: 54570s  123,953,190,000 steps   633524 feasible sets         0 orders tried  current cost 4
    W_14: 54585s  123,987,285,800 steps   633726 feasible sets         0 orders tried  current cost 8
    W_14: 54600s  124,021,160,600 steps   633888 feasible sets         0 orders tried  current cost 19
    W_14: 54615s  124,055,317,600 steps   634056 feasible sets         0 orders tried  current cost 2
    W_14: 54630s  124,089,605,600 steps   634198 feasible sets         0 orders tried  current cost 10
    W_14: 54645s  124,124,076,000 steps   634388 feasible sets         0 orders tried  current cost 3
    W_14: 54660s  124,158,548,800 steps   634546 feasible sets         0 orders tried  current cost 4
    W_14: 54675s  124,192,828,800 steps   634706 feasible sets         0 orders tried  current cost 5
    W_14: 54690s  124,226,591,000 steps   634864 feasible sets         0 orders tried  current cost 2
    W_14: 54705s  124,260,771,600 steps   635037 feasible sets         0 orders tried  current cost 4
    W_14: 54720s  124,295,164,600 steps   635198 feasible sets         0 orders tried  current cost 12
    W_14: 54735s  124,328,936,000 steps   635387 feasible sets         0 orders tried  current cost 3
    W_14: 54750s  124,362,747,800 steps   635573 feasible sets         0 orders tried  current cost 8
    W_14: 54765s  124,396,018,800 steps   635691 feasible sets         0 orders tried  current cost 2
    W_14: 54780s  124,427,189,000 steps   635873 feasible sets         0 orders tried  current cost 5
    W_14: 54795s  124,460,878,600 steps   636040 feasible sets         0 orders tried  current cost 2
    W_14: 54810s  124,495,040,800 steps   636190 feasible sets         0 orders tried  current cost 23
    W_14: 54825s  124,529,049,200 steps   636373 feasible sets         0 orders tried  current cost 4
    W_14: 54840s  124,563,096,000 steps   636549 feasible sets         0 orders tried  current cost 2
    W_14: 54855s  124,597,577,600 steps   636736 feasible sets         0 orders tried  current cost 3
    W_14: 54870s  124,631,806,600 steps   636914 feasible sets         0 orders tried  current cost 8
    W_14: 54885s  124,666,115,600 steps   637098 feasible sets         0 orders tried  current cost 3
    W_14: 54900s  124,700,479,800 steps   637265 feasible sets         0 orders tried  current cost 3
    W_14: 54915s  124,734,340,000 steps   637449 feasible sets         0 orders tried  current cost 3
    W_14: 54930s  124,768,330,400 steps   637620 feasible sets         0 orders tried  current cost 3
    W_14: 54945s  124,801,826,600 steps   637803 feasible sets         0 orders tried  current cost 7
    W_14: 54960s  124,835,154,600 steps   637954 feasible sets         0 orders tried  current cost 2
    W_14: 54975s  124,868,477,600 steps   638140 feasible sets         0 orders tried  current cost 1
    W_14: 54990s  124,901,113,600 steps   638319 feasible sets         0 orders tried  current cost 3
    W_14: 55005s  124,931,456,000 steps   638509 feasible sets         0 orders tried  current cost 4
    W_14: 55020s  124,962,305,200 steps   638650 feasible sets         0 orders tried  current cost 8
    W_14: 55035s  124,995,805,600 steps   638840 feasible sets         0 orders tried  current cost 9
    W_14: 55050s  125,030,112,800 steps   639020 feasible sets         0 orders tried  current cost 2
    W_14: 55065s  125,064,173,200 steps   639177 feasible sets         0 orders tried  current cost 5
    W_14: 55080s  125,098,482,600 steps   639340 feasible sets         0 orders tried  current cost 12
    W_14: 55095s  125,132,658,800 steps   639525 feasible sets         0 orders tried  current cost 3
    W_14: 55110s  125,166,506,000 steps   639688 feasible sets         0 orders tried  current cost 6
    W_14: 55125s  125,200,822,400 steps   639894 feasible sets         0 orders tried  current cost 16
    W_14: 55140s  125,234,955,000 steps   640047 feasible sets         0 orders tried  current cost 4
    W_14: 55155s  125,268,665,200 steps   640208 feasible sets         0 orders tried  current cost 12
    W_14: 55170s  125,303,735,600 steps   640397 feasible sets         0 orders tried  current cost 4
    W_14: 55185s  125,338,726,800 steps   640595 feasible sets         0 orders tried  current cost 9
    W_14: 55200s  125,373,863,600 steps   640751 feasible sets         0 orders tried  current cost 9
    W_14: 55215s  125,409,062,200 steps   640946 feasible sets         0 orders tried  current cost 17
    W_14: 55230s  125,443,783,200 steps   641160 feasible sets         0 orders tried  current cost 10
    W_14: 55245s  125,479,180,600 steps   641350 feasible sets         0 orders tried  current cost 15
    W_14: 55260s  125,514,027,200 steps   641526 feasible sets         0 orders tried  current cost 8
    W_14: 55275s  125,549,118,200 steps   641713 feasible sets         0 orders tried  current cost 5
    W_14: 55290s  125,583,814,200 steps   641874 feasible sets         0 orders tried  current cost 4
    W_14: 55305s  125,618,715,000 steps   642071 feasible sets         0 orders tried  current cost 2
    W_14: 55320s  125,653,487,400 steps   642230 feasible sets         0 orders tried  current cost 5
    W_14: 55335s  125,688,579,600 steps   642400 feasible sets         0 orders tried  current cost 2
    W_14: 55350s  125,723,882,000 steps   642571 feasible sets         0 orders tried  current cost 14
    W_14: 55365s  125,758,986,200 steps   642728 feasible sets         0 orders tried  current cost 6
    W_14: 55380s  125,793,629,400 steps   642909 feasible sets         0 orders tried  current cost 5
    W_14: 55395s  125,828,808,400 steps   643083 feasible sets         0 orders tried  current cost 4
    W_14: 55410s  125,863,694,800 steps   643282 feasible sets         0 orders tried  current cost 3
    W_14: 55425s  125,898,645,000 steps   643486 feasible sets         0 orders tried  current cost 6
    W_14: 55440s  125,933,658,800 steps   643691 feasible sets         0 orders tried  current cost 2
    W_14: 55455s  125,969,065,200 steps   643861 feasible sets         0 orders tried  current cost 11
    W_14: 55470s  126,003,964,800 steps   644013 feasible sets         0 orders tried  current cost 6
    W_14: 55485s  126,038,977,400 steps   644222 feasible sets         0 orders tried  current cost 3
    W_14: 55500s  126,074,235,600 steps   644434 feasible sets         0 orders tried  current cost 2
    W_14: 55515s  126,109,065,800 steps   644637 feasible sets         0 orders tried  current cost 6
    W_14: 55530s  126,144,019,800 steps   644792 feasible sets         0 orders tried  current cost 3
    W_14: 55545s  126,179,053,200 steps   644966 feasible sets         0 orders tried  current cost 3
    W_14: 55560s  126,214,279,400 steps   645137 feasible sets         0 orders tried  current cost 3
    W_14: 55575s  126,249,225,200 steps   645288 feasible sets         0 orders tried  current cost 10
    W_14: 55590s  126,284,184,000 steps   645443 feasible sets         0 orders tried  current cost 9
    W_14: 55605s  126,318,829,400 steps   645634 feasible sets         0 orders tried  current cost 4
    W_14: 55620s  126,354,102,000 steps   645868 feasible sets         0 orders tried  current cost 11
    W_14: 55635s  126,389,382,600 steps   646076 feasible sets         0 orders tried  current cost 10
    W_14: 55650s  126,424,578,400 steps   646297 feasible sets         0 orders tried  current cost 2
    W_14: 55665s  126,459,177,600 steps   646527 feasible sets         0 orders tried  current cost 3
    W_14: 55680s  126,494,238,200 steps   646721 feasible sets         0 orders tried  current cost 4
    W_14: 55695s  126,529,558,800 steps   646901 feasible sets         0 orders tried  current cost 4
    W_14: 55710s  126,564,834,200 steps   647087 feasible sets         0 orders tried  current cost 2
    W_14: 55725s  126,600,157,600 steps   647248 feasible sets         0 orders tried  current cost 3
    W_14: 55740s  126,635,155,000 steps   647427 feasible sets         0 orders tried  current cost 1
    W_14: 55755s  126,669,898,000 steps   647619 feasible sets         0 orders tried  current cost 3
    W_14: 55770s  126,704,750,400 steps   647803 feasible sets         0 orders tried  current cost 5
    W_14: 55785s  126,740,094,200 steps   648039 feasible sets         0 orders tried  current cost 3
    W_14: 55800s  126,774,869,400 steps   648203 feasible sets         0 orders tried  current cost 7
    W_14: 55815s  126,810,175,000 steps   648374 feasible sets         0 orders tried  current cost 1
    W_14: 55830s  126,845,354,000 steps   648567 feasible sets         0 orders tried  current cost 5
    W_14: 55845s  126,880,905,400 steps   648763 feasible sets         0 orders tried  current cost 8
    W_14: 55860s  126,916,175,000 steps   648975 feasible sets         0 orders tried  current cost 3
    W_14: 55875s  126,951,714,000 steps   649167 feasible sets         0 orders tried  current cost 3
    W_14: 55890s  126,986,749,600 steps   649329 feasible sets         0 orders tried  current cost 8
    W_14: 55905s  127,021,884,600 steps   649490 feasible sets         0 orders tried  current cost 10
    W_14: 55920s  127,056,875,200 steps   649676 feasible sets         0 orders tried  current cost 4
    W_14: 55935s  127,092,599,200 steps   649858 feasible sets         0 orders tried  current cost 3
    W_14: 55950s  127,127,640,600 steps   650051 feasible sets         0 orders tried  current cost 12
    W_14: 55965s  127,162,149,400 steps   650235 feasible sets         0 orders tried  current cost 6
    W_14: 55980s  127,197,221,200 steps   650432 feasible sets         0 orders tried  current cost 8
    W_14: 55995s  127,231,951,800 steps   650620 feasible sets         0 orders tried  current cost 2
    W_14: 56010s  127,266,956,400 steps   650737 feasible sets         0 orders tried  current cost 3
    W_14: 56025s  127,301,912,600 steps   650915 feasible sets         0 orders tried  current cost 3
    W_14: 56040s  127,337,217,000 steps   651068 feasible sets         0 orders tried  current cost 2
    W_14: 56055s  127,372,172,400 steps   651210 feasible sets         0 orders tried  current cost 4
    W_14: 56070s  127,407,210,200 steps   651407 feasible sets         0 orders tried  current cost 5
    W_14: 56085s  127,442,170,200 steps   651613 feasible sets         0 orders tried  current cost 4
    W_14: 56100s  127,477,021,000 steps   651775 feasible sets         0 orders tried  current cost 15
    W_14: 56115s  127,511,708,800 steps   651947 feasible sets         0 orders tried  current cost 6
    W_14: 56130s  127,546,505,800 steps   652153 feasible sets         0 orders tried  current cost 9
    W_14: 56145s  127,581,837,000 steps   652321 feasible sets         0 orders tried  current cost 2
    W_14: 56160s  127,617,121,600 steps   652515 feasible sets         0 orders tried  current cost 12
    W_14: 56175s  127,651,954,200 steps   652694 feasible sets         0 orders tried  current cost 4
    W_14: 56190s  127,687,544,400 steps   652892 feasible sets         0 orders tried  current cost 7
    W_14: 56205s  127,722,765,200 steps   653071 feasible sets         0 orders tried  current cost 12
    W_14: 56220s  127,757,941,000 steps   653232 feasible sets         0 orders tried  current cost 13
    W_14: 56235s  127,793,031,800 steps   653424 feasible sets         0 orders tried  current cost 4
    W_14: 56250s  127,828,428,800 steps   653597 feasible sets         0 orders tried  current cost 3
    W_14: 56265s  127,863,031,200 steps   653770 feasible sets         0 orders tried  current cost 6
    W_14: 56280s  127,898,483,200 steps   653934 feasible sets         0 orders tried  current cost 12
    W_14: 56295s  127,933,468,200 steps   654103 feasible sets         0 orders tried  current cost 4
    W_14: 56310s  127,968,900,600 steps   654271 feasible sets         0 orders tried  current cost 13
    W_14: 56325s  128,003,886,600 steps   654444 feasible sets         0 orders tried  current cost 6
    W_14: 56340s  128,039,065,000 steps   654616 feasible sets         0 orders tried  current cost 7
    W_14: 56355s  128,074,144,200 steps   654780 feasible sets         0 orders tried  current cost 10
    W_14: 56370s  128,109,619,200 steps   654947 feasible sets         0 orders tried  current cost 1
    W_14: 56385s  128,144,754,600 steps   655134 feasible sets         0 orders tried  current cost 3
    W_14: 56400s  128,180,041,000 steps   655340 feasible sets         0 orders tried  current cost 10
    W_14: 56415s  128,214,520,200 steps   655513 feasible sets         0 orders tried  current cost 13
    W_14: 56430s  128,249,526,200 steps   655684 feasible sets         0 orders tried  current cost 6
    W_14: 56445s  128,284,183,400 steps   655842 feasible sets         0 orders tried  current cost 13
    W_14: 56460s  128,319,014,600 steps   655992 feasible sets         0 orders tried  current cost 2
    W_14: 56475s  128,354,288,600 steps   656179 feasible sets         0 orders tried  current cost 7
    W_14: 56490s  128,389,475,400 steps   656379 feasible sets         0 orders tried  current cost 4
    W_14: 56505s  128,424,082,800 steps   656552 feasible sets         0 orders tried  current cost 12
    W_14: 56520s  128,458,827,800 steps   656751 feasible sets         0 orders tried  current cost 5
    W_14: 56535s  128,494,434,400 steps   656937 feasible sets         0 orders tried  current cost 2
    W_14: 56550s  128,529,443,800 steps   657151 feasible sets         0 orders tried  current cost 9
    W_14: 56565s  128,564,473,200 steps   657303 feasible sets         0 orders tried  current cost 3
    W_14: 56580s  128,599,987,000 steps   657485 feasible sets         0 orders tried  current cost 8
    W_14: 56595s  128,635,007,800 steps   657660 feasible sets         0 orders tried  current cost 4
    W_14: 56610s  128,669,775,400 steps   657826 feasible sets         0 orders tried  current cost 4
    W_14: 56625s  128,704,719,600 steps   658011 feasible sets         0 orders tried  current cost 2
    W_14: 56640s  128,739,829,800 steps   658184 feasible sets         0 orders tried  current cost 6
    W_14: 56655s  128,774,678,000 steps   658334 feasible sets         0 orders tried  current cost 3
    W_14: 56670s  128,810,048,000 steps   658531 feasible sets         0 orders tried  current cost 5
    W_14: 56685s  128,845,124,000 steps   658724 feasible sets         0 orders tried  current cost 12
    W_14: 56700s  128,879,917,600 steps   658906 feasible sets         0 orders tried  current cost 3
    W_14: 56715s  128,915,100,200 steps   659124 feasible sets         0 orders tried  current cost 11
    W_14: 56730s  128,950,418,000 steps   659308 feasible sets         0 orders tried  current cost 1
    W_14: 56745s  128,985,455,400 steps   659522 feasible sets         0 orders tried  current cost 3
    W_14: 56760s  129,020,511,800 steps   659684 feasible sets         0 orders tried  current cost 5
    W_14: 56775s  129,055,882,200 steps   659889 feasible sets         0 orders tried  current cost 9
    W_14: 56790s  129,090,863,200 steps   660088 feasible sets         0 orders tried  current cost 7
    W_14: 56805s  129,125,781,400 steps   660267 feasible sets         0 orders tried  current cost 11
    W_14: 56820s  129,160,650,000 steps   660420 feasible sets         0 orders tried  current cost 4
    W_14: 56835s  129,195,522,800 steps   660582 feasible sets         0 orders tried  current cost 12
    W_14: 56850s  129,230,448,200 steps   660785 feasible sets         0 orders tried  current cost 2
    W_14: 56865s  129,265,712,800 steps   660970 feasible sets         0 orders tried  current cost 2
    W_14: 56880s  129,300,629,200 steps   661139 feasible sets         0 orders tried  current cost 4
    W_14: 56895s  129,335,568,600 steps   661281 feasible sets         0 orders tried  current cost 5
    W_14: 56910s  129,370,615,600 steps   661478 feasible sets         0 orders tried  current cost 4
    W_14: 56925s  129,405,230,800 steps   661628 feasible sets         0 orders tried  current cost 3
    W_14: 56940s  129,440,317,400 steps   661802 feasible sets         0 orders tried  current cost 4
    W_14: 56955s  129,474,982,800 steps   661976 feasible sets         0 orders tried  current cost 10
    W_14: 56970s  129,510,141,600 steps   662152 feasible sets         0 orders tried  current cost 14
    W_14: 56985s  129,545,150,000 steps   662332 feasible sets         0 orders tried  current cost 4
    W_14: 57000s  129,580,018,400 steps   662471 feasible sets         0 orders tried  current cost 2
    W_14: 57015s  129,615,215,200 steps   662670 feasible sets         0 orders tried  current cost 2
    W_14: 57030s  129,650,174,000 steps   662824 feasible sets         0 orders tried  current cost 4
    W_14: 57045s  129,685,492,400 steps   663024 feasible sets         0 orders tried  current cost 3
    W_14: 57060s  129,720,795,200 steps   663239 feasible sets         0 orders tried  current cost 3
    W_14: 57075s  129,755,954,800 steps   663435 feasible sets         0 orders tried  current cost 2
    W_14: 57090s  129,791,048,000 steps   663637 feasible sets         0 orders tried  current cost 6
    W_14: 57105s  129,826,053,800 steps   663828 feasible sets         0 orders tried  current cost 1
    W_14: 57120s  129,860,738,800 steps   663988 feasible sets         0 orders tried  current cost 3
    W_14: 57135s  129,895,546,600 steps   664133 feasible sets         0 orders tried  current cost 3
    W_14: 57150s  129,930,560,000 steps   664308 feasible sets         0 orders tried  current cost 2
    W_14: 57165s  129,966,024,200 steps   664531 feasible sets         0 orders tried  current cost 6
    W_14: 57180s  130,001,503,800 steps   664698 feasible sets         0 orders tried  current cost 10
    W_14: 57195s  130,037,085,600 steps   664848 feasible sets         0 orders tried  current cost 6
    W_14: 57210s  130,072,294,800 steps   665022 feasible sets         0 orders tried  current cost 1
    W_14: 57225s  130,107,333,800 steps   665213 feasible sets         0 orders tried  current cost 3
    W_14: 57240s  130,142,435,600 steps   665382 feasible sets         0 orders tried  current cost 3
    W_14: 57255s  130,177,533,000 steps   665570 feasible sets         0 orders tried  current cost 4
    W_14: 57270s  130,212,847,400 steps   665722 feasible sets         0 orders tried  current cost 6
    W_14: 57285s  130,247,953,000 steps   665927 feasible sets         0 orders tried  current cost 5
    W_14: 57300s  130,283,374,800 steps   666099 feasible sets         0 orders tried  current cost 3
    W_14: 57315s  130,318,329,800 steps   666290 feasible sets         0 orders tried  current cost 4
    W_14: 57330s  130,353,825,800 steps   666505 feasible sets         0 orders tried  current cost 9
    W_14: 57345s  130,389,069,800 steps   666697 feasible sets         0 orders tried  current cost 4
    W_14: 57360s  130,424,038,600 steps   666876 feasible sets         0 orders tried  current cost 4
    W_14: 57375s  130,458,829,400 steps   667035 feasible sets         0 orders tried  current cost 5
    W_14: 57390s  130,493,874,200 steps   667227 feasible sets         0 orders tried  current cost 2
    W_14: 57405s  130,528,997,800 steps   667397 feasible sets         0 orders tried  current cost 1
    W_14: 57420s  130,564,098,200 steps   667573 feasible sets         0 orders tried  current cost 3
    W_14: 57435s  130,599,018,000 steps   667740 feasible sets         0 orders tried  current cost 2
    W_14: 57450s  130,633,960,000 steps   667912 feasible sets         0 orders tried  current cost 3
    W_14: 57465s  130,669,290,400 steps   668083 feasible sets         0 orders tried  current cost 5
    W_14: 57480s  130,704,401,200 steps   668245 feasible sets         0 orders tried  current cost 9
    W_14: 57495s  130,739,708,600 steps   668426 feasible sets         0 orders tried  current cost 5
    W_14: 57510s  130,774,776,400 steps   668580 feasible sets         0 orders tried  current cost 2
    W_14: 57525s  130,809,729,600 steps   668771 feasible sets         0 orders tried  current cost 5
    W_14: 57540s  130,844,599,200 steps   668929 feasible sets         0 orders tried  current cost 4
    W_14: 57555s  130,879,789,600 steps   669139 feasible sets         0 orders tried  current cost 4
    W_14: 57570s  130,914,867,200 steps   669296 feasible sets         0 orders tried  current cost 3
    W_14: 57585s  130,949,683,200 steps   669503 feasible sets         0 orders tried  current cost 12
    W_14: 57600s  130,984,712,600 steps   669693 feasible sets         0 orders tried  current cost 3
    W_14: 57615s  131,019,788,400 steps   669871 feasible sets         0 orders tried  current cost 3
    W_14: 57630s  131,055,153,400 steps   670074 feasible sets         0 orders tried  current cost 4
    W_14: 57645s  131,089,924,400 steps   670235 feasible sets         0 orders tried  current cost 12
    W_14: 57660s  131,124,875,800 steps   670431 feasible sets         0 orders tried  current cost 1
    W_14: 57675s  131,159,697,000 steps   670601 feasible sets         0 orders tried  current cost 4
    W_14: 57690s  131,194,929,800 steps   670752 feasible sets         0 orders tried  current cost 2
    W_14: 57705s  131,230,281,000 steps   670923 feasible sets         0 orders tried  current cost 9
    W_14: 57720s  131,265,483,400 steps   671070 feasible sets         0 orders tried  current cost 12
    W_14: 57735s  131,300,523,600 steps   671281 feasible sets         0 orders tried  current cost 14
    W_14: 57750s  131,335,293,600 steps   671440 feasible sets         0 orders tried  current cost 4
    W_14: 57765s  131,370,522,600 steps   671594 feasible sets         0 orders tried  current cost 11
    W_14: 57780s  131,405,791,800 steps   671754 feasible sets         0 orders tried  current cost 4
    W_14: 57795s  131,441,023,200 steps   671963 feasible sets         0 orders tried  current cost 8
    W_14: 57810s  131,476,088,400 steps   672152 feasible sets         0 orders tried  current cost 5
    W_14: 57825s  131,511,162,400 steps   672363 feasible sets         0 orders tried  current cost 11
    W_14: 57840s  131,546,330,400 steps   672539 feasible sets         0 orders tried  current cost 4
    W_14: 57855s  131,581,328,200 steps   672699 feasible sets         0 orders tried  current cost 5
    W_14: 57870s  131,616,123,000 steps   672870 feasible sets         0 orders tried  current cost 12
    W_14: 57885s  131,651,397,200 steps   673013 feasible sets         0 orders tried  current cost 1
    W_14: 57900s  131,686,328,400 steps   673191 feasible sets         0 orders tried  current cost 7
    W_14: 57915s  131,721,479,600 steps   673376 feasible sets         0 orders tried  current cost 2
    W_14: 57930s  131,756,098,200 steps   673533 feasible sets         0 orders tried  current cost 2
    W_14: 57945s  131,790,945,400 steps   673715 feasible sets         0 orders tried  current cost 8
    W_14: 57960s  131,826,151,000 steps   673940 feasible sets         0 orders tried  current cost 3
    W_14: 57975s  131,861,072,200 steps   674118 feasible sets         0 orders tried  current cost 2
    W_14: 57990s  131,896,045,200 steps   674281 feasible sets         0 orders tried  current cost 11
    W_14: 58005s  131,931,200,200 steps   674448 feasible sets         0 orders tried  current cost 10
    W_14: 58020s  131,966,401,400 steps   674630 feasible sets         0 orders tried  current cost 18
    W_14: 58035s  132,002,029,600 steps   674848 feasible sets         0 orders tried  current cost 4
    W_14: 58050s  132,036,897,800 steps   675044 feasible sets         0 orders tried  current cost 3
    W_14: 58065s  132,071,555,000 steps   675231 feasible sets         0 orders tried  current cost 4
    W_14: 58080s  132,106,254,400 steps   675418 feasible sets         0 orders tried  current cost 5
    W_14: 58095s  132,141,225,200 steps   675593 feasible sets         0 orders tried  current cost 6
    W_14: 58110s  132,176,132,000 steps   675751 feasible sets         0 orders tried  current cost 6
    W_14: 58125s  132,211,263,600 steps   675944 feasible sets         0 orders tried  current cost 14
    W_14: 58140s  132,245,766,200 steps   676169 feasible sets         0 orders tried  current cost 6
    W_14: 58155s  132,280,813,000 steps   676385 feasible sets         0 orders tried  current cost 3
    W_14: 58170s  132,315,970,600 steps   676533 feasible sets         0 orders tried  current cost 4
    W_14: 58185s  132,350,945,600 steps   676731 feasible sets         0 orders tried  current cost 9
    W_14: 58200s  132,385,495,400 steps   676881 feasible sets         0 orders tried  current cost 4
    W_14: 58215s  132,420,236,800 steps   677072 feasible sets         0 orders tried  current cost 3
    W_14: 58230s  132,454,846,600 steps   677278 feasible sets         0 orders tried  current cost 12
    W_14: 58245s  132,489,736,600 steps   677429 feasible sets         0 orders tried  current cost 5
    W_14: 58260s  132,524,570,400 steps   677626 feasible sets         0 orders tried  current cost 4
    W_14: 58275s  132,559,401,000 steps   677849 feasible sets         0 orders tried  current cost 9
    W_14: 58290s  132,593,819,000 steps   678054 feasible sets         0 orders tried  current cost 4
    W_14: 58305s  132,628,559,800 steps   678212 feasible sets         0 orders tried  current cost 3
    W_14: 58320s  132,663,749,800 steps   678405 feasible sets         0 orders tried  current cost 5
    W_14: 58335s  132,698,458,200 steps   678554 feasible sets         0 orders tried  current cost 1
    W_14: 58350s  132,733,084,600 steps   678724 feasible sets         0 orders tried  current cost 11
    W_14: 58365s  132,767,765,400 steps   678933 feasible sets         0 orders tried  current cost 11
    W_14: 58380s  132,801,608,000 steps   679113 feasible sets         0 orders tried  current cost 3
    W_14: 58395s  132,833,715,200 steps   679245 feasible sets         0 orders tried  current cost 4
    W_14: 58410s  132,855,772,400 steps   679343 feasible sets         0 orders tried  current cost 3
    W_14: 58425s  132,890,499,400 steps   679544 feasible sets         0 orders tried  current cost 2
    W_14: 58440s  132,925,516,200 steps   679729 feasible sets         0 orders tried  current cost 3
    W_14: 58455s  132,961,157,000 steps   679874 feasible sets         0 orders tried  current cost 3
    W_14: 58470s  132,996,845,600 steps   680020 feasible sets         0 orders tried  current cost 8
    W_14: 58485s  133,032,451,600 steps   680208 feasible sets         0 orders tried  current cost 2
    W_14: 58500s  133,067,555,800 steps   680387 feasible sets         0 orders tried  current cost 1
    W_14: 58515s  133,102,943,800 steps   680567 feasible sets         0 orders tried  current cost 11
    W_14: 58530s  133,138,217,800 steps   680773 feasible sets         0 orders tried  current cost 2
    W_14: 58545s  133,173,290,600 steps   680947 feasible sets         0 orders tried  current cost 5
    W_14: 58560s  133,208,447,200 steps   681102 feasible sets         0 orders tried  current cost 7
    W_14: 58575s  133,243,498,200 steps   681264 feasible sets         0 orders tried  current cost 3
    W_14: 58590s  133,278,850,000 steps   681466 feasible sets         0 orders tried  current cost 3
    W_14: 58605s  133,313,700,800 steps   681623 feasible sets         0 orders tried  current cost 17
    W_14: 58620s  133,349,088,000 steps   681862 feasible sets         0 orders tried  current cost 5
    W_14: 58635s  133,384,274,600 steps   682028 feasible sets         0 orders tried  current cost 5
    W_14: 58650s  133,419,671,200 steps   682211 feasible sets         0 orders tried  current cost 3
    W_14: 58665s  133,455,000,800 steps   682423 feasible sets         0 orders tried  current cost 10
    W_14: 58680s  133,490,478,600 steps   682578 feasible sets         0 orders tried  current cost 3
    W_14: 58695s  133,525,765,400 steps   682756 feasible sets         0 orders tried  current cost 5
    W_14: 58710s  133,560,935,200 steps   682922 feasible sets         0 orders tried  current cost 1
    W_14: 58725s  133,595,906,800 steps   683127 feasible sets         0 orders tried  current cost 7
    W_14: 58740s  133,631,047,800 steps   683330 feasible sets         0 orders tried  current cost 6
    W_14: 58755s  133,666,075,600 steps   683504 feasible sets         0 orders tried  current cost 3
    W_14: 58770s  133,701,054,600 steps   683686 feasible sets         0 orders tried  current cost 4
    W_14: 58785s  133,736,056,200 steps   683869 feasible sets         0 orders tried  current cost 3
    W_14: 58800s  133,771,438,000 steps   684072 feasible sets         0 orders tried  current cost 2
    W_14: 58815s  133,806,654,000 steps   684242 feasible sets         0 orders tried  current cost 4
    W_14: 58830s  133,842,127,000 steps   684419 feasible sets         0 orders tried  current cost 6
    W_14: 58845s  133,877,336,200 steps   684591 feasible sets         0 orders tried  current cost 1
    W_14: 58860s  133,912,847,000 steps   684791 feasible sets         0 orders tried  current cost 1
    W_14: 58875s  133,948,227,600 steps   684980 feasible sets         0 orders tried  current cost 4
    W_14: 58890s  133,983,374,200 steps   685162 feasible sets         0 orders tried  current cost 5
    W_14: 58905s  134,018,737,200 steps   685323 feasible sets         0 orders tried  current cost 4
    W_14: 58920s  134,054,163,400 steps   685509 feasible sets         0 orders tried  current cost 10
    W_14: 58935s  134,089,339,200 steps   685647 feasible sets         0 orders tried  current cost 2
    W_14: 58950s  134,124,976,000 steps   685842 feasible sets         0 orders tried  current cost 3
    W_14: 58965s  134,160,301,800 steps   686036 feasible sets         0 orders tried  current cost 13
    W_14: 58980s  134,196,169,000 steps   686209 feasible sets         0 orders tried  current cost 4
    W_14: 58995s  134,231,843,600 steps   686400 feasible sets         0 orders tried  current cost 10
    W_14: 59010s  134,267,213,400 steps   686560 feasible sets         0 orders tried  current cost 3
    W_14: 59025s  134,302,910,800 steps   686756 feasible sets         0 orders tried  current cost 3
    W_14: 59040s  134,338,038,200 steps   686946 feasible sets         0 orders tried  current cost 2
    W_14: 59055s  134,373,277,800 steps   687150 feasible sets         0 orders tried  current cost 4
    W_14: 59070s  134,408,516,400 steps   687311 feasible sets         0 orders tried  current cost 4
    W_14: 59085s  134,444,406,400 steps   687468 feasible sets         0 orders tried  current cost 7
    W_14: 59100s  134,479,211,200 steps   687629 feasible sets         0 orders tried  current cost 2
    W_14: 59115s  134,514,071,200 steps   687825 feasible sets         0 orders tried  current cost 3
    W_14: 59130s  134,549,580,400 steps   688017 feasible sets         0 orders tried  current cost 9
    W_14: 59145s  134,584,925,000 steps   688163 feasible sets         0 orders tried  current cost 14
    W_14: 59160s  134,620,124,800 steps   688363 feasible sets         0 orders tried  current cost 9
    W_14: 59175s  134,655,372,200 steps   688544 feasible sets         0 orders tried  current cost 3
    W_14: 59190s  134,690,980,000 steps   688729 feasible sets         0 orders tried  current cost 2
    W_14: 59205s  134,725,832,000 steps   688913 feasible sets         0 orders tried  current cost 4
    W_14: 59220s  134,761,303,200 steps   689105 feasible sets         0 orders tried  current cost 7
    W_14: 59235s  134,795,917,400 steps   689259 feasible sets         0 orders tried  current cost 4
    W_14: 59250s  134,831,334,000 steps   689456 feasible sets         0 orders tried  current cost 2
    W_14: 59265s  134,866,141,200 steps   689627 feasible sets         0 orders tried  current cost 7
    W_14: 59280s  134,899,842,600 steps   689806 feasible sets         0 orders tried  current cost 14
    W_14: 59295s  134,934,882,400 steps   689943 feasible sets         0 orders tried  current cost 12
    W_14: 59310s  134,969,721,800 steps   690089 feasible sets         0 orders tried  current cost 7
    W_14: 59325s  135,004,938,200 steps   690280 feasible sets         0 orders tried  current cost 2
    W_14: 59340s  135,039,960,400 steps   690428 feasible sets         0 orders tried  current cost 16
    W_14: 59355s  135,075,169,800 steps   690584 feasible sets         0 orders tried  current cost 3
    W_14: 59370s  135,110,165,600 steps   690792 feasible sets         0 orders tried  current cost 6
    W_14: 59385s  135,145,567,200 steps   690956 feasible sets         0 orders tried  current cost 7
    W_14: 59400s  135,180,632,400 steps   691110 feasible sets         0 orders tried  current cost 4
    W_14: 59415s  135,215,928,400 steps   691273 feasible sets         0 orders tried  current cost 5
    W_14: 59430s  135,251,051,400 steps   691439 feasible sets         0 orders tried  current cost 4
    W_14: 59445s  135,286,375,000 steps   691698 feasible sets         0 orders tried  current cost 1
    W_14: 59460s  135,321,171,400 steps   691886 feasible sets         0 orders tried  current cost 6
    W_14: 59475s  135,356,460,000 steps   692048 feasible sets         0 orders tried  current cost 2
    W_14: 59490s  135,392,060,400 steps   692234 feasible sets         0 orders tried  current cost 11
    W_14: 59505s  135,427,190,600 steps   692407 feasible sets         0 orders tried  current cost 6
    W_14: 59520s  135,461,727,600 steps   692579 feasible sets         0 orders tried  current cost 8
    W_14: 59535s  135,496,920,200 steps   692759 feasible sets         0 orders tried  current cost 11
    W_14: 59550s  135,532,673,600 steps   692945 feasible sets         0 orders tried  current cost 4
    W_14: 59565s  135,568,179,200 steps   693127 feasible sets         0 orders tried  current cost 3
    W_14: 59580s  135,603,487,800 steps   693365 feasible sets         0 orders tried  current cost 5
    W_14: 59595s  135,639,100,000 steps   693596 feasible sets         0 orders tried  current cost 3
    W_14: 59610s  135,674,376,400 steps   693768 feasible sets         0 orders tried  current cost 2
    W_14: 59625s  135,709,588,600 steps   693934 feasible sets         0 orders tried  current cost 6
    W_14: 59640s  135,744,852,200 steps   694123 feasible sets         0 orders tried  current cost 2
    W_14: 59655s  135,779,757,600 steps   694285 feasible sets         0 orders tried  current cost 1
    W_14: 59670s  135,814,967,400 steps   694492 feasible sets         0 orders tried  current cost 7
    W_14: 59685s  135,850,241,200 steps   694652 feasible sets         0 orders tried  current cost 10
    W_14: 59700s  135,885,341,400 steps   694817 feasible sets         0 orders tried  current cost 10
    W_14: 59715s  135,920,953,400 steps   694989 feasible sets         0 orders tried  current cost 4
    W_14: 59730s  135,955,939,600 steps   695160 feasible sets         0 orders tried  current cost 3
    W_14: 59745s  135,990,863,600 steps   695327 feasible sets         0 orders tried  current cost 11
    W_14: 59760s  136,025,866,000 steps   695506 feasible sets         0 orders tried  current cost 7
    W_14: 59775s  136,061,241,200 steps   695700 feasible sets         0 orders tried  current cost 12
    W_14: 59790s  136,096,645,000 steps   695895 feasible sets         0 orders tried  current cost 10
    W_14: 59805s  136,131,671,200 steps   696080 feasible sets         0 orders tried  current cost 5
    W_14: 59820s  136,166,589,600 steps   696251 feasible sets         0 orders tried  current cost 2
    W_14: 59835s  136,201,706,600 steps   696406 feasible sets         0 orders tried  current cost 11
    W_14: 59850s  136,236,787,000 steps   696585 feasible sets         0 orders tried  current cost 5
    W_14: 59865s  136,271,447,400 steps   696774 feasible sets         0 orders tried  current cost 6
    W_14: 59880s  136,306,845,400 steps   696956 feasible sets         0 orders tried  current cost 7
    W_14: 59895s  136,342,007,600 steps   697127 feasible sets         0 orders tried  current cost 4
    W_14: 59910s  136,376,953,800 steps   697314 feasible sets         0 orders tried  current cost 1
    W_14: 59925s  136,412,517,200 steps   697494 feasible sets         0 orders tried  current cost 4
    W_14: 59940s  136,447,766,000 steps   697684 feasible sets         0 orders tried  current cost 11
    W_14: 59955s  136,483,188,200 steps   697866 feasible sets         0 orders tried  current cost 4
    W_14: 59970s  136,518,258,800 steps   698023 feasible sets         0 orders tried  current cost 2
    W_14: 59985s  136,552,981,600 steps   698185 feasible sets         0 orders tried  current cost 8
    W_14: 60000s  136,588,225,400 steps   698353 feasible sets         0 orders tried  current cost 4
    W_14: 60015s  136,623,525,400 steps   698542 feasible sets         0 orders tried  current cost 7
    W_14: 60030s  136,658,284,400 steps   698713 feasible sets         0 orders tried  current cost 8
    W_14: 60045s  136,693,848,600 steps   698926 feasible sets         0 orders tried  current cost 4
    W_14: 60060s  136,728,849,800 steps   699117 feasible sets         0 orders tried  current cost 3
    W_14: 60075s  136,764,450,000 steps   699297 feasible sets         0 orders tried  current cost 2
    W_14: 60090s  136,799,573,400 steps   699487 feasible sets         0 orders tried  current cost 3
    W_14: 60105s  136,835,059,600 steps   699679 feasible sets         0 orders tried  current cost 1
    W_14: 60120s  136,870,515,600 steps   699844 feasible sets         0 orders tried  current cost 4
    W_14: 60135s  136,905,745,200 steps   699999 feasible sets         0 orders tried  current cost 10
    W_14: 60150s  136,940,884,000 steps   700180 feasible sets         0 orders tried  current cost 11
    W_14: 60165s  136,975,857,000 steps   700376 feasible sets         0 orders tried  current cost 3
    W_14: 60180s  137,011,931,800 steps   700545 feasible sets         0 orders tried  current cost 2
    W_14: 60195s  137,046,771,800 steps   700695 feasible sets         0 orders tried  current cost 4
    W_14: 60210s  137,081,920,200 steps   700871 feasible sets         0 orders tried  current cost 9
    W_14: 60225s  137,117,446,800 steps   701037 feasible sets         0 orders tried  current cost 3
    W_14: 60240s  137,152,864,000 steps   701190 feasible sets         0 orders tried  current cost 7
    W_14: 60255s  137,188,302,800 steps   701340 feasible sets         0 orders tried  current cost 9
    W_14: 60270s  137,223,333,600 steps   701523 feasible sets         0 orders tried  current cost 3
    W_14: 60285s  137,258,869,000 steps   701686 feasible sets         0 orders tried  current cost 7
    W_14: 60300s  137,294,563,800 steps   701901 feasible sets         0 orders tried  current cost 10
    W_14: 60315s  137,329,685,800 steps   702041 feasible sets         0 orders tried  current cost 8
    W_14: 60330s  137,364,899,600 steps   702238 feasible sets         0 orders tried  current cost 3
    W_14: 60345s  137,400,523,000 steps   702411 feasible sets         0 orders tried  current cost 11
    W_14: 60360s  137,435,608,600 steps   702595 feasible sets         0 orders tried  current cost 5
    W_14: 60375s  137,470,868,600 steps   702760 feasible sets         0 orders tried  current cost 4
    W_14: 60390s  137,506,088,400 steps   702915 feasible sets         0 orders tried  current cost 4
    W_14: 60405s  137,541,296,000 steps   703112 feasible sets         0 orders tried  current cost 3
    W_14: 60420s  137,576,677,800 steps   703282 feasible sets         0 orders tried  current cost 4
    W_14: 60435s  137,611,909,600 steps   703480 feasible sets         0 orders tried  current cost 4
    W_14: 60450s  137,647,297,800 steps   703670 feasible sets         0 orders tried  current cost 4
    W_14: 60465s  137,682,757,200 steps   703859 feasible sets         0 orders tried  current cost 1
    W_14: 60480s  137,717,867,200 steps   704067 feasible sets         0 orders tried  current cost 10
    W_14: 60495s  137,753,131,400 steps   704250 feasible sets         0 orders tried  current cost 3
    W_14: 60510s  137,788,563,000 steps   704445 feasible sets         0 orders tried  current cost 10
    W_14: 60525s  137,824,039,600 steps   704628 feasible sets         0 orders tried  current cost 1
    W_14: 60540s  137,859,425,400 steps   704796 feasible sets         0 orders tried  current cost 5
    W_14: 60555s  137,894,391,800 steps   704997 feasible sets         0 orders tried  current cost 3
    W_14: 60570s  137,928,753,200 steps   705198 feasible sets         0 orders tried  current cost 3
    W_14: 60585s  137,963,438,800 steps   705351 feasible sets         0 orders tried  current cost 1
    W_14: 60600s  137,998,818,400 steps   705536 feasible sets         0 orders tried  current cost 3
    W_14: 60615s  138,033,939,000 steps   705712 feasible sets         0 orders tried  current cost 4
    W_14: 60630s  138,069,422,600 steps   705856 feasible sets         0 orders tried  current cost 11
    W_14: 60645s  138,104,919,800 steps   706055 feasible sets         0 orders tried  current cost 5
    W_14: 60660s  138,139,959,800 steps   706261 feasible sets         0 orders tried  current cost 2
    W_14: 60675s  138,175,279,600 steps   706429 feasible sets         0 orders tried  current cost 4
    W_14: 60690s  138,210,825,400 steps   706602 feasible sets         0 orders tried  current cost 7
    W_14: 60705s  138,245,697,800 steps   706803 feasible sets         0 orders tried  current cost 1
    W_14: 60720s  138,280,935,000 steps   706963 feasible sets         0 orders tried  current cost 3
    W_14: 60735s  138,316,716,600 steps   707088 feasible sets         0 orders tried  current cost 4
    W_14: 60750s  138,352,302,000 steps   707308 feasible sets         0 orders tried  current cost 13
    W_14: 60765s  138,387,991,400 steps   707514 feasible sets         0 orders tried  current cost 3
    W_14: 60780s  138,423,038,000 steps   707687 feasible sets         0 orders tried  current cost 3
    W_14: 60795s  138,458,382,400 steps   707904 feasible sets         0 orders tried  current cost 12
    W_14: 60810s  138,490,724,400 steps   708077 feasible sets         0 orders tried  current cost 7
    W_14: 60825s  138,523,675,400 steps   708273 feasible sets         0 orders tried  current cost 2
    W_14: 60840s  138,559,024,600 steps   708456 feasible sets         0 orders tried  current cost 7
    W_14: 60855s  138,594,528,800 steps   708622 feasible sets         0 orders tried  current cost 4
    W_14: 60870s  138,629,890,400 steps   708765 feasible sets         0 orders tried  current cost 4
    W_14: 60885s  138,665,139,600 steps   708935 feasible sets         0 orders tried  current cost 2
    W_14: 60900s  138,700,904,800 steps   709106 feasible sets         0 orders tried  current cost 12
    W_14: 60915s  138,736,359,400 steps   709299 feasible sets         0 orders tried  current cost 3
    W_14: 60930s  138,771,651,000 steps   709471 feasible sets         0 orders tried  current cost 2
    W_14: 60945s  138,807,137,000 steps   709663 feasible sets         0 orders tried  current cost 4
    W_14: 60960s  138,842,360,000 steps   709837 feasible sets         0 orders tried  current cost 4
    W_14: 60975s  138,877,512,000 steps   710003 feasible sets         0 orders tried  current cost 2
    W_14: 60990s  138,912,919,800 steps   710199 feasible sets         0 orders tried  current cost 2
    W_14: 61005s  138,948,361,800 steps   710405 feasible sets         0 orders tried  current cost 17
    W_14: 61020s  138,983,396,200 steps   710578 feasible sets         0 orders tried  current cost 4
    W_14: 61035s  139,018,976,400 steps   710781 feasible sets         0 orders tried  current cost 3
    W_14: 61050s  139,054,359,200 steps   710980 feasible sets         0 orders tried  current cost 1
    W_14: 61065s  139,089,728,000 steps   711158 feasible sets         0 orders tried  current cost 6
    W_14: 61080s  139,125,110,000 steps   711346 feasible sets         0 orders tried  current cost 4
    W_14: 61095s  139,160,382,800 steps   711494 feasible sets         0 orders tried  current cost 6
    W_14: 61110s  139,195,708,800 steps   711695 feasible sets         0 orders tried  current cost 2
    W_14: 61125s  139,231,148,800 steps   711880 feasible sets         0 orders tried  current cost 6
    W_14: 61140s  139,266,519,200 steps   712087 feasible sets         0 orders tried  current cost 1
    W_14: 61155s  139,301,787,800 steps   712295 feasible sets         0 orders tried  current cost 6
    W_14: 61170s  139,336,831,200 steps   712480 feasible sets         0 orders tried  current cost 7
    W_14: 61185s  139,372,178,400 steps   712646 feasible sets         0 orders tried  current cost 3
    W_14: 61200s  139,407,434,400 steps   712800 feasible sets         0 orders tried  current cost 3
    W_14: 61215s  139,442,874,800 steps   712960 feasible sets         0 orders tried  current cost 2
    W_14: 61230s  139,478,436,400 steps   713171 feasible sets         0 orders tried  current cost 2
    W_14: 61245s  139,513,402,200 steps   713297 feasible sets         0 orders tried  current cost 12
    W_14: 61260s  139,548,316,600 steps   713486 feasible sets         0 orders tried  current cost 2
    W_14: 61275s  139,583,504,000 steps   713666 feasible sets         0 orders tried  current cost 7
    W_14: 61290s  139,618,854,400 steps   713866 feasible sets         0 orders tried  current cost 4
    W_14: 61305s  139,653,686,800 steps   714014 feasible sets         0 orders tried  current cost 7
    W_14: 61320s  139,689,251,400 steps   714224 feasible sets         0 orders tried  current cost 4
    W_14: 61335s  139,724,864,400 steps   714402 feasible sets         0 orders tried  current cost 9
    W_14: 61350s  139,760,197,400 steps   714567 feasible sets         0 orders tried  current cost 3
    W_14: 61365s  139,795,601,200 steps   714735 feasible sets         0 orders tried  current cost 12
    W_14: 61380s  139,830,734,000 steps   714892 feasible sets         0 orders tried  current cost 3
    W_14: 61395s  139,865,999,800 steps   715110 feasible sets         0 orders tried  current cost 4
    W_14: 61410s  139,901,425,200 steps   715282 feasible sets         0 orders tried  current cost 9
    W_14: 61425s  139,936,619,600 steps   715472 feasible sets         0 orders tried  current cost 3
    W_14: 61440s  139,972,141,000 steps   715657 feasible sets         0 orders tried  current cost 7
    W_14: 61455s  140,007,426,200 steps   715834 feasible sets         0 orders tried  current cost 10
    W_14: 61470s  140,042,663,600 steps   716003 feasible sets         0 orders tried  current cost 14
    W_14: 61485s  140,077,341,800 steps   716189 feasible sets         0 orders tried  current cost 24
    W_14: 61500s  140,112,807,400 steps   716353 feasible sets         0 orders tried  current cost 8
    W_14: 61515s  140,147,863,000 steps   716549 feasible sets         0 orders tried  current cost 12
    W_14: 61530s  140,183,240,800 steps   716740 feasible sets         0 orders tried  current cost 13
    W_14: 61545s  140,218,093,000 steps   716949 feasible sets         0 orders tried  current cost 4
    W_14: 61560s  140,253,086,600 steps   717156 feasible sets         0 orders tried  current cost 10
    W_14: 61575s  140,288,304,800 steps   717386 feasible sets         0 orders tried  current cost 8
    W_14: 61590s  140,323,532,200 steps   717580 feasible sets         0 orders tried  current cost 1
    W_14: 61605s  140,359,014,000 steps   717743 feasible sets         0 orders tried  current cost 4
    W_14: 61620s  140,394,116,800 steps   717885 feasible sets         0 orders tried  current cost 1
    W_14: 61635s  140,429,442,400 steps   718089 feasible sets         0 orders tried  current cost 11
    W_14: 61650s  140,464,734,800 steps   718236 feasible sets         0 orders tried  current cost 2
    W_14: 61665s  140,500,204,200 steps   718401 feasible sets         0 orders tried  current cost 14
    W_14: 61680s  140,535,693,000 steps   718600 feasible sets         0 orders tried  current cost 4
    W_14: 61695s  140,570,840,400 steps   718788 feasible sets         0 orders tried  current cost 17
    W_14: 61710s  140,606,124,600 steps   718941 feasible sets         0 orders tried  current cost 12
    W_14: 61725s  140,641,373,800 steps   719124 feasible sets         0 orders tried  current cost 2
    W_14: 61740s  140,676,737,000 steps   719310 feasible sets         0 orders tried  current cost 5
    W_14: 61755s  140,711,309,000 steps   719483 feasible sets         0 orders tried  current cost 4
    W_14: 61770s  140,746,759,400 steps   719674 feasible sets         0 orders tried  current cost 3
    W_14: 61785s  140,781,998,000 steps   719842 feasible sets         0 orders tried  current cost 4
    W_14: 61800s  140,817,320,800 steps   720017 feasible sets         0 orders tried  current cost 14
    W_14: 61815s  140,853,163,400 steps   720211 feasible sets         0 orders tried  current cost 10
    W_14: 61830s  140,888,621,200 steps   720388 feasible sets         0 orders tried  current cost 13
    W_14: 61845s  140,923,930,400 steps   720569 feasible sets         0 orders tried  current cost 3
    W_14: 61860s  140,959,398,600 steps   720703 feasible sets         0 orders tried  current cost 2
    W_14: 61875s  140,994,881,800 steps   720872 feasible sets         0 orders tried  current cost 10
    W_14: 61890s  141,030,561,600 steps   721013 feasible sets         0 orders tried  current cost 8
    W_14: 61905s  141,066,079,400 steps   721186 feasible sets         0 orders tried  current cost 4
    W_14: 61920s  141,101,280,200 steps   721398 feasible sets         0 orders tried  current cost 12
    W_14: 61935s  141,136,161,400 steps   721582 feasible sets         0 orders tried  current cost 11
    W_14: 61950s  141,171,859,600 steps   721775 feasible sets         0 orders tried  current cost 2
    W_14: 61965s  141,207,500,400 steps   721967 feasible sets         0 orders tried  current cost 11
    W_14: 61980s  141,242,682,000 steps   722142 feasible sets         0 orders tried  current cost 10
    W_14: 61995s  141,277,791,600 steps   722303 feasible sets         0 orders tried  current cost 3
    W_14: 62010s  141,313,016,600 steps   722453 feasible sets         0 orders tried  current cost 1
    W_14: 62025s  141,348,405,000 steps   722661 feasible sets         0 orders tried  current cost 5
    W_14: 62040s  141,383,846,600 steps   722835 feasible sets         0 orders tried  current cost 7
    W_14: 62055s  141,419,072,000 steps   723022 feasible sets         0 orders tried  current cost 2
    W_14: 62070s  141,454,438,000 steps   723222 feasible sets         0 orders tried  current cost 3
    W_14: 62085s  141,489,867,400 steps   723359 feasible sets         0 orders tried  current cost 5
    W_14: 62100s  141,524,934,400 steps   723558 feasible sets         0 orders tried  current cost 1
    W_14: 62115s  141,560,210,000 steps   723679 feasible sets         0 orders tried  current cost 4
    W_14: 62130s  141,595,381,200 steps   723859 feasible sets         0 orders tried  current cost 14
    W_14: 62145s  141,630,638,400 steps   724021 feasible sets         0 orders tried  current cost 2
    W_14: 62160s  141,665,764,800 steps   724209 feasible sets         0 orders tried  current cost 10
    W_14: 62175s  141,701,077,600 steps   724375 feasible sets         0 orders tried  current cost 3
    W_14: 62190s  141,735,874,600 steps   724570 feasible sets         0 orders tried  current cost 2
    W_14: 62205s  141,771,281,800 steps   724743 feasible sets         0 orders tried  current cost 9
    W_14: 62220s  141,806,144,600 steps   724880 feasible sets         0 orders tried  current cost 12
    W_14: 62235s  141,841,219,400 steps   725101 feasible sets         0 orders tried  current cost 4
    W_14: 62250s  141,876,340,200 steps   725266 feasible sets         0 orders tried  current cost 11
    W_14: 62265s  141,911,859,400 steps   725446 feasible sets         0 orders tried  current cost 3
    W_14: 62280s  141,947,280,400 steps   725657 feasible sets         0 orders tried  current cost 13
    W_14: 62295s  141,982,272,400 steps   725824 feasible sets         0 orders tried  current cost 3
    W_14: 62310s  142,017,855,000 steps   726041 feasible sets         0 orders tried  current cost 5
    W_14: 62325s  142,053,184,200 steps   726217 feasible sets         0 orders tried  current cost 12
    W_14: 62340s  142,088,741,600 steps   726367 feasible sets         0 orders tried  current cost 9
    W_14: 62355s  142,123,930,200 steps   726609 feasible sets         0 orders tried  current cost 2
    W_14: 62370s  142,159,056,600 steps   726801 feasible sets         0 orders tried  current cost 5
    W_14: 62385s  142,193,661,000 steps   726972 feasible sets         0 orders tried  current cost 7
    W_14: 62400s  142,229,047,200 steps   727156 feasible sets         0 orders tried  current cost 4
    W_14: 62415s  142,264,256,400 steps   727332 feasible sets         0 orders tried  current cost 2
    W_14: 62430s  142,299,466,000 steps   727500 feasible sets         0 orders tried  current cost 6
    W_14: 62445s  142,334,425,000 steps   727679 feasible sets         0 orders tried  current cost 6
    W_14: 62460s  142,369,277,400 steps   727894 feasible sets         0 orders tried  current cost 4
    W_14: 62475s  142,404,485,800 steps   728041 feasible sets         0 orders tried  current cost 7
    W_14: 62490s  142,439,769,600 steps   728232 feasible sets         0 orders tried  current cost 5
    W_14: 62505s  142,475,559,400 steps   728414 feasible sets         0 orders tried  current cost 3
    W_14: 62520s  142,510,866,600 steps   728588 feasible sets         0 orders tried  current cost 10
    W_14: 62535s  142,546,383,200 steps   728762 feasible sets         0 orders tried  current cost 8
    W_14: 62550s  142,581,571,600 steps   728931 feasible sets         0 orders tried  current cost 3
    W_14: 62565s  142,616,449,400 steps   729080 feasible sets         0 orders tried  current cost 5
    W_14: 62580s  142,651,477,400 steps   729228 feasible sets         0 orders tried  current cost 3
    W_14: 62595s  142,686,600,600 steps   729391 feasible sets         0 orders tried  current cost 16
    W_14: 62610s  142,721,560,400 steps   729557 feasible sets         0 orders tried  current cost 15
    W_14: 62625s  142,756,790,800 steps   729734 feasible sets         0 orders tried  current cost 2
    W_14: 62640s  142,792,165,600 steps   729942 feasible sets         0 orders tried  current cost 6
    W_14: 62655s  142,827,493,600 steps   730119 feasible sets         0 orders tried  current cost 3
    W_14: 62670s  142,862,678,000 steps   730262 feasible sets         0 orders tried  current cost 3
    W_14: 62685s  142,897,913,000 steps   730453 feasible sets         0 orders tried  current cost 3
    W_14: 62700s  142,933,468,600 steps   730585 feasible sets         0 orders tried  current cost 5
    W_14: 62715s  142,969,216,800 steps   730766 feasible sets         0 orders tried  current cost 2
    W_14: 62730s  143,004,225,800 steps   730939 feasible sets         0 orders tried  current cost 5
    W_14: 62745s  143,039,763,200 steps   731141 feasible sets         0 orders tried  current cost 7
    W_14: 62760s  143,075,132,200 steps   731311 feasible sets         0 orders tried  current cost 5
    W_14: 62775s  143,110,814,200 steps   731463 feasible sets         0 orders tried  current cost 3
    W_14: 62790s  143,146,253,200 steps   731658 feasible sets         0 orders tried  current cost 1
    W_14: 62805s  143,181,381,800 steps   731853 feasible sets         0 orders tried  current cost 12
    W_14: 62820s  143,216,826,000 steps   732034 feasible sets         0 orders tried  current cost 5
    W_14: 62835s  143,251,865,200 steps   732223 feasible sets         0 orders tried  current cost 9
    W_14: 62850s  143,287,258,400 steps   732440 feasible sets         0 orders tried  current cost 3
    W_14: 62865s  143,322,245,400 steps   732620 feasible sets         0 orders tried  current cost 8
    W_14: 62880s  143,357,344,600 steps   732786 feasible sets         0 orders tried  current cost 9
    W_14: 62895s  143,392,374,400 steps   732969 feasible sets         0 orders tried  current cost 3
    W_14: 62910s  143,427,647,000 steps   733160 feasible sets         0 orders tried  current cost 8
    W_14: 62925s  143,463,022,800 steps   733330 feasible sets         0 orders tried  current cost 13
    W_14: 62940s  143,498,109,000 steps   733534 feasible sets         0 orders tried  current cost 5
    W_14: 62955s  143,533,228,800 steps   733734 feasible sets         0 orders tried  current cost 5
    W_14: 62970s  143,568,839,200 steps   733911 feasible sets         0 orders tried  current cost 2
    W_14: 62985s  143,604,220,800 steps   734088 feasible sets         0 orders tried  current cost 14
    W_14: 63000s  143,639,324,800 steps   734264 feasible sets         0 orders tried  current cost 10
    W_14: 63015s  143,674,926,200 steps   734517 feasible sets         0 orders tried  current cost 9
    W_14: 63030s  143,709,909,400 steps   734737 feasible sets         0 orders tried  current cost 4
    W_14: 63045s  143,745,125,400 steps   734898 feasible sets         0 orders tried  current cost 5
    W_14: 63060s  143,780,512,600 steps   735099 feasible sets         0 orders tried  current cost 2
    W_14: 63075s  143,814,093,200 steps   735250 feasible sets         0 orders tried  current cost 3
    W_14: 63090s  143,848,511,800 steps   735409 feasible sets         0 orders tried  current cost 3
    W_14: 63105s  143,882,821,600 steps   735545 feasible sets         0 orders tried  current cost 13
    W_14: 63120s  143,916,970,600 steps   735723 feasible sets         0 orders tried  current cost 3
    W_14: 63135s  143,950,710,200 steps   735884 feasible sets         0 orders tried  current cost 5
    W_14: 63150s  143,984,400,400 steps   736041 feasible sets         0 orders tried  current cost 6
    W_14: 63165s  144,018,947,600 steps   736185 feasible sets         0 orders tried  current cost 7
    W_14: 63180s  144,053,433,800 steps   736361 feasible sets         0 orders tried  current cost 1
    W_14: 63195s  144,087,915,000 steps   736588 feasible sets         0 orders tried  current cost 3
    W_14: 63210s  144,122,378,200 steps   736750 feasible sets         0 orders tried  current cost 3
    W_14: 63225s  144,156,867,000 steps   736898 feasible sets         0 orders tried  current cost 7
    W_14: 63240s  144,191,271,200 steps   737083 feasible sets         0 orders tried  current cost 6
    W_14: 63255s  144,225,997,800 steps   737266 feasible sets         0 orders tried  current cost 4
    W_14: 63270s  144,258,536,200 steps   737438 feasible sets         0 orders tried  current cost 4
    W_14: 63285s  144,292,653,200 steps   737620 feasible sets         0 orders tried  current cost 5
    W_14: 63300s  144,325,836,800 steps   737781 feasible sets         0 orders tried  current cost 2
    W_14: 63315s  144,360,519,000 steps   737948 feasible sets         0 orders tried  current cost 3
    W_14: 63330s  144,395,856,400 steps   738108 feasible sets         0 orders tried  current cost 4
    W_14: 63345s  144,431,202,000 steps   738296 feasible sets         0 orders tried  current cost 11
    W_14: 63360s  144,466,189,200 steps   738446 feasible sets         0 orders tried  current cost 5
    W_14: 63375s  144,501,269,000 steps   738628 feasible sets         0 orders tried  current cost 5
    W_14: 63390s  144,536,390,600 steps   738768 feasible sets         0 orders tried  current cost 5
    W_14: 63405s  144,571,549,800 steps   738933 feasible sets         0 orders tried  current cost 5
    W_14: 63420s  144,606,571,400 steps   739102 feasible sets         0 orders tried  current cost 3
    W_14: 63435s  144,641,685,600 steps   739329 feasible sets         0 orders tried  current cost 6
    W_14: 63450s  144,676,442,800 steps   739485 feasible sets         0 orders tried  current cost 7
    W_14: 63465s  144,711,557,600 steps   739663 feasible sets         0 orders tried  current cost 3
    W_14: 63480s  144,746,898,800 steps   739812 feasible sets         0 orders tried  current cost 3
    W_14: 63495s  144,782,450,600 steps   740027 feasible sets         0 orders tried  current cost 4
    W_14: 63510s  144,817,267,400 steps   740157 feasible sets         0 orders tried  current cost 6
    W_14: 63525s  144,852,456,400 steps   740345 feasible sets         0 orders tried  current cost 4
    W_14: 63540s  144,888,317,000 steps   740504 feasible sets         0 orders tried  current cost 3
    W_14: 63555s  144,923,799,400 steps   740686 feasible sets         0 orders tried  current cost 3
    W_14: 63570s  144,959,004,400 steps   740850 feasible sets         0 orders tried  current cost 10
    W_14: 63585s  144,993,930,800 steps   740992 feasible sets         0 orders tried  current cost 3
    W_14: 63600s  145,028,404,400 steps   741200 feasible sets         0 orders tried  current cost 18
    W_14: 63615s  145,063,622,200 steps   741381 feasible sets         0 orders tried  current cost 11
    W_14: 63630s  145,098,747,600 steps   741532 feasible sets         0 orders tried  current cost 6
    W_14: 63645s  145,133,414,400 steps   741713 feasible sets         0 orders tried  current cost 3
    W_14: 63660s  145,168,130,400 steps   741875 feasible sets         0 orders tried  current cost 5
    W_14: 63675s  145,203,247,000 steps   742050 feasible sets         0 orders tried  current cost 5
    W_14: 63690s  145,238,050,600 steps   742261 feasible sets         0 orders tried  current cost 4
    W_14: 63705s  145,273,049,600 steps   742435 feasible sets         0 orders tried  current cost 4
    W_14: 63720s  145,308,352,600 steps   742612 feasible sets         0 orders tried  current cost 3
    W_14: 63735s  145,343,598,000 steps   742819 feasible sets         0 orders tried  current cost 4
    W_14: 63750s  145,378,684,600 steps   743032 feasible sets         0 orders tried  current cost 8
    W_14: 63765s  145,414,375,600 steps   743212 feasible sets         0 orders tried  current cost 3
    W_14: 63780s  145,449,657,200 steps   743373 feasible sets         0 orders tried  current cost 5
    W_14: 63795s  145,484,668,600 steps   743512 feasible sets         0 orders tried  current cost 4
    W_14: 63810s  145,520,327,000 steps   743708 feasible sets         0 orders tried  current cost 9
    W_14: 63825s  145,555,687,800 steps   743881 feasible sets         0 orders tried  current cost 4
    W_14: 63840s  145,591,430,400 steps   744095 feasible sets         0 orders tried  current cost 3
    W_14: 63855s  145,626,845,600 steps   744299 feasible sets         0 orders tried  current cost 11
    W_14: 63870s  145,661,872,400 steps   744475 feasible sets         0 orders tried  current cost 3
    W_14: 63885s  145,696,826,200 steps   744641 feasible sets         0 orders tried  current cost 6
    W_14: 63900s  145,731,767,200 steps   744824 feasible sets         0 orders tried  current cost 4
    W_14: 63915s  145,766,860,800 steps   744997 feasible sets         0 orders tried  current cost 8
    W_14: 63930s  145,801,899,800 steps   745195 feasible sets         0 orders tried  current cost 2
    W_14: 63945s  145,836,501,400 steps   745386 feasible sets         0 orders tried  current cost 11
    W_14: 63960s  145,871,416,000 steps   745553 feasible sets         0 orders tried  current cost 2
    W_14: 63975s  145,906,241,000 steps   745727 feasible sets         0 orders tried  current cost 14
    W_14: 63990s  145,941,914,000 steps   745869 feasible sets         0 orders tried  current cost 2
    W_14: 64005s  145,977,130,200 steps   746064 feasible sets         0 orders tried  current cost 1
    W_14: 64020s  146,011,965,600 steps   746244 feasible sets         0 orders tried  current cost 13
    W_14: 64035s  146,047,083,000 steps   746412 feasible sets         0 orders tried  current cost 10
    W_14: 64050s  146,082,262,800 steps   746599 feasible sets         0 orders tried  current cost 10
    W_14: 64065s  146,117,048,200 steps   746757 feasible sets         0 orders tried  current cost 3
    W_14: 64080s  146,151,785,200 steps   746934 feasible sets         0 orders tried  current cost 7
    W_14: 64095s  146,187,101,800 steps   747146 feasible sets         0 orders tried  current cost 11
    W_14: 64110s  146,222,469,200 steps   747301 feasible sets         0 orders tried  current cost 5
    W_14: 64125s  146,257,453,400 steps   747470 feasible sets         0 orders tried  current cost 4
    W_14: 64140s  146,292,595,800 steps   747649 feasible sets         0 orders tried  current cost 2
    W_14: 64155s  146,327,572,800 steps   747833 feasible sets         0 orders tried  current cost 2
    W_14: 64170s  146,362,578,800 steps   748009 feasible sets         0 orders tried  current cost 4
    W_14: 64185s  146,397,545,200 steps   748204 feasible sets         0 orders tried  current cost 7
    W_14: 64200s  146,432,209,200 steps   748333 feasible sets         0 orders tried  current cost 5
    W_14: 64215s  146,466,918,000 steps   748559 feasible sets         0 orders tried  current cost 2
    W_14: 64230s  146,501,877,200 steps   748729 feasible sets         0 orders tried  current cost 3
    W_14: 64245s  146,536,762,200 steps   748922 feasible sets         0 orders tried  current cost 12
    W_14: 64260s  146,571,361,600 steps   749055 feasible sets         0 orders tried  current cost 13
    W_14: 64275s  146,605,680,000 steps   749204 feasible sets         0 orders tried  current cost 3
    W_14: 64290s  146,640,701,400 steps   749356 feasible sets         0 orders tried  current cost 14
    W_14: 64305s  146,675,900,600 steps   749577 feasible sets         0 orders tried  current cost 16
    W_14: 64320s  146,710,197,000 steps   749769 feasible sets         0 orders tried  current cost 4
    W_14: 64335s  146,744,155,200 steps   749893 feasible sets         0 orders tried  current cost 1
    W_14: 64350s  146,777,749,600 steps   750073 feasible sets         0 orders tried  current cost 4
    W_14: 64365s  146,810,702,200 steps   750246 feasible sets         0 orders tried  current cost 13
    W_14: 64380s  146,844,072,200 steps   750443 feasible sets         0 orders tried  current cost 5
    W_14: 64395s  146,877,674,000 steps   750637 feasible sets         0 orders tried  current cost 3
    W_14: 64410s  146,912,228,800 steps   750801 feasible sets         0 orders tried  current cost 6
    W_14: 64425s  146,945,830,600 steps   750957 feasible sets         0 orders tried  current cost 5
    W_14: 64440s  146,978,991,400 steps   751173 feasible sets         0 orders tried  current cost 5
    W_14: 64455s  147,012,716,000 steps   751315 feasible sets         0 orders tried  current cost 1
    W_14: 64470s  147,047,172,000 steps   751479 feasible sets         0 orders tried  current cost 5
    W_14: 64485s  147,081,751,200 steps   751634 feasible sets         0 orders tried  current cost 3
    W_14: 64500s  147,115,883,400 steps   751810 feasible sets         0 orders tried  current cost 14
    W_14: 64515s  147,150,529,000 steps   751975 feasible sets         0 orders tried  current cost 2
    W_14: 64530s  147,185,232,000 steps   752183 feasible sets         0 orders tried  current cost 2
    W_14: 64545s  147,219,664,000 steps   752351 feasible sets         0 orders tried  current cost 15
    W_14: 64560s  147,253,855,800 steps   752544 feasible sets         0 orders tried  current cost 2
    W_14: 64575s  147,287,480,800 steps   752740 feasible sets         0 orders tried  current cost 15
    W_14: 64590s  147,321,819,800 steps   752894 feasible sets         0 orders tried  current cost 2
    W_14: 64605s  147,356,265,600 steps   753060 feasible sets         0 orders tried  current cost 9
    W_14: 64620s  147,390,794,200 steps   753284 feasible sets         0 orders tried  current cost 1
    W_14: 64635s  147,423,764,800 steps   753444 feasible sets         0 orders tried  current cost 12
    W_14: 64650s  147,458,023,000 steps   753616 feasible sets         0 orders tried  current cost 18
    W_14: 64665s  147,493,220,400 steps   753819 feasible sets         0 orders tried  current cost 12
    W_14: 64680s  147,527,672,800 steps   753983 feasible sets         0 orders tried  current cost 3
    W_14: 64695s  147,562,588,800 steps   754182 feasible sets         0 orders tried  current cost 6
    W_14: 64710s  147,597,249,000 steps   754339 feasible sets         0 orders tried  current cost 7
    W_14: 64725s  147,631,869,000 steps   754498 feasible sets         0 orders tried  current cost 5
    W_14: 64740s  147,666,281,400 steps   754700 feasible sets         0 orders tried  current cost 11
    W_14: 64755s  147,700,724,800 steps   754865 feasible sets         0 orders tried  current cost 9
    W_14: 64770s  147,735,444,600 steps   755047 feasible sets         0 orders tried  current cost 9
    W_14: 64785s  147,769,487,400 steps   755235 feasible sets         0 orders tried  current cost 8
seed=2, time limit 64800s per wheel

W_14  not found   64800s, 755447 feasible sets, 0 orders tried

0/1 wheels solved and independently verified.
A wheel not solved here is undecided, not shown to be impossible: this search is incomplete by design.
