    W_14:    15s  34,315,000 steps      186 feasible sets         0 orders tried  current cost 4
    W_14:    30s  69,080,400 steps      378 feasible sets         0 orders tried  current cost 18
    W_14:    45s  103,679,000 steps      586 feasible sets         0 orders tried  current cost 1
    W_14:    60s  137,923,600 steps      749 feasible sets         0 orders tried  current cost 16
    W_14:    75s  171,572,800 steps      924 feasible sets         0 orders tried  current cost 4
    W_14:    90s  205,805,200 steps     1115 feasible sets         0 orders tried  current cost 10
    W_14:   105s  239,950,800 steps     1316 feasible sets         0 orders tried  current cost 5
    W_14:   120s  273,866,400 steps     1489 feasible sets         0 orders tried  current cost 4
    W_14:   135s  304,060,400 steps     1623 feasible sets         0 orders tried  current cost 19
    W_14:   150s  322,199,800 steps     1694 feasible sets         0 orders tried  current cost 3
    W_14:   165s  355,756,800 steps     1852 feasible sets         0 orders tried  current cost 1
    W_14:   180s  389,677,400 steps     2056 feasible sets         0 orders tried  current cost 2
    W_14:   195s  423,316,400 steps     2264 feasible sets         0 orders tried  current cost 2
    W_14:   210s  457,396,400 steps     2445 feasible sets         0 orders tried  current cost 3
    W_14:   225s  491,540,200 steps     2632 feasible sets         0 orders tried  current cost 14
    W_14:   240s  525,548,400 steps     2774 feasible sets         0 orders tried  current cost 8
    W_14:   255s  559,829,200 steps     2934 feasible sets         0 orders tried  current cost 2
    W_14:   270s  593,705,000 steps     3106 feasible sets         0 orders tried  current cost 8
    W_14:   285s  627,613,800 steps     3272 feasible sets         0 orders tried  current cost 3
    W_14:   300s  661,628,200 steps     3412 feasible sets         0 orders tried  current cost 5
    W_14:   315s  695,599,600 steps     3582 feasible sets         0 orders tried  current cost 3
    W_14:   330s  729,875,200 steps     3784 feasible sets         0 orders tried  current cost 4
    W_14:   345s  764,326,800 steps     3967 feasible sets         0 orders tried  current cost 10
    W_14:   360s  798,288,800 steps     4148 feasible sets         0 orders tried  current cost 5
    W_14:   375s  832,834,200 steps     4341 feasible sets         0 orders tried  current cost 3
    W_14:   390s  866,938,000 steps     4508 feasible sets         0 orders tried  current cost 1
    W_14:   405s  901,070,200 steps     4688 feasible sets         0 orders tried  current cost 6
    W_14:   420s  934,893,000 steps     4845 feasible sets         0 orders tried  current cost 3
    W_14:   435s  968,816,200 steps     5006 feasible sets         0 orders tried  current cost 3
    W_14:   450s  1,002,921,000 steps     5185 feasible sets         0 orders tried  current cost 19
    W_14:   465s  1,036,985,400 steps     5338 feasible sets         0 orders tried  current cost 4
    W_14:   480s  1,071,432,600 steps     5511 feasible sets         0 orders tried  current cost 4
    W_14:   495s  1,105,985,600 steps     5648 feasible sets         0 orders tried  current cost 5
    W_14:   510s  1,140,163,800 steps     5805 feasible sets         0 orders tried  current cost 10
    W_14:   525s  1,174,527,400 steps     5998 feasible sets         0 orders tried  current cost 8
    W_14:   540s  1,208,696,800 steps     6155 feasible sets         0 orders tried  current cost 2
    W_14:   555s  1,242,454,800 steps     6329 feasible sets         0 orders tried  current cost 3
    W_14:   570s  1,276,476,600 steps     6519 feasible sets         0 orders tried  current cost 2
    W_14:   585s  1,309,578,800 steps     6683 feasible sets         0 orders tried  current cost 3
    W_14:   600s  1,343,814,000 steps     6850 feasible sets         0 orders tried  current cost 3
    W_14:   615s  1,377,956,400 steps     7032 feasible sets         0 orders tried  current cost 1
    W_14:   630s  1,412,326,600 steps     7171 feasible sets         0 orders tried  current cost 5
    W_14:   645s  1,446,423,000 steps     7338 feasible sets         0 orders tried  current cost 8
    W_14:   660s  1,480,461,600 steps     7547 feasible sets         0 orders tried  current cost 12
    W_14:   675s  1,514,605,400 steps     7708 feasible sets         0 orders tried  current cost 8
    W_14:   690s  1,548,990,000 steps     7848 feasible sets         0 orders tried  current cost 4
    W_14:   705s  1,583,296,600 steps     8037 feasible sets         0 orders tried  current cost 4
    W_14:   720s  1,617,222,600 steps     8231 feasible sets         0 orders tried  current cost 10
    W_14:   735s  1,651,318,000 steps     8416 feasible sets         0 orders tried  current cost 3
    W_14:   750s  1,685,196,800 steps     8558 feasible sets         0 orders tried  current cost 1
    W_14:   765s  1,719,262,200 steps     8730 feasible sets         0 orders tried  current cost 11
    W_14:   780s  1,753,145,600 steps     8900 feasible sets         0 orders tried  current cost 6
    W_14:   795s  1,787,124,600 steps     9077 feasible sets         0 orders tried  current cost 10
    W_14:   810s  1,821,156,600 steps     9250 feasible sets         0 orders tried  current cost 3
    W_14:   825s  1,847,503,800 steps     9374 feasible sets         0 orders tried  current cost 11
    W_14:   840s  1,866,483,200 steps     9480 feasible sets         0 orders tried  current cost 8
    W_14:   855s  1,900,369,000 steps     9647 feasible sets         0 orders tried  current cost 4
    W_14:   870s  1,934,780,400 steps     9825 feasible sets         0 orders tried  current cost 18
    W_14:   885s  1,969,295,600 steps    10023 feasible sets         0 orders tried  current cost 2
    W_14:   900s  2,003,622,600 steps    10220 feasible sets         0 orders tried  current cost 12
    W_14:   915s  2,037,443,200 steps    10364 feasible sets         0 orders tried  current cost 15
    W_14:   930s  2,071,565,600 steps    10533 feasible sets         0 orders tried  current cost 8
    W_14:   945s  2,105,524,800 steps    10704 feasible sets         0 orders tried  current cost 9
    W_14:   960s  2,139,585,600 steps    10877 feasible sets         0 orders tried  current cost 8
    W_14:   975s  2,174,001,800 steps    11085 feasible sets         0 orders tried  current cost 12
    W_14:   990s  2,208,090,600 steps    11245 feasible sets         0 orders tried  current cost 4
    W_14:  1005s  2,242,041,200 steps    11410 feasible sets         0 orders tried  current cost 22
    W_14:  1020s  2,276,055,200 steps    11565 feasible sets         0 orders tried  current cost 4
    W_14:  1035s  2,309,796,600 steps    11738 feasible sets         0 orders tried  current cost 2
    W_14:  1050s  2,343,721,800 steps    11882 feasible sets         0 orders tried  current cost 7
    W_14:  1065s  2,377,667,600 steps    12031 feasible sets         0 orders tried  current cost 5
    W_14:  1080s  2,411,834,400 steps    12196 feasible sets         0 orders tried  current cost 1
    W_14:  1095s  2,445,614,600 steps    12367 feasible sets         0 orders tried  current cost 2
    W_14:  1110s  2,479,496,800 steps    12547 feasible sets         0 orders tried  current cost 2
    W_14:  1125s  2,513,506,200 steps    12710 feasible sets         0 orders tried  current cost 5
    W_14:  1140s  2,547,779,800 steps    12890 feasible sets         0 orders tried  current cost 2
    W_14:  1155s  2,581,923,200 steps    13106 feasible sets         0 orders tried  current cost 11
    W_14:  1170s  2,615,847,400 steps    13277 feasible sets         0 orders tried  current cost 8
    W_14:  1185s  2,649,827,400 steps    13466 feasible sets         0 orders tried  current cost 7
    W_14:  1200s  2,683,866,400 steps    13632 feasible sets         0 orders tried  current cost 6
    W_14:  1215s  2,717,904,400 steps    13778 feasible sets         0 orders tried  current cost 11
    W_14:  1230s  2,752,141,000 steps    13929 feasible sets         0 orders tried  current cost 12
    W_14:  1245s  2,786,444,600 steps    14140 feasible sets         0 orders tried  current cost 11
    W_14:  1260s  2,820,529,200 steps    14320 feasible sets         0 orders tried  current cost 6
    W_14:  1275s  2,854,763,800 steps    14523 feasible sets         0 orders tried  current cost 11
    W_14:  1290s  2,888,619,600 steps    14684 feasible sets         0 orders tried  current cost 4
    W_14:  1305s  2,922,457,400 steps    14884 feasible sets         0 orders tried  current cost 3
    W_14:  1320s  2,956,466,600 steps    15049 feasible sets         0 orders tried  current cost 4
    W_14:  1335s  2,990,399,000 steps    15254 feasible sets         0 orders tried  current cost 3
    W_14:  1350s  3,022,522,600 steps    15382 feasible sets         0 orders tried  current cost 8
    W_14:  1365s  3,055,070,000 steps    15539 feasible sets         0 orders tried  current cost 3
    W_14:  1380s  3,089,105,400 steps    15752 feasible sets         0 orders tried  current cost 8
    W_14:  1395s  3,122,628,800 steps    15934 feasible sets         0 orders tried  current cost 2
    W_14:  1410s  3,156,278,400 steps    16102 feasible sets         0 orders tried  current cost 3
    W_14:  1425s  3,188,904,000 steps    16276 feasible sets         0 orders tried  current cost 11
    W_14:  1440s  3,222,155,000 steps    16459 feasible sets         0 orders tried  current cost 2
    W_14:  1455s  3,256,288,400 steps    16614 feasible sets         0 orders tried  current cost 3
    W_14:  1470s  3,290,438,800 steps    16773 feasible sets         0 orders tried  current cost 3
    W_14:  1485s  3,324,334,200 steps    16960 feasible sets         0 orders tried  current cost 5
    W_14:  1500s  3,357,913,400 steps    17139 feasible sets         0 orders tried  current cost 1
    W_14:  1515s  3,385,011,400 steps    17278 feasible sets         0 orders tried  current cost 2
    W_14:  1530s  3,399,069,800 steps    17368 feasible sets         0 orders tried  current cost 3
    W_14:  1545s  3,433,370,400 steps    17526 feasible sets         0 orders tried  current cost 4
    W_14:  1560s  3,467,964,200 steps    17701 feasible sets         0 orders tried  current cost 11
    W_14:  1575s  3,502,439,800 steps    17885 feasible sets         0 orders tried  current cost 2
    W_14:  1590s  3,537,148,400 steps    18035 feasible sets         0 orders tried  current cost 4
    W_14:  1605s  3,571,398,000 steps    18180 feasible sets         0 orders tried  current cost 3
    W_14:  1620s  3,605,481,400 steps    18319 feasible sets         0 orders tried  current cost 9
    W_14:  1635s  3,639,694,200 steps    18511 feasible sets         0 orders tried  current cost 5
    W_14:  1650s  3,674,154,000 steps    18677 feasible sets         0 orders tried  current cost 3
    W_14:  1665s  3,708,377,600 steps    18891 feasible sets         0 orders tried  current cost 2
    W_14:  1680s  3,742,889,000 steps    19096 feasible sets         0 orders tried  current cost 3
    W_14:  1695s  3,777,376,600 steps    19250 feasible sets         0 orders tried  current cost 3
    W_14:  1710s  3,811,699,600 steps    19458 feasible sets         0 orders tried  current cost 3
    W_14:  1725s  3,846,041,400 steps    19635 feasible sets         0 orders tried  current cost 10
    W_14:  1740s  3,880,292,200 steps    19812 feasible sets         0 orders tried  current cost 5
    W_14:  1755s  3,914,543,600 steps    20003 feasible sets         0 orders tried  current cost 10
    W_14:  1770s  3,948,683,800 steps    20202 feasible sets         0 orders tried  current cost 6
    W_14:  1785s  3,982,608,000 steps    20393 feasible sets         0 orders tried  current cost 6
    W_14:  1800s  4,017,011,800 steps    20614 feasible sets         0 orders tried  current cost 4
    W_14:  1815s  4,050,961,600 steps    20784 feasible sets         0 orders tried  current cost 14
    W_14:  1830s  4,085,170,000 steps    20953 feasible sets         0 orders tried  current cost 6
    W_14:  1845s  4,119,427,200 steps    21129 feasible sets         0 orders tried  current cost 5
    W_14:  1860s  4,154,162,200 steps    21284 feasible sets         0 orders tried  current cost 12
    W_14:  1875s  4,188,527,200 steps    21442 feasible sets         0 orders tried  current cost 5
    W_14:  1890s  4,222,820,400 steps    21631 feasible sets         0 orders tried  current cost 12
    W_14:  1905s  4,256,841,400 steps    21817 feasible sets         0 orders tried  current cost 17
    W_14:  1920s  4,291,163,800 steps    21998 feasible sets         0 orders tried  current cost 11
    W_14:  1935s  4,325,300,600 steps    22178 feasible sets         0 orders tried  current cost 12
    W_14:  1950s  4,359,877,000 steps    22353 feasible sets         0 orders tried  current cost 4
    W_14:  1965s  4,394,082,400 steps    22493 feasible sets         0 orders tried  current cost 13
    W_14:  1980s  4,427,916,400 steps    22657 feasible sets         0 orders tried  current cost 2
    W_14:  1995s  4,461,830,000 steps    22818 feasible sets         0 orders tried  current cost 4
    W_14:  2010s  4,496,144,800 steps    22990 feasible sets         0 orders tried  current cost 5
    W_14:  2025s  4,530,300,400 steps    23111 feasible sets         0 orders tried  current cost 14
    W_14:  2040s  4,564,646,400 steps    23269 feasible sets         0 orders tried  current cost 6
    W_14:  2055s  4,598,745,000 steps    23438 feasible sets         0 orders tried  current cost 7
    W_14:  2070s  4,633,115,200 steps    23588 feasible sets         0 orders tried  current cost 2
    W_14:  2085s  4,667,425,000 steps    23755 feasible sets         0 orders tried  current cost 9
    W_14:  2100s  4,701,671,000 steps    23988 feasible sets         0 orders tried  current cost 5
    W_14:  2115s  4,735,968,200 steps    24174 feasible sets         0 orders tried  current cost 7
    W_14:  2130s  4,770,165,200 steps    24329 feasible sets         0 orders tried  current cost 7
    W_14:  2145s  4,804,906,400 steps    24514 feasible sets         0 orders tried  current cost 10
    W_14:  2160s  4,839,070,200 steps    24685 feasible sets         0 orders tried  current cost 6
    W_14:  2175s  4,873,453,800 steps    24857 feasible sets         0 orders tried  current cost 4
    W_14:  2190s  4,907,142,800 steps    25000 feasible sets         0 orders tried  current cost 5
    W_14:  2205s  4,939,245,800 steps    25147 feasible sets         0 orders tried  current cost 10
    W_14:  2220s  4,951,954,400 steps    25198 feasible sets         0 orders tried  current cost 1
    W_14:  2235s  4,984,644,400 steps    25365 feasible sets         0 orders tried  current cost 8
    W_14:  2250s  5,019,250,600 steps    25547 feasible sets         0 orders tried  current cost 3
    W_14:  2265s  5,053,164,800 steps    25686 feasible sets         0 orders tried  current cost 9
    W_14:  2280s  5,087,119,800 steps    25843 feasible sets         0 orders tried  current cost 1
    W_14:  2295s  5,121,104,400 steps    26019 feasible sets         0 orders tried  current cost 8
    W_14:  2310s  5,155,292,800 steps    26176 feasible sets         0 orders tried  current cost 5
    W_14:  2325s  5,189,473,000 steps    26361 feasible sets         0 orders tried  current cost 1
    W_14:  2340s  5,223,424,400 steps    26513 feasible sets         0 orders tried  current cost 7
    W_14:  2355s  5,257,457,600 steps    26680 feasible sets         0 orders tried  current cost 3
    W_14:  2370s  5,291,218,400 steps    26814 feasible sets         0 orders tried  current cost 2
    W_14:  2385s  5,325,277,000 steps    26974 feasible sets         0 orders tried  current cost 2
    W_14:  2400s  5,359,817,200 steps    27172 feasible sets         0 orders tried  current cost 4
    W_14:  2415s  5,393,431,000 steps    27365 feasible sets         0 orders tried  current cost 6
    W_14:  2430s  5,427,342,400 steps    27523 feasible sets         0 orders tried  current cost 8
    W_14:  2445s  5,461,231,800 steps    27698 feasible sets         0 orders tried  current cost 3
    W_14:  2460s  5,495,406,600 steps    27861 feasible sets         0 orders tried  current cost 7
    W_14:  2475s  5,529,729,000 steps    28023 feasible sets         0 orders tried  current cost 6
    W_14:  2490s  5,563,148,000 steps    28213 feasible sets         0 orders tried  current cost 4
    W_14:  2505s  5,597,479,600 steps    28360 feasible sets         0 orders tried  current cost 2
    W_14:  2520s  5,631,509,800 steps    28558 feasible sets         0 orders tried  current cost 2
    W_14:  2535s  5,665,385,600 steps    28730 feasible sets         0 orders tried  current cost 6
    W_14:  2550s  5,699,237,600 steps    28891 feasible sets         0 orders tried  current cost 3
    W_14:  2565s  5,733,310,000 steps    29059 feasible sets         0 orders tried  current cost 3
    W_14:  2580s  5,767,246,600 steps    29198 feasible sets         0 orders tried  current cost 10
    W_14:  2595s  5,801,375,800 steps    29373 feasible sets         0 orders tried  current cost 3
    W_14:  2610s  5,835,327,200 steps    29558 feasible sets         0 orders tried  current cost 5
    W_14:  2625s  5,869,722,400 steps    29737 feasible sets         0 orders tried  current cost 13
    W_14:  2640s  5,904,223,800 steps    29910 feasible sets         0 orders tried  current cost 6
    W_14:  2655s  5,938,449,800 steps    30049 feasible sets         0 orders tried  current cost 5
    W_14:  2670s  5,972,777,400 steps    30179 feasible sets         0 orders tried  current cost 3
    W_14:  2685s  6,007,501,800 steps    30317 feasible sets         0 orders tried  current cost 10
    W_14:  2700s  6,041,753,000 steps    30464 feasible sets         0 orders tried  current cost 4
    W_14:  2715s  6,075,836,200 steps    30643 feasible sets         0 orders tried  current cost 3
    W_14:  2730s  6,109,937,400 steps    30796 feasible sets         0 orders tried  current cost 2
    W_14:  2745s  6,144,093,400 steps    30975 feasible sets         0 orders tried  current cost 4
    W_14:  2760s  6,178,122,200 steps    31185 feasible sets         0 orders tried  current cost 14
    W_14:  2775s  6,212,423,600 steps    31395 feasible sets         0 orders tried  current cost 11
    W_14:  2790s  6,247,088,800 steps    31577 feasible sets         0 orders tried  current cost 9
    W_14:  2805s  6,281,168,800 steps    31745 feasible sets         0 orders tried  current cost 6
    W_14:  2820s  6,315,236,000 steps    31947 feasible sets         0 orders tried  current cost 4
    W_14:  2835s  6,349,565,800 steps    32126 feasible sets         0 orders tried  current cost 5
    W_14:  2850s  6,383,742,400 steps    32309 feasible sets         0 orders tried  current cost 11
    W_14:  2865s  6,418,039,600 steps    32496 feasible sets         0 orders tried  current cost 5
    W_14:  2880s  6,452,185,000 steps    32665 feasible sets         0 orders tried  current cost 7
    W_14:  2895s  6,486,158,200 steps    32854 feasible sets         0 orders tried  current cost 2
    W_14:  2910s  6,520,240,800 steps    33036 feasible sets         0 orders tried  current cost 16
    W_14:  2925s  6,554,649,800 steps    33214 feasible sets         0 orders tried  current cost 4
    W_14:  2940s  6,589,081,400 steps    33386 feasible sets         0 orders tried  current cost 12
    W_14:  2955s  6,623,049,400 steps    33544 feasible sets         0 orders tried  current cost 5
    W_14:  2970s  6,657,231,400 steps    33732 feasible sets         0 orders tried  current cost 3
    W_14:  2985s  6,691,350,600 steps    33879 feasible sets         0 orders tried  current cost 2
    W_14:  3000s  6,725,428,600 steps    34052 feasible sets         0 orders tried  current cost 4
    W_14:  3015s  6,759,569,800 steps    34192 feasible sets         0 orders tried  current cost 5
    W_14:  3030s  6,794,073,400 steps    34365 feasible sets         0 orders tried  current cost 1
    W_14:  3045s  6,828,311,800 steps    34577 feasible sets         0 orders tried  current cost 2
    W_14:  3060s  6,862,414,400 steps    34736 feasible sets         0 orders tried  current cost 4
    W_14:  3075s  6,896,803,400 steps    34907 feasible sets         0 orders tried  current cost 7
    W_14:  3090s  6,930,873,400 steps    35045 feasible sets         0 orders tried  current cost 4
    W_14:  3105s  6,965,301,600 steps    35169 feasible sets         0 orders tried  current cost 13
    W_14:  3120s  6,999,450,000 steps    35324 feasible sets         0 orders tried  current cost 4
    W_14:  3135s  7,033,767,400 steps    35533 feasible sets         0 orders tried  current cost 6
    W_14:  3150s  7,067,382,000 steps    35691 feasible sets         0 orders tried  current cost 11
    W_14:  3165s  7,101,442,000 steps    35866 feasible sets         0 orders tried  current cost 10
    W_14:  3180s  7,136,046,400 steps    36030 feasible sets         0 orders tried  current cost 6
    W_14:  3195s  7,170,036,400 steps    36179 feasible sets         0 orders tried  current cost 6
    W_14:  3210s  7,204,618,600 steps    36340 feasible sets         0 orders tried  current cost 3
    W_14:  3225s  7,238,945,200 steps    36516 feasible sets         0 orders tried  current cost 12
    W_14:  3240s  7,273,296,200 steps    36691 feasible sets         0 orders tried  current cost 2
    W_14:  3255s  7,307,382,600 steps    36850 feasible sets         0 orders tried  current cost 15
    W_14:  3270s  7,341,664,000 steps    37031 feasible sets         0 orders tried  current cost 8
    W_14:  3285s  7,375,678,800 steps    37240 feasible sets         0 orders tried  current cost 2
    W_14:  3300s  7,409,634,200 steps    37421 feasible sets         0 orders tried  current cost 2
    W_14:  3315s  7,444,053,000 steps    37621 feasible sets         0 orders tried  current cost 3
    W_14:  3330s  7,477,865,400 steps    37837 feasible sets         0 orders tried  current cost 10
    W_14:  3345s  7,512,087,200 steps    38031 feasible sets         0 orders tried  current cost 7
    W_14:  3360s  7,545,125,000 steps    38173 feasible sets         0 orders tried  current cost 8
    W_14:  3375s  7,561,929,200 steps    38275 feasible sets         0 orders tried  current cost 4
    W_14:  3390s  7,594,195,000 steps    38407 feasible sets         0 orders tried  current cost 3
    W_14:  3405s  7,628,102,400 steps    38561 feasible sets         0 orders tried  current cost 10
    W_14:  3420s  7,662,401,600 steps    38743 feasible sets         0 orders tried  current cost 17
    W_14:  3435s  7,697,167,200 steps    38927 feasible sets         0 orders tried  current cost 8
    W_14:  3450s  7,731,227,600 steps    39117 feasible sets         0 orders tried  current cost 4
    W_14:  3465s  7,765,271,400 steps    39337 feasible sets         0 orders tried  current cost 3
    W_14:  3480s  7,799,344,000 steps    39478 feasible sets         0 orders tried  current cost 13
    W_14:  3495s  7,833,504,800 steps    39670 feasible sets         0 orders tried  current cost 8
    W_14:  3510s  7,867,521,600 steps    39896 feasible sets         0 orders tried  current cost 16
    W_14:  3525s  7,901,498,200 steps    40087 feasible sets         0 orders tried  current cost 2
    W_14:  3540s  7,935,583,600 steps    40266 feasible sets         0 orders tried  current cost 11
    W_14:  3555s  7,969,618,600 steps    40451 feasible sets         0 orders tried  current cost 1
    W_14:  3570s  8,003,926,000 steps    40664 feasible sets         0 orders tried  current cost 7
    W_14:  3585s  8,038,107,800 steps    40850 feasible sets         0 orders tried  current cost 5
    W_14:  3600s  8,071,940,400 steps    41012 feasible sets         0 orders tried  current cost 18
    W_14:  3615s  8,105,984,000 steps    41148 feasible sets         0 orders tried  current cost 6
    W_14:  3630s  8,140,545,000 steps    41301 feasible sets         0 orders tried  current cost 12
    W_14:  3645s  8,174,685,000 steps    41472 feasible sets         0 orders tried  current cost 12
    W_14:  3660s  8,208,729,800 steps    41642 feasible sets         0 orders tried  current cost 3
    W_14:  3675s  8,243,008,200 steps    41842 feasible sets         0 orders tried  current cost 6
    W_14:  3690s  8,277,231,800 steps    42005 feasible sets         0 orders tried  current cost 3
    W_14:  3705s  8,311,074,000 steps    42180 feasible sets         0 orders tried  current cost 5
    W_14:  3720s  8,345,433,800 steps    42386 feasible sets         0 orders tried  current cost 1
    W_14:  3735s  8,379,737,400 steps    42567 feasible sets         0 orders tried  current cost 1
    W_14:  3750s  8,414,013,800 steps    42765 feasible sets         0 orders tried  current cost 3
    W_14:  3765s  8,447,999,400 steps    42930 feasible sets         0 orders tried  current cost 4
    W_14:  3780s  8,482,186,400 steps    43107 feasible sets         0 orders tried  current cost 8
    W_14:  3795s  8,516,437,200 steps    43292 feasible sets         0 orders tried  current cost 2
    W_14:  3810s  8,550,437,000 steps    43441 feasible sets         0 orders tried  current cost 3
    W_14:  3825s  8,584,546,400 steps    43610 feasible sets         0 orders tried  current cost 6
    W_14:  3840s  8,618,946,200 steps    43768 feasible sets         0 orders tried  current cost 9
    W_14:  3855s  8,653,260,800 steps    43923 feasible sets         0 orders tried  current cost 12
    W_14:  3870s  8,687,383,200 steps    44081 feasible sets         0 orders tried  current cost 9
    W_14:  3885s  8,721,966,800 steps    44239 feasible sets         0 orders tried  current cost 6
    W_14:  3900s  8,756,046,600 steps    44374 feasible sets         0 orders tried  current cost 13
    W_14:  3915s  8,790,132,400 steps    44514 feasible sets         0 orders tried  current cost 3
    W_14:  3930s  8,824,397,800 steps    44680 feasible sets         0 orders tried  current cost 2
    W_14:  3945s  8,858,674,000 steps    44838 feasible sets         0 orders tried  current cost 4
    W_14:  3960s  8,892,696,000 steps    44964 feasible sets         0 orders tried  current cost 3
    W_14:  3975s  8,926,994,800 steps    45141 feasible sets         0 orders tried  current cost 4
    W_14:  3990s  8,961,049,200 steps    45326 feasible sets         0 orders tried  current cost 5
    W_14:  4005s  8,995,362,000 steps    45455 feasible sets         0 orders tried  current cost 11
    W_14:  4020s  9,029,802,000 steps    45590 feasible sets         0 orders tried  current cost 12
    W_14:  4035s  9,063,957,400 steps    45742 feasible sets         0 orders tried  current cost 1
    W_14:  4050s  9,097,915,400 steps    45916 feasible sets         0 orders tried  current cost 1
    W_14:  4065s  9,131,923,800 steps    46082 feasible sets         0 orders tried  current cost 12
    W_14:  4080s  9,165,564,200 steps    46279 feasible sets         0 orders tried  current cost 7
    W_14:  4095s  9,199,949,800 steps    46472 feasible sets         0 orders tried  current cost 6
    W_14:  4110s  9,233,937,600 steps    46614 feasible sets         0 orders tried  current cost 3
    W_14:  4125s  9,268,209,600 steps    46792 feasible sets         0 orders tried  current cost 5
    W_14:  4140s  9,302,382,000 steps    46968 feasible sets         0 orders tried  current cost 19
    W_14:  4155s  9,336,668,400 steps    47118 feasible sets         0 orders tried  current cost 6
    W_14:  4170s  9,370,607,600 steps    47293 feasible sets         0 orders tried  current cost 9
    W_14:  4185s  9,404,900,000 steps    47446 feasible sets         0 orders tried  current cost 4
    W_14:  4200s  9,439,056,800 steps    47574 feasible sets         0 orders tried  current cost 4
    W_14:  4215s  9,473,375,400 steps    47748 feasible sets         0 orders tried  current cost 5
    W_14:  4230s  9,507,159,000 steps    47899 feasible sets         0 orders tried  current cost 3
    W_14:  4245s  9,541,262,400 steps    48094 feasible sets         0 orders tried  current cost 12
    W_14:  4260s  9,575,020,800 steps    48257 feasible sets         0 orders tried  current cost 10
    W_14:  4275s  9,608,959,200 steps    48456 feasible sets         0 orders tried  current cost 3
    W_14:  4290s  9,643,406,600 steps    48618 feasible sets         0 orders tried  current cost 7
    W_14:  4305s  9,677,616,400 steps    48795 feasible sets         0 orders tried  current cost 4
    W_14:  4320s  9,711,387,200 steps    48967 feasible sets         0 orders tried  current cost 5
    W_14:  4335s  9,745,386,600 steps    49114 feasible sets         0 orders tried  current cost 4
    W_14:  4350s  9,779,569,000 steps    49269 feasible sets         0 orders tried  current cost 5
    W_14:  4365s  9,814,020,800 steps    49477 feasible sets         0 orders tried  current cost 18
    W_14:  4380s  9,848,068,400 steps    49605 feasible sets         0 orders tried  current cost 4
    W_14:  4395s  9,882,490,600 steps    49779 feasible sets         0 orders tried  current cost 7
    W_14:  4410s  9,916,652,600 steps    49985 feasible sets         0 orders tried  current cost 4
    W_14:  4425s  9,951,045,600 steps    50139 feasible sets         0 orders tried  current cost 9
    W_14:  4440s  9,985,288,800 steps    50310 feasible sets         0 orders tried  current cost 6
    W_14:  4455s  10,019,682,200 steps    50561 feasible sets         0 orders tried  current cost 16
    W_14:  4470s  10,053,760,800 steps    50756 feasible sets         0 orders tried  current cost 17
    W_14:  4485s  10,087,136,600 steps    50941 feasible sets         0 orders tried  current cost 3
    W_14:  4500s  10,121,305,600 steps    51131 feasible sets         0 orders tried  current cost 4
    W_14:  4515s  10,155,460,800 steps    51315 feasible sets         0 orders tried  current cost 14
    W_14:  4530s  10,171,538,600 steps    51387 feasible sets         0 orders tried  current cost 4
    W_14:  4545s  10,205,128,200 steps    51555 feasible sets         0 orders tried  current cost 5
    W_14:  4560s  10,239,786,000 steps    51737 feasible sets         0 orders tried  current cost 8
    W_14:  4575s  10,274,584,600 steps    51900 feasible sets         0 orders tried  current cost 8
    W_14:  4590s  10,308,956,800 steps    52101 feasible sets         0 orders tried  current cost 3
    W_14:  4605s  10,343,619,400 steps    52276 feasible sets         0 orders tried  current cost 3
    W_14:  4620s  10,377,930,000 steps    52484 feasible sets         0 orders tried  current cost 4
    W_14:  4635s  10,412,283,200 steps    52657 feasible sets         0 orders tried  current cost 9
    W_14:  4650s  10,446,779,000 steps    52829 feasible sets         0 orders tried  current cost 2
    W_14:  4665s  10,481,370,000 steps    53023 feasible sets         0 orders tried  current cost 6
    W_14:  4680s  10,515,444,200 steps    53162 feasible sets         0 orders tried  current cost 12
    W_14:  4695s  10,549,844,200 steps    53331 feasible sets         0 orders tried  current cost 8
    W_14:  4710s  10,584,129,000 steps    53513 feasible sets         0 orders tried  current cost 4
    W_14:  4725s  10,618,107,800 steps    53711 feasible sets         0 orders tried  current cost 7
    W_14:  4740s  10,652,285,400 steps    53927 feasible sets         0 orders tried  current cost 7
    W_14:  4755s  10,686,431,200 steps    54092 feasible sets         0 orders tried  current cost 4
    W_14:  4770s  10,720,799,400 steps    54312 feasible sets         0 orders tried  current cost 3
    W_14:  4785s  10,755,520,800 steps    54511 feasible sets         0 orders tried  current cost 14
    W_14:  4800s  10,790,018,600 steps    54747 feasible sets         0 orders tried  current cost 3
    W_14:  4815s  10,824,378,600 steps    54942 feasible sets         0 orders tried  current cost 1
    W_14:  4830s  10,858,986,800 steps    55062 feasible sets         0 orders tried  current cost 8
    W_14:  4845s  10,893,412,600 steps    55265 feasible sets         0 orders tried  current cost 6
    W_14:  4860s  10,927,813,600 steps    55433 feasible sets         0 orders tried  current cost 3
    W_14:  4875s  10,962,099,400 steps    55595 feasible sets         0 orders tried  current cost 3
    W_14:  4890s  10,996,585,000 steps    55760 feasible sets         0 orders tried  current cost 6
    W_14:  4905s  11,031,132,000 steps    55928 feasible sets         0 orders tried  current cost 2
    W_14:  4920s  11,065,576,800 steps    56077 feasible sets         0 orders tried  current cost 4
    W_14:  4935s  11,099,964,200 steps    56281 feasible sets         0 orders tried  current cost 8
    W_14:  4950s  11,134,290,400 steps    56475 feasible sets         0 orders tried  current cost 5
    W_14:  4965s  11,168,964,400 steps    56642 feasible sets         0 orders tried  current cost 12
    W_14:  4980s  11,203,678,200 steps    56784 feasible sets         0 orders tried  current cost 3
    W_14:  4995s  11,238,058,000 steps    56967 feasible sets         0 orders tried  current cost 4
    W_14:  5010s  11,272,380,000 steps    57096 feasible sets         0 orders tried  current cost 2
    W_14:  5025s  11,306,537,200 steps    57279 feasible sets         0 orders tried  current cost 1
    W_14:  5040s  11,340,956,200 steps    57472 feasible sets         0 orders tried  current cost 3
    W_14:  5055s  11,374,902,600 steps    57656 feasible sets         0 orders tried  current cost 13
    W_14:  5070s  11,409,667,000 steps    57855 feasible sets         0 orders tried  current cost 6
    W_14:  5085s  11,443,823,000 steps    58033 feasible sets         0 orders tried  current cost 12
    W_14:  5100s  11,478,233,800 steps    58187 feasible sets         0 orders tried  current cost 3
    W_14:  5115s  11,512,627,800 steps    58370 feasible sets         0 orders tried  current cost 5
    W_14:  5130s  11,546,743,600 steps    58564 feasible sets         0 orders tried  current cost 9
    W_14:  5145s  11,581,030,000 steps    58736 feasible sets         0 orders tried  current cost 2
    W_14:  5160s  11,615,225,000 steps    58912 feasible sets         0 orders tried  current cost 9
    W_14:  5175s  11,649,242,200 steps    59072 feasible sets         0 orders tried  current cost 12
    W_14:  5190s  11,683,973,000 steps    59252 feasible sets         0 orders tried  current cost 2
    W_14:  5205s  11,718,300,200 steps    59454 feasible sets         0 orders tried  current cost 12
    W_14:  5220s  11,752,572,600 steps    59620 feasible sets         0 orders tried  current cost 4
    W_14:  5235s  11,787,131,400 steps    59779 feasible sets         0 orders tried  current cost 4
    W_14:  5250s  11,821,247,800 steps    59981 feasible sets         0 orders tried  current cost 5
    W_14:  5265s  11,855,516,600 steps    60162 feasible sets         0 orders tried  current cost 2
    W_14:  5280s  11,889,860,800 steps    60319 feasible sets         0 orders tried  current cost 14
    W_14:  5295s  11,924,350,200 steps    60475 feasible sets         0 orders tried  current cost 3
    W_14:  5310s  11,958,556,600 steps    60646 feasible sets         0 orders tried  current cost 1
    W_14:  5325s  11,993,163,400 steps    60832 feasible sets         0 orders tried  current cost 14
    W_14:  5340s  12,027,776,600 steps    60997 feasible sets         0 orders tried  current cost 4
    W_14:  5355s  12,062,069,800 steps    61141 feasible sets         0 orders tried  current cost 7
    W_14:  5370s  12,096,148,400 steps    61318 feasible sets         0 orders tried  current cost 5
    W_14:  5385s  12,130,603,200 steps    61482 feasible sets         0 orders tried  current cost 11
    W_14:  5400s  12,164,884,400 steps    61669 feasible sets         0 orders tried  current cost 9
    W_14:  5415s  12,198,945,200 steps    61848 feasible sets         0 orders tried  current cost 7
    W_14:  5430s  12,233,630,800 steps    62017 feasible sets         0 orders tried  current cost 4
    W_14:  5445s  12,267,927,000 steps    62189 feasible sets         0 orders tried  current cost 5
    W_14:  5460s  12,302,234,200 steps    62377 feasible sets         0 orders tried  current cost 1
    W_14:  5475s  12,336,387,600 steps    62529 feasible sets         0 orders tried  current cost 4
    W_14:  5490s  12,370,613,000 steps    62702 feasible sets         0 orders tried  current cost 4
    W_14:  5505s  12,404,954,800 steps    62933 feasible sets         0 orders tried  current cost 4
    W_14:  5520s  12,439,175,800 steps    63129 feasible sets         0 orders tried  current cost 3
    W_14:  5535s  12,473,747,200 steps    63276 feasible sets         0 orders tried  current cost 7
    W_14:  5550s  12,508,068,600 steps    63506 feasible sets         0 orders tried  current cost 2
    W_14:  5565s  12,542,479,800 steps    63672 feasible sets         0 orders tried  current cost 1
    W_14:  5580s  12,576,785,800 steps    63874 feasible sets         0 orders tried  current cost 6
    W_14:  5595s  12,607,353,800 steps    64040 feasible sets         0 orders tried  current cost 4
    W_14:  5610s  12,635,926,200 steps    64224 feasible sets         0 orders tried  current cost 7
    W_14:  5625s  12,666,271,000 steps    64368 feasible sets         0 orders tried  current cost 6
    W_14:  5640s  12,697,638,800 steps    64563 feasible sets         0 orders tried  current cost 2
    W_14:  5655s  12,731,283,800 steps    64734 feasible sets         0 orders tried  current cost 9
    W_14:  5670s  12,762,346,800 steps    64885 feasible sets         0 orders tried  current cost 6
    W_14:  5685s  12,785,893,600 steps    64993 feasible sets         0 orders tried  current cost 2
    W_14:  5700s  12,792,147,000 steps    65020 feasible sets         0 orders tried  current cost 8
    W_14:  5715s  12,823,607,600 steps    65222 feasible sets         0 orders tried  current cost 5
    W_14:  5730s  12,858,096,400 steps    65431 feasible sets         0 orders tried  current cost 3
    W_14:  5745s  12,892,286,800 steps    65608 feasible sets         0 orders tried  current cost 9
    W_14:  5760s  12,924,728,600 steps    65789 feasible sets         0 orders tried  current cost 6
    W_14:  5775s  12,956,296,600 steps    65932 feasible sets         0 orders tried  current cost 3
    W_14:  5790s  12,986,403,600 steps    66073 feasible sets         0 orders tried  current cost 9
    W_14:  5805s  13,017,744,000 steps    66243 feasible sets         0 orders tried  current cost 12
    W_14:  5820s  13,051,062,400 steps    66453 feasible sets         0 orders tried  current cost 10
    W_14:  5835s  13,084,623,800 steps    66646 feasible sets         0 orders tried  current cost 9
    W_14:  5850s  13,118,321,400 steps    66852 feasible sets         0 orders tried  current cost 13
    W_14:  5865s  13,151,767,000 steps    66997 feasible sets         0 orders tried  current cost 6
    W_14:  5880s  13,185,599,200 steps    67186 feasible sets         0 orders tried  current cost 4
    W_14:  5895s  13,218,992,200 steps    67353 feasible sets         0 orders tried  current cost 4
    W_14:  5910s  13,253,391,400 steps    67515 feasible sets         0 orders tried  current cost 2
    W_14:  5925s  13,287,640,400 steps    67658 feasible sets         0 orders tried  current cost 13
    W_14:  5940s  13,321,906,200 steps    67824 feasible sets         0 orders tried  current cost 12
    W_14:  5955s  13,355,884,800 steps    67973 feasible sets         0 orders tried  current cost 8
    W_14:  5970s  13,390,051,400 steps    68181 feasible sets         0 orders tried  current cost 4
    W_14:  5985s  13,423,852,200 steps    68356 feasible sets         0 orders tried  current cost 3
    W_14:  6000s  13,457,973,800 steps    68535 feasible sets         0 orders tried  current cost 4
    W_14:  6015s  13,491,980,800 steps    68713 feasible sets         0 orders tried  current cost 12
    W_14:  6030s  13,526,331,600 steps    68916 feasible sets         0 orders tried  current cost 3
    W_14:  6045s  13,560,341,800 steps    69089 feasible sets         0 orders tried  current cost 9
    W_14:  6060s  13,594,451,800 steps    69239 feasible sets         0 orders tried  current cost 4
    W_14:  6075s  13,629,077,800 steps    69405 feasible sets         0 orders tried  current cost 3
    W_14:  6090s  13,663,544,400 steps    69587 feasible sets         0 orders tried  current cost 7
    W_14:  6105s  13,697,972,200 steps    69753 feasible sets         0 orders tried  current cost 4
    W_14:  6120s  13,732,137,800 steps    69907 feasible sets         0 orders tried  current cost 4
    W_14:  6135s  13,766,202,200 steps    70076 feasible sets         0 orders tried  current cost 16
    W_14:  6150s  13,800,462,800 steps    70232 feasible sets         0 orders tried  current cost 11
    W_14:  6165s  13,834,806,800 steps    70432 feasible sets         0 orders tried  current cost 10
    W_14:  6180s  13,869,122,800 steps    70610 feasible sets         0 orders tried  current cost 12
    W_14:  6195s  13,903,428,600 steps    70766 feasible sets         0 orders tried  current cost 7
    W_14:  6210s  13,937,589,800 steps    70940 feasible sets         0 orders tried  current cost 5
    W_14:  6225s  13,972,061,000 steps    71099 feasible sets         0 orders tried  current cost 17
    W_14:  6240s  14,006,640,600 steps    71284 feasible sets         0 orders tried  current cost 17
    W_14:  6255s  14,040,465,800 steps    71425 feasible sets         0 orders tried  current cost 11
    W_14:  6270s  14,074,598,800 steps    71579 feasible sets         0 orders tried  current cost 4
    W_14:  6285s  14,108,824,000 steps    71717 feasible sets         0 orders tried  current cost 7
    W_14:  6300s  14,143,022,400 steps    71854 feasible sets         0 orders tried  current cost 13
    W_14:  6315s  14,177,100,600 steps    72044 feasible sets         0 orders tried  current cost 13
    W_14:  6330s  14,211,395,800 steps    72189 feasible sets         0 orders tried  current cost 3
    W_14:  6345s  14,245,545,200 steps    72357 feasible sets         0 orders tried  current cost 7
    W_14:  6360s  14,280,063,600 steps    72531 feasible sets         0 orders tried  current cost 10
    W_14:  6375s  14,314,226,400 steps    72686 feasible sets         0 orders tried  current cost 8
    W_14:  6390s  14,348,104,800 steps    72849 feasible sets         0 orders tried  current cost 11
    W_14:  6405s  14,382,454,800 steps    72993 feasible sets         0 orders tried  current cost 2
    W_14:  6420s  14,416,753,800 steps    73190 feasible sets         0 orders tried  current cost 4
    W_14:  6435s  14,451,206,400 steps    73367 feasible sets         0 orders tried  current cost 8
    W_14:  6450s  14,485,746,200 steps    73541 feasible sets         0 orders tried  current cost 7
    W_14:  6465s  14,519,916,000 steps    73709 feasible sets         0 orders tried  current cost 2
    W_14:  6480s  14,554,199,600 steps    73888 feasible sets         0 orders tried  current cost 3
    W_14:  6495s  14,588,139,800 steps    74058 feasible sets         0 orders tried  current cost 2
    W_14:  6510s  14,622,217,200 steps    74282 feasible sets         0 orders tried  current cost 4
    W_14:  6525s  14,656,225,800 steps    74467 feasible sets         0 orders tried  current cost 8
    W_14:  6540s  14,690,391,400 steps    74618 feasible sets         0 orders tried  current cost 4
    W_14:  6555s  14,724,640,000 steps    74762 feasible sets         0 orders tried  current cost 3
    W_14:  6570s  14,758,884,600 steps    74926 feasible sets         0 orders tried  current cost 8
    W_14:  6585s  14,793,235,800 steps    75094 feasible sets         0 orders tried  current cost 3
    W_14:  6600s  14,827,392,200 steps    75257 feasible sets         0 orders tried  current cost 4
    W_14:  6615s  14,861,140,800 steps    75411 feasible sets         0 orders tried  current cost 17
    W_14:  6630s  14,895,112,800 steps    75558 feasible sets         0 orders tried  current cost 4
    W_14:  6645s  14,929,187,200 steps    75700 feasible sets         0 orders tried  current cost 7
    W_14:  6660s  14,961,013,000 steps    75875 feasible sets         0 orders tried  current cost 5
    W_14:  6675s  14,992,451,200 steps    76038 feasible sets         0 orders tried  current cost 2
    W_14:  6690s  15,024,387,600 steps    76181 feasible sets         0 orders tried  current cost 6
    W_14:  6705s  15,056,858,800 steps    76376 feasible sets         0 orders tried  current cost 3
    W_14:  6720s  15,090,962,400 steps    76594 feasible sets         0 orders tried  current cost 12
    W_14:  6735s  15,124,864,600 steps    76756 feasible sets         0 orders tried  current cost 9
    W_14:  6750s  15,159,081,000 steps    76931 feasible sets         0 orders tried  current cost 18
    W_14:  6765s  15,191,988,200 steps    77156 feasible sets         0 orders tried  current cost 3
    W_14:  6780s  15,225,621,200 steps    77337 feasible sets         0 orders tried  current cost 19
    W_14:  6795s  15,259,951,600 steps    77503 feasible sets         0 orders tried  current cost 4
    W_14:  6810s  15,293,793,400 steps    77682 feasible sets         0 orders tried  current cost 4
    W_14:  6825s  15,327,210,400 steps    77864 feasible sets         0 orders tried  current cost 6
    W_14:  6840s  15,361,673,200 steps    78040 feasible sets         0 orders tried  current cost 1
    W_14:  6855s  15,396,088,600 steps    78199 feasible sets         0 orders tried  current cost 7
    W_14:  6870s  15,430,289,800 steps    78429 feasible sets         0 orders tried  current cost 5
    W_14:  6885s  15,464,164,800 steps    78576 feasible sets         0 orders tried  current cost 8
    W_14:  6900s  15,498,408,400 steps    78733 feasible sets         0 orders tried  current cost 5
    W_14:  6915s  15,532,505,800 steps    78902 feasible sets         0 orders tried  current cost 9
    W_14:  6930s  15,566,576,600 steps    79074 feasible sets         0 orders tried  current cost 2
    W_14:  6945s  15,600,546,000 steps    79220 feasible sets         0 orders tried  current cost 9
    W_14:  6960s  15,634,389,200 steps    79421 feasible sets         0 orders tried  current cost 8
    W_14:  6975s  15,668,607,400 steps    79583 feasible sets         0 orders tried  current cost 5
    W_14:  6990s  15,702,567,800 steps    79795 feasible sets         0 orders tried  current cost 6
    W_14:  7005s  15,737,292,200 steps    79967 feasible sets         0 orders tried  current cost 2
    W_14:  7020s  15,771,555,200 steps    80100 feasible sets         0 orders tried  current cost 3
    W_14:  7035s  15,805,902,200 steps    80299 feasible sets         0 orders tried  current cost 7
    W_14:  7050s  15,840,255,600 steps    80464 feasible sets         0 orders tried  current cost 1
    W_14:  7065s  15,874,754,400 steps    80664 feasible sets         0 orders tried  current cost 4
    W_14:  7080s  15,908,917,800 steps    80866 feasible sets         0 orders tried  current cost 1
    W_14:  7095s  15,943,114,000 steps    81048 feasible sets         0 orders tried  current cost 4
    W_14:  7110s  15,977,706,600 steps    81215 feasible sets         0 orders tried  current cost 7
    W_14:  7125s  16,011,857,400 steps    81408 feasible sets         0 orders tried  current cost 3
    W_14:  7140s  16,045,627,600 steps    81592 feasible sets         0 orders tried  current cost 7
    W_14:  7155s  16,079,717,600 steps    81786 feasible sets         0 orders tried  current cost 3
    W_14:  7170s  16,113,945,000 steps    81916 feasible sets         0 orders tried  current cost 8
    W_14:  7185s  16,148,294,000 steps    82093 feasible sets         0 orders tried  current cost 1
    W_14:  7200s  16,182,754,200 steps    82250 feasible sets         0 orders tried  current cost 1
    W_14:  7215s  16,217,134,000 steps    82430 feasible sets         0 orders tried  current cost 3
    W_14:  7230s  16,251,732,800 steps    82585 feasible sets         0 orders tried  current cost 3
    W_14:  7245s  16,286,142,600 steps    82758 feasible sets         0 orders tried  current cost 5
    W_14:  7260s  16,320,428,200 steps    82978 feasible sets         0 orders tried  current cost 7
    W_14:  7275s  16,355,199,600 steps    83169 feasible sets         0 orders tried  current cost 3
    W_14:  7290s  16,389,320,400 steps    83334 feasible sets         0 orders tried  current cost 14
    W_14:  7305s  16,423,384,400 steps    83505 feasible sets         0 orders tried  current cost 7
    W_14:  7320s  16,457,618,600 steps    83656 feasible sets         0 orders tried  current cost 1
    W_14:  7335s  16,491,831,600 steps    83808 feasible sets         0 orders tried  current cost 5
    W_14:  7350s  16,526,574,000 steps    83949 feasible sets         0 orders tried  current cost 3
    W_14:  7365s  16,560,773,600 steps    84109 feasible sets         0 orders tried  current cost 3
    W_14:  7380s  16,595,223,400 steps    84288 feasible sets         0 orders tried  current cost 11
    W_14:  7395s  16,629,888,000 steps    84504 feasible sets         0 orders tried  current cost 4
    W_14:  7410s  16,663,768,800 steps    84685 feasible sets         0 orders tried  current cost 3
    W_14:  7425s  16,698,303,000 steps    84862 feasible sets         0 orders tried  current cost 13
    W_14:  7440s  16,732,623,800 steps    85088 feasible sets         0 orders tried  current cost 10
    W_14:  7455s  16,766,989,400 steps    85287 feasible sets         0 orders tried  current cost 8
    W_14:  7470s  16,801,499,400 steps    85459 feasible sets         0 orders tried  current cost 3
    W_14:  7485s  16,835,877,800 steps    85654 feasible sets         0 orders tried  current cost 3
    W_14:  7500s  16,870,631,600 steps    85804 feasible sets         0 orders tried  current cost 5
    W_14:  7515s  16,904,947,600 steps    85973 feasible sets         0 orders tried  current cost 9
    W_14:  7530s  16,939,646,200 steps    86154 feasible sets         0 orders tried  current cost 3
    W_14:  7545s  16,973,732,800 steps    86326 feasible sets         0 orders tried  current cost 2
    W_14:  7560s  17,008,555,000 steps    86513 feasible sets         0 orders tried  current cost 3
    W_14:  7575s  17,043,019,400 steps    86689 feasible sets         0 orders tried  current cost 3
    W_14:  7590s  17,077,737,400 steps    86876 feasible sets         0 orders tried  current cost 2
    W_14:  7605s  17,112,371,400 steps    87026 feasible sets         0 orders tried  current cost 4
    W_14:  7620s  17,147,044,800 steps    87190 feasible sets         0 orders tried  current cost 15
    W_14:  7635s  17,181,574,800 steps    87398 feasible sets         0 orders tried  current cost 4
    W_14:  7650s  17,215,972,800 steps    87572 feasible sets         0 orders tried  current cost 2
    W_14:  7665s  17,250,425,000 steps    87710 feasible sets         0 orders tried  current cost 10
    W_14:  7680s  17,284,691,000 steps    87888 feasible sets         0 orders tried  current cost 3
    W_14:  7695s  17,318,905,600 steps    88029 feasible sets         0 orders tried  current cost 9
    W_14:  7710s  17,353,349,600 steps    88184 feasible sets         0 orders tried  current cost 5
    W_14:  7725s  17,388,110,200 steps    88380 feasible sets         0 orders tried  current cost 2
    W_14:  7740s  17,421,979,600 steps    88608 feasible sets         0 orders tried  current cost 1
    W_14:  7755s  17,456,532,600 steps    88771 feasible sets         0 orders tried  current cost 5
    W_14:  7770s  17,491,024,000 steps    88927 feasible sets         0 orders tried  current cost 11
    W_14:  7785s  17,525,514,800 steps    89125 feasible sets         0 orders tried  current cost 6
    W_14:  7800s  17,559,910,000 steps    89309 feasible sets         0 orders tried  current cost 4
    W_14:  7815s  17,594,303,000 steps    89480 feasible sets         0 orders tried  current cost 11
    W_14:  7830s  17,628,835,200 steps    89655 feasible sets         0 orders tried  current cost 3
    W_14:  7845s  17,662,877,200 steps    89808 feasible sets         0 orders tried  current cost 2
    W_14:  7860s  17,696,869,600 steps    90005 feasible sets         0 orders tried  current cost 5
    W_14:  7875s  17,731,181,200 steps    90132 feasible sets         0 orders tried  current cost 8
    W_14:  7890s  17,761,613,200 steps    90297 feasible sets         0 orders tried  current cost 4
    W_14:  7905s  17,790,931,200 steps    90446 feasible sets         0 orders tried  current cost 2
    W_14:  7920s  17,821,634,000 steps    90647 feasible sets         0 orders tried  current cost 3
    W_14:  7935s  17,852,772,400 steps    90788 feasible sets         0 orders tried  current cost 2
    W_14:  7950s  17,887,145,400 steps    90935 feasible sets         0 orders tried  current cost 6
    W_14:  7965s  17,921,240,200 steps    91117 feasible sets         0 orders tried  current cost 14
    W_14:  7980s  17,955,337,000 steps    91257 feasible sets         0 orders tried  current cost 3
    W_14:  7995s  17,989,915,600 steps    91434 feasible sets         0 orders tried  current cost 4
    W_14:  8010s  18,024,190,400 steps    91634 feasible sets         0 orders tried  current cost 3
    W_14:  8025s  18,058,306,600 steps    91821 feasible sets         0 orders tried  current cost 9
    W_14:  8040s  18,093,182,600 steps    91974 feasible sets         0 orders tried  current cost 11
    W_14:  8055s  18,127,245,400 steps    92153 feasible sets         0 orders tried  current cost 11
    W_14:  8070s  18,161,624,200 steps    92333 feasible sets         0 orders tried  current cost 9
    W_14:  8085s  18,196,244,200 steps    92506 feasible sets         0 orders tried  current cost 11
    W_14:  8100s  18,230,355,200 steps    92675 feasible sets         0 orders tried  current cost 2
    W_14:  8115s  18,264,711,400 steps    92866 feasible sets         0 orders tried  current cost 4
    W_14:  8130s  18,299,128,000 steps    93044 feasible sets         0 orders tried  current cost 6
    W_14:  8145s  18,333,406,000 steps    93197 feasible sets         0 orders tried  current cost 4
    W_14:  8160s  18,368,189,000 steps    93339 feasible sets         0 orders tried  current cost 4
    W_14:  8175s  18,402,457,400 steps    93541 feasible sets         0 orders tried  current cost 2
    W_14:  8190s  18,436,947,400 steps    93724 feasible sets         0 orders tried  current cost 4
    W_14:  8205s  18,471,298,400 steps    93909 feasible sets         0 orders tried  current cost 3
    W_14:  8220s  18,505,935,400 steps    94077 feasible sets         0 orders tried  current cost 3
    W_14:  8235s  18,540,410,400 steps    94223 feasible sets         0 orders tried  current cost 2
    W_14:  8250s  18,574,528,000 steps    94396 feasible sets         0 orders tried  current cost 4
    W_14:  8265s  18,608,952,400 steps    94542 feasible sets         0 orders tried  current cost 3
    W_14:  8280s  18,643,478,800 steps    94718 feasible sets         0 orders tried  current cost 1
    W_14:  8295s  18,677,670,200 steps    94894 feasible sets         0 orders tried  current cost 1
    W_14:  8310s  18,712,110,600 steps    95054 feasible sets         0 orders tried  current cost 2
    W_14:  8325s  18,746,128,200 steps    95196 feasible sets         0 orders tried  current cost 5
    W_14:  8340s  18,780,482,000 steps    95331 feasible sets         0 orders tried  current cost 13
    W_14:  8355s  18,814,965,200 steps    95530 feasible sets         0 orders tried  current cost 10
    W_14:  8370s  18,849,560,200 steps    95706 feasible sets         0 orders tried  current cost 17
    W_14:  8385s  18,884,058,400 steps    95890 feasible sets         0 orders tried  current cost 2
    W_14:  8400s  18,918,762,800 steps    96043 feasible sets         0 orders tried  current cost 6
    W_14:  8415s  18,953,496,200 steps    96257 feasible sets         0 orders tried  current cost 1
    W_14:  8430s  18,987,624,800 steps    96450 feasible sets         0 orders tried  current cost 9
    W_14:  8445s  19,021,723,600 steps    96617 feasible sets         0 orders tried  current cost 7
    W_14:  8460s  19,055,964,600 steps    96790 feasible sets         0 orders tried  current cost 8
    W_14:  8475s  19,090,121,000 steps    96927 feasible sets         0 orders tried  current cost 16
    W_14:  8490s  19,124,143,000 steps    97140 feasible sets         0 orders tried  current cost 7
    W_14:  8505s  19,158,511,400 steps    97332 feasible sets         0 orders tried  current cost 1
    W_14:  8520s  19,192,905,200 steps    97483 feasible sets         0 orders tried  current cost 9
    W_14:  8535s  19,227,417,600 steps    97657 feasible sets         0 orders tried  current cost 2
    W_14:  8550s  19,261,748,600 steps    97840 feasible sets         0 orders tried  current cost 5
    W_14:  8565s  19,295,686,600 steps    97953 feasible sets         0 orders tried  current cost 9
    W_14:  8580s  19,330,292,600 steps    98155 feasible sets         0 orders tried  current cost 3
    W_14:  8595s  19,364,218,800 steps    98330 feasible sets         0 orders tried  current cost 4
    W_14:  8610s  19,398,641,800 steps    98497 feasible sets         0 orders tried  current cost 7
    W_14:  8625s  19,433,009,000 steps    98633 feasible sets         0 orders tried  current cost 7
    W_14:  8640s  19,467,016,000 steps    98844 feasible sets         0 orders tried  current cost 3
    W_14:  8655s  19,501,386,400 steps    98973 feasible sets         0 orders tried  current cost 6
    W_14:  8670s  19,535,997,000 steps    99116 feasible sets         0 orders tried  current cost 4
    W_14:  8685s  19,570,109,600 steps    99311 feasible sets         0 orders tried  current cost 4
    W_14:  8700s  19,604,238,400 steps    99477 feasible sets         0 orders tried  current cost 4
    W_14:  8715s  19,638,772,200 steps    99625 feasible sets         0 orders tried  current cost 5
    W_14:  8730s  19,673,298,000 steps    99793 feasible sets         0 orders tried  current cost 3
    W_14:  8745s  19,707,965,600 steps    99985 feasible sets         0 orders tried  current cost 8
    W_14:  8760s  19,742,782,400 steps   100138 feasible sets         0 orders tried  current cost 10
    W_14:  8775s  19,777,106,000 steps   100300 feasible sets         0 orders tried  current cost 6
    W_14:  8790s  19,811,629,600 steps   100470 feasible sets         0 orders tried  current cost 6
    W_14:  8805s  19,845,780,400 steps   100675 feasible sets         0 orders tried  current cost 19
    W_14:  8820s  19,880,198,200 steps   100855 feasible sets         0 orders tried  current cost 3
    W_14:  8835s  19,914,399,200 steps   101050 feasible sets         0 orders tried  current cost 1
    W_14:  8850s  19,948,610,200 steps   101259 feasible sets         0 orders tried  current cost 3
    W_14:  8865s  19,982,726,000 steps   101442 feasible sets         0 orders tried  current cost 9
    W_14:  8880s  20,016,714,600 steps   101612 feasible sets         0 orders tried  current cost 2
    W_14:  8895s  20,050,996,800 steps   101787 feasible sets         0 orders tried  current cost 1
    W_14:  8910s  20,085,620,200 steps   101954 feasible sets         0 orders tried  current cost 14
    W_14:  8925s  20,119,735,600 steps   102124 feasible sets         0 orders tried  current cost 2
    W_14:  8940s  20,153,943,400 steps   102324 feasible sets         0 orders tried  current cost 14
    W_14:  8955s  20,187,786,200 steps   102507 feasible sets         0 orders tried  current cost 7
    W_14:  8970s  20,222,219,000 steps   102652 feasible sets         0 orders tried  current cost 2
    W_14:  8985s  20,256,502,600 steps   102837 feasible sets         0 orders tried  current cost 11
    W_14:  9000s  20,290,897,000 steps   102993 feasible sets         0 orders tried  current cost 3
    W_14:  9015s  20,325,424,400 steps   103145 feasible sets         0 orders tried  current cost 15
    W_14:  9030s  20,359,464,600 steps   103352 feasible sets         0 orders tried  current cost 8
    W_14:  9045s  20,393,418,400 steps   103543 feasible sets         0 orders tried  current cost 3
    W_14:  9060s  20,427,587,200 steps   103659 feasible sets         0 orders tried  current cost 4
    W_14:  9075s  20,462,270,800 steps   103842 feasible sets         0 orders tried  current cost 5
    W_14:  9090s  20,496,738,000 steps   104013 feasible sets         0 orders tried  current cost 3
    W_14:  9105s  20,531,208,400 steps   104172 feasible sets         0 orders tried  current cost 9
    W_14:  9120s  20,565,848,600 steps   104352 feasible sets         0 orders tried  current cost 7
    W_14:  9135s  20,599,922,800 steps   104519 feasible sets         0 orders tried  current cost 15
    W_14:  9150s  20,634,335,400 steps   104725 feasible sets         0 orders tried  current cost 2
    W_14:  9165s  20,668,454,000 steps   104902 feasible sets         0 orders tried  current cost 3
    W_14:  9180s  20,702,848,600 steps   105076 feasible sets         0 orders tried  current cost 5
    W_14:  9195s  20,737,449,800 steps   105283 feasible sets         0 orders tried  current cost 4
    W_14:  9210s  20,771,909,600 steps   105477 feasible sets         0 orders tried  current cost 2
    W_14:  9225s  20,806,222,000 steps   105653 feasible sets         0 orders tried  current cost 8
    W_14:  9240s  20,840,805,600 steps   105865 feasible sets         0 orders tried  current cost 10
    W_14:  9255s  20,875,247,400 steps   106057 feasible sets         0 orders tried  current cost 6
    W_14:  9270s  20,909,796,800 steps   106206 feasible sets         0 orders tried  current cost 4
    W_14:  9285s  20,943,812,600 steps   106352 feasible sets         0 orders tried  current cost 3
    W_14:  9300s  20,977,965,600 steps   106514 feasible sets         0 orders tried  current cost 6
    W_14:  9315s  21,012,360,800 steps   106720 feasible sets         0 orders tried  current cost 11
    W_14:  9330s  21,046,523,000 steps   106904 feasible sets         0 orders tried  current cost 5
    W_14:  9345s  21,080,960,200 steps   107069 feasible sets         0 orders tried  current cost 15
    W_14:  9360s  21,115,131,000 steps   107263 feasible sets         0 orders tried  current cost 2
    W_14:  9375s  21,149,547,400 steps   107446 feasible sets         0 orders tried  current cost 7
    W_14:  9390s  21,184,209,400 steps   107655 feasible sets         0 orders tried  current cost 2
    W_14:  9405s  21,218,967,200 steps   107822 feasible sets         0 orders tried  current cost 5
    W_14:  9420s  21,253,549,800 steps   108035 feasible sets         0 orders tried  current cost 5
    W_14:  9435s  21,287,439,800 steps   108202 feasible sets         0 orders tried  current cost 2
    W_14:  9450s  21,321,993,000 steps   108384 feasible sets         0 orders tried  current cost 4
    W_14:  9465s  21,356,115,200 steps   108563 feasible sets         0 orders tried  current cost 2
    W_14:  9480s  21,390,755,200 steps   108729 feasible sets         0 orders tried  current cost 4
    W_14:  9495s  21,425,299,800 steps   108917 feasible sets         0 orders tried  current cost 3
    W_14:  9510s  21,459,867,200 steps   109075 feasible sets         0 orders tried  current cost 8
    W_14:  9525s  21,494,277,000 steps   109291 feasible sets         0 orders tried  current cost 5
    W_14:  9540s  21,528,532,200 steps   109466 feasible sets         0 orders tried  current cost 4
    W_14:  9555s  21,562,769,600 steps   109653 feasible sets         0 orders tried  current cost 5
    W_14:  9570s  21,597,272,200 steps   109804 feasible sets         0 orders tried  current cost 2
    W_14:  9585s  21,631,897,600 steps   109988 feasible sets         0 orders tried  current cost 2
    W_14:  9600s  21,666,190,400 steps   110141 feasible sets         0 orders tried  current cost 1
    W_14:  9615s  21,700,498,800 steps   110307 feasible sets         0 orders tried  current cost 4
    W_14:  9630s  21,734,850,000 steps   110478 feasible sets         0 orders tried  current cost 4
    W_14:  9645s  21,769,028,600 steps   110658 feasible sets         0 orders tried  current cost 2
    W_14:  9660s  21,803,709,200 steps   110796 feasible sets         0 orders tried  current cost 8
    W_14:  9675s  21,837,996,200 steps   110954 feasible sets         0 orders tried  current cost 2
    W_14:  9690s  21,872,571,200 steps   111116 feasible sets         0 orders tried  current cost 5
    W_14:  9705s  21,907,035,800 steps   111267 feasible sets         0 orders tried  current cost 4
    W_14:  9720s  21,941,511,000 steps   111436 feasible sets         0 orders tried  current cost 2
    W_14:  9735s  21,976,237,200 steps   111640 feasible sets         0 orders tried  current cost 3
    W_14:  9750s  22,010,702,000 steps   111805 feasible sets         0 orders tried  current cost 10
    W_14:  9765s  22,045,055,400 steps   111992 feasible sets         0 orders tried  current cost 1
    W_14:  9780s  22,079,526,200 steps   112184 feasible sets         0 orders tried  current cost 6
    W_14:  9795s  22,113,856,800 steps   112383 feasible sets         0 orders tried  current cost 3
    W_14:  9810s  22,148,083,200 steps   112514 feasible sets         0 orders tried  current cost 14
    W_14:  9825s  22,181,242,600 steps   112712 feasible sets         0 orders tried  current cost 13
    W_14:  9840s  22,214,393,800 steps   112903 feasible sets         0 orders tried  current cost 2
    W_14:  9855s  22,248,011,200 steps   113053 feasible sets         0 orders tried  current cost 3
    W_14:  9870s  22,282,255,000 steps   113200 feasible sets         0 orders tried  current cost 3
    W_14:  9885s  22,316,228,600 steps   113379 feasible sets         0 orders tried  current cost 5
    W_14:  9900s  22,350,079,800 steps   113554 feasible sets         0 orders tried  current cost 2
    W_14:  9915s  22,384,292,200 steps   113758 feasible sets         0 orders tried  current cost 2
    W_14:  9930s  22,418,178,600 steps   113947 feasible sets         0 orders tried  current cost 3
    W_14:  9945s  22,451,704,800 steps   114131 feasible sets         0 orders tried  current cost 8
    W_14:  9960s  22,485,455,800 steps   114273 feasible sets         0 orders tried  current cost 3
    W_14:  9975s  22,519,112,000 steps   114416 feasible sets         0 orders tried  current cost 3
    W_14:  9990s  22,552,816,200 steps   114587 feasible sets         0 orders tried  current cost 4
    W_14: 10005s  22,586,346,800 steps   114765 feasible sets         0 orders tried  current cost 5
    W_14: 10020s  22,619,998,200 steps   114944 feasible sets         0 orders tried  current cost 3
    W_14: 10035s  22,653,874,600 steps   115161 feasible sets         0 orders tried  current cost 3
    W_14: 10050s  22,687,737,000 steps   115316 feasible sets         0 orders tried  current cost 4
    W_14: 10065s  22,721,871,600 steps   115512 feasible sets         0 orders tried  current cost 1
    W_14: 10080s  22,756,008,200 steps   115665 feasible sets         0 orders tried  current cost 4
    W_14: 10095s  22,790,013,800 steps   115814 feasible sets         0 orders tried  current cost 3
    W_14: 10110s  22,824,212,400 steps   116022 feasible sets         0 orders tried  current cost 2
    W_14: 10125s  22,857,973,200 steps   116252 feasible sets         0 orders tried  current cost 3
    W_14: 10140s  22,891,551,200 steps   116391 feasible sets         0 orders tried  current cost 5
    W_14: 10155s  22,925,556,400 steps   116589 feasible sets         0 orders tried  current cost 2
    W_14: 10170s  22,959,440,400 steps   116752 feasible sets         0 orders tried  current cost 15
    W_14: 10185s  22,993,550,200 steps   116911 feasible sets         0 orders tried  current cost 6
    W_14: 10200s  23,027,840,800 steps   117144 feasible sets         0 orders tried  current cost 12
    W_14: 10215s  23,061,487,800 steps   117345 feasible sets         0 orders tried  current cost 5
    W_14: 10230s  23,095,565,000 steps   117582 feasible sets         0 orders tried  current cost 3
    W_14: 10245s  23,129,664,800 steps   117740 feasible sets         0 orders tried  current cost 7
    W_14: 10260s  23,163,518,200 steps   117917 feasible sets         0 orders tried  current cost 3
    W_14: 10275s  23,197,650,400 steps   118104 feasible sets         0 orders tried  current cost 5
    W_14: 10290s  23,231,350,800 steps   118269 feasible sets         0 orders tried  current cost 2
    W_14: 10305s  23,265,249,600 steps   118416 feasible sets         0 orders tried  current cost 4
    W_14: 10320s  23,299,417,200 steps   118567 feasible sets         0 orders tried  current cost 3
    W_14: 10335s  23,333,276,400 steps   118742 feasible sets         0 orders tried  current cost 1
    W_14: 10350s  23,367,088,200 steps   118924 feasible sets         0 orders tried  current cost 7
    W_14: 10365s  23,401,149,600 steps   119114 feasible sets         0 orders tried  current cost 4
    W_14: 10380s  23,435,198,600 steps   119276 feasible sets         0 orders tried  current cost 4
    W_14: 10395s  23,469,500,800 steps   119425 feasible sets         0 orders tried  current cost 8
    W_14: 10410s  23,503,430,600 steps   119601 feasible sets         0 orders tried  current cost 3
    W_14: 10425s  23,537,336,000 steps   119740 feasible sets         0 orders tried  current cost 4
    W_14: 10440s  23,571,243,400 steps   119896 feasible sets         0 orders tried  current cost 11
    W_14: 10455s  23,605,236,000 steps   120077 feasible sets         0 orders tried  current cost 2
    W_14: 10470s  23,638,863,400 steps   120256 feasible sets         0 orders tried  current cost 14
    W_14: 10485s  23,673,046,400 steps   120431 feasible sets         0 orders tried  current cost 7
    W_14: 10500s  23,706,551,600 steps   120627 feasible sets         0 orders tried  current cost 4
    W_14: 10515s  23,740,389,600 steps   120777 feasible sets         0 orders tried  current cost 6
    W_14: 10530s  23,774,650,800 steps   120941 feasible sets         0 orders tried  current cost 4
    W_14: 10545s  23,808,545,800 steps   121132 feasible sets         0 orders tried  current cost 8
    W_14: 10560s  23,842,733,000 steps   121302 feasible sets         0 orders tried  current cost 1
    W_14: 10575s  23,876,711,000 steps   121497 feasible sets         0 orders tried  current cost 3
    W_14: 10590s  23,910,456,600 steps   121660 feasible sets         0 orders tried  current cost 3
    W_14: 10605s  23,944,159,600 steps   121819 feasible sets         0 orders tried  current cost 4
    W_14: 10620s  23,977,847,200 steps   121973 feasible sets         0 orders tried  current cost 4
    W_14: 10635s  24,011,942,200 steps   122115 feasible sets         0 orders tried  current cost 9
    W_14: 10650s  24,045,782,400 steps   122269 feasible sets         0 orders tried  current cost 17
    W_14: 10665s  24,079,759,400 steps   122470 feasible sets         0 orders tried  current cost 4
    W_14: 10680s  24,113,547,200 steps   122640 feasible sets         0 orders tried  current cost 6
    W_14: 10695s  24,147,677,800 steps   122834 feasible sets         0 orders tried  current cost 3
    W_14: 10710s  24,181,445,000 steps   122992 feasible sets         0 orders tried  current cost 8
    W_14: 10725s  24,215,615,800 steps   123167 feasible sets         0 orders tried  current cost 2
    W_14: 10740s  24,249,893,800 steps   123330 feasible sets         0 orders tried  current cost 3
    W_14: 10755s  24,283,376,800 steps   123509 feasible sets         0 orders tried  current cost 4
    W_14: 10770s  24,317,375,400 steps   123675 feasible sets         0 orders tried  current cost 6
    W_14: 10785s  24,351,253,400 steps   123832 feasible sets         0 orders tried  current cost 3
    W_14: 10800s  24,384,816,600 steps   124019 feasible sets         0 orders tried  current cost 3
    W_14: 10815s  24,418,803,000 steps   124234 feasible sets         0 orders tried  current cost 10
    W_14: 10830s  24,452,799,000 steps   124400 feasible sets         0 orders tried  current cost 2
    W_14: 10845s  24,486,534,800 steps   124567 feasible sets         0 orders tried  current cost 3
    W_14: 10860s  24,520,783,400 steps   124765 feasible sets         0 orders tried  current cost 10
    W_14: 10875s  24,554,613,200 steps   124933 feasible sets         0 orders tried  current cost 3
    W_14: 10890s  24,588,789,200 steps   125122 feasible sets         0 orders tried  current cost 6
    W_14: 10905s  24,623,396,000 steps   125278 feasible sets         0 orders tried  current cost 3
    W_14: 10920s  24,657,411,800 steps   125421 feasible sets         0 orders tried  current cost 3
    W_14: 10935s  24,691,509,400 steps   125567 feasible sets         0 orders tried  current cost 6
    W_14: 10950s  24,725,242,600 steps   125716 feasible sets         0 orders tried  current cost 10
    W_14: 10965s  24,758,892,400 steps   125914 feasible sets         0 orders tried  current cost 2
    W_14: 10980s  24,792,962,800 steps   126070 feasible sets         0 orders tried  current cost 8
    W_14: 10995s  24,827,011,400 steps   126262 feasible sets         0 orders tried  current cost 3
    W_14: 11010s  24,860,729,800 steps   126430 feasible sets         0 orders tried  current cost 5
    W_14: 11025s  24,894,598,000 steps   126587 feasible sets         0 orders tried  current cost 4
    W_14: 11040s  24,928,637,200 steps   126741 feasible sets         0 orders tried  current cost 4
    W_14: 11055s  24,962,673,200 steps   126876 feasible sets         0 orders tried  current cost 3
    W_14: 11070s  24,996,584,200 steps   127029 feasible sets         0 orders tried  current cost 5
    W_14: 11085s  25,030,577,200 steps   127221 feasible sets         0 orders tried  current cost 2
    W_14: 11100s  25,064,520,800 steps   127371 feasible sets         0 orders tried  current cost 13
    W_14: 11115s  25,098,372,200 steps   127540 feasible sets         0 orders tried  current cost 4
    W_14: 11130s  25,132,188,200 steps   127721 feasible sets         0 orders tried  current cost 7
    W_14: 11145s  25,166,217,200 steps   127912 feasible sets         0 orders tried  current cost 4
    W_14: 11160s  25,199,704,000 steps   128056 feasible sets         0 orders tried  current cost 17
    W_14: 11175s  25,233,655,000 steps   128218 feasible sets         0 orders tried  current cost 1
    W_14: 11190s  25,267,456,000 steps   128377 feasible sets         0 orders tried  current cost 2
    W_14: 11205s  25,301,271,400 steps   128531 feasible sets         0 orders tried  current cost 4
    W_14: 11220s  25,335,075,600 steps   128716 feasible sets         0 orders tried  current cost 4
    W_14: 11235s  25,367,896,000 steps   128925 feasible sets         0 orders tried  current cost 5
    W_14: 11250s  25,400,875,800 steps   129102 feasible sets         0 orders tried  current cost 4
    W_14: 11265s  25,435,073,400 steps   129268 feasible sets         0 orders tried  current cost 2
    W_14: 11280s  25,468,676,600 steps   129431 feasible sets         0 orders tried  current cost 2
    W_14: 11295s  25,502,926,000 steps   129648 feasible sets         0 orders tried  current cost 7
    W_14: 11310s  25,537,161,600 steps   129849 feasible sets         0 orders tried  current cost 9
    W_14: 11325s  25,571,395,000 steps   130031 feasible sets         0 orders tried  current cost 4
    W_14: 11340s  25,605,600,800 steps   130171 feasible sets         0 orders tried  current cost 12
    W_14: 11355s  25,639,880,200 steps   130350 feasible sets         0 orders tried  current cost 10
    W_14: 11370s  25,673,548,200 steps   130539 feasible sets         0 orders tried  current cost 5
    W_14: 11385s  25,707,709,200 steps   130723 feasible sets         0 orders tried  current cost 5
    W_14: 11400s  25,741,816,600 steps   130838 feasible sets         0 orders tried  current cost 4
    W_14: 11415s  25,776,220,400 steps   131021 feasible sets         0 orders tried  current cost 18
    W_14: 11430s  25,810,417,200 steps   131156 feasible sets         0 orders tried  current cost 2
    W_14: 11445s  25,844,197,000 steps   131341 feasible sets         0 orders tried  current cost 3
    W_14: 11460s  25,878,386,600 steps   131507 feasible sets         0 orders tried  current cost 6
    W_14: 11475s  25,912,852,400 steps   131692 feasible sets         0 orders tried  current cost 5
    W_14: 11490s  25,946,905,800 steps   131838 feasible sets         0 orders tried  current cost 5
    W_14: 11505s  25,980,943,800 steps   131976 feasible sets         0 orders tried  current cost 13
    W_14: 11520s  26,015,035,200 steps   132141 feasible sets         0 orders tried  current cost 3
    W_14: 11535s  26,049,437,200 steps   132305 feasible sets         0 orders tried  current cost 3
    W_14: 11550s  26,083,636,000 steps   132481 feasible sets         0 orders tried  current cost 4
    W_14: 11565s  26,117,814,200 steps   132683 feasible sets         0 orders tried  current cost 4
    W_14: 11580s  26,151,829,200 steps   132847 feasible sets         0 orders tried  current cost 5
    W_14: 11595s  26,185,951,600 steps   133030 feasible sets         0 orders tried  current cost 4
    W_14: 11610s  26,220,016,800 steps   133223 feasible sets         0 orders tried  current cost 1
    W_14: 11625s  26,254,347,800 steps   133393 feasible sets         0 orders tried  current cost 6
    W_14: 11640s  26,288,643,400 steps   133596 feasible sets         0 orders tried  current cost 9
    W_14: 11655s  26,322,764,000 steps   133774 feasible sets         0 orders tried  current cost 7
    W_14: 11670s  26,356,763,800 steps   133966 feasible sets         0 orders tried  current cost 9
    W_14: 11685s  26,390,519,400 steps   134143 feasible sets         0 orders tried  current cost 2
    W_14: 11700s  26,424,819,200 steps   134353 feasible sets         0 orders tried  current cost 4
    W_14: 11715s  26,459,252,400 steps   134559 feasible sets         0 orders tried  current cost 2
    W_14: 11730s  26,493,524,800 steps   134749 feasible sets         0 orders tried  current cost 9
    W_14: 11745s  26,527,589,000 steps   134934 feasible sets         0 orders tried  current cost 6
    W_14: 11760s  26,561,606,800 steps   135125 feasible sets         0 orders tried  current cost 7
    W_14: 11775s  26,595,683,800 steps   135325 feasible sets         0 orders tried  current cost 6
    W_14: 11790s  26,630,210,200 steps   135487 feasible sets         0 orders tried  current cost 3
    W_14: 11805s  26,664,099,400 steps   135661 feasible sets         0 orders tried  current cost 2
    W_14: 11820s  26,698,267,200 steps   135837 feasible sets         0 orders tried  current cost 5
    W_14: 11835s  26,732,192,000 steps   136024 feasible sets         0 orders tried  current cost 3
    W_14: 11850s  26,765,805,200 steps   136198 feasible sets         0 orders tried  current cost 11
    W_14: 11865s  26,799,637,800 steps   136348 feasible sets         0 orders tried  current cost 3
    W_14: 11880s  26,833,563,200 steps   136462 feasible sets         0 orders tried  current cost 9
    W_14: 11895s  26,867,321,600 steps   136631 feasible sets         0 orders tried  current cost 16
    W_14: 11910s  26,901,201,200 steps   136818 feasible sets         0 orders tried  current cost 15
    W_14: 11925s  26,935,246,200 steps   137013 feasible sets         0 orders tried  current cost 5
    W_14: 11940s  26,969,223,600 steps   137210 feasible sets         0 orders tried  current cost 7
    W_14: 11955s  27,003,380,400 steps   137377 feasible sets         0 orders tried  current cost 19
    W_14: 11970s  27,037,730,800 steps   137566 feasible sets         0 orders tried  current cost 6
    W_14: 11985s  27,071,802,800 steps   137708 feasible sets         0 orders tried  current cost 10
    W_14: 12000s  27,106,016,400 steps   137872 feasible sets         0 orders tried  current cost 1
    W_14: 12015s  27,140,164,200 steps   138081 feasible sets         0 orders tried  current cost 9
    W_14: 12030s  27,174,571,400 steps   138285 feasible sets         0 orders tried  current cost 5
    W_14: 12045s  27,208,513,200 steps   138472 feasible sets         0 orders tried  current cost 4
    W_14: 12060s  27,242,838,400 steps   138657 feasible sets         0 orders tried  current cost 3
    W_14: 12075s  27,276,999,400 steps   138807 feasible sets         0 orders tried  current cost 4
    W_14: 12090s  27,310,869,800 steps   138989 feasible sets         0 orders tried  current cost 2
    W_14: 12105s  27,345,328,400 steps   139153 feasible sets         0 orders tried  current cost 2
    W_14: 12120s  27,379,837,600 steps   139323 feasible sets         0 orders tried  current cost 2
    W_14: 12135s  27,413,630,800 steps   139483 feasible sets         0 orders tried  current cost 5
    W_14: 12150s  27,447,729,000 steps   139674 feasible sets         0 orders tried  current cost 4
    W_14: 12165s  27,481,747,000 steps   139828 feasible sets         0 orders tried  current cost 7
    W_14: 12180s  27,516,077,800 steps   140010 feasible sets         0 orders tried  current cost 3
    W_14: 12195s  27,550,321,800 steps   140180 feasible sets         0 orders tried  current cost 10
    W_14: 12210s  27,584,530,400 steps   140348 feasible sets         0 orders tried  current cost 5
    W_14: 12225s  27,618,465,800 steps   140521 feasible sets         0 orders tried  current cost 7
    W_14: 12240s  27,652,549,400 steps   140685 feasible sets         0 orders tried  current cost 3
    W_14: 12255s  27,686,659,400 steps   140834 feasible sets         0 orders tried  current cost 2
    W_14: 12270s  27,720,656,800 steps   141015 feasible sets         0 orders tried  current cost 2
    W_14: 12285s  27,754,671,000 steps   141146 feasible sets         0 orders tried  current cost 2
    W_14: 12300s  27,789,238,000 steps   141323 feasible sets         0 orders tried  current cost 3
    W_14: 12315s  27,823,258,400 steps   141503 feasible sets         0 orders tried  current cost 3
    W_14: 12330s  27,857,471,400 steps   141681 feasible sets         0 orders tried  current cost 4
    W_14: 12345s  27,891,825,400 steps   141848 feasible sets         0 orders tried  current cost 7
    W_14: 12360s  27,926,473,800 steps   142025 feasible sets         0 orders tried  current cost 3
    W_14: 12375s  27,960,733,600 steps   142178 feasible sets         0 orders tried  current cost 4
    W_14: 12390s  27,995,350,000 steps   142351 feasible sets         0 orders tried  current cost 5
    W_14: 12405s  28,029,539,600 steps   142515 feasible sets         0 orders tried  current cost 2
    W_14: 12420s  28,063,765,400 steps   142672 feasible sets         0 orders tried  current cost 11
    W_14: 12435s  28,098,125,000 steps   142819 feasible sets         0 orders tried  current cost 10
    W_14: 12450s  28,132,557,600 steps   143001 feasible sets         0 orders tried  current cost 4
    W_14: 12465s  28,166,989,400 steps   143206 feasible sets         0 orders tried  current cost 3
    W_14: 12480s  28,201,277,600 steps   143390 feasible sets         0 orders tried  current cost 2
    W_14: 12495s  28,235,652,400 steps   143556 feasible sets         0 orders tried  current cost 3
    W_14: 12510s  28,270,169,800 steps   143741 feasible sets         0 orders tried  current cost 4
    W_14: 12525s  28,304,491,400 steps   143922 feasible sets         0 orders tried  current cost 5
    W_14: 12540s  28,339,016,600 steps   144074 feasible sets         0 orders tried  current cost 3
    W_14: 12555s  28,373,205,600 steps   144230 feasible sets         0 orders tried  current cost 6
    W_14: 12570s  28,407,390,400 steps   144409 feasible sets         0 orders tried  current cost 6
    W_14: 12585s  28,441,381,400 steps   144580 feasible sets         0 orders tried  current cost 13
    W_14: 12600s  28,475,364,800 steps   144719 feasible sets         0 orders tried  current cost 7
    W_14: 12615s  28,509,544,000 steps   144872 feasible sets         0 orders tried  current cost 9
    W_14: 12630s  28,544,180,800 steps   145010 feasible sets         0 orders tried  current cost 16
    W_14: 12645s  28,578,254,200 steps   145208 feasible sets         0 orders tried  current cost 3
    W_14: 12660s  28,612,644,600 steps   145414 feasible sets         0 orders tried  current cost 10
    W_14: 12675s  28,647,037,600 steps   145580 feasible sets         0 orders tried  current cost 3
    W_14: 12690s  28,681,680,400 steps   145762 feasible sets         0 orders tried  current cost 14
    W_14: 12705s  28,715,625,800 steps   145935 feasible sets         0 orders tried  current cost 9
    W_14: 12720s  28,749,604,400 steps   146116 feasible sets         0 orders tried  current cost 8
    W_14: 12735s  28,784,359,800 steps   146298 feasible sets         0 orders tried  current cost 1
    W_14: 12750s  28,818,825,800 steps   146463 feasible sets         0 orders tried  current cost 6
    W_14: 12765s  28,852,938,600 steps   146640 feasible sets         0 orders tried  current cost 2
    W_14: 12780s  28,887,081,600 steps   146821 feasible sets         0 orders tried  current cost 13
    W_14: 12795s  28,921,330,800 steps   146997 feasible sets         0 orders tried  current cost 5
    W_14: 12810s  28,955,640,200 steps   147146 feasible sets         0 orders tried  current cost 16
    W_14: 12825s  28,990,191,600 steps   147324 feasible sets         0 orders tried  current cost 1
    W_14: 12840s  29,024,690,000 steps   147504 feasible sets         0 orders tried  current cost 5
    W_14: 12855s  29,059,364,400 steps   147663 feasible sets         0 orders tried  current cost 7
    W_14: 12870s  29,093,565,600 steps   147811 feasible sets         0 orders tried  current cost 7
    W_14: 12885s  29,128,195,600 steps   148019 feasible sets         0 orders tried  current cost 3
    W_14: 12900s  29,162,541,600 steps   148224 feasible sets         0 orders tried  current cost 12
    W_14: 12915s  29,197,088,400 steps   148440 feasible sets         0 orders tried  current cost 5
    W_14: 12930s  29,231,612,800 steps   148600 feasible sets         0 orders tried  current cost 4
    W_14: 12945s  29,266,020,600 steps   148815 feasible sets         0 orders tried  current cost 12
    W_14: 12960s  29,300,461,600 steps   149001 feasible sets         0 orders tried  current cost 12
    W_14: 12975s  29,335,096,400 steps   149154 feasible sets         0 orders tried  current cost 3
    W_14: 12990s  29,369,422,400 steps   149319 feasible sets         0 orders tried  current cost 20
    W_14: 13005s  29,403,354,600 steps   149479 feasible sets         0 orders tried  current cost 4
    W_14: 13020s  29,437,742,400 steps   149656 feasible sets         0 orders tried  current cost 11
    W_14: 13035s  29,471,808,400 steps   149818 feasible sets         0 orders tried  current cost 4
    W_14: 13050s  29,506,296,800 steps   150001 feasible sets         0 orders tried  current cost 3
    W_14: 13065s  29,540,670,800 steps   150173 feasible sets         0 orders tried  current cost 3
    W_14: 13080s  29,574,918,400 steps   150313 feasible sets         0 orders tried  current cost 2
    W_14: 13095s  29,609,147,600 steps   150485 feasible sets         0 orders tried  current cost 7
    W_14: 13110s  29,643,874,800 steps   150670 feasible sets         0 orders tried  current cost 3
    W_14: 13125s  29,678,428,200 steps   150829 feasible sets         0 orders tried  current cost 5
    W_14: 13140s  29,712,488,200 steps   151018 feasible sets         0 orders tried  current cost 5
    W_14: 13155s  29,747,193,400 steps   151168 feasible sets         0 orders tried  current cost 3
    W_14: 13170s  29,781,864,800 steps   151332 feasible sets         0 orders tried  current cost 8
    W_14: 13185s  29,816,062,000 steps   151478 feasible sets         0 orders tried  current cost 13
    W_14: 13200s  29,850,819,400 steps   151676 feasible sets         0 orders tried  current cost 1
    W_14: 13215s  29,885,307,800 steps   151854 feasible sets         0 orders tried  current cost 7
    W_14: 13230s  29,919,676,400 steps   152036 feasible sets         0 orders tried  current cost 3
    W_14: 13245s  29,954,207,600 steps   152207 feasible sets         0 orders tried  current cost 8
    W_14: 13260s  29,988,422,800 steps   152388 feasible sets         0 orders tried  current cost 13
    W_14: 13275s  30,022,544,000 steps   152595 feasible sets         0 orders tried  current cost 13
    W_14: 13290s  30,057,314,600 steps   152735 feasible sets         0 orders tried  current cost 4
    W_14: 13305s  30,091,913,600 steps   152909 feasible sets         0 orders tried  current cost 4
    W_14: 13320s  30,126,687,400 steps   153107 feasible sets         0 orders tried  current cost 8
    W_14: 13335s  30,161,371,000 steps   153300 feasible sets         0 orders tried  current cost 2
    W_14: 13350s  30,195,748,200 steps   153493 feasible sets         0 orders tried  current cost 6
    W_14: 13365s  30,230,576,800 steps   153712 feasible sets         0 orders tried  current cost 3
    W_14: 13380s  30,264,431,200 steps   153884 feasible sets         0 orders tried  current cost 5
    W_14: 13395s  30,299,083,400 steps   154046 feasible sets         0 orders tried  current cost 8
    W_14: 13410s  30,333,628,200 steps   154232 feasible sets         0 orders tried  current cost 6
    W_14: 13425s  30,367,825,800 steps   154431 feasible sets         0 orders tried  current cost 6
    W_14: 13440s  30,401,744,800 steps   154646 feasible sets         0 orders tried  current cost 9
    W_14: 13455s  30,435,718,800 steps   154861 feasible sets         0 orders tried  current cost 5
    W_14: 13470s  30,470,332,600 steps   155046 feasible sets         0 orders tried  current cost 1
    W_14: 13485s  30,504,710,400 steps   155211 feasible sets         0 orders tried  current cost 7
    W_14: 13500s  30,538,843,400 steps   155385 feasible sets         0 orders tried  current cost 7
    W_14: 13515s  30,573,562,800 steps   155580 feasible sets         0 orders tried  current cost 17
    W_14: 13530s  30,608,099,600 steps   155740 feasible sets         0 orders tried  current cost 4
    W_14: 13545s  30,642,696,000 steps   155881 feasible sets         0 orders tried  current cost 1
    W_14: 13560s  30,676,627,600 steps   156039 feasible sets         0 orders tried  current cost 8
    W_14: 13575s  30,710,640,200 steps   156214 feasible sets         0 orders tried  current cost 23
    W_14: 13590s  30,745,173,800 steps   156383 feasible sets         0 orders tried  current cost 3
    W_14: 13605s  30,779,486,400 steps   156581 feasible sets         0 orders tried  current cost 6
    W_14: 13620s  30,814,031,000 steps   156774 feasible sets         0 orders tried  current cost 5
    W_14: 13635s  30,848,652,400 steps   156940 feasible sets         0 orders tried  current cost 3
    W_14: 13650s  30,882,808,800 steps   157099 feasible sets         0 orders tried  current cost 4
    W_14: 13665s  30,917,023,400 steps   157254 feasible sets         0 orders tried  current cost 7
    W_14: 13680s  30,951,436,800 steps   157431 feasible sets         0 orders tried  current cost 4
    W_14: 13695s  30,986,154,000 steps   157584 feasible sets         0 orders tried  current cost 4
    W_14: 13710s  31,020,580,200 steps   157743 feasible sets         0 orders tried  current cost 15
    W_14: 13725s  31,054,867,600 steps   157916 feasible sets         0 orders tried  current cost 11
    W_14: 13740s  31,089,188,600 steps   158112 feasible sets         0 orders tried  current cost 4
    W_14: 13755s  31,123,591,000 steps   158242 feasible sets         0 orders tried  current cost 3
    W_14: 13770s  31,158,305,800 steps   158451 feasible sets         0 orders tried  current cost 6
    W_14: 13785s  31,192,828,000 steps   158610 feasible sets         0 orders tried  current cost 5
    W_14: 13800s  31,227,468,200 steps   158758 feasible sets         0 orders tried  current cost 5
    W_14: 13815s  31,262,045,800 steps   158922 feasible sets         0 orders tried  current cost 4
    W_14: 13830s  31,296,052,600 steps   159072 feasible sets         0 orders tried  current cost 2
    W_14: 13845s  31,330,054,600 steps   159242 feasible sets         0 orders tried  current cost 4
    W_14: 13860s  31,364,389,200 steps   159395 feasible sets         0 orders tried  current cost 5
    W_14: 13875s  31,398,867,200 steps   159555 feasible sets         0 orders tried  current cost 8
    W_14: 13890s  31,432,824,800 steps   159748 feasible sets         0 orders tried  current cost 10
    W_14: 13905s  31,467,321,000 steps   159924 feasible sets         0 orders tried  current cost 21
    W_14: 13920s  31,502,073,400 steps   160126 feasible sets         0 orders tried  current cost 5
    W_14: 13935s  31,536,708,800 steps   160287 feasible sets         0 orders tried  current cost 3
    W_14: 13950s  31,571,262,600 steps   160467 feasible sets         0 orders tried  current cost 14
    W_14: 13965s  31,605,657,200 steps   160647 feasible sets         0 orders tried  current cost 1
    W_14: 13980s  31,640,471,800 steps   160842 feasible sets         0 orders tried  current cost 5
    W_14: 13995s  31,674,744,000 steps   161023 feasible sets         0 orders tried  current cost 9
    W_14: 14010s  31,709,284,000 steps   161221 feasible sets         0 orders tried  current cost 13
    W_14: 14025s  31,743,548,800 steps   161428 feasible sets         0 orders tried  current cost 4
    W_14: 14040s  31,777,850,800 steps   161610 feasible sets         0 orders tried  current cost 3
    W_14: 14055s  31,812,483,800 steps   161750 feasible sets         0 orders tried  current cost 15
    W_14: 14070s  31,846,897,400 steps   161941 feasible sets         0 orders tried  current cost 2
    W_14: 14085s  31,881,074,800 steps   162080 feasible sets         0 orders tried  current cost 3
    W_14: 14100s  31,915,428,400 steps   162242 feasible sets         0 orders tried  current cost 7
    W_14: 14115s  31,949,917,800 steps   162423 feasible sets         0 orders tried  current cost 4
    W_14: 14130s  31,984,231,200 steps   162592 feasible sets         0 orders tried  current cost 5
    W_14: 14145s  32,019,047,400 steps   162762 feasible sets         0 orders tried  current cost 5
    W_14: 14160s  32,053,688,000 steps   162915 feasible sets         0 orders tried  current cost 2
    W_14: 14175s  32,087,784,000 steps   163094 feasible sets         0 orders tried  current cost 6
    W_14: 14190s  32,122,022,200 steps   163251 feasible sets         0 orders tried  current cost 11
    W_14: 14205s  32,156,625,800 steps   163403 feasible sets         0 orders tried  current cost 8
    W_14: 14220s  32,191,128,800 steps   163608 feasible sets         0 orders tried  current cost 6
    W_14: 14235s  32,225,428,600 steps   163768 feasible sets         0 orders tried  current cost 6
    W_14: 14250s  32,259,571,800 steps   163945 feasible sets         0 orders tried  current cost 4
    W_14: 14265s  32,293,970,800 steps   164110 feasible sets         0 orders tried  current cost 5
    W_14: 14280s  32,328,137,200 steps   164301 feasible sets         0 orders tried  current cost 2
    W_14: 14295s  32,362,743,000 steps   164491 feasible sets         0 orders tried  current cost 14
    W_14: 14310s  32,397,049,400 steps   164663 feasible sets         0 orders tried  current cost 4
    W_14: 14325s  32,431,532,200 steps   164811 feasible sets         0 orders tried  current cost 5
    W_14: 14340s  32,465,731,200 steps   164978 feasible sets         0 orders tried  current cost 1
    W_14: 14355s  32,500,283,200 steps   165148 feasible sets         0 orders tried  current cost 8
    W_14: 14370s  32,534,539,600 steps   165345 feasible sets         0 orders tried  current cost 3
    W_14: 14385s  32,568,665,800 steps   165506 feasible sets         0 orders tried  current cost 8
    W_14: 14400s  32,603,260,400 steps   165683 feasible sets         0 orders tried  current cost 14
    W_14: 14415s  32,637,199,200 steps   165899 feasible sets         0 orders tried  current cost 3
    W_14: 14430s  32,671,621,000 steps   166120 feasible sets         0 orders tried  current cost 22
    W_14: 14445s  32,705,954,800 steps   166293 feasible sets         0 orders tried  current cost 3
    W_14: 14460s  32,740,460,600 steps   166474 feasible sets         0 orders tried  current cost 10
    W_14: 14475s  32,774,796,000 steps   166661 feasible sets         0 orders tried  current cost 3
    W_14: 14490s  32,809,263,000 steps   166808 feasible sets         0 orders tried  current cost 13
    W_14: 14505s  32,843,962,600 steps   166991 feasible sets         0 orders tried  current cost 9
    W_14: 14520s  32,878,336,200 steps   167178 feasible sets         0 orders tried  current cost 3
    W_14: 14535s  32,912,350,400 steps   167356 feasible sets         0 orders tried  current cost 4
    W_14: 14550s  32,946,797,400 steps   167531 feasible sets         0 orders tried  current cost 3
    W_14: 14565s  32,981,271,200 steps   167692 feasible sets         0 orders tried  current cost 4
    W_14: 14580s  33,015,497,200 steps   167904 feasible sets         0 orders tried  current cost 2
    W_14: 14595s  33,050,032,200 steps   168081 feasible sets         0 orders tried  current cost 3
    W_14: 14610s  33,084,725,600 steps   168237 feasible sets         0 orders tried  current cost 8
    W_14: 14625s  33,119,084,400 steps   168393 feasible sets         0 orders tried  current cost 7
    W_14: 14640s  33,153,221,000 steps   168559 feasible sets         0 orders tried  current cost 11
    W_14: 14655s  33,187,417,000 steps   168750 feasible sets         0 orders tried  current cost 4
    W_14: 14670s  33,221,244,400 steps   168925 feasible sets         0 orders tried  current cost 14
    W_14: 14685s  33,255,418,400 steps   169111 feasible sets         0 orders tried  current cost 3
    W_14: 14700s  33,289,856,400 steps   169297 feasible sets         0 orders tried  current cost 3
    W_14: 14715s  33,323,983,600 steps   169516 feasible sets         0 orders tried  current cost 9
    W_14: 14730s  33,357,809,800 steps   169756 feasible sets         0 orders tried  current cost 4
    W_14: 14745s  33,392,187,000 steps   169916 feasible sets         0 orders tried  current cost 5
    W_14: 14760s  33,426,343,200 steps   170090 feasible sets         0 orders tried  current cost 10
    W_14: 14775s  33,460,648,400 steps   170317 feasible sets         0 orders tried  current cost 3
    W_14: 14790s  33,494,932,800 steps   170457 feasible sets         0 orders tried  current cost 2
    W_14: 14805s  33,528,972,600 steps   170598 feasible sets         0 orders tried  current cost 2
    W_14: 14820s  33,563,090,600 steps   170782 feasible sets         0 orders tried  current cost 5
    W_14: 14835s  33,597,399,400 steps   170972 feasible sets         0 orders tried  current cost 2
    W_14: 14850s  33,630,679,800 steps   171105 feasible sets         0 orders tried  current cost 3
    W_14: 14865s  33,664,422,600 steps   171273 feasible sets         0 orders tried  current cost 9
    W_14: 14880s  33,698,189,400 steps   171430 feasible sets         0 orders tried  current cost 5
    W_14: 14895s  33,732,295,400 steps   171601 feasible sets         0 orders tried  current cost 2
    W_14: 14910s  33,766,604,400 steps   171768 feasible sets         0 orders tried  current cost 7
    W_14: 14925s  33,801,224,000 steps   171909 feasible sets         0 orders tried  current cost 11
    W_14: 14940s  33,835,391,600 steps   172078 feasible sets         0 orders tried  current cost 3
    W_14: 14955s  33,869,785,400 steps   172239 feasible sets         0 orders tried  current cost 8
    W_14: 14970s  33,903,848,400 steps   172405 feasible sets         0 orders tried  current cost 7
    W_14: 14985s  33,938,141,400 steps   172576 feasible sets         0 orders tried  current cost 12
    W_14: 15000s  33,972,487,400 steps   172765 feasible sets         0 orders tried  current cost 7
    W_14: 15015s  34,006,368,200 steps   172950 feasible sets         0 orders tried  current cost 8
    W_14: 15030s  34,040,677,000 steps   173141 feasible sets         0 orders tried  current cost 2
    W_14: 15045s  34,074,834,400 steps   173331 feasible sets         0 orders tried  current cost 3
    W_14: 15060s  34,108,762,600 steps   173524 feasible sets         0 orders tried  current cost 8
    W_14: 15075s  34,142,708,200 steps   173685 feasible sets         0 orders tried  current cost 7
    W_14: 15090s  34,177,383,800 steps   173876 feasible sets         0 orders tried  current cost 10
    W_14: 15105s  34,211,676,000 steps   174058 feasible sets         0 orders tried  current cost 4
    W_14: 15120s  34,246,125,800 steps   174221 feasible sets         0 orders tried  current cost 8
    W_14: 15135s  34,281,047,000 steps   174406 feasible sets         0 orders tried  current cost 8
    W_14: 15150s  34,315,122,000 steps   174574 feasible sets         0 orders tried  current cost 12
    W_14: 15165s  34,349,742,200 steps   174749 feasible sets         0 orders tried  current cost 10
    W_14: 15180s  34,384,166,800 steps   174894 feasible sets         0 orders tried  current cost 3
    W_14: 15195s  34,418,528,800 steps   175061 feasible sets         0 orders tried  current cost 6
    W_14: 15210s  34,452,762,800 steps   175252 feasible sets         0 orders tried  current cost 8
    W_14: 15225s  34,486,648,000 steps   175415 feasible sets         0 orders tried  current cost 6
    W_14: 15240s  34,521,015,400 steps   175570 feasible sets         0 orders tried  current cost 3
    W_14: 15255s  34,555,315,200 steps   175737 feasible sets         0 orders tried  current cost 3
    W_14: 15270s  34,589,814,800 steps   175925 feasible sets         0 orders tried  current cost 3
    W_14: 15285s  34,624,290,400 steps   176091 feasible sets         0 orders tried  current cost 3
    W_14: 15300s  34,658,715,000 steps   176250 feasible sets         0 orders tried  current cost 4
    W_14: 15315s  34,693,068,800 steps   176403 feasible sets         0 orders tried  current cost 7
    W_14: 15330s  34,727,503,200 steps   176599 feasible sets         0 orders tried  current cost 15
    W_14: 15345s  34,762,199,000 steps   176764 feasible sets         0 orders tried  current cost 4
    W_14: 15360s  34,796,287,000 steps   176941 feasible sets         0 orders tried  current cost 6
    W_14: 15375s  34,830,366,600 steps   177097 feasible sets         0 orders tried  current cost 5
    W_14: 15390s  34,864,357,800 steps   177253 feasible sets         0 orders tried  current cost 4
    W_14: 15405s  34,898,634,400 steps   177424 feasible sets         0 orders tried  current cost 2
    W_14: 15420s  34,932,859,200 steps   177634 feasible sets         0 orders tried  current cost 3
    W_14: 15435s  34,967,229,400 steps   177831 feasible sets         0 orders tried  current cost 4
    W_14: 15450s  35,001,607,600 steps   178023 feasible sets         0 orders tried  current cost 5
    W_14: 15465s  35,035,983,600 steps   178215 feasible sets         0 orders tried  current cost 13
    W_14: 15480s  35,070,366,600 steps   178385 feasible sets         0 orders tried  current cost 8
    W_14: 15495s  35,104,837,600 steps   178528 feasible sets         0 orders tried  current cost 3
    W_14: 15510s  35,139,449,400 steps   178734 feasible sets         0 orders tried  current cost 3
    W_14: 15525s  35,173,759,000 steps   178928 feasible sets         0 orders tried  current cost 3
    W_14: 15540s  35,208,119,600 steps   179089 feasible sets         0 orders tried  current cost 5
    W_14: 15555s  35,242,518,000 steps   179254 feasible sets         0 orders tried  current cost 2
    W_14: 15570s  35,276,532,800 steps   179418 feasible sets         0 orders tried  current cost 3
    W_14: 15585s  35,310,829,600 steps   179593 feasible sets         0 orders tried  current cost 5
    W_14: 15600s  35,345,312,800 steps   179789 feasible sets         0 orders tried  current cost 1
    W_14: 15615s  35,379,936,400 steps   179963 feasible sets         0 orders tried  current cost 3
    W_14: 15630s  35,414,078,800 steps   180130 feasible sets         0 orders tried  current cost 3
    W_14: 15645s  35,448,243,200 steps   180328 feasible sets         0 orders tried  current cost 9
    W_14: 15660s  35,482,620,000 steps   180483 feasible sets         0 orders tried  current cost 3
    W_14: 15675s  35,516,911,800 steps   180639 feasible sets         0 orders tried  current cost 3
    W_14: 15690s  35,551,195,800 steps   180847 feasible sets         0 orders tried  current cost 1
    W_14: 15705s  35,585,499,800 steps   181006 feasible sets         0 orders tried  current cost 3
    W_14: 15720s  35,620,350,600 steps   181174 feasible sets         0 orders tried  current cost 6
    W_14: 15735s  35,654,297,400 steps   181405 feasible sets         0 orders tried  current cost 3
    W_14: 15750s  35,688,480,600 steps   181592 feasible sets         0 orders tried  current cost 12
    W_14: 15765s  35,723,116,400 steps   181748 feasible sets         0 orders tried  current cost 4
    W_14: 15780s  35,757,579,000 steps   181901 feasible sets         0 orders tried  current cost 1
    W_14: 15795s  35,792,173,800 steps   182075 feasible sets         0 orders tried  current cost 4
    W_14: 15810s  35,826,388,000 steps   182228 feasible sets         0 orders tried  current cost 4
    W_14: 15825s  35,860,698,800 steps   182398 feasible sets         0 orders tried  current cost 3
    W_14: 15840s  35,893,912,600 steps   182587 feasible sets         0 orders tried  current cost 4
    W_14: 15855s  35,926,945,200 steps   182735 feasible sets         0 orders tried  current cost 7
    W_14: 15870s  35,960,299,200 steps   182935 feasible sets         0 orders tried  current cost 3
    W_14: 15885s  35,993,801,800 steps   183116 feasible sets         0 orders tried  current cost 10
    W_14: 15900s  36,027,571,800 steps   183274 feasible sets         0 orders tried  current cost 3
    W_14: 15915s  36,060,870,600 steps   183450 feasible sets         0 orders tried  current cost 1
    W_14: 15930s  36,094,729,800 steps   183609 feasible sets         0 orders tried  current cost 4
    W_14: 15945s  36,128,412,000 steps   183757 feasible sets         0 orders tried  current cost 3
    W_14: 15960s  36,161,859,000 steps   183910 feasible sets         0 orders tried  current cost 1
    W_14: 15975s  36,195,581,800 steps   184072 feasible sets         0 orders tried  current cost 19
    W_14: 15990s  36,229,257,000 steps   184224 feasible sets         0 orders tried  current cost 2
    W_14: 16005s  36,263,028,000 steps   184396 feasible sets         0 orders tried  current cost 8
    W_14: 16020s  36,296,745,600 steps   184553 feasible sets         0 orders tried  current cost 10
    W_14: 16035s  36,330,373,400 steps   184714 feasible sets         0 orders tried  current cost 2
    W_14: 16050s  36,364,029,600 steps   184894 feasible sets         0 orders tried  current cost 6
    W_14: 16065s  36,397,736,200 steps   185050 feasible sets         0 orders tried  current cost 1
    W_14: 16080s  36,431,553,000 steps   185193 feasible sets         0 orders tried  current cost 3
    W_14: 16095s  36,465,037,800 steps   185353 feasible sets         0 orders tried  current cost 2
    W_14: 16110s  36,498,794,200 steps   185513 feasible sets         0 orders tried  current cost 4
    W_14: 16125s  36,532,354,200 steps   185688 feasible sets         0 orders tried  current cost 1
    W_14: 16140s  36,563,836,400 steps   185835 feasible sets         0 orders tried  current cost 2
    W_14: 16155s  36,596,803,400 steps   185983 feasible sets         0 orders tried  current cost 11
    W_14: 16170s  36,612,359,200 steps   186071 feasible sets         0 orders tried  current cost 1
    W_14: 16185s  36,644,634,400 steps   186249 feasible sets         0 orders tried  current cost 5
    W_14: 16200s  36,678,028,600 steps   186428 feasible sets         0 orders tried  current cost 5
    W_14: 16215s  36,712,202,600 steps   186593 feasible sets         0 orders tried  current cost 11
    W_14: 16230s  36,746,182,600 steps   186752 feasible sets         0 orders tried  current cost 5
    W_14: 16245s  36,780,347,200 steps   186930 feasible sets         0 orders tried  current cost 5
    W_14: 16260s  36,814,483,400 steps   187083 feasible sets         0 orders tried  current cost 13
    W_14: 16275s  36,848,885,600 steps   187267 feasible sets         0 orders tried  current cost 10
    W_14: 16290s  36,883,225,400 steps   187431 feasible sets         0 orders tried  current cost 7
    W_14: 16305s  36,917,656,200 steps   187603 feasible sets         0 orders tried  current cost 4
    W_14: 16320s  36,952,153,600 steps   187728 feasible sets         0 orders tried  current cost 1
    W_14: 16335s  36,986,179,200 steps   187860 feasible sets         0 orders tried  current cost 3
    W_14: 16350s  37,020,190,000 steps   188015 feasible sets         0 orders tried  current cost 5
    W_14: 16365s  37,054,052,200 steps   188156 feasible sets         0 orders tried  current cost 4
    W_14: 16380s  37,088,203,400 steps   188325 feasible sets         0 orders tried  current cost 12
    W_14: 16395s  37,122,650,400 steps   188511 feasible sets         0 orders tried  current cost 3
    W_14: 16410s  37,156,800,200 steps   188678 feasible sets         0 orders tried  current cost 13
    W_14: 16425s  37,191,111,000 steps   188828 feasible sets         0 orders tried  current cost 4
    W_14: 16440s  37,224,998,400 steps   188978 feasible sets         0 orders tried  current cost 2
    W_14: 16455s  37,259,032,400 steps   189146 feasible sets         0 orders tried  current cost 2
    W_14: 16470s  37,293,360,600 steps   189319 feasible sets         0 orders tried  current cost 16
    W_14: 16485s  37,327,874,000 steps   189484 feasible sets         0 orders tried  current cost 3
    W_14: 16500s  37,362,235,600 steps   189661 feasible sets         0 orders tried  current cost 5
    W_14: 16515s  37,396,370,000 steps   189826 feasible sets         0 orders tried  current cost 5
    W_14: 16530s  37,430,811,400 steps   189978 feasible sets         0 orders tried  current cost 4
    W_14: 16545s  37,465,162,400 steps   190175 feasible sets         0 orders tried  current cost 13
    W_14: 16560s  37,499,298,000 steps   190341 feasible sets         0 orders tried  current cost 2
    W_14: 16575s  37,533,300,200 steps   190502 feasible sets         0 orders tried  current cost 15
    W_14: 16590s  37,567,661,200 steps   190721 feasible sets         0 orders tried  current cost 9
    W_14: 16605s  37,601,763,400 steps   190905 feasible sets         0 orders tried  current cost 13
    W_14: 16620s  37,636,083,000 steps   191094 feasible sets         0 orders tried  current cost 8
    W_14: 16635s  37,670,730,800 steps   191311 feasible sets         0 orders tried  current cost 4
    W_14: 16650s  37,704,888,400 steps   191488 feasible sets         0 orders tried  current cost 6
    W_14: 16665s  37,739,216,400 steps   191672 feasible sets         0 orders tried  current cost 4
    W_14: 16680s  37,773,446,600 steps   191823 feasible sets         0 orders tried  current cost 3
    W_14: 16695s  37,807,503,400 steps   191987 feasible sets         0 orders tried  current cost 7
    W_14: 16710s  37,841,522,400 steps   192140 feasible sets         0 orders tried  current cost 5
    W_14: 16725s  37,875,678,000 steps   192290 feasible sets         0 orders tried  current cost 3
    W_14: 16740s  37,910,206,600 steps   192471 feasible sets         0 orders tried  current cost 4
    W_14: 16755s  37,944,355,600 steps   192621 feasible sets         0 orders tried  current cost 4
    W_14: 16770s  37,978,356,800 steps   192774 feasible sets         0 orders tried  current cost 1
    W_14: 16785s  38,012,482,200 steps   192959 feasible sets         0 orders tried  current cost 10
    W_14: 16800s  38,046,507,800 steps   193168 feasible sets         0 orders tried  current cost 5
    W_14: 16815s  38,080,978,400 steps   193295 feasible sets         0 orders tried  current cost 3
    W_14: 16830s  38,115,241,200 steps   193500 feasible sets         0 orders tried  current cost 10
    W_14: 16845s  38,149,175,600 steps   193676 feasible sets         0 orders tried  current cost 5
    W_14: 16860s  38,183,019,200 steps   193810 feasible sets         0 orders tried  current cost 1
    W_14: 16875s  38,216,868,400 steps   193992 feasible sets         0 orders tried  current cost 8
    W_14: 16890s  38,251,129,000 steps   194157 feasible sets         0 orders tried  current cost 5
    W_14: 16905s  38,285,057,600 steps   194320 feasible sets         0 orders tried  current cost 5
    W_14: 16920s  38,319,235,800 steps   194468 feasible sets         0 orders tried  current cost 3
    W_14: 16935s  38,353,460,800 steps   194644 feasible sets         0 orders tried  current cost 11
    W_14: 16950s  38,387,303,400 steps   194811 feasible sets         0 orders tried  current cost 13
    W_14: 16965s  38,421,437,200 steps   194971 feasible sets         0 orders tried  current cost 3
    W_14: 16980s  38,455,491,000 steps   195133 feasible sets         0 orders tried  current cost 3
    W_14: 16995s  38,490,100,400 steps   195312 feasible sets         0 orders tried  current cost 15
    W_14: 17010s  38,524,672,000 steps   195471 feasible sets         0 orders tried  current cost 5
    W_14: 17025s  38,559,043,200 steps   195632 feasible sets         0 orders tried  current cost 11
    W_14: 17040s  38,593,482,400 steps   195844 feasible sets         0 orders tried  current cost 12
    W_14: 17055s  38,627,611,200 steps   195998 feasible sets         0 orders tried  current cost 3
    W_14: 17070s  38,662,122,600 steps   196170 feasible sets         0 orders tried  current cost 11
    W_14: 17085s  38,696,054,800 steps   196358 feasible sets         0 orders tried  current cost 1
    W_14: 17100s  38,730,178,400 steps   196518 feasible sets         0 orders tried  current cost 1
    W_14: 17115s  38,764,576,200 steps   196661 feasible sets         0 orders tried  current cost 3
    W_14: 17130s  38,798,712,200 steps   196884 feasible sets         0 orders tried  current cost 5
    W_14: 17145s  38,832,823,200 steps   197070 feasible sets         0 orders tried  current cost 11
    W_14: 17160s  38,866,880,800 steps   197224 feasible sets         0 orders tried  current cost 13
    W_14: 17175s  38,900,907,400 steps   197415 feasible sets         0 orders tried  current cost 6
    W_14: 17190s  38,935,200,800 steps   197583 feasible sets         0 orders tried  current cost 13
    W_14: 17205s  38,968,830,000 steps   197755 feasible sets         0 orders tried  current cost 2
    W_14: 17220s  39,002,929,800 steps   197915 feasible sets         0 orders tried  current cost 4
    W_14: 17235s  39,037,162,000 steps   198122 feasible sets         0 orders tried  current cost 10
    W_14: 17250s  39,071,266,400 steps   198280 feasible sets         0 orders tried  current cost 10
    W_14: 17265s  39,105,488,600 steps   198462 feasible sets         0 orders tried  current cost 4
    W_14: 17280s  39,139,666,800 steps   198625 feasible sets         0 orders tried  current cost 2
    W_14: 17295s  39,173,918,000 steps   198813 feasible sets         0 orders tried  current cost 4
    W_14: 17310s  39,208,131,200 steps   198961 feasible sets         0 orders tried  current cost 2
    W_14: 17325s  39,242,585,200 steps   199128 feasible sets         0 orders tried  current cost 8
    W_14: 17340s  39,276,841,200 steps   199290 feasible sets         0 orders tried  current cost 9
    W_14: 17355s  39,310,952,600 steps   199443 feasible sets         0 orders tried  current cost 3
    W_14: 17370s  39,344,898,000 steps   199608 feasible sets         0 orders tried  current cost 3
    W_14: 17385s  39,378,872,800 steps   199795 feasible sets         0 orders tried  current cost 4
    W_14: 17400s  39,413,011,400 steps   200014 feasible sets         0 orders tried  current cost 5
    W_14: 17415s  39,447,372,200 steps   200210 feasible sets         0 orders tried  current cost 4
    W_14: 17430s  39,481,602,600 steps   200365 feasible sets         0 orders tried  current cost 14
    W_14: 17445s  39,515,948,400 steps   200499 feasible sets         0 orders tried  current cost 6
    W_14: 17460s  39,549,998,400 steps   200674 feasible sets         0 orders tried  current cost 3
    W_14: 17475s  39,583,887,000 steps   200842 feasible sets         0 orders tried  current cost 7
    W_14: 17490s  39,617,931,800 steps   201041 feasible sets         0 orders tried  current cost 5
    W_14: 17505s  39,651,855,800 steps   201189 feasible sets         0 orders tried  current cost 2
    W_14: 17520s  39,685,969,000 steps   201323 feasible sets         0 orders tried  current cost 3
    W_14: 17535s  39,720,120,200 steps   201491 feasible sets         0 orders tried  current cost 10
    W_14: 17550s  39,754,519,800 steps   201675 feasible sets         0 orders tried  current cost 2
    W_14: 17565s  39,788,282,400 steps   201843 feasible sets         0 orders tried  current cost 9
    W_14: 17580s  39,822,353,400 steps   202016 feasible sets         0 orders tried  current cost 1
    W_14: 17595s  39,856,690,600 steps   202217 feasible sets         0 orders tried  current cost 6
    W_14: 17610s  39,891,114,200 steps   202390 feasible sets         0 orders tried  current cost 3
    W_14: 17625s  39,925,452,000 steps   202547 feasible sets         0 orders tried  current cost 1
    W_14: 17640s  39,960,101,000 steps   202703 feasible sets         0 orders tried  current cost 9
    W_14: 17655s  39,994,215,400 steps   202901 feasible sets         0 orders tried  current cost 2
    W_14: 17670s  40,028,790,600 steps   203084 feasible sets         0 orders tried  current cost 1
    W_14: 17685s  40,062,936,000 steps   203264 feasible sets         0 orders tried  current cost 1
    W_14: 17700s  40,097,251,200 steps   203440 feasible sets         0 orders tried  current cost 3
    W_14: 17715s  40,130,937,200 steps   203605 feasible sets         0 orders tried  current cost 2
    W_14: 17730s  40,162,828,200 steps   203777 feasible sets         0 orders tried  current cost 7
    W_14: 17745s  40,196,524,600 steps   203977 feasible sets         0 orders tried  current cost 10
    W_14: 17760s  40,230,907,800 steps   204107 feasible sets         0 orders tried  current cost 6
    W_14: 17775s  40,265,204,800 steps   204265 feasible sets         0 orders tried  current cost 11
    W_14: 17790s  40,299,535,400 steps   204443 feasible sets         0 orders tried  current cost 6
    W_14: 17805s  40,333,577,000 steps   204604 feasible sets         0 orders tried  current cost 3
    W_14: 17820s  40,367,794,800 steps   204790 feasible sets         0 orders tried  current cost 2
    W_14: 17835s  40,402,224,800 steps   204975 feasible sets         0 orders tried  current cost 6
    W_14: 17850s  40,436,813,400 steps   205182 feasible sets         0 orders tried  current cost 2
    W_14: 17865s  40,471,294,600 steps   205326 feasible sets         0 orders tried  current cost 1
    W_14: 17880s  40,505,901,400 steps   205538 feasible sets         0 orders tried  current cost 14
    W_14: 17895s  40,540,594,600 steps   205684 feasible sets         0 orders tried  current cost 3
    W_14: 17910s  40,574,939,200 steps   205829 feasible sets         0 orders tried  current cost 5
    W_14: 17925s  40,609,268,400 steps   206009 feasible sets         0 orders tried  current cost 6
    W_14: 17940s  40,643,662,600 steps   206174 feasible sets         0 orders tried  current cost 14
    W_14: 17955s  40,678,075,000 steps   206330 feasible sets         0 orders tried  current cost 3
    W_14: 17970s  40,712,356,000 steps   206537 feasible sets         0 orders tried  current cost 4
    W_14: 17985s  40,746,588,200 steps   206716 feasible sets         0 orders tried  current cost 5
    W_14: 18000s  40,780,912,600 steps   206911 feasible sets         0 orders tried  current cost 4
    W_14: 18015s  40,815,262,400 steps   207083 feasible sets         0 orders tried  current cost 13
    W_14: 18030s  40,849,318,600 steps   207245 feasible sets         0 orders tried  current cost 3
    W_14: 18045s  40,883,599,800 steps   207406 feasible sets         0 orders tried  current cost 3
    W_14: 18060s  40,918,254,800 steps   207585 feasible sets         0 orders tried  current cost 3
    W_14: 18075s  40,952,652,600 steps   207738 feasible sets         0 orders tried  current cost 3
    W_14: 18090s  40,986,874,000 steps   207907 feasible sets         0 orders tried  current cost 3
    W_14: 18105s  41,021,516,400 steps   208089 feasible sets         0 orders tried  current cost 4
    W_14: 18120s  41,056,049,800 steps   208267 feasible sets         0 orders tried  current cost 3
    W_14: 18135s  41,090,396,400 steps   208417 feasible sets         0 orders tried  current cost 3
    W_14: 18150s  41,124,856,200 steps   208592 feasible sets         0 orders tried  current cost 3
    W_14: 18165s  41,159,549,800 steps   208781 feasible sets         0 orders tried  current cost 5
    W_14: 18180s  41,193,909,400 steps   208951 feasible sets         0 orders tried  current cost 4
    W_14: 18195s  41,228,399,000 steps   209119 feasible sets         0 orders tried  current cost 1
    W_14: 18210s  41,262,552,200 steps   209284 feasible sets         0 orders tried  current cost 5
    W_14: 18225s  41,297,193,400 steps   209470 feasible sets         0 orders tried  current cost 3
    W_14: 18240s  41,331,766,600 steps   209666 feasible sets         0 orders tried  current cost 9
    W_14: 18255s  41,365,577,600 steps   209854 feasible sets         0 orders tried  current cost 1
    W_14: 18270s  41,399,756,600 steps   210036 feasible sets         0 orders tried  current cost 3
    W_14: 18285s  41,433,924,400 steps   210268 feasible sets         0 orders tried  current cost 11
    W_14: 18300s  41,468,255,000 steps   210438 feasible sets         0 orders tried  current cost 3
    W_14: 18315s  41,503,000,400 steps   210643 feasible sets         0 orders tried  current cost 9
    W_14: 18330s  41,537,619,400 steps   210810 feasible sets         0 orders tried  current cost 2
    W_14: 18345s  41,572,048,600 steps   211012 feasible sets         0 orders tried  current cost 6
    W_14: 18360s  41,606,772,200 steps   211201 feasible sets         0 orders tried  current cost 3
    W_14: 18375s  41,641,450,000 steps   211369 feasible sets         0 orders tried  current cost 6
    W_14: 18390s  41,675,773,600 steps   211553 feasible sets         0 orders tried  current cost 2
    W_14: 18405s  41,710,462,200 steps   211737 feasible sets         0 orders tried  current cost 12
    W_14: 18420s  41,744,714,200 steps   211912 feasible sets         0 orders tried  current cost 2
    W_14: 18435s  41,779,207,400 steps   212113 feasible sets         0 orders tried  current cost 7
    W_14: 18450s  41,813,221,600 steps   212270 feasible sets         0 orders tried  current cost 17
    W_14: 18465s  41,847,944,400 steps   212467 feasible sets         0 orders tried  current cost 6
    W_14: 18480s  41,882,155,400 steps   212650 feasible sets         0 orders tried  current cost 2
    W_14: 18495s  41,916,122,400 steps   212834 feasible sets         0 orders tried  current cost 8
    W_14: 18510s  41,950,546,600 steps   212997 feasible sets         0 orders tried  current cost 8
    W_14: 18525s  41,984,783,400 steps   213157 feasible sets         0 orders tried  current cost 9
    W_14: 18540s  42,019,172,000 steps   213345 feasible sets         0 orders tried  current cost 5
    W_14: 18555s  42,053,615,800 steps   213540 feasible sets         0 orders tried  current cost 5
    W_14: 18570s  42,088,264,000 steps   213687 feasible sets         0 orders tried  current cost 9
    W_14: 18585s  42,122,365,600 steps   213835 feasible sets         0 orders tried  current cost 8
    W_14: 18600s  42,156,658,600 steps   214036 feasible sets         0 orders tried  current cost 3
    W_14: 18615s  42,191,112,200 steps   214241 feasible sets         0 orders tried  current cost 4
    W_14: 18630s  42,225,503,000 steps   214449 feasible sets         0 orders tried  current cost 9
    W_14: 18645s  42,259,817,200 steps   214616 feasible sets         0 orders tried  current cost 3
    W_14: 18660s  42,294,172,800 steps   214813 feasible sets         0 orders tried  current cost 5
    W_14: 18675s  42,328,765,200 steps   214971 feasible sets         0 orders tried  current cost 9
    W_14: 18690s  42,363,199,000 steps   215156 feasible sets         0 orders tried  current cost 2
    W_14: 18705s  42,397,645,200 steps   215337 feasible sets         0 orders tried  current cost 9
    W_14: 18720s  42,432,215,400 steps   215559 feasible sets         0 orders tried  current cost 3
    W_14: 18735s  42,466,766,200 steps   215771 feasible sets         0 orders tried  current cost 9
    W_14: 18750s  42,501,359,600 steps   215921 feasible sets         0 orders tried  current cost 3
    W_14: 18765s  42,536,323,400 steps   216089 feasible sets         0 orders tried  current cost 12
    W_14: 18780s  42,570,576,800 steps   216280 feasible sets         0 orders tried  current cost 5
    W_14: 18795s  42,605,142,600 steps   216423 feasible sets         0 orders tried  current cost 9
    W_14: 18810s  42,639,071,400 steps   216617 feasible sets         0 orders tried  current cost 1
    W_14: 18825s  42,673,446,800 steps   216787 feasible sets         0 orders tried  current cost 5
    W_14: 18840s  42,707,535,800 steps   216957 feasible sets         0 orders tried  current cost 3
    W_14: 18855s  42,741,999,400 steps   217105 feasible sets         0 orders tried  current cost 3
    W_14: 18870s  42,776,268,400 steps   217295 feasible sets         0 orders tried  current cost 3
    W_14: 18885s  42,810,319,200 steps   217445 feasible sets         0 orders tried  current cost 1
    W_14: 18900s  42,844,502,400 steps   217634 feasible sets         0 orders tried  current cost 10
    W_14: 18915s  42,878,896,600 steps   217785 feasible sets         0 orders tried  current cost 3
    W_14: 18930s  42,913,012,200 steps   217993 feasible sets         0 orders tried  current cost 3
    W_14: 18945s  42,947,170,600 steps   218161 feasible sets         0 orders tried  current cost 4
    W_14: 18960s  42,981,611,600 steps   218350 feasible sets         0 orders tried  current cost 3
    W_14: 18975s  43,015,450,400 steps   218541 feasible sets         0 orders tried  current cost 1
    W_14: 18990s  43,049,691,600 steps   218747 feasible sets         0 orders tried  current cost 4
    W_14: 19005s  43,084,185,600 steps   218941 feasible sets         0 orders tried  current cost 11
    W_14: 19020s  43,118,761,600 steps   219127 feasible sets         0 orders tried  current cost 12
    W_14: 19035s  43,153,382,400 steps   219305 feasible sets         0 orders tried  current cost 10
    W_14: 19050s  43,187,819,600 steps   219529 feasible sets         0 orders tried  current cost 4
    W_14: 19065s  43,222,600,800 steps   219698 feasible sets         0 orders tried  current cost 14
    W_14: 19080s  43,256,859,200 steps   219860 feasible sets         0 orders tried  current cost 2
    W_14: 19095s  43,291,551,200 steps   220039 feasible sets         0 orders tried  current cost 3
    W_14: 19110s  43,325,882,000 steps   220215 feasible sets         0 orders tried  current cost 11
    W_14: 19125s  43,360,233,400 steps   220367 feasible sets         0 orders tried  current cost 3
    W_14: 19140s  43,395,003,200 steps   220533 feasible sets         0 orders tried  current cost 13
    W_14: 19155s  43,429,348,600 steps   220703 feasible sets         0 orders tried  current cost 4
    W_14: 19170s  43,463,944,600 steps   220911 feasible sets         0 orders tried  current cost 15
    W_14: 19185s  43,498,332,600 steps   221086 feasible sets         0 orders tried  current cost 2
    W_14: 19200s  43,533,002,200 steps   221276 feasible sets         0 orders tried  current cost 8
    W_14: 19215s  43,566,914,200 steps   221450 feasible sets         0 orders tried  current cost 2
    W_14: 19230s  43,601,268,800 steps   221614 feasible sets         0 orders tried  current cost 5
    W_14: 19245s  43,635,437,000 steps   221802 feasible sets         0 orders tried  current cost 1
    W_14: 19260s  43,669,577,200 steps   221998 feasible sets         0 orders tried  current cost 6
    W_14: 19275s  43,703,793,000 steps   222177 feasible sets         0 orders tried  current cost 2
    W_14: 19290s  43,738,232,000 steps   222317 feasible sets         0 orders tried  current cost 2
    W_14: 19305s  43,772,853,800 steps   222513 feasible sets         0 orders tried  current cost 2
    W_14: 19320s  43,807,120,000 steps   222666 feasible sets         0 orders tried  current cost 1
    W_14: 19335s  43,841,200,400 steps   222804 feasible sets         0 orders tried  current cost 13
    W_14: 19350s  43,875,552,400 steps   222953 feasible sets         0 orders tried  current cost 3
    W_14: 19365s  43,909,806,000 steps   223090 feasible sets         0 orders tried  current cost 9
    W_14: 19380s  43,944,440,800 steps   223230 feasible sets         0 orders tried  current cost 21
    W_14: 19395s  43,978,945,800 steps   223403 feasible sets         0 orders tried  current cost 2
    W_14: 19410s  44,013,617,800 steps   223569 feasible sets         0 orders tried  current cost 4
    W_14: 19425s  44,048,310,200 steps   223769 feasible sets         0 orders tried  current cost 6
    W_14: 19440s  44,082,650,400 steps   223958 feasible sets         0 orders tried  current cost 5
    W_14: 19455s  44,117,142,200 steps   224130 feasible sets         0 orders tried  current cost 9
    W_14: 19470s  44,151,784,000 steps   224297 feasible sets         0 orders tried  current cost 9
    W_14: 19485s  44,186,149,800 steps   224436 feasible sets         0 orders tried  current cost 5
    W_14: 19500s  44,220,317,200 steps   224615 feasible sets         0 orders tried  current cost 2
    W_14: 19515s  44,254,638,600 steps   224745 feasible sets         0 orders tried  current cost 2
    W_14: 19530s  44,289,135,800 steps   224903 feasible sets         0 orders tried  current cost 3
    W_14: 19545s  44,323,122,800 steps   225077 feasible sets         0 orders tried  current cost 13
    W_14: 19560s  44,358,295,600 steps   225264 feasible sets         0 orders tried  current cost 1
    W_14: 19575s  44,392,506,200 steps   225437 feasible sets         0 orders tried  current cost 6
    W_14: 19590s  44,426,797,000 steps   225548 feasible sets         0 orders tried  current cost 3
    W_14: 19605s  44,461,373,400 steps   225742 feasible sets         0 orders tried  current cost 5
    W_14: 19620s  44,495,675,600 steps   225938 feasible sets         0 orders tried  current cost 3
    W_14: 19635s  44,530,185,600 steps   226126 feasible sets         0 orders tried  current cost 13
    W_14: 19650s  44,564,674,400 steps   226327 feasible sets         0 orders tried  current cost 4
    W_14: 19665s  44,599,202,200 steps   226473 feasible sets         0 orders tried  current cost 12
    W_14: 19680s  44,633,820,800 steps   226643 feasible sets         0 orders tried  current cost 13
    W_14: 19695s  44,668,283,800 steps   226831 feasible sets         0 orders tried  current cost 8
    W_14: 19710s  44,702,320,600 steps   227000 feasible sets         0 orders tried  current cost 16
    W_14: 19725s  44,736,726,000 steps   227139 feasible sets         0 orders tried  current cost 7
    W_14: 19740s  44,770,995,200 steps   227323 feasible sets         0 orders tried  current cost 3
    W_14: 19755s  44,805,359,000 steps   227488 feasible sets         0 orders tried  current cost 4
    W_14: 19770s  44,839,989,400 steps   227669 feasible sets         0 orders tried  current cost 4
    W_14: 19785s  44,874,716,600 steps   227843 feasible sets         0 orders tried  current cost 1
    W_14: 19800s  44,909,680,400 steps   227990 feasible sets         0 orders tried  current cost 18
    W_14: 19815s  44,944,115,000 steps   228163 feasible sets         0 orders tried  current cost 4
    W_14: 19830s  44,978,808,200 steps   228330 feasible sets         0 orders tried  current cost 8
    W_14: 19845s  45,013,092,800 steps   228518 feasible sets         0 orders tried  current cost 6
    W_14: 19860s  45,047,464,400 steps   228714 feasible sets         0 orders tried  current cost 7
    W_14: 19875s  45,082,013,200 steps   228942 feasible sets         0 orders tried  current cost 5
    W_14: 19890s  45,116,568,800 steps   229112 feasible sets         0 orders tried  current cost 5
    W_14: 19905s  45,151,366,800 steps   229299 feasible sets         0 orders tried  current cost 8
    W_14: 19920s  45,185,916,800 steps   229455 feasible sets         0 orders tried  current cost 1
    W_14: 19935s  45,220,068,000 steps   229588 feasible sets         0 orders tried  current cost 5
    W_14: 19950s  45,254,851,200 steps   229781 feasible sets         0 orders tried  current cost 4
    W_14: 19965s  45,289,083,800 steps   229948 feasible sets         0 orders tried  current cost 11
    W_14: 19980s  45,323,471,000 steps   230127 feasible sets         0 orders tried  current cost 4
    W_14: 19995s  45,357,683,200 steps   230356 feasible sets         0 orders tried  current cost 7
    W_14: 20010s  45,391,925,600 steps   230532 feasible sets         0 orders tried  current cost 5
    W_14: 20025s  45,426,425,800 steps   230701 feasible sets         0 orders tried  current cost 6
    W_14: 20040s  45,460,722,600 steps   230865 feasible sets         0 orders tried  current cost 9
    W_14: 20055s  45,495,398,600 steps   231033 feasible sets         0 orders tried  current cost 4
    W_14: 20070s  45,529,569,000 steps   231199 feasible sets         0 orders tried  current cost 3
    W_14: 20085s  45,564,287,000 steps   231365 feasible sets         0 orders tried  current cost 5
    W_14: 20100s  45,598,041,000 steps   231544 feasible sets         0 orders tried  current cost 12
    W_14: 20115s  45,630,183,800 steps   231698 feasible sets         0 orders tried  current cost 9
    W_14: 20130s  45,663,119,800 steps   231901 feasible sets         0 orders tried  current cost 1
    W_14: 20145s  45,697,359,800 steps   232070 feasible sets         0 orders tried  current cost 2
    W_14: 20160s  45,731,720,000 steps   232256 feasible sets         0 orders tried  current cost 3
    W_14: 20175s  45,765,832,400 steps   232415 feasible sets         0 orders tried  current cost 3
    W_14: 20190s  45,800,339,600 steps   232640 feasible sets         0 orders tried  current cost 3
    W_14: 20205s  45,835,260,200 steps   232809 feasible sets         0 orders tried  current cost 16
    W_14: 20220s  45,869,513,000 steps   232994 feasible sets         0 orders tried  current cost 4
    W_14: 20235s  45,904,039,800 steps   233175 feasible sets         0 orders tried  current cost 5
    W_14: 20250s  45,938,659,400 steps   233395 feasible sets         0 orders tried  current cost 3
    W_14: 20265s  45,973,086,800 steps   233562 feasible sets         0 orders tried  current cost 7
    W_14: 20280s  46,007,629,000 steps   233749 feasible sets         0 orders tried  current cost 4
    W_14: 20295s  46,041,756,800 steps   233940 feasible sets         0 orders tried  current cost 3
    W_14: 20310s  46,074,872,400 steps   234100 feasible sets         0 orders tried  current cost 3
    W_14: 20325s  46,109,027,800 steps   234259 feasible sets         0 orders tried  current cost 8
    W_14: 20340s  46,143,424,000 steps   234429 feasible sets         0 orders tried  current cost 10
    W_14: 20355s  46,177,985,200 steps   234638 feasible sets         0 orders tried  current cost 7
    W_14: 20370s  46,212,884,200 steps   234822 feasible sets         0 orders tried  current cost 8
    W_14: 20385s  46,247,046,800 steps   234974 feasible sets         0 orders tried  current cost 6
    W_14: 20400s  46,281,825,800 steps   235140 feasible sets         0 orders tried  current cost 4
    W_14: 20415s  46,316,391,600 steps   235354 feasible sets         0 orders tried  current cost 5
    W_14: 20430s  46,350,845,200 steps   235484 feasible sets         0 orders tried  current cost 7
    W_14: 20445s  46,385,289,800 steps   235639 feasible sets         0 orders tried  current cost 6
    W_14: 20460s  46,420,005,600 steps   235815 feasible sets         0 orders tried  current cost 6
    W_14: 20475s  46,454,689,000 steps   235980 feasible sets         0 orders tried  current cost 6
    W_14: 20490s  46,488,735,600 steps   236137 feasible sets         0 orders tried  current cost 3
    W_14: 20505s  46,523,087,000 steps   236287 feasible sets         0 orders tried  current cost 8
    W_14: 20520s  46,557,488,800 steps   236474 feasible sets         0 orders tried  current cost 5
    W_14: 20535s  46,591,798,800 steps   236673 feasible sets         0 orders tried  current cost 2
    W_14: 20550s  46,626,081,800 steps   236832 feasible sets         0 orders tried  current cost 12
    W_14: 20565s  46,660,716,000 steps   236983 feasible sets         0 orders tried  current cost 4
    W_14: 20580s  46,695,270,000 steps   237178 feasible sets         0 orders tried  current cost 5
    W_14: 20595s  46,729,565,400 steps   237376 feasible sets         0 orders tried  current cost 8
    W_14: 20610s  46,763,905,800 steps   237571 feasible sets         0 orders tried  current cost 4
    W_14: 20625s  46,798,324,000 steps   237713 feasible sets         0 orders tried  current cost 11
    W_14: 20640s  46,832,579,200 steps   237877 feasible sets         0 orders tried  current cost 3
    W_14: 20655s  46,866,741,000 steps   238037 feasible sets         0 orders tried  current cost 14
    W_14: 20670s  46,901,316,600 steps   238208 feasible sets         0 orders tried  current cost 5
    W_14: 20685s  46,935,604,400 steps   238363 feasible sets         0 orders tried  current cost 6
    W_14: 20700s  46,970,095,200 steps   238527 feasible sets         0 orders tried  current cost 3
    W_14: 20715s  47,004,603,800 steps   238701 feasible sets         0 orders tried  current cost 10
    W_14: 20730s  47,038,767,400 steps   238869 feasible sets         0 orders tried  current cost 7
    W_14: 20745s  47,073,301,800 steps   239041 feasible sets         0 orders tried  current cost 12
    W_14: 20760s  47,107,447,000 steps   239200 feasible sets         0 orders tried  current cost 7
    W_14: 20775s  47,142,092,800 steps   239351 feasible sets         0 orders tried  current cost 4
    W_14: 20790s  47,176,528,200 steps   239573 feasible sets         0 orders tried  current cost 8
    W_14: 20805s  47,210,853,800 steps   239734 feasible sets         0 orders tried  current cost 6
    W_14: 20820s  47,245,257,400 steps   239899 feasible sets         0 orders tried  current cost 2
    W_14: 20835s  47,279,680,600 steps   240109 feasible sets         0 orders tried  current cost 13
    W_14: 20850s  47,314,018,200 steps   240300 feasible sets         0 orders tried  current cost 4
    W_14: 20865s  47,348,508,200 steps   240428 feasible sets         0 orders tried  current cost 4
    W_14: 20880s  47,383,306,600 steps   240640 feasible sets         0 orders tried  current cost 7
    W_14: 20895s  47,417,846,200 steps   240786 feasible sets         0 orders tried  current cost 7
    W_14: 20910s  47,452,456,400 steps   240967 feasible sets         0 orders tried  current cost 1
    W_14: 20925s  47,486,921,000 steps   241115 feasible sets         0 orders tried  current cost 12
    W_14: 20940s  47,521,549,600 steps   241288 feasible sets         0 orders tried  current cost 5
    W_14: 20955s  47,556,313,000 steps   241460 feasible sets         0 orders tried  current cost 3
    W_14: 20970s  47,590,650,800 steps   241644 feasible sets         0 orders tried  current cost 5
    W_14: 20985s  47,625,069,400 steps   241826 feasible sets         0 orders tried  current cost 8
    W_14: 21000s  47,659,551,400 steps   241981 feasible sets         0 orders tried  current cost 4
    W_14: 21015s  47,693,926,600 steps   242159 feasible sets         0 orders tried  current cost 1
    W_14: 21030s  47,727,976,800 steps   242351 feasible sets         0 orders tried  current cost 2
    W_14: 21045s  47,762,710,400 steps   242506 feasible sets         0 orders tried  current cost 5
    W_14: 21060s  47,796,866,800 steps   242705 feasible sets         0 orders tried  current cost 7
    W_14: 21075s  47,831,673,400 steps   242852 feasible sets         0 orders tried  current cost 4
    W_14: 21090s  47,865,991,600 steps   243038 feasible sets         0 orders tried  current cost 4
    W_14: 21105s  47,900,307,200 steps   243203 feasible sets         0 orders tried  current cost 6
    W_14: 21120s  47,935,026,800 steps   243361 feasible sets         0 orders tried  current cost 8
    W_14: 21135s  47,969,338,200 steps   243511 feasible sets         0 orders tried  current cost 3
    W_14: 21150s  48,003,351,400 steps   243699 feasible sets         0 orders tried  current cost 3
    W_14: 21165s  48,037,815,200 steps   243881 feasible sets         0 orders tried  current cost 3
    W_14: 21180s  48,072,505,800 steps   244039 feasible sets         0 orders tried  current cost 5
    W_14: 21195s  48,107,302,800 steps   244219 feasible sets         0 orders tried  current cost 11
    W_14: 21210s  48,142,526,800 steps   244430 feasible sets         0 orders tried  current cost 3
    W_14: 21225s  48,176,942,600 steps   244627 feasible sets         0 orders tried  current cost 10
    W_14: 21240s  48,211,455,800 steps   244808 feasible sets         0 orders tried  current cost 4
    W_14: 21255s  48,245,982,800 steps   244987 feasible sets         0 orders tried  current cost 9
    W_14: 21270s  48,280,263,800 steps   245168 feasible sets         0 orders tried  current cost 8
    W_14: 21285s  48,314,738,800 steps   245355 feasible sets         0 orders tried  current cost 2
    W_14: 21300s  48,349,174,000 steps   245539 feasible sets         0 orders tried  current cost 2
    W_14: 21315s  48,383,639,400 steps   245738 feasible sets         0 orders tried  current cost 3
    W_14: 21330s  48,417,936,200 steps   245947 feasible sets         0 orders tried  current cost 1
    W_14: 21345s  48,452,610,800 steps   246090 feasible sets         0 orders tried  current cost 4
    W_14: 21360s  48,487,265,200 steps   246232 feasible sets         0 orders tried  current cost 11
    W_14: 21375s  48,521,929,800 steps   246399 feasible sets         0 orders tried  current cost 6
    W_14: 21390s  48,556,398,600 steps   246588 feasible sets         0 orders tried  current cost 4
    W_14: 21405s  48,590,862,600 steps   246735 feasible sets         0 orders tried  current cost 15
    W_14: 21420s  48,625,298,400 steps   246931 feasible sets         0 orders tried  current cost 4
    W_14: 21435s  48,660,101,600 steps   247089 feasible sets         0 orders tried  current cost 15
    W_14: 21450s  48,694,674,600 steps   247309 feasible sets         0 orders tried  current cost 4
    W_14: 21465s  48,729,326,600 steps   247498 feasible sets         0 orders tried  current cost 6
    W_14: 21480s  48,764,139,200 steps   247736 feasible sets         0 orders tried  current cost 3
    W_14: 21495s  48,798,690,400 steps   247904 feasible sets         0 orders tried  current cost 6
    W_14: 21510s  48,833,461,400 steps   248072 feasible sets         0 orders tried  current cost 14
    W_14: 21525s  48,868,165,200 steps   248237 feasible sets         0 orders tried  current cost 9
    W_14: 21540s  48,903,004,200 steps   248414 feasible sets         0 orders tried  current cost 6
    W_14: 21555s  48,937,639,400 steps   248590 feasible sets         0 orders tried  current cost 2
    W_14: 21570s  48,972,181,400 steps   248738 feasible sets         0 orders tried  current cost 19
    W_14: 21585s  49,006,825,000 steps   248949 feasible sets         0 orders tried  current cost 14
    W_14: 21600s  49,041,328,000 steps   249100 feasible sets         0 orders tried  current cost 4
    W_14: 21615s  49,075,866,600 steps   249237 feasible sets         0 orders tried  current cost 8
    W_14: 21630s  49,110,358,600 steps   249397 feasible sets         0 orders tried  current cost 3
    W_14: 21645s  49,144,761,800 steps   249606 feasible sets         0 orders tried  current cost 9
    W_14: 21660s  49,179,893,800 steps   249825 feasible sets         0 orders tried  current cost 3
    W_14: 21675s  49,214,463,400 steps   250048 feasible sets         0 orders tried  current cost 11
    W_14: 21690s  49,249,044,400 steps   250224 feasible sets         0 orders tried  current cost 10
    W_14: 21705s  49,283,669,800 steps   250381 feasible sets         0 orders tried  current cost 6
    W_14: 21720s  49,318,142,400 steps   250577 feasible sets         0 orders tried  current cost 10
    W_14: 21735s  49,352,573,800 steps   250773 feasible sets         0 orders tried  current cost 4
    W_14: 21750s  49,387,521,000 steps   250951 feasible sets         0 orders tried  current cost 13
    W_14: 21765s  49,421,880,000 steps   251097 feasible sets         0 orders tried  current cost 3
    W_14: 21780s  49,455,844,800 steps   251262 feasible sets         0 orders tried  current cost 12
    W_14: 21795s  49,490,318,400 steps   251423 feasible sets         0 orders tried  current cost 3
    W_14: 21810s  49,525,117,000 steps   251622 feasible sets         0 orders tried  current cost 1
    W_14: 21825s  49,559,504,000 steps   251801 feasible sets         0 orders tried  current cost 12
    W_14: 21840s  49,593,675,000 steps   251943 feasible sets         0 orders tried  current cost 1
    W_14: 21855s  49,628,396,400 steps   252130 feasible sets         0 orders tried  current cost 2
    W_14: 21870s  49,662,867,600 steps   252299 feasible sets         0 orders tried  current cost 7
    W_14: 21885s  49,697,497,400 steps   252468 feasible sets         0 orders tried  current cost 2
    W_14: 21900s  49,732,002,400 steps   252635 feasible sets         0 orders tried  current cost 12
    W_14: 21915s  49,766,697,800 steps   252771 feasible sets         0 orders tried  current cost 3
    W_14: 21930s  49,801,387,000 steps   252947 feasible sets         0 orders tried  current cost 5
    W_14: 21945s  49,836,132,000 steps   253147 feasible sets         0 orders tried  current cost 3
    W_14: 21960s  49,870,357,200 steps   253347 feasible sets         0 orders tried  current cost 3
    W_14: 21975s  49,904,784,200 steps   253533 feasible sets         0 orders tried  current cost 9
    W_14: 21990s  49,939,337,000 steps   253721 feasible sets         0 orders tried  current cost 3
    W_14: 22005s  49,973,657,600 steps   253872 feasible sets         0 orders tried  current cost 2
    W_14: 22020s  50,008,173,800 steps   254064 feasible sets         0 orders tried  current cost 3
    W_14: 22035s  50,042,554,600 steps   254235 feasible sets         0 orders tried  current cost 3
    W_14: 22050s  50,077,410,600 steps   254467 feasible sets         0 orders tried  current cost 6
    W_14: 22065s  50,111,911,000 steps   254632 feasible sets         0 orders tried  current cost 4
    W_14: 22080s  50,146,267,600 steps   254819 feasible sets         0 orders tried  current cost 7
    W_14: 22095s  50,180,815,800 steps   254960 feasible sets         0 orders tried  current cost 1
    W_14: 22110s  50,215,784,400 steps   255152 feasible sets         0 orders tried  current cost 12
    W_14: 22125s  50,250,258,600 steps   255337 feasible sets         0 orders tried  current cost 1
    W_14: 22140s  50,284,970,000 steps   255521 feasible sets         0 orders tried  current cost 4
    W_14: 22155s  50,319,527,200 steps   255689 feasible sets         0 orders tried  current cost 10
    W_14: 22170s  50,353,619,200 steps   255868 feasible sets         0 orders tried  current cost 2
    W_14: 22185s  50,388,394,200 steps   256057 feasible sets         0 orders tried  current cost 4
    W_14: 22200s  50,422,692,200 steps   256232 feasible sets         0 orders tried  current cost 1
    W_14: 22215s  50,456,925,600 steps   256383 feasible sets         0 orders tried  current cost 7
    W_14: 22230s  50,491,496,600 steps   256591 feasible sets         0 orders tried  current cost 2
    W_14: 22245s  50,526,184,800 steps   256801 feasible sets         0 orders tried  current cost 8
    W_14: 22260s  50,560,313,400 steps   256999 feasible sets         0 orders tried  current cost 2
    W_14: 22275s  50,594,934,400 steps   257211 feasible sets         0 orders tried  current cost 4
    W_14: 22290s  50,629,568,800 steps   257387 feasible sets         0 orders tried  current cost 3
    W_14: 22305s  50,663,819,200 steps   257530 feasible sets         0 orders tried  current cost 3
    W_14: 22320s  50,698,378,400 steps   257687 feasible sets         0 orders tried  current cost 1
    W_14: 22335s  50,732,612,800 steps   257826 feasible sets         0 orders tried  current cost 5
    W_14: 22350s  50,766,964,600 steps   258043 feasible sets         0 orders tried  current cost 12
    W_14: 22365s  50,801,366,000 steps   258208 feasible sets         0 orders tried  current cost 7
    W_14: 22380s  50,835,955,800 steps   258401 feasible sets         0 orders tried  current cost 5
    W_14: 22395s  50,870,787,000 steps   258590 feasible sets         0 orders tried  current cost 5
    W_14: 22410s  50,905,797,000 steps   258762 feasible sets         0 orders tried  current cost 3
    W_14: 22425s  50,940,108,000 steps   258908 feasible sets         0 orders tried  current cost 6
    W_14: 22440s  50,975,188,400 steps   259075 feasible sets         0 orders tried  current cost 8
    W_14: 22455s  51,009,250,000 steps   259248 feasible sets         0 orders tried  current cost 4
    W_14: 22470s  51,043,524,200 steps   259390 feasible sets         0 orders tried  current cost 8
    W_14: 22485s  51,077,602,000 steps   259572 feasible sets         0 orders tried  current cost 7
    W_14: 22500s  51,112,013,200 steps   259750 feasible sets         0 orders tried  current cost 4
    W_14: 22515s  51,146,575,200 steps   259917 feasible sets         0 orders tried  current cost 3
    W_14: 22530s  51,181,249,800 steps   260102 feasible sets         0 orders tried  current cost 6
    W_14: 22545s  51,215,931,800 steps   260275 feasible sets         0 orders tried  current cost 3
    W_14: 22560s  51,250,528,800 steps   260468 feasible sets         0 orders tried  current cost 5
    W_14: 22575s  51,284,959,200 steps   260622 feasible sets         0 orders tried  current cost 3
    W_14: 22590s  51,319,667,800 steps   260792 feasible sets         0 orders tried  current cost 9
    W_14: 22605s  51,354,150,800 steps   260992 feasible sets         0 orders tried  current cost 4
    W_14: 22620s  51,388,904,600 steps   261152 feasible sets         0 orders tried  current cost 8
    W_14: 22635s  51,423,238,200 steps   261339 feasible sets         0 orders tried  current cost 3
    W_14: 22650s  51,457,896,600 steps   261480 feasible sets         0 orders tried  current cost 2
    W_14: 22665s  51,492,677,600 steps   261643 feasible sets         0 orders tried  current cost 3
    W_14: 22680s  51,526,778,600 steps   261846 feasible sets         0 orders tried  current cost 4
    W_14: 22695s  51,561,161,200 steps   262031 feasible sets         0 orders tried  current cost 11
    W_14: 22710s  51,595,693,400 steps   262215 feasible sets         0 orders tried  current cost 5
    W_14: 22725s  51,629,993,000 steps   262419 feasible sets         0 orders tried  current cost 4
    W_14: 22740s  51,664,297,800 steps   262606 feasible sets         0 orders tried  current cost 2
    W_14: 22755s  51,698,672,000 steps   262780 feasible sets         0 orders tried  current cost 2
    W_14: 22770s  51,733,363,200 steps   262960 feasible sets         0 orders tried  current cost 11
    W_14: 22785s  51,767,511,600 steps   263128 feasible sets         0 orders tried  current cost 1
    W_14: 22800s  51,801,627,200 steps   263317 feasible sets         0 orders tried  current cost 5
    W_14: 22815s  51,835,809,400 steps   263482 feasible sets         0 orders tried  current cost 6
    W_14: 22830s  51,870,570,200 steps   263657 feasible sets         0 orders tried  current cost 7
    W_14: 22845s  51,905,026,600 steps   263851 feasible sets         0 orders tried  current cost 6
    W_14: 22860s  51,939,180,400 steps   264014 feasible sets         0 orders tried  current cost 20
    W_14: 22875s  51,973,107,800 steps   264205 feasible sets         0 orders tried  current cost 2
    W_14: 22890s  52,007,771,600 steps   264376 feasible sets         0 orders tried  current cost 1
    W_14: 22905s  52,042,295,400 steps   264521 feasible sets         0 orders tried  current cost 3
    W_14: 22920s  52,077,194,400 steps   264678 feasible sets         0 orders tried  current cost 3
    W_14: 22935s  52,111,162,800 steps   264833 feasible sets         0 orders tried  current cost 12
    W_14: 22950s  52,145,415,200 steps   265036 feasible sets         0 orders tried  current cost 2
    W_14: 22965s  52,180,271,200 steps   265234 feasible sets         0 orders tried  current cost 3
    W_14: 22980s  52,215,068,400 steps   265440 feasible sets         0 orders tried  current cost 4
    W_14: 22995s  52,249,546,400 steps   265602 feasible sets         0 orders tried  current cost 6
    W_14: 23010s  52,284,223,800 steps   265751 feasible sets         0 orders tried  current cost 11
    W_14: 23025s  52,318,791,200 steps   265930 feasible sets         0 orders tried  current cost 4
    W_14: 23040s  52,353,756,800 steps   266104 feasible sets         0 orders tried  current cost 4
    W_14: 23055s  52,388,338,200 steps   266280 feasible sets         0 orders tried  current cost 1
    W_14: 23070s  52,422,796,600 steps   266465 feasible sets         0 orders tried  current cost 4
    W_14: 23085s  52,457,589,000 steps   266649 feasible sets         0 orders tried  current cost 4
    W_14: 23100s  52,492,335,200 steps   266865 feasible sets         0 orders tried  current cost 1
    W_14: 23115s  52,526,689,200 steps   267041 feasible sets         0 orders tried  current cost 5
    W_14: 23130s  52,561,323,000 steps   267223 feasible sets         0 orders tried  current cost 8
    W_14: 23145s  52,595,782,800 steps   267392 feasible sets         0 orders tried  current cost 15
    W_14: 23160s  52,630,927,000 steps   267522 feasible sets         0 orders tried  current cost 10
    W_14: 23175s  52,665,630,400 steps   267668 feasible sets         0 orders tried  current cost 5
    W_14: 23190s  52,700,061,800 steps   267792 feasible sets         0 orders tried  current cost 6
    W_14: 23205s  52,734,624,200 steps   267958 feasible sets         0 orders tried  current cost 11
    W_14: 23220s  52,769,165,600 steps   268134 feasible sets         0 orders tried  current cost 8
    W_14: 23235s  52,804,023,400 steps   268317 feasible sets         0 orders tried  current cost 14
    W_14: 23250s  52,838,347,400 steps   268515 feasible sets         0 orders tried  current cost 11
    W_14: 23265s  52,872,687,800 steps   268723 feasible sets         0 orders tried  current cost 7
    W_14: 23280s  52,907,139,800 steps   268881 feasible sets         0 orders tried  current cost 1
    W_14: 23295s  52,941,542,000 steps   269044 feasible sets         0 orders tried  current cost 16
    W_14: 23310s  52,976,235,400 steps   269242 feasible sets         0 orders tried  current cost 2
    W_14: 23325s  53,010,500,200 steps   269450 feasible sets         0 orders tried  current cost 20
    W_14: 23340s  53,045,100,400 steps   269622 feasible sets         0 orders tried  current cost 11
    W_14: 23355s  53,079,883,600 steps   269792 feasible sets         0 orders tried  current cost 16
    W_14: 23370s  53,114,383,800 steps   269967 feasible sets         0 orders tried  current cost 10
    W_14: 23385s  53,148,942,200 steps   270128 feasible sets         0 orders tried  current cost 12
    W_14: 23400s  53,183,485,400 steps   270338 feasible sets         0 orders tried  current cost 7
    W_14: 23415s  53,218,033,800 steps   270503 feasible sets         0 orders tried  current cost 1
    W_14: 23430s  53,252,136,400 steps   270691 feasible sets         0 orders tried  current cost 3
    W_14: 23445s  53,286,712,200 steps   270870 feasible sets         0 orders tried  current cost 4
    W_14: 23460s  53,321,137,600 steps   271045 feasible sets         0 orders tried  current cost 3
    W_14: 23475s  53,352,526,000 steps   271214 feasible sets         0 orders tried  current cost 6
    W_14: 23490s  53,387,045,000 steps   271393 feasible sets         0 orders tried  current cost 11
    W_14: 23505s  53,421,366,400 steps   271525 feasible sets         0 orders tried  current cost 6
    W_14: 23520s  53,455,967,000 steps   271712 feasible sets         0 orders tried  current cost 8
    W_14: 23535s  53,490,976,600 steps   271894 feasible sets         0 orders tried  current cost 2
    W_14: 23550s  53,526,021,000 steps   272069 feasible sets         0 orders tried  current cost 11
    W_14: 23565s  53,560,756,200 steps   272270 feasible sets         0 orders tried  current cost 2
    W_14: 23580s  53,595,097,600 steps   272465 feasible sets         0 orders tried  current cost 2
    W_14: 23595s  53,629,985,000 steps   272594 feasible sets         0 orders tried  current cost 12
    W_14: 23610s  53,664,496,600 steps   272757 feasible sets         0 orders tried  current cost 2
    W_14: 23625s  53,699,301,800 steps   272907 feasible sets         0 orders tried  current cost 10
    W_14: 23640s  53,733,759,400 steps   273104 feasible sets         0 orders tried  current cost 4
    W_14: 23655s  53,768,257,400 steps   273260 feasible sets         0 orders tried  current cost 3
    W_14: 23670s  53,802,559,400 steps   273419 feasible sets         0 orders tried  current cost 1
    W_14: 23685s  53,837,300,600 steps   273624 feasible sets         0 orders tried  current cost 17
    W_14: 23700s  53,871,625,800 steps   273779 feasible sets         0 orders tried  current cost 8
    W_14: 23715s  53,906,244,400 steps   273941 feasible sets         0 orders tried  current cost 7
    W_14: 23730s  53,940,772,400 steps   274132 feasible sets         0 orders tried  current cost 1
    W_14: 23745s  53,975,101,600 steps   274295 feasible sets         0 orders tried  current cost 10
    W_14: 23760s  54,010,181,400 steps   274494 feasible sets         0 orders tried  current cost 11
    W_14: 23775s  54,044,949,800 steps   274680 feasible sets         0 orders tried  current cost 8
    W_14: 23790s  54,079,469,000 steps   274871 feasible sets         0 orders tried  current cost 7
    W_14: 23805s  54,113,957,400 steps   275076 feasible sets         0 orders tried  current cost 2
    W_14: 23820s  54,148,543,000 steps   275217 feasible sets         0 orders tried  current cost 12
    W_14: 23835s  54,182,996,200 steps   275402 feasible sets         0 orders tried  current cost 4
    W_14: 23850s  54,217,315,600 steps   275601 feasible sets         0 orders tried  current cost 4
    W_14: 23865s  54,251,744,800 steps   275756 feasible sets         0 orders tried  current cost 13
    W_14: 23880s  54,286,200,800 steps   275935 feasible sets         0 orders tried  current cost 12
    W_14: 23895s  54,320,661,200 steps   276151 feasible sets         0 orders tried  current cost 15
    W_14: 23910s  54,354,953,200 steps   276344 feasible sets         0 orders tried  current cost 2
    W_14: 23925s  54,389,928,600 steps   276534 feasible sets         0 orders tried  current cost 4
    W_14: 23940s  54,424,435,000 steps   276696 feasible sets         0 orders tried  current cost 5
    W_14: 23955s  54,459,194,800 steps   276893 feasible sets         0 orders tried  current cost 4
    W_14: 23970s  54,493,779,800 steps   277031 feasible sets         0 orders tried  current cost 2
    W_14: 23985s  54,528,297,200 steps   277255 feasible sets         0 orders tried  current cost 2
    W_14: 24000s  54,562,782,800 steps   277464 feasible sets         0 orders tried  current cost 9
    W_14: 24015s  54,597,368,000 steps   277652 feasible sets         0 orders tried  current cost 4
    W_14: 24030s  54,631,900,800 steps   277816 feasible sets         0 orders tried  current cost 15
    W_14: 24045s  54,666,314,000 steps   278009 feasible sets         0 orders tried  current cost 3
    W_14: 24060s  54,700,991,000 steps   278182 feasible sets         0 orders tried  current cost 3
    W_14: 24075s  54,735,608,600 steps   278351 feasible sets         0 orders tried  current cost 8
    W_14: 24090s  54,769,889,800 steps   278514 feasible sets         0 orders tried  current cost 3
    W_14: 24105s  54,804,609,400 steps   278724 feasible sets         0 orders tried  current cost 5
    W_14: 24120s  54,839,510,200 steps   278871 feasible sets         0 orders tried  current cost 1
    W_14: 24135s  54,874,037,200 steps   279073 feasible sets         0 orders tried  current cost 3
    W_14: 24150s  54,908,577,200 steps   279269 feasible sets         0 orders tried  current cost 3
    W_14: 24165s  54,943,107,800 steps   279505 feasible sets         0 orders tried  current cost 6
    W_14: 24180s  54,977,474,200 steps   279708 feasible sets         0 orders tried  current cost 3
    W_14: 24195s  55,011,865,200 steps   279847 feasible sets         0 orders tried  current cost 8
    W_14: 24210s  55,046,541,200 steps   280046 feasible sets         0 orders tried  current cost 15
    W_14: 24225s  55,081,524,400 steps   280241 feasible sets         0 orders tried  current cost 12
    W_14: 24240s  55,116,065,000 steps   280412 feasible sets         0 orders tried  current cost 12
    W_14: 24255s  55,151,113,000 steps   280588 feasible sets         0 orders tried  current cost 5
    W_14: 24270s  55,185,899,400 steps   280771 feasible sets         0 orders tried  current cost 1
    W_14: 24285s  55,220,723,600 steps   280956 feasible sets         0 orders tried  current cost 11
    W_14: 24300s  55,255,596,200 steps   281158 feasible sets         0 orders tried  current cost 2
    W_14: 24315s  55,290,483,200 steps   281303 feasible sets         0 orders tried  current cost 18
    W_14: 24330s  55,324,471,800 steps   281500 feasible sets         0 orders tried  current cost 2
    W_14: 24345s  55,359,297,800 steps   281687 feasible sets         0 orders tried  current cost 4
    W_14: 24360s  55,394,141,600 steps   281870 feasible sets         0 orders tried  current cost 20
    W_14: 24375s  55,428,712,000 steps   282082 feasible sets         0 orders tried  current cost 4
    W_14: 24390s  55,463,576,800 steps   282273 feasible sets         0 orders tried  current cost 4
    W_14: 24405s  55,498,467,200 steps   282450 feasible sets         0 orders tried  current cost 7
    W_14: 24420s  55,533,049,400 steps   282618 feasible sets         0 orders tried  current cost 5
    W_14: 24435s  55,567,282,600 steps   282799 feasible sets         0 orders tried  current cost 10
    W_14: 24450s  55,601,827,600 steps   282997 feasible sets         0 orders tried  current cost 8
    W_14: 24465s  55,636,183,000 steps   283161 feasible sets         0 orders tried  current cost 14
    W_14: 24480s  55,670,615,400 steps   283351 feasible sets         0 orders tried  current cost 4
    W_14: 24495s  55,705,127,800 steps   283496 feasible sets         0 orders tried  current cost 8
    W_14: 24510s  55,739,544,400 steps   283668 feasible sets         0 orders tried  current cost 8
    W_14: 24525s  55,774,132,000 steps   283816 feasible sets         0 orders tried  current cost 1
    W_14: 24540s  55,808,831,200 steps   283979 feasible sets         0 orders tried  current cost 5
    W_14: 24555s  55,843,498,800 steps   284215 feasible sets         0 orders tried  current cost 4
    W_14: 24570s  55,878,282,600 steps   284386 feasible sets         0 orders tried  current cost 10
    W_14: 24585s  55,913,110,600 steps   284549 feasible sets         0 orders tried  current cost 4
    W_14: 24600s  55,948,038,400 steps   284760 feasible sets         0 orders tried  current cost 3
    W_14: 24615s  55,982,369,600 steps   284963 feasible sets         0 orders tried  current cost 4
    W_14: 24630s  56,017,141,800 steps   285162 feasible sets         0 orders tried  current cost 12
    W_14: 24645s  56,051,706,800 steps   285350 feasible sets         0 orders tried  current cost 8
    W_14: 24660s  56,086,266,200 steps   285522 feasible sets         0 orders tried  current cost 7
    W_14: 24675s  56,121,405,200 steps   285701 feasible sets         0 orders tried  current cost 5
    W_14: 24690s  56,155,372,600 steps   285863 feasible sets         0 orders tried  current cost 4
    W_14: 24705s  56,189,764,600 steps   286041 feasible sets         0 orders tried  current cost 11
    W_14: 24720s  56,225,043,400 steps   286229 feasible sets         0 orders tried  current cost 10
    W_14: 24735s  56,259,844,600 steps   286418 feasible sets         0 orders tried  current cost 10
    W_14: 24750s  56,294,303,000 steps   286602 feasible sets         0 orders tried  current cost 11
    W_14: 24765s  56,328,899,200 steps   286762 feasible sets         0 orders tried  current cost 1
    W_14: 24780s  56,363,498,800 steps   286964 feasible sets         0 orders tried  current cost 3
    W_14: 24795s  56,397,865,200 steps   287128 feasible sets         0 orders tried  current cost 5
    W_14: 24810s  56,432,430,200 steps   287306 feasible sets         0 orders tried  current cost 5
    W_14: 24825s  56,466,957,000 steps   287503 feasible sets         0 orders tried  current cost 5
    W_14: 24840s  56,501,311,000 steps   287671 feasible sets         0 orders tried  current cost 3
    W_14: 24855s  56,535,978,800 steps   287814 feasible sets         0 orders tried  current cost 4
    W_14: 24870s  56,570,565,200 steps   288031 feasible sets         0 orders tried  current cost 7
    W_14: 24885s  56,605,158,200 steps   288202 feasible sets         0 orders tried  current cost 1
    W_14: 24900s  56,639,794,400 steps   288439 feasible sets         0 orders tried  current cost 3
    W_14: 24915s  56,675,084,600 steps   288602 feasible sets         0 orders tried  current cost 8
    W_14: 24930s  56,710,068,400 steps   288789 feasible sets         0 orders tried  current cost 7
    W_14: 24945s  56,744,584,400 steps   288952 feasible sets         0 orders tried  current cost 11
    W_14: 24960s  56,779,171,400 steps   289134 feasible sets         0 orders tried  current cost 2
    W_14: 24975s  56,813,742,600 steps   289298 feasible sets         0 orders tried  current cost 15
    W_14: 24990s  56,848,753,600 steps   289499 feasible sets         0 orders tried  current cost 3
    W_14: 25005s  56,883,346,600 steps   289650 feasible sets         0 orders tried  current cost 7
    W_14: 25020s  56,918,022,000 steps   289857 feasible sets         0 orders tried  current cost 11
    W_14: 25035s  56,952,481,800 steps   290039 feasible sets         0 orders tried  current cost 13
    W_14: 25050s  56,987,101,600 steps   290256 feasible sets         0 orders tried  current cost 12
    W_14: 25065s  57,021,312,400 steps   290457 feasible sets         0 orders tried  current cost 3
    W_14: 25080s  57,056,273,000 steps   290606 feasible sets         0 orders tried  current cost 2
    W_14: 25095s  57,090,695,000 steps   290773 feasible sets         0 orders tried  current cost 3
    W_14: 25110s  57,125,218,000 steps   290966 feasible sets         0 orders tried  current cost 4
    W_14: 25125s  57,159,743,800 steps   291183 feasible sets         0 orders tried  current cost 11
    W_14: 25140s  57,194,480,400 steps   291361 feasible sets         0 orders tried  current cost 13
    W_14: 25155s  57,229,082,800 steps   291552 feasible sets         0 orders tried  current cost 10
    W_14: 25170s  57,263,346,000 steps   291749 feasible sets         0 orders tried  current cost 6
    W_14: 25185s  57,297,836,600 steps   291907 feasible sets         0 orders tried  current cost 3
    W_14: 25200s  57,332,106,000 steps   292106 feasible sets         0 orders tried  current cost 8
    W_14: 25215s  57,366,828,400 steps   292264 feasible sets         0 orders tried  current cost 5
    W_14: 25230s  57,401,603,600 steps   292432 feasible sets         0 orders tried  current cost 5
    W_14: 25245s  57,436,349,200 steps   292619 feasible sets         0 orders tried  current cost 1
    W_14: 25260s  57,470,813,400 steps   292762 feasible sets         0 orders tried  current cost 4
    W_14: 25275s  57,505,511,400 steps   292972 feasible sets         0 orders tried  current cost 2
    W_14: 25290s  57,540,336,600 steps   293108 feasible sets         0 orders tried  current cost 3
    W_14: 25305s  57,575,005,200 steps   293261 feasible sets         0 orders tried  current cost 5
    W_14: 25320s  57,610,003,200 steps   293429 feasible sets         0 orders tried  current cost 8
    W_14: 25335s  57,644,297,800 steps   293609 feasible sets         0 orders tried  current cost 3
    W_14: 25350s  57,678,497,200 steps   293756 feasible sets         0 orders tried  current cost 3
    W_14: 25365s  57,713,017,800 steps   293931 feasible sets         0 orders tried  current cost 2
    W_14: 25380s  57,748,035,600 steps   294114 feasible sets         0 orders tried  current cost 3
    W_14: 25395s  57,782,879,600 steps   294314 feasible sets         0 orders tried  current cost 1
    W_14: 25410s  57,817,557,200 steps   294463 feasible sets         0 orders tried  current cost 1
    W_14: 25425s  57,851,945,600 steps   294600 feasible sets         0 orders tried  current cost 8
    W_14: 25440s  57,886,748,800 steps   294726 feasible sets         0 orders tried  current cost 5
    W_14: 25455s  57,921,187,000 steps   294883 feasible sets         0 orders tried  current cost 7
    W_14: 25470s  57,955,905,000 steps   295037 feasible sets         0 orders tried  current cost 7
    W_14: 25485s  57,990,533,000 steps   295205 feasible sets         0 orders tried  current cost 3
    W_14: 25500s  58,025,146,800 steps   295345 feasible sets         0 orders tried  current cost 8
    W_14: 25515s  58,060,112,200 steps   295541 feasible sets         0 orders tried  current cost 3
    W_14: 25530s  58,094,659,200 steps   295721 feasible sets         0 orders tried  current cost 2
    W_14: 25545s  58,129,370,000 steps   295894 feasible sets         0 orders tried  current cost 5
    W_14: 25560s  58,164,150,400 steps   296076 feasible sets         0 orders tried  current cost 4
    W_14: 25575s  58,198,898,400 steps   296232 feasible sets         0 orders tried  current cost 2
    W_14: 25590s  58,233,849,600 steps   296446 feasible sets         0 orders tried  current cost 3
    W_14: 25605s  58,268,550,000 steps   296680 feasible sets         0 orders tried  current cost 5
    W_14: 25620s  58,303,425,000 steps   296819 feasible sets         0 orders tried  current cost 11
    W_14: 25635s  58,338,057,400 steps   296997 feasible sets         0 orders tried  current cost 2
    W_14: 25650s  58,372,279,600 steps   297188 feasible sets         0 orders tried  current cost 1
    W_14: 25665s  58,405,942,000 steps   297354 feasible sets         0 orders tried  current cost 12
    W_14: 25680s  58,438,515,000 steps   297539 feasible sets         0 orders tried  current cost 4
    W_14: 25695s  58,473,113,000 steps   297674 feasible sets         0 orders tried  current cost 5
    W_14: 25710s  58,507,716,600 steps   297845 feasible sets         0 orders tried  current cost 4
    W_14: 25725s  58,542,545,800 steps   298058 feasible sets         0 orders tried  current cost 7
    W_14: 25740s  58,577,176,400 steps   298226 feasible sets         0 orders tried  current cost 1
    W_14: 25755s  58,612,009,200 steps   298379 feasible sets         0 orders tried  current cost 6
    W_14: 25770s  58,646,521,800 steps   298545 feasible sets         0 orders tried  current cost 15
    W_14: 25785s  58,680,940,000 steps   298726 feasible sets         0 orders tried  current cost 4
    W_14: 25800s  58,715,404,800 steps   298895 feasible sets         0 orders tried  current cost 10
    W_14: 25815s  58,749,390,400 steps   299042 feasible sets         0 orders tried  current cost 4
    W_14: 25830s  58,783,749,800 steps   299220 feasible sets         0 orders tried  current cost 6
    W_14: 25845s  58,818,075,800 steps   299411 feasible sets         0 orders tried  current cost 3
    W_14: 25860s  58,852,710,000 steps   299577 feasible sets         0 orders tried  current cost 7
    W_14: 25875s  58,887,368,000 steps   299747 feasible sets         0 orders tried  current cost 5
    W_14: 25890s  58,921,839,400 steps   299928 feasible sets         0 orders tried  current cost 4
    W_14: 25905s  58,956,498,400 steps   300100 feasible sets         0 orders tried  current cost 4
    W_14: 25920s  58,991,167,600 steps   300279 feasible sets         0 orders tried  current cost 5
    W_14: 25935s  59,025,945,000 steps   300442 feasible sets         0 orders tried  current cost 11
    W_14: 25950s  59,060,368,800 steps   300603 feasible sets         0 orders tried  current cost 5
    W_14: 25965s  59,095,138,000 steps   300771 feasible sets         0 orders tried  current cost 4
    W_14: 25980s  59,129,297,000 steps   300949 feasible sets         0 orders tried  current cost 2
    W_14: 25995s  59,164,012,200 steps   301142 feasible sets         0 orders tried  current cost 5
    W_14: 26010s  59,198,702,600 steps   301302 feasible sets         0 orders tried  current cost 9
    W_14: 26025s  59,233,123,000 steps   301504 feasible sets         0 orders tried  current cost 12
    W_14: 26040s  59,267,860,400 steps   301661 feasible sets         0 orders tried  current cost 11
    W_14: 26055s  59,302,292,800 steps   301843 feasible sets         0 orders tried  current cost 4
    W_14: 26070s  59,336,842,400 steps   301996 feasible sets         0 orders tried  current cost 12
    W_14: 26085s  59,371,400,400 steps   302149 feasible sets         0 orders tried  current cost 13
    W_14: 26100s  59,405,611,600 steps   302343 feasible sets         0 orders tried  current cost 2
    W_14: 26115s  59,439,940,000 steps   302510 feasible sets         0 orders tried  current cost 2
    W_14: 26130s  59,474,544,600 steps   302730 feasible sets         0 orders tried  current cost 8
    W_14: 26145s  59,508,892,600 steps   302894 feasible sets         0 orders tried  current cost 4
    W_14: 26160s  59,542,891,600 steps   303058 feasible sets         0 orders tried  current cost 3
    W_14: 26175s  59,577,673,600 steps   303247 feasible sets         0 orders tried  current cost 3
    W_14: 26190s  59,612,210,600 steps   303409 feasible sets         0 orders tried  current cost 4
    W_14: 26205s  59,646,754,600 steps   303555 feasible sets         0 orders tried  current cost 4
    W_14: 26220s  59,681,036,800 steps   303712 feasible sets         0 orders tried  current cost 2
    W_14: 26235s  59,714,638,000 steps   303901 feasible sets         0 orders tried  current cost 3
    W_14: 26250s  59,748,411,600 steps   304058 feasible sets         0 orders tried  current cost 4
    W_14: 26265s  59,782,421,400 steps   304228 feasible sets         0 orders tried  current cost 10
    W_14: 26280s  59,816,788,200 steps   304400 feasible sets         0 orders tried  current cost 9
    W_14: 26295s  59,850,670,400 steps   304602 feasible sets         0 orders tried  current cost 4
    W_14: 26310s  59,885,178,200 steps   304808 feasible sets         0 orders tried  current cost 3
    W_14: 26325s  59,919,079,000 steps   304989 feasible sets         0 orders tried  current cost 3
    W_14: 26340s  59,952,807,600 steps   305166 feasible sets         0 orders tried  current cost 6
    W_14: 26355s  59,986,547,200 steps   305347 feasible sets         0 orders tried  current cost 6
    W_14: 26370s  60,020,664,400 steps   305498 feasible sets         0 orders tried  current cost 9
    W_14: 26385s  60,054,340,600 steps   305663 feasible sets         0 orders tried  current cost 14
    W_14: 26400s  60,088,436,000 steps   305816 feasible sets         0 orders tried  current cost 2
    W_14: 26415s  60,122,200,000 steps   306011 feasible sets         0 orders tried  current cost 3
    W_14: 26430s  60,155,981,800 steps   306196 feasible sets         0 orders tried  current cost 11
    W_14: 26445s  60,190,002,400 steps   306371 feasible sets         0 orders tried  current cost 16
    W_14: 26460s  60,224,165,800 steps   306551 feasible sets         0 orders tried  current cost 13
    W_14: 26475s  60,258,015,200 steps   306733 feasible sets         0 orders tried  current cost 5
    W_14: 26490s  60,291,975,400 steps   306904 feasible sets         0 orders tried  current cost 3
    W_14: 26505s  60,325,730,400 steps   307072 feasible sets         0 orders tried  current cost 3
    W_14: 26520s  60,359,411,600 steps   307235 feasible sets         0 orders tried  current cost 3
    W_14: 26535s  60,391,553,400 steps   307362 feasible sets         0 orders tried  current cost 4
    W_14: 26550s  60,418,184,400 steps   307484 feasible sets         0 orders tried  current cost 7
    W_14: 26565s  60,447,176,800 steps   307627 feasible sets         0 orders tried  current cost 3
    W_14: 26580s  60,481,156,400 steps   307761 feasible sets         0 orders tried  current cost 3
    W_14: 26595s  60,515,311,600 steps   307940 feasible sets         0 orders tried  current cost 3
    W_14: 26610s  60,549,220,400 steps   308079 feasible sets         0 orders tried  current cost 10
    W_14: 26625s  60,582,985,600 steps   308255 feasible sets         0 orders tried  current cost 7
    W_14: 26640s  60,617,366,600 steps   308460 feasible sets         0 orders tried  current cost 7
    W_14: 26655s  60,651,036,800 steps   308612 feasible sets         0 orders tried  current cost 3
    W_14: 26670s  60,684,828,400 steps   308776 feasible sets         0 orders tried  current cost 4
    W_14: 26685s  60,719,022,800 steps   308956 feasible sets         0 orders tried  current cost 9
    W_14: 26700s  60,753,040,800 steps   309143 feasible sets         0 orders tried  current cost 13
    W_14: 26715s  60,786,944,600 steps   309342 feasible sets         0 orders tried  current cost 9
    W_14: 26730s  60,820,829,400 steps   309530 feasible sets         0 orders tried  current cost 4
    W_14: 26745s  60,854,653,200 steps   309723 feasible sets         0 orders tried  current cost 3
    W_14: 26760s  60,888,659,000 steps   309925 feasible sets         0 orders tried  current cost 4
    W_14: 26775s  60,922,235,400 steps   310082 feasible sets         0 orders tried  current cost 4
    W_14: 26790s  60,956,162,200 steps   310227 feasible sets         0 orders tried  current cost 9
    W_14: 26805s  60,989,734,600 steps   310406 feasible sets         0 orders tried  current cost 3
    W_14: 26820s  61,023,458,200 steps   310564 feasible sets         0 orders tried  current cost 4
    W_14: 26835s  61,057,230,000 steps   310708 feasible sets         0 orders tried  current cost 5
    W_14: 26850s  61,091,294,400 steps   310898 feasible sets         0 orders tried  current cost 3
    W_14: 26865s  61,124,916,400 steps   311092 feasible sets         0 orders tried  current cost 3
    W_14: 26880s  61,158,136,800 steps   311289 feasible sets         0 orders tried  current cost 3
    W_14: 26895s  61,191,205,400 steps   311472 feasible sets         0 orders tried  current cost 9
    W_14: 26910s  61,210,214,600 steps   311542 feasible sets         0 orders tried  current cost 3
    W_14: 26925s  61,244,294,600 steps   311723 feasible sets         0 orders tried  current cost 4
    W_14: 26940s  61,278,407,600 steps   311874 feasible sets         0 orders tried  current cost 5
    W_14: 26955s  61,312,992,400 steps   312080 feasible sets         0 orders tried  current cost 5
    W_14: 26970s  61,347,387,000 steps   312258 feasible sets         0 orders tried  current cost 8
    W_14: 26985s  61,382,181,800 steps   312403 feasible sets         0 orders tried  current cost 13
    W_14: 27000s  61,417,363,200 steps   312559 feasible sets         0 orders tried  current cost 11
    W_14: 27015s  61,452,096,000 steps   312769 feasible sets         0 orders tried  current cost 2
    W_14: 27030s  61,486,868,600 steps   312951 feasible sets         0 orders tried  current cost 6
    W_14: 27045s  61,521,433,200 steps   313143 feasible sets         0 orders tried  current cost 3
    W_14: 27060s  61,556,507,200 steps   313347 feasible sets         0 orders tried  current cost 7
    W_14: 27075s  61,591,568,600 steps   313526 feasible sets         0 orders tried  current cost 5
    W_14: 27090s  61,626,421,800 steps   313689 feasible sets         0 orders tried  current cost 10
    W_14: 27105s  61,661,109,400 steps   313876 feasible sets         0 orders tried  current cost 9
    W_14: 27120s  61,695,984,600 steps   314069 feasible sets         0 orders tried  current cost 7
    W_14: 27135s  61,731,099,800 steps   314208 feasible sets         0 orders tried  current cost 3
    W_14: 27150s  61,765,990,800 steps   314402 feasible sets         0 orders tried  current cost 4
    W_14: 27165s  61,800,307,400 steps   314605 feasible sets         0 orders tried  current cost 5
    W_14: 27180s  61,834,911,200 steps   314752 feasible sets         0 orders tried  current cost 4
    W_14: 27195s  61,869,583,000 steps   314919 feasible sets         0 orders tried  current cost 11
    W_14: 27210s  61,904,453,000 steps   315099 feasible sets         0 orders tried  current cost 2
    W_14: 27225s  61,938,946,600 steps   315265 feasible sets         0 orders tried  current cost 8
    W_14: 27240s  61,973,874,800 steps   315420 feasible sets         0 orders tried  current cost 4
    W_14: 27255s  62,008,670,000 steps   315620 feasible sets         0 orders tried  current cost 3
    W_14: 27270s  62,043,262,000 steps   315794 feasible sets         0 orders tried  current cost 11
    W_14: 27285s  62,077,976,600 steps   315970 feasible sets         0 orders tried  current cost 3
    W_14: 27300s  62,112,800,800 steps   316141 feasible sets         0 orders tried  current cost 16
    W_14: 27315s  62,147,753,000 steps   316336 feasible sets         0 orders tried  current cost 2
    W_14: 27330s  62,182,605,600 steps   316477 feasible sets         0 orders tried  current cost 8
    W_14: 27345s  62,217,542,000 steps   316661 feasible sets         0 orders tried  current cost 13
    W_14: 27360s  62,252,315,400 steps   316838 feasible sets         0 orders tried  current cost 4
    W_14: 27375s  62,287,150,400 steps   316982 feasible sets         0 orders tried  current cost 4
    W_14: 27390s  62,322,190,000 steps   317153 feasible sets         0 orders tried  current cost 6
    W_14: 27405s  62,357,021,800 steps   317322 feasible sets         0 orders tried  current cost 12
    W_14: 27420s  62,391,878,800 steps   317469 feasible sets         0 orders tried  current cost 2
    W_14: 27435s  62,425,950,600 steps   317672 feasible sets         0 orders tried  current cost 5
    W_14: 27450s  62,460,444,800 steps   317869 feasible sets         0 orders tried  current cost 9
    W_14: 27465s  62,495,295,000 steps   318028 feasible sets         0 orders tried  current cost 3
    W_14: 27480s  62,530,339,000 steps   318206 feasible sets         0 orders tried  current cost 4
    W_14: 27495s  62,565,226,200 steps   318372 feasible sets         0 orders tried  current cost 6
    W_14: 27510s  62,599,754,400 steps   318572 feasible sets         0 orders tried  current cost 4
    W_14: 27525s  62,634,213,600 steps   318736 feasible sets         0 orders tried  current cost 4
    W_14: 27540s  62,668,781,000 steps   318886 feasible sets         0 orders tried  current cost 9
    W_14: 27555s  62,703,518,400 steps   319040 feasible sets         0 orders tried  current cost 3
    W_14: 27570s  62,738,288,600 steps   319207 feasible sets         0 orders tried  current cost 7
    W_14: 27585s  62,773,017,600 steps   319370 feasible sets         0 orders tried  current cost 3
    W_14: 27600s  62,807,731,400 steps   319522 feasible sets         0 orders tried  current cost 3
    W_14: 27615s  62,842,338,400 steps   319696 feasible sets         0 orders tried  current cost 2
    W_14: 27630s  62,877,199,800 steps   319842 feasible sets         0 orders tried  current cost 4
    W_14: 27645s  62,911,647,400 steps   320005 feasible sets         0 orders tried  current cost 6
    W_14: 27660s  62,946,740,400 steps   320188 feasible sets         0 orders tried  current cost 16
    W_14: 27675s  62,981,368,600 steps   320332 feasible sets         0 orders tried  current cost 6
    W_14: 27690s  63,016,080,200 steps   320490 feasible sets         0 orders tried  current cost 13
    W_14: 27705s  63,051,001,400 steps   320649 feasible sets         0 orders tried  current cost 9
    W_14: 27720s  63,085,304,800 steps   320805 feasible sets         0 orders tried  current cost 8
    W_14: 27735s  63,119,757,000 steps   320988 feasible sets         0 orders tried  current cost 3
    W_14: 27750s  63,154,194,600 steps   321129 feasible sets         0 orders tried  current cost 4
    W_14: 27765s  63,189,049,600 steps   321323 feasible sets         0 orders tried  current cost 6
    W_14: 27780s  63,223,843,400 steps   321526 feasible sets         0 orders tried  current cost 9
    W_14: 27795s  63,258,396,800 steps   321680 feasible sets         0 orders tried  current cost 4
    W_14: 27810s  63,293,051,000 steps   321867 feasible sets         0 orders tried  current cost 7
    W_14: 27825s  63,327,283,200 steps   322032 feasible sets         0 orders tried  current cost 10
    W_14: 27840s  63,362,200,600 steps   322199 feasible sets         0 orders tried  current cost 16
    W_14: 27855s  63,396,954,800 steps   322405 feasible sets         0 orders tried  current cost 3
    W_14: 27870s  63,431,425,400 steps   322554 feasible sets         0 orders tried  current cost 8
    W_14: 27885s  63,466,079,800 steps   322729 feasible sets         0 orders tried  current cost 2
    W_14: 27900s  63,500,814,400 steps   322903 feasible sets         0 orders tried  current cost 3
    W_14: 27915s  63,535,257,200 steps   323084 feasible sets         0 orders tried  current cost 3
    W_14: 27930s  63,570,044,200 steps   323270 feasible sets         0 orders tried  current cost 8
    W_14: 27945s  63,604,913,200 steps   323430 feasible sets         0 orders tried  current cost 3
    W_14: 27960s  63,640,084,800 steps   323579 feasible sets         0 orders tried  current cost 7
    W_14: 27975s  63,675,334,200 steps   323785 feasible sets         0 orders tried  current cost 4
    W_14: 27990s  63,710,134,000 steps   323944 feasible sets         0 orders tried  current cost 4
    W_14: 28005s  63,745,035,800 steps   324100 feasible sets         0 orders tried  current cost 1
    W_14: 28020s  63,780,189,200 steps   324279 feasible sets         0 orders tried  current cost 4
    W_14: 28035s  63,815,156,800 steps   324475 feasible sets         0 orders tried  current cost 3
    W_14: 28050s  63,850,392,400 steps   324682 feasible sets         0 orders tried  current cost 2
    W_14: 28065s  63,885,546,200 steps   324871 feasible sets         0 orders tried  current cost 5
    W_14: 28080s  63,920,259,400 steps   325060 feasible sets         0 orders tried  current cost 3
    W_14: 28095s  63,954,885,200 steps   325256 feasible sets         0 orders tried  current cost 10
    W_14: 28110s  63,989,586,600 steps   325396 feasible sets         0 orders tried  current cost 9
    W_14: 28125s  64,023,993,000 steps   325593 feasible sets         0 orders tried  current cost 4
    W_14: 28140s  64,058,536,000 steps   325797 feasible sets         0 orders tried  current cost 4
    W_14: 28155s  64,093,303,000 steps   325991 feasible sets         0 orders tried  current cost 12
    W_14: 28170s  64,127,697,200 steps   326156 feasible sets         0 orders tried  current cost 3
    W_14: 28185s  64,162,549,800 steps   326320 feasible sets         0 orders tried  current cost 5
    W_14: 28200s  64,197,060,800 steps   326516 feasible sets         0 orders tried  current cost 14
    W_14: 28215s  64,231,836,200 steps   326719 feasible sets         0 orders tried  current cost 3
    W_14: 28230s  64,266,978,000 steps   326916 feasible sets         0 orders tried  current cost 4
    W_14: 28245s  64,301,619,400 steps   327109 feasible sets         0 orders tried  current cost 3
    W_14: 28260s  64,336,246,800 steps   327272 feasible sets         0 orders tried  current cost 6
    W_14: 28275s  64,371,125,400 steps   327444 feasible sets         0 orders tried  current cost 8
    W_14: 28290s  64,405,431,800 steps   327608 feasible sets         0 orders tried  current cost 5
    W_14: 28305s  64,440,109,000 steps   327780 feasible sets         0 orders tried  current cost 4
    W_14: 28320s  64,474,791,800 steps   327955 feasible sets         0 orders tried  current cost 1
    W_14: 28335s  64,509,804,600 steps   328163 feasible sets         0 orders tried  current cost 8
    W_14: 28350s  64,544,733,000 steps   328323 feasible sets         0 orders tried  current cost 4
    W_14: 28365s  64,579,415,000 steps   328484 feasible sets         0 orders tried  current cost 4
    W_14: 28380s  64,613,874,200 steps   328636 feasible sets         0 orders tried  current cost 2
    W_14: 28395s  64,648,576,400 steps   328813 feasible sets         0 orders tried  current cost 3
    W_14: 28410s  64,683,084,200 steps   329006 feasible sets         0 orders tried  current cost 8
    W_14: 28425s  64,717,867,200 steps   329172 feasible sets         0 orders tried  current cost 5
    W_14: 28440s  64,752,714,400 steps   329342 feasible sets         0 orders tried  current cost 3
    W_14: 28455s  64,787,357,200 steps   329523 feasible sets         0 orders tried  current cost 2
    W_14: 28470s  64,821,830,800 steps   329683 feasible sets         0 orders tried  current cost 3
    W_14: 28485s  64,856,749,800 steps   329827 feasible sets         0 orders tried  current cost 6
    W_14: 28500s  64,891,380,200 steps   330017 feasible sets         0 orders tried  current cost 10
    W_14: 28515s  64,926,346,200 steps   330204 feasible sets         0 orders tried  current cost 5
    W_14: 28530s  64,961,103,400 steps   330400 feasible sets         0 orders tried  current cost 8
    W_14: 28545s  64,995,760,600 steps   330569 feasible sets         0 orders tried  current cost 16
    W_14: 28560s  65,030,390,200 steps   330742 feasible sets         0 orders tried  current cost 5
    W_14: 28575s  65,064,945,200 steps   330920 feasible sets         0 orders tried  current cost 9
    W_14: 28590s  65,099,618,800 steps   331118 feasible sets         0 orders tried  current cost 3
    W_14: 28605s  65,134,095,000 steps   331305 feasible sets         0 orders tried  current cost 3
    W_14: 28620s  65,168,646,600 steps   331496 feasible sets         0 orders tried  current cost 7
    W_14: 28635s  65,203,402,200 steps   331724 feasible sets         0 orders tried  current cost 13
    W_14: 28650s  65,238,553,400 steps   331914 feasible sets         0 orders tried  current cost 2
    W_14: 28665s  65,273,227,400 steps   332084 feasible sets         0 orders tried  current cost 4
    W_14: 28680s  65,308,283,200 steps   332273 feasible sets         0 orders tried  current cost 7
    W_14: 28695s  65,343,330,400 steps   332406 feasible sets         0 orders tried  current cost 2
    W_14: 28710s  65,378,087,800 steps   332592 feasible sets         0 orders tried  current cost 4
    W_14: 28725s  65,412,442,600 steps   332776 feasible sets         0 orders tried  current cost 13
    W_14: 28740s  65,447,459,400 steps   332936 feasible sets         0 orders tried  current cost 3
    W_14: 28755s  65,481,996,600 steps   333118 feasible sets         0 orders tried  current cost 4
    W_14: 28770s  65,516,324,400 steps   333313 feasible sets         0 orders tried  current cost 10
    W_14: 28785s  65,551,073,200 steps   333493 feasible sets         0 orders tried  current cost 1
    W_14: 28800s  65,585,539,600 steps   333652 feasible sets         0 orders tried  current cost 3
    W_14: 28815s  65,620,706,400 steps   333830 feasible sets         0 orders tried  current cost 8
    W_14: 28830s  65,655,459,400 steps   334025 feasible sets         0 orders tried  current cost 2
    W_14: 28845s  65,690,218,000 steps   334231 feasible sets         0 orders tried  current cost 2
    W_14: 28860s  65,725,153,200 steps   334383 feasible sets         0 orders tried  current cost 5
    W_14: 28875s  65,760,276,400 steps   334578 feasible sets         0 orders tried  current cost 3
    W_14: 28890s  65,794,590,800 steps   334727 feasible sets         0 orders tried  current cost 4
    W_14: 28905s  65,829,495,200 steps   334907 feasible sets         0 orders tried  current cost 1
    W_14: 28920s  65,864,176,000 steps   335082 feasible sets         0 orders tried  current cost 3
    W_14: 28935s  65,898,549,000 steps   335230 feasible sets         0 orders tried  current cost 8
    W_14: 28950s  65,933,201,800 steps   335394 feasible sets         0 orders tried  current cost 16
    W_14: 28965s  65,967,815,800 steps   335539 feasible sets         0 orders tried  current cost 2
    W_14: 28980s  66,002,577,400 steps   335714 feasible sets         0 orders tried  current cost 2
    W_14: 28995s  66,036,763,000 steps   335876 feasible sets         0 orders tried  current cost 6
    W_14: 29010s  66,071,720,000 steps   336067 feasible sets         0 orders tried  current cost 3
    W_14: 29025s  66,106,508,000 steps   336241 feasible sets         0 orders tried  current cost 2
    W_14: 29040s  66,141,777,200 steps   336473 feasible sets         0 orders tried  current cost 3
    W_14: 29055s  66,176,834,200 steps   336668 feasible sets         0 orders tried  current cost 3
    W_14: 29070s  66,211,316,200 steps   336848 feasible sets         0 orders tried  current cost 3
    W_14: 29085s  66,246,211,400 steps   337021 feasible sets         0 orders tried  current cost 7
    W_14: 29100s  66,280,998,400 steps   337171 feasible sets         0 orders tried  current cost 3
    W_14: 29115s  66,315,784,400 steps   337317 feasible sets         0 orders tried  current cost 10
    W_14: 29130s  66,350,141,600 steps   337494 feasible sets         0 orders tried  current cost 11
    W_14: 29145s  66,384,480,000 steps   337676 feasible sets         0 orders tried  current cost 1
    W_14: 29160s  66,419,122,600 steps   337869 feasible sets         0 orders tried  current cost 11
    W_14: 29175s  66,453,561,200 steps   338028 feasible sets         0 orders tried  current cost 10
    W_14: 29190s  66,488,634,800 steps   338174 feasible sets         0 orders tried  current cost 1
    W_14: 29205s  66,523,772,000 steps   338379 feasible sets         0 orders tried  current cost 2
    W_14: 29220s  66,558,524,200 steps   338554 feasible sets         0 orders tried  current cost 8
    W_14: 29235s  66,593,297,600 steps   338706 feasible sets         0 orders tried  current cost 1
    W_14: 29250s  66,628,268,600 steps   338911 feasible sets         0 orders tried  current cost 9
    W_14: 29265s  66,663,053,200 steps   339087 feasible sets         0 orders tried  current cost 3
    W_14: 29280s  66,697,431,200 steps   339284 feasible sets         0 orders tried  current cost 2
    W_14: 29295s  66,731,984,400 steps   339440 feasible sets         0 orders tried  current cost 9
    W_14: 29310s  66,766,924,800 steps   339606 feasible sets         0 orders tried  current cost 7
    W_14: 29325s  66,801,933,800 steps   339791 feasible sets         0 orders tried  current cost 9
    W_14: 29340s  66,836,452,600 steps   339983 feasible sets         0 orders tried  current cost 1
    W_14: 29355s  66,872,060,600 steps   340154 feasible sets         0 orders tried  current cost 11
    W_14: 29370s  66,907,054,200 steps   340345 feasible sets         0 orders tried  current cost 3
    W_14: 29385s  66,942,278,800 steps   340527 feasible sets         0 orders tried  current cost 1
    W_14: 29400s  66,975,089,400 steps   340669 feasible sets         0 orders tried  current cost 4
    W_14: 29415s  67,009,921,600 steps   340829 feasible sets         0 orders tried  current cost 15
    W_14: 29430s  67,044,262,600 steps   341023 feasible sets         0 orders tried  current cost 10
    W_14: 29445s  67,079,124,000 steps   341185 feasible sets         0 orders tried  current cost 8
    W_14: 29460s  67,114,072,600 steps   341382 feasible sets         0 orders tried  current cost 5
    W_14: 29475s  67,148,960,200 steps   341576 feasible sets         0 orders tried  current cost 10
    W_14: 29490s  67,183,447,800 steps   341765 feasible sets         0 orders tried  current cost 8
    W_14: 29505s  67,217,974,200 steps   341954 feasible sets         0 orders tried  current cost 3
    W_14: 29520s  67,252,205,200 steps   342142 feasible sets         0 orders tried  current cost 6
    W_14: 29535s  67,287,201,200 steps   342306 feasible sets         0 orders tried  current cost 7
    W_14: 29550s  67,321,895,200 steps   342496 feasible sets         0 orders tried  current cost 2
    W_14: 29565s  67,356,459,600 steps   342671 feasible sets         0 orders tried  current cost 3
    W_14: 29580s  67,388,847,800 steps   342838 feasible sets         0 orders tried  current cost 7
    W_14: 29595s  67,413,814,200 steps   342989 feasible sets         0 orders tried  current cost 1
    W_14: 29610s  67,436,871,000 steps   343109 feasible sets         0 orders tried  current cost 7
    W_14: 29625s  67,471,044,600 steps   343236 feasible sets         0 orders tried  current cost 10
    W_14: 29640s  67,504,782,400 steps   343401 feasible sets         0 orders tried  current cost 8
    W_14: 29655s  67,537,118,000 steps   343564 feasible sets         0 orders tried  current cost 2
    W_14: 29670s  67,564,213,200 steps   343696 feasible sets         0 orders tried  current cost 3
    W_14: 29685s  67,578,911,200 steps   343814 feasible sets         0 orders tried  current cost 2
    W_14: 29700s  67,614,075,800 steps   344020 feasible sets         0 orders tried  current cost 3
    W_14: 29715s  67,644,449,400 steps   344172 feasible sets         0 orders tried  current cost 3
    W_14: 29730s  67,673,831,400 steps   344304 feasible sets         0 orders tried  current cost 3
    W_14: 29745s  67,691,090,000 steps   344407 feasible sets         0 orders tried  current cost 6
    W_14: 29760s  67,721,544,000 steps   344561 feasible sets         0 orders tried  current cost 10
    W_14: 29775s  67,752,396,000 steps   344709 feasible sets         0 orders tried  current cost 4
    W_14: 29790s  67,787,034,000 steps   344880 feasible sets         0 orders tried  current cost 3
    W_14: 29805s  67,821,651,600 steps   345069 feasible sets         0 orders tried  current cost 3
    W_14: 29820s  67,855,414,400 steps   345222 feasible sets         0 orders tried  current cost 4
    W_14: 29835s  67,889,955,200 steps   345363 feasible sets         0 orders tried  current cost 1
    W_14: 29850s  67,924,465,000 steps   345546 feasible sets         0 orders tried  current cost 7
    W_14: 29865s  67,958,861,200 steps   345709 feasible sets         0 orders tried  current cost 14
    W_14: 29880s  67,992,025,800 steps   345876 feasible sets         0 orders tried  current cost 8
    W_14: 29895s  68,025,342,800 steps   346031 feasible sets         0 orders tried  current cost 12
    W_14: 29910s  68,060,511,800 steps   346212 feasible sets         0 orders tried  current cost 3
    W_14: 29925s  68,094,715,400 steps   346378 feasible sets         0 orders tried  current cost 3
    W_14: 29940s  68,128,374,600 steps   346569 feasible sets         0 orders tried  current cost 4
    W_14: 29955s  68,163,053,000 steps   346696 feasible sets         0 orders tried  current cost 2
    W_14: 29970s  68,197,494,000 steps   346858 feasible sets         0 orders tried  current cost 3
    W_14: 29985s  68,231,890,000 steps   347058 feasible sets         0 orders tried  current cost 4
    W_14: 30000s  68,266,347,600 steps   347263 feasible sets         0 orders tried  current cost 5
    W_14: 30015s  68,300,723,400 steps   347457 feasible sets         0 orders tried  current cost 13
    W_14: 30030s  68,333,083,400 steps   347601 feasible sets         0 orders tried  current cost 11
    W_14: 30045s  68,367,147,600 steps   347754 feasible sets         0 orders tried  current cost 3
    W_14: 30060s  68,401,673,600 steps   347952 feasible sets         0 orders tried  current cost 4
    W_14: 30075s  68,435,849,800 steps   348100 feasible sets         0 orders tried  current cost 5
    W_14: 30090s  68,469,965,800 steps   348302 feasible sets         0 orders tried  current cost 9
    W_14: 30105s  68,503,118,400 steps   348473 feasible sets         0 orders tried  current cost 2
    W_14: 30120s  68,536,844,600 steps   348636 feasible sets         0 orders tried  current cost 6
    W_14: 30135s  68,571,043,800 steps   348810 feasible sets         0 orders tried  current cost 11
    W_14: 30150s  68,605,804,200 steps   348978 feasible sets         0 orders tried  current cost 6
    W_14: 30165s  68,639,586,000 steps   349098 feasible sets         0 orders tried  current cost 9
    W_14: 30180s  68,672,403,800 steps   349305 feasible sets         0 orders tried  current cost 5
    W_14: 30195s  68,704,885,400 steps   349464 feasible sets         0 orders tried  current cost 8
    W_14: 30210s  68,738,838,600 steps   349625 feasible sets         0 orders tried  current cost 4
    W_14: 30225s  68,771,147,400 steps   349764 feasible sets         0 orders tried  current cost 11
    W_14: 30240s  68,804,893,200 steps   349936 feasible sets         0 orders tried  current cost 4
    W_14: 30255s  68,836,584,000 steps   350063 feasible sets         0 orders tried  current cost 6
    W_14: 30270s  68,869,416,200 steps   350217 feasible sets         0 orders tried  current cost 3
    W_14: 30285s  68,904,228,400 steps   350392 feasible sets         0 orders tried  current cost 5
    W_14: 30300s  68,937,793,200 steps   350556 feasible sets         0 orders tried  current cost 2
    W_14: 30315s  68,967,680,800 steps   350710 feasible sets         0 orders tried  current cost 11
    W_14: 30330s  68,998,943,600 steps   350873 feasible sets         0 orders tried  current cost 9
    W_14: 30345s  69,030,676,000 steps   351030 feasible sets         0 orders tried  current cost 1
    W_14: 30360s  69,062,594,400 steps   351159 feasible sets         0 orders tried  current cost 1
    W_14: 30375s  69,094,516,200 steps   351302 feasible sets         0 orders tried  current cost 2
    W_14: 30390s  69,126,105,800 steps   351474 feasible sets         0 orders tried  current cost 5
    W_14: 30405s  69,157,761,600 steps   351645 feasible sets         0 orders tried  current cost 13
    W_14: 30420s  69,189,515,000 steps   351812 feasible sets         0 orders tried  current cost 3
    W_14: 30435s  69,221,139,000 steps   351977 feasible sets         0 orders tried  current cost 4
    W_14: 30450s  69,253,090,000 steps   352152 feasible sets         0 orders tried  current cost 4
    W_14: 30465s  69,284,781,800 steps   352322 feasible sets         0 orders tried  current cost 17
    W_14: 30480s  69,316,468,200 steps   352502 feasible sets         0 orders tried  current cost 3
    W_14: 30495s  69,348,298,200 steps   352633 feasible sets         0 orders tried  current cost 4
    W_14: 30510s  69,379,736,200 steps   352805 feasible sets         0 orders tried  current cost 1
    W_14: 30525s  69,411,435,000 steps   352976 feasible sets         0 orders tried  current cost 3
    W_14: 30540s  69,443,050,600 steps   353159 feasible sets         0 orders tried  current cost 2
    W_14: 30555s  69,474,943,000 steps   353315 feasible sets         0 orders tried  current cost 9
    W_14: 30570s  69,506,816,400 steps   353525 feasible sets         0 orders tried  current cost 1
    W_14: 30585s  69,538,312,200 steps   353686 feasible sets         0 orders tried  current cost 4
    W_14: 30600s  69,569,916,000 steps   353836 feasible sets         0 orders tried  current cost 3
    W_14: 30615s  69,601,093,000 steps   353988 feasible sets         0 orders tried  current cost 2
    W_14: 30630s  69,632,855,000 steps   354149 feasible sets         0 orders tried  current cost 1
    W_14: 30645s  69,664,952,200 steps   354310 feasible sets         0 orders tried  current cost 4
    W_14: 30660s  69,697,043,600 steps   354500 feasible sets         0 orders tried  current cost 11
    W_14: 30675s  69,728,943,800 steps   354646 feasible sets         0 orders tried  current cost 8
    W_14: 30690s  69,760,877,200 steps   354793 feasible sets         0 orders tried  current cost 2
    W_14: 30705s  69,792,705,000 steps   354972 feasible sets         0 orders tried  current cost 9
    W_14: 30720s  69,824,658,400 steps   355138 feasible sets         0 orders tried  current cost 4
    W_14: 30735s  69,856,584,000 steps   355306 feasible sets         0 orders tried  current cost 10
    W_14: 30750s  69,888,909,600 steps   355466 feasible sets         0 orders tried  current cost 4
    W_14: 30765s  69,920,945,800 steps   355651 feasible sets         0 orders tried  current cost 12
    W_14: 30780s  69,952,548,600 steps   355788 feasible sets         0 orders tried  current cost 5
    W_14: 30795s  69,983,918,400 steps   355934 feasible sets         0 orders tried  current cost 1
    W_14: 30810s  70,015,408,400 steps   356078 feasible sets         0 orders tried  current cost 5
    W_14: 30825s  70,045,334,800 steps   356208 feasible sets         0 orders tried  current cost 4
    W_14: 30840s  70,077,707,600 steps   356386 feasible sets         0 orders tried  current cost 8
    W_14: 30855s  70,111,985,400 steps   356557 feasible sets         0 orders tried  current cost 12
    W_14: 30870s  70,143,899,600 steps   356748 feasible sets         0 orders tried  current cost 3
    W_14: 30885s  70,175,312,200 steps   356907 feasible sets         0 orders tried  current cost 2
    W_14: 30900s  70,206,407,600 steps   357078 feasible sets         0 orders tried  current cost 7
    W_14: 30915s  70,237,505,800 steps   357221 feasible sets         0 orders tried  current cost 7
    W_14: 30930s  70,268,922,800 steps   357390 feasible sets         0 orders tried  current cost 6
    W_14: 30945s  70,300,336,000 steps   357535 feasible sets         0 orders tried  current cost 2
    W_14: 30960s  70,332,270,000 steps   357655 feasible sets         0 orders tried  current cost 3
    W_14: 30975s  70,364,643,200 steps   357802 feasible sets         0 orders tried  current cost 12
    W_14: 30990s  70,398,265,600 steps   357987 feasible sets         0 orders tried  current cost 8
    W_14: 31005s  70,432,515,400 steps   358155 feasible sets         0 orders tried  current cost 4
    W_14: 31020s  70,466,423,600 steps   358345 feasible sets         0 orders tried  current cost 10
    W_14: 31035s  70,500,519,600 steps   358524 feasible sets         0 orders tried  current cost 1
    W_14: 31050s  70,534,353,600 steps   358692 feasible sets         0 orders tried  current cost 2
    W_14: 31065s  70,568,385,200 steps   358858 feasible sets         0 orders tried  current cost 9
    W_14: 31080s  70,602,965,000 steps   359012 feasible sets         0 orders tried  current cost 7
    W_14: 31095s  70,637,217,200 steps   359178 feasible sets         0 orders tried  current cost 3
    W_14: 31110s  70,671,824,000 steps   359335 feasible sets         0 orders tried  current cost 10
    W_14: 31125s  70,705,632,400 steps   359521 feasible sets         0 orders tried  current cost 2
    W_14: 31140s  70,739,423,000 steps   359719 feasible sets         0 orders tried  current cost 12
    W_14: 31155s  70,772,883,600 steps   359905 feasible sets         0 orders tried  current cost 7
    W_14: 31170s  70,806,694,800 steps   360105 feasible sets         0 orders tried  current cost 4
    W_14: 31185s  70,839,927,400 steps   360274 feasible sets         0 orders tried  current cost 9
    W_14: 31200s  70,872,106,600 steps   360473 feasible sets         0 orders tried  current cost 7
    W_14: 31215s  70,906,251,200 steps   360672 feasible sets         0 orders tried  current cost 3
    W_14: 31230s  70,940,405,200 steps   360857 feasible sets         0 orders tried  current cost 9
    W_14: 31245s  70,974,816,000 steps   361061 feasible sets         0 orders tried  current cost 5
    W_14: 31260s  71,009,167,800 steps   361272 feasible sets         0 orders tried  current cost 2
    W_14: 31275s  71,043,341,800 steps   361479 feasible sets         0 orders tried  current cost 10
    W_14: 31290s  71,077,193,400 steps   361632 feasible sets         0 orders tried  current cost 2
    W_14: 31305s  71,110,929,400 steps   361775 feasible sets         0 orders tried  current cost 5
    W_14: 31320s  71,144,014,000 steps   361943 feasible sets         0 orders tried  current cost 3
    W_14: 31335s  71,178,804,200 steps   362110 feasible sets         0 orders tried  current cost 6
    W_14: 31350s  71,213,073,600 steps   362260 feasible sets         0 orders tried  current cost 3
    W_14: 31365s  71,247,763,800 steps   362422 feasible sets         0 orders tried  current cost 14
    W_14: 31380s  71,282,017,800 steps   362592 feasible sets         0 orders tried  current cost 3
    W_14: 31395s  71,316,228,400 steps   362729 feasible sets         0 orders tried  current cost 5
    W_14: 31410s  71,350,749,600 steps   362954 feasible sets         0 orders tried  current cost 4
    W_14: 31425s  71,385,300,000 steps   363150 feasible sets         0 orders tried  current cost 2
    W_14: 31440s  71,419,430,400 steps   363363 feasible sets         0 orders tried  current cost 1
    W_14: 31455s  71,453,304,400 steps   363535 feasible sets         0 orders tried  current cost 7
    W_14: 31470s  71,487,448,400 steps   363730 feasible sets         0 orders tried  current cost 5
    W_14: 31485s  71,521,889,400 steps   363929 feasible sets         0 orders tried  current cost 3
    W_14: 31500s  71,555,994,600 steps   364133 feasible sets         0 orders tried  current cost 3
    W_14: 31515s  71,590,534,200 steps   364313 feasible sets         0 orders tried  current cost 1
    W_14: 31530s  71,624,454,000 steps   364527 feasible sets         0 orders tried  current cost 2
    W_14: 31545s  71,658,790,000 steps   364670 feasible sets         0 orders tried  current cost 3
    W_14: 31560s  71,692,939,400 steps   364816 feasible sets         0 orders tried  current cost 3
    W_14: 31575s  71,727,781,800 steps   364988 feasible sets         0 orders tried  current cost 5
    W_14: 31590s  71,760,674,800 steps   365211 feasible sets         0 orders tried  current cost 2
    W_14: 31605s  71,794,901,400 steps   365381 feasible sets         0 orders tried  current cost 14
    W_14: 31620s  71,829,262,600 steps   365517 feasible sets         0 orders tried  current cost 12
    W_14: 31635s  71,863,476,400 steps   365692 feasible sets         0 orders tried  current cost 3
    W_14: 31650s  71,895,682,400 steps   365842 feasible sets         0 orders tried  current cost 8
    W_14: 31665s  71,929,857,200 steps   366031 feasible sets         0 orders tried  current cost 3
    W_14: 31680s  71,964,301,600 steps   366174 feasible sets         0 orders tried  current cost 12
    W_14: 31695s  71,998,499,000 steps   366363 feasible sets         0 orders tried  current cost 5
    W_14: 31710s  72,032,456,000 steps   366527 feasible sets         0 orders tried  current cost 5
    W_14: 31725s  72,066,655,600 steps   366722 feasible sets         0 orders tried  current cost 4
    W_14: 31740s  72,101,231,600 steps   366919 feasible sets         0 orders tried  current cost 5
    W_14: 31755s  72,135,959,000 steps   367117 feasible sets         0 orders tried  current cost 1
    W_14: 31770s  72,170,550,200 steps   367298 feasible sets         0 orders tried  current cost 4
    W_14: 31785s  72,204,809,000 steps   367456 feasible sets         0 orders tried  current cost 6
    W_14: 31800s  72,239,442,200 steps   367601 feasible sets         0 orders tried  current cost 10
    W_14: 31815s  72,273,997,600 steps   367774 feasible sets         0 orders tried  current cost 3
    W_14: 31830s  72,308,731,800 steps   367928 feasible sets         0 orders tried  current cost 3
    W_14: 31845s  72,343,399,400 steps   368141 feasible sets         0 orders tried  current cost 2
    W_14: 31860s  72,378,130,000 steps   368311 feasible sets         0 orders tried  current cost 4
    W_14: 31875s  72,412,273,800 steps   368523 feasible sets         0 orders tried  current cost 4
    W_14: 31890s  72,446,912,800 steps   368703 feasible sets         0 orders tried  current cost 2
    W_14: 31905s  72,476,855,200 steps   368833 feasible sets         0 orders tried  current cost 1
    W_14: 31920s  72,509,584,200 steps   368995 feasible sets         0 orders tried  current cost 9
    W_14: 31935s  72,541,546,800 steps   369149 feasible sets         0 orders tried  current cost 9
    W_14: 31950s  72,574,320,400 steps   369338 feasible sets         0 orders tried  current cost 14
    W_14: 31965s  72,608,886,000 steps   369520 feasible sets         0 orders tried  current cost 7
    W_14: 31980s  72,643,683,200 steps   369710 feasible sets         0 orders tried  current cost 13
    W_14: 31995s  72,678,184,800 steps   369897 feasible sets         0 orders tried  current cost 9
    W_14: 32010s  72,712,638,600 steps   370080 feasible sets         0 orders tried  current cost 3
    W_14: 32025s  72,747,128,200 steps   370241 feasible sets         0 orders tried  current cost 6
    W_14: 32040s  72,781,808,400 steps   370397 feasible sets         0 orders tried  current cost 3
    W_14: 32055s  72,816,443,800 steps   370593 feasible sets         0 orders tried  current cost 11
    W_14: 32070s  72,850,633,600 steps   370773 feasible sets         0 orders tried  current cost 3
    W_14: 32085s  72,884,984,800 steps   370953 feasible sets         0 orders tried  current cost 7
    W_14: 32100s  72,919,250,200 steps   371153 feasible sets         0 orders tried  current cost 5
    W_14: 32115s  72,953,786,200 steps   371339 feasible sets         0 orders tried  current cost 11
    W_14: 32130s  72,988,530,000 steps   371518 feasible sets         0 orders tried  current cost 6
    W_14: 32145s  73,023,175,400 steps   371704 feasible sets         0 orders tried  current cost 3
    W_14: 32160s  73,058,114,000 steps   371851 feasible sets         0 orders tried  current cost 2
    W_14: 32175s  73,092,617,800 steps   372028 feasible sets         0 orders tried  current cost 4
    W_14: 32190s  73,126,835,800 steps   372230 feasible sets         0 orders tried  current cost 2
    W_14: 32205s  73,161,590,400 steps   372415 feasible sets         0 orders tried  current cost 3
    W_14: 32220s  73,195,904,200 steps   372578 feasible sets         0 orders tried  current cost 9
    W_14: 32235s  73,230,562,200 steps   372762 feasible sets         0 orders tried  current cost 9
    W_14: 32250s  73,265,232,200 steps   372917 feasible sets         0 orders tried  current cost 3
    W_14: 32265s  73,299,462,800 steps   373121 feasible sets         0 orders tried  current cost 16
    W_14: 32280s  73,333,620,600 steps   373271 feasible sets         0 orders tried  current cost 15
    W_14: 32295s  73,368,168,800 steps   373416 feasible sets         0 orders tried  current cost 5
    W_14: 32310s  73,402,012,600 steps   373575 feasible sets         0 orders tried  current cost 5
    W_14: 32325s  73,436,632,400 steps   373798 feasible sets         0 orders tried  current cost 4
    W_14: 32340s  73,471,403,200 steps   373980 feasible sets         0 orders tried  current cost 11
    W_14: 32355s  73,505,765,000 steps   374177 feasible sets         0 orders tried  current cost 11
    W_14: 32370s  73,540,379,200 steps   374337 feasible sets         0 orders tried  current cost 5
    W_14: 32385s  73,574,667,000 steps   374528 feasible sets         0 orders tried  current cost 4
    W_14: 32400s  73,608,760,200 steps   374694 feasible sets         0 orders tried  current cost 17
    W_14: 32415s  73,642,538,200 steps   374876 feasible sets         0 orders tried  current cost 3
    W_14: 32430s  73,676,876,600 steps   375026 feasible sets         0 orders tried  current cost 5
    W_14: 32445s  73,711,647,800 steps   375232 feasible sets         0 orders tried  current cost 7
    W_14: 32460s  73,744,854,200 steps   375391 feasible sets         0 orders tried  current cost 3
    W_14: 32475s  73,778,449,200 steps   375566 feasible sets         0 orders tried  current cost 4
    W_14: 32490s  73,810,947,400 steps   375770 feasible sets         0 orders tried  current cost 3
    W_14: 32505s  73,843,180,000 steps   375914 feasible sets         0 orders tried  current cost 1
    W_14: 32520s  73,875,543,400 steps   376048 feasible sets         0 orders tried  current cost 12
    W_14: 32535s  73,909,029,800 steps   376214 feasible sets         0 orders tried  current cost 4
    W_14: 32550s  73,941,176,000 steps   376354 feasible sets         0 orders tried  current cost 5
    W_14: 32565s  73,974,228,000 steps   376545 feasible sets         0 orders tried  current cost 6
    W_14: 32580s  74,007,844,400 steps   376763 feasible sets         0 orders tried  current cost 8
    W_14: 32595s  74,041,690,800 steps   376923 feasible sets         0 orders tried  current cost 3
    W_14: 32610s  74,075,677,600 steps   377087 feasible sets         0 orders tried  current cost 4
    W_14: 32625s  74,108,644,200 steps   377232 feasible sets         0 orders tried  current cost 11
    W_14: 32640s  74,141,911,000 steps   377359 feasible sets         0 orders tried  current cost 4
    W_14: 32655s  74,176,335,200 steps   377546 feasible sets         0 orders tried  current cost 4
    W_14: 32670s  74,210,402,400 steps   377774 feasible sets         0 orders tried  current cost 10
    W_14: 32685s  74,243,729,400 steps   377940 feasible sets         0 orders tried  current cost 5
    W_14: 32700s  74,275,035,000 steps   378085 feasible sets         0 orders tried  current cost 1
    W_14: 32715s  74,307,128,800 steps   378231 feasible sets         0 orders tried  current cost 6
    W_14: 32730s  74,340,961,200 steps   378385 feasible sets         0 orders tried  current cost 14
    W_14: 32745s  74,373,741,600 steps   378605 feasible sets         0 orders tried  current cost 12
    W_14: 32760s  74,406,098,000 steps   378777 feasible sets         0 orders tried  current cost 3
    W_14: 32775s  74,439,372,400 steps   378944 feasible sets         0 orders tried  current cost 5
    W_14: 32790s  74,472,997,800 steps   379136 feasible sets         0 orders tried  current cost 4
    W_14: 32805s  74,504,249,000 steps   379292 feasible sets         0 orders tried  current cost 3
    W_14: 32820s  74,537,905,600 steps   379494 feasible sets         0 orders tried  current cost 7
    W_14: 32835s  74,571,500,000 steps   379676 feasible sets         0 orders tried  current cost 3
    W_14: 32850s  74,604,936,800 steps   379843 feasible sets         0 orders tried  current cost 2
    W_14: 32865s  74,638,006,600 steps   380027 feasible sets         0 orders tried  current cost 9
    W_14: 32880s  74,671,584,200 steps   380210 feasible sets         0 orders tried  current cost 7
    W_14: 32895s  74,705,878,400 steps   380407 feasible sets         0 orders tried  current cost 1
    W_14: 32910s  74,739,162,800 steps   380583 feasible sets         0 orders tried  current cost 14
    W_14: 32925s  74,773,304,000 steps   380754 feasible sets         0 orders tried  current cost 9
    W_14: 32940s  74,804,679,800 steps   380877 feasible sets         0 orders tried  current cost 2
    W_14: 32955s  74,836,429,400 steps   381055 feasible sets         0 orders tried  current cost 5
    W_14: 32970s  74,869,129,400 steps   381223 feasible sets         0 orders tried  current cost 3
    W_14: 32985s  74,902,887,600 steps   381429 feasible sets         0 orders tried  current cost 4
    W_14: 33000s  74,934,521,000 steps   381606 feasible sets         0 orders tried  current cost 13
    W_14: 33015s  74,965,287,000 steps   381766 feasible sets         0 orders tried  current cost 7
    W_14: 33030s  74,996,822,800 steps   381882 feasible sets         0 orders tried  current cost 7
    W_14: 33045s  75,026,488,600 steps   382051 feasible sets         0 orders tried  current cost 4
    W_14: 33060s  75,058,455,800 steps   382227 feasible sets         0 orders tried  current cost 1
    W_14: 33075s  75,092,281,600 steps   382433 feasible sets         0 orders tried  current cost 24
    W_14: 33090s  75,126,761,200 steps   382630 feasible sets         0 orders tried  current cost 14
    W_14: 33105s  75,160,785,200 steps   382772 feasible sets         0 orders tried  current cost 8
    W_14: 33120s  75,195,344,600 steps   382948 feasible sets         0 orders tried  current cost 8
    W_14: 33135s  75,229,980,800 steps   383120 feasible sets         0 orders tried  current cost 12
    W_14: 33150s  75,264,764,400 steps   383296 feasible sets         0 orders tried  current cost 9
    W_14: 33165s  75,298,438,000 steps   383454 feasible sets         0 orders tried  current cost 1
    W_14: 33180s  75,333,030,200 steps   383631 feasible sets         0 orders tried  current cost 5
    W_14: 33195s  75,367,734,600 steps   383830 feasible sets         0 orders tried  current cost 3
    W_14: 33210s  75,400,236,600 steps   383985 feasible sets         0 orders tried  current cost 2
    W_14: 33225s  75,433,972,200 steps   384174 feasible sets         0 orders tried  current cost 3
    W_14: 33240s  75,467,964,400 steps   384340 feasible sets         0 orders tried  current cost 10
    W_14: 33255s  75,502,757,800 steps   384518 feasible sets         0 orders tried  current cost 4
    W_14: 33270s  75,537,267,200 steps   384719 feasible sets         0 orders tried  current cost 2
    W_14: 33285s  75,571,267,000 steps   384909 feasible sets         0 orders tried  current cost 9
    W_14: 33300s  75,605,701,200 steps   385049 feasible sets         0 orders tried  current cost 11
    W_14: 33315s  75,640,407,800 steps   385203 feasible sets         0 orders tried  current cost 6
    W_14: 33330s  75,675,284,800 steps   385363 feasible sets         0 orders tried  current cost 9
    W_14: 33345s  75,709,810,800 steps   385509 feasible sets         0 orders tried  current cost 3
    W_14: 33360s  75,744,470,400 steps   385710 feasible sets         0 orders tried  current cost 4
    W_14: 33375s  75,778,666,400 steps   385905 feasible sets         0 orders tried  current cost 6
    W_14: 33390s  75,813,004,400 steps   386115 feasible sets         0 orders tried  current cost 9
    W_14: 33405s  75,847,174,000 steps   386323 feasible sets         0 orders tried  current cost 3
    W_14: 33420s  75,881,419,600 steps   386522 feasible sets         0 orders tried  current cost 4
    W_14: 33435s  75,915,701,800 steps   386666 feasible sets         0 orders tried  current cost 12
    W_14: 33450s  75,950,281,800 steps   386837 feasible sets         0 orders tried  current cost 13
    W_14: 33465s  75,984,628,600 steps   387019 feasible sets         0 orders tried  current cost 5
    W_14: 33480s  76,018,760,000 steps   387218 feasible sets         0 orders tried  current cost 8
    W_14: 33495s  76,053,129,800 steps   387395 feasible sets         0 orders tried  current cost 5
    W_14: 33510s  76,087,343,600 steps   387564 feasible sets         0 orders tried  current cost 15
    W_14: 33525s  76,121,376,400 steps   387741 feasible sets         0 orders tried  current cost 2
    W_14: 33540s  76,155,352,200 steps   387921 feasible sets         0 orders tried  current cost 1
    W_14: 33555s  76,189,251,000 steps   388087 feasible sets         0 orders tried  current cost 3
    W_14: 33570s  76,223,171,000 steps   388230 feasible sets         0 orders tried  current cost 4
    W_14: 33585s  76,256,980,800 steps   388423 feasible sets         0 orders tried  current cost 9
    W_14: 33600s  76,290,174,600 steps   388610 feasible sets         0 orders tried  current cost 3
    W_14: 33615s  76,323,213,400 steps   388766 feasible sets         0 orders tried  current cost 2
    W_14: 33630s  76,356,525,600 steps   388916 feasible sets         0 orders tried  current cost 16
    W_14: 33645s  76,390,589,000 steps   389107 feasible sets         0 orders tried  current cost 5
    W_14: 33660s  76,423,145,200 steps   389271 feasible sets         0 orders tried  current cost 8
    W_14: 33675s  76,456,319,600 steps   389445 feasible sets         0 orders tried  current cost 3
    W_14: 33690s  76,489,765,200 steps   389645 feasible sets         0 orders tried  current cost 9
    W_14: 33705s  76,523,024,200 steps   389805 feasible sets         0 orders tried  current cost 11
    W_14: 33720s  76,555,454,000 steps   389987 feasible sets         0 orders tried  current cost 4
    W_14: 33735s  76,588,777,200 steps   390127 feasible sets         0 orders tried  current cost 1
    W_14: 33750s  76,622,692,400 steps   390287 feasible sets         0 orders tried  current cost 4
    W_14: 33765s  76,655,930,200 steps   390463 feasible sets         0 orders tried  current cost 2
    W_14: 33780s  76,690,001,000 steps   390636 feasible sets         0 orders tried  current cost 11
    W_14: 33795s  76,723,705,000 steps   390855 feasible sets         0 orders tried  current cost 12
    W_14: 33810s  76,757,385,600 steps   391056 feasible sets         0 orders tried  current cost 7
    W_14: 33825s  76,789,889,800 steps   391203 feasible sets         0 orders tried  current cost 2
    W_14: 33840s  76,822,578,200 steps   391353 feasible sets         0 orders tried  current cost 3
    W_14: 33855s  76,855,291,000 steps   391519 feasible sets         0 orders tried  current cost 5
    W_14: 33870s  76,888,272,400 steps   391671 feasible sets         0 orders tried  current cost 4
    W_14: 33885s  76,921,840,400 steps   391860 feasible sets         0 orders tried  current cost 9
    W_14: 33900s  76,953,563,400 steps   392017 feasible sets         0 orders tried  current cost 11
    W_14: 33915s  76,986,331,000 steps   392171 feasible sets         0 orders tried  current cost 5
    W_14: 33930s  77,018,308,800 steps   392341 feasible sets         0 orders tried  current cost 6
    W_14: 33945s  77,051,032,400 steps   392519 feasible sets         0 orders tried  current cost 3
    W_14: 33960s  77,083,854,600 steps   392685 feasible sets         0 orders tried  current cost 3
    W_14: 33975s  77,117,044,400 steps   392846 feasible sets         0 orders tried  current cost 8
    W_14: 33990s  77,150,669,800 steps   393022 feasible sets         0 orders tried  current cost 4
    W_14: 34005s  77,184,524,600 steps   393199 feasible sets         0 orders tried  current cost 6
    W_14: 34020s  77,217,738,600 steps   393375 feasible sets         0 orders tried  current cost 1
    W_14: 34035s  77,250,283,400 steps   393526 feasible sets         0 orders tried  current cost 13
    W_14: 34050s  77,283,321,400 steps   393729 feasible sets         0 orders tried  current cost 8
    W_14: 34065s  77,316,627,400 steps   393912 feasible sets         0 orders tried  current cost 6
    W_14: 34080s  77,350,270,000 steps   394064 feasible sets         0 orders tried  current cost 4
    W_14: 34095s  77,384,175,600 steps   394223 feasible sets         0 orders tried  current cost 4
    W_14: 34110s  77,417,127,000 steps   394404 feasible sets         0 orders tried  current cost 5
    W_14: 34125s  77,450,299,000 steps   394572 feasible sets         0 orders tried  current cost 3
    W_14: 34140s  77,483,480,800 steps   394792 feasible sets         0 orders tried  current cost 16
    W_14: 34155s  77,517,078,800 steps   394957 feasible sets         0 orders tried  current cost 3
    W_14: 34170s  77,550,749,800 steps   395121 feasible sets         0 orders tried  current cost 2
    W_14: 34185s  77,583,052,600 steps   395288 feasible sets         0 orders tried  current cost 4
    W_14: 34200s  77,616,335,000 steps   395468 feasible sets         0 orders tried  current cost 4
    W_14: 34215s  77,648,978,600 steps   395633 feasible sets         0 orders tried  current cost 3
    W_14: 34230s  77,681,706,600 steps   395818 feasible sets         0 orders tried  current cost 11
    W_14: 34245s  77,715,065,800 steps   396011 feasible sets         0 orders tried  current cost 12
    W_14: 34260s  77,747,701,400 steps   396174 feasible sets         0 orders tried  current cost 14
    W_14: 34275s  77,781,133,400 steps   396328 feasible sets         0 orders tried  current cost 3
    W_14: 34290s  77,814,280,400 steps   396486 feasible sets         0 orders tried  current cost 9
    W_14: 34305s  77,845,777,600 steps   396605 feasible sets         0 orders tried  current cost 3
    W_14: 34320s  77,877,226,000 steps   396749 feasible sets         0 orders tried  current cost 9
    W_14: 34335s  77,908,897,400 steps   396890 feasible sets         0 orders tried  current cost 4
    W_14: 34350s  77,940,140,000 steps   397030 feasible sets         0 orders tried  current cost 7
    W_14: 34365s  77,971,404,200 steps   397200 feasible sets         0 orders tried  current cost 12
    W_14: 34380s  78,002,662,600 steps   397358 feasible sets         0 orders tried  current cost 12
    W_14: 34395s  78,034,318,000 steps   397511 feasible sets         0 orders tried  current cost 5
    W_14: 34410s  78,066,005,600 steps   397702 feasible sets         0 orders tried  current cost 7
    W_14: 34425s  78,097,287,800 steps   397839 feasible sets         0 orders tried  current cost 4
    W_14: 34440s  78,128,941,000 steps   398017 feasible sets         0 orders tried  current cost 19
    W_14: 34455s  78,160,370,000 steps   398184 feasible sets         0 orders tried  current cost 3
    W_14: 34470s  78,192,032,600 steps   398341 feasible sets         0 orders tried  current cost 1
    W_14: 34485s  78,223,421,200 steps   398504 feasible sets         0 orders tried  current cost 10
    W_14: 34500s  78,254,686,400 steps   398664 feasible sets         0 orders tried  current cost 4
    W_14: 34515s  78,286,206,800 steps   398783 feasible sets         0 orders tried  current cost 8
    W_14: 34530s  78,317,793,800 steps   398942 feasible sets         0 orders tried  current cost 2
    W_14: 34545s  78,349,327,600 steps   399099 feasible sets         0 orders tried  current cost 7
    W_14: 34560s  78,381,159,000 steps   399269 feasible sets         0 orders tried  current cost 1
    W_14: 34575s  78,412,971,600 steps   399436 feasible sets         0 orders tried  current cost 1
    W_14: 34590s  78,444,527,800 steps   399609 feasible sets         0 orders tried  current cost 7
    W_14: 34605s  78,475,967,800 steps   399760 feasible sets         0 orders tried  current cost 4
    W_14: 34620s  78,506,623,800 steps   399890 feasible sets         0 orders tried  current cost 11
    W_14: 34635s  78,538,542,600 steps   400034 feasible sets         0 orders tried  current cost 13
    W_14: 34650s  78,570,199,600 steps   400191 feasible sets         0 orders tried  current cost 3
    W_14: 34665s  78,602,074,200 steps   400350 feasible sets         0 orders tried  current cost 1
    W_14: 34680s  78,633,628,800 steps   400544 feasible sets         0 orders tried  current cost 6
    W_14: 34695s  78,665,517,000 steps   400702 feasible sets         0 orders tried  current cost 3
    W_14: 34710s  78,697,531,800 steps   400853 feasible sets         0 orders tried  current cost 4
    W_14: 34725s  78,729,509,600 steps   400986 feasible sets         0 orders tried  current cost 4
    W_14: 34740s  78,760,865,600 steps   401138 feasible sets         0 orders tried  current cost 9
    W_14: 34755s  78,793,039,600 steps   401321 feasible sets         0 orders tried  current cost 2
    W_14: 34770s  78,824,819,200 steps   401460 feasible sets         0 orders tried  current cost 2
    W_14: 34785s  78,856,404,200 steps   401622 feasible sets         0 orders tried  current cost 11
    W_14: 34800s  78,888,143,800 steps   401747 feasible sets         0 orders tried  current cost 10
    W_14: 34815s  78,919,831,000 steps   401919 feasible sets         0 orders tried  current cost 2
    W_14: 34830s  78,951,407,200 steps   402089 feasible sets         0 orders tried  current cost 6
    W_14: 34845s  78,983,420,800 steps   402237 feasible sets         0 orders tried  current cost 14
    W_14: 34860s  79,015,509,000 steps   402380 feasible sets         0 orders tried  current cost 4
    W_14: 34875s  79,047,316,000 steps   402580 feasible sets         0 orders tried  current cost 3
    W_14: 34890s  79,078,979,000 steps   402757 feasible sets         0 orders tried  current cost 1
    W_14: 34905s  79,109,707,600 steps   402933 feasible sets         0 orders tried  current cost 7
    W_14: 34920s  79,141,587,400 steps   403082 feasible sets         0 orders tried  current cost 8
    W_14: 34935s  79,173,283,800 steps   403232 feasible sets         0 orders tried  current cost 10
    W_14: 34950s  79,204,991,400 steps   403397 feasible sets         0 orders tried  current cost 3
    W_14: 34965s  79,236,703,800 steps   403617 feasible sets         0 orders tried  current cost 8
    W_14: 34980s  79,268,487,400 steps   403789 feasible sets         0 orders tried  current cost 7
    W_14: 34995s  79,299,435,200 steps   403936 feasible sets         0 orders tried  current cost 1
    W_14: 35010s  79,331,234,600 steps   404083 feasible sets         0 orders tried  current cost 4
    W_14: 35025s  79,362,968,200 steps   404249 feasible sets         0 orders tried  current cost 8
    W_14: 35040s  79,394,827,800 steps   404404 feasible sets         0 orders tried  current cost 8
    W_14: 35055s  79,426,493,400 steps   404561 feasible sets         0 orders tried  current cost 3
    W_14: 35070s  79,457,846,600 steps   404747 feasible sets         0 orders tried  current cost 7
    W_14: 35085s  79,489,562,400 steps   404902 feasible sets         0 orders tried  current cost 11
    W_14: 35100s  79,520,820,200 steps   405028 feasible sets         0 orders tried  current cost 12
    W_14: 35115s  79,552,302,800 steps   405174 feasible sets         0 orders tried  current cost 8
    W_14: 35130s  79,584,111,000 steps   405332 feasible sets         0 orders tried  current cost 4
    W_14: 35145s  79,615,799,400 steps   405502 feasible sets         0 orders tried  current cost 2
    W_14: 35160s  79,647,486,200 steps   405666 feasible sets         0 orders tried  current cost 6
    W_14: 35175s  79,678,910,200 steps   405784 feasible sets         0 orders tried  current cost 4
    W_14: 35190s  79,710,575,800 steps   405944 feasible sets         0 orders tried  current cost 4
    W_14: 35205s  79,741,945,200 steps   406094 feasible sets         0 orders tried  current cost 9
    W_14: 35220s  79,773,495,000 steps   406280 feasible sets         0 orders tried  current cost 2
    W_14: 35235s  79,804,843,200 steps   406480 feasible sets         0 orders tried  current cost 9
    W_14: 35250s  79,836,651,400 steps   406627 feasible sets         0 orders tried  current cost 4
    W_14: 35265s  79,868,545,400 steps   406790 feasible sets         0 orders tried  current cost 8
    W_14: 35280s  79,900,492,600 steps   406978 feasible sets         0 orders tried  current cost 3
    W_14: 35295s  79,932,333,400 steps   407161 feasible sets         0 orders tried  current cost 2
    W_14: 35310s  79,964,764,600 steps   407311 feasible sets         0 orders tried  current cost 6
    W_14: 35325s  79,996,148,800 steps   407428 feasible sets         0 orders tried  current cost 6
    W_14: 35340s  80,027,598,600 steps   407591 feasible sets         0 orders tried  current cost 1
    W_14: 35355s  80,058,967,600 steps   407769 feasible sets         0 orders tried  current cost 8
    W_14: 35370s  80,090,850,800 steps   407895 feasible sets         0 orders tried  current cost 4
    W_14: 35385s  80,123,244,800 steps   408058 feasible sets         0 orders tried  current cost 7
    W_14: 35400s  80,155,339,200 steps   408232 feasible sets         0 orders tried  current cost 1
    W_14: 35415s  80,187,436,800 steps   408430 feasible sets         0 orders tried  current cost 5
    W_14: 35430s  80,219,412,200 steps   408589 feasible sets         0 orders tried  current cost 5
    W_14: 35445s  80,251,524,600 steps   408737 feasible sets         0 orders tried  current cost 10
    W_14: 35460s  80,282,664,000 steps   408878 feasible sets         0 orders tried  current cost 13
    W_14: 35475s  80,314,307,400 steps   409030 feasible sets         0 orders tried  current cost 10
    W_14: 35490s  80,345,542,200 steps   409158 feasible sets         0 orders tried  current cost 11
    W_14: 35505s  80,377,755,600 steps   409315 feasible sets         0 orders tried  current cost 3
    W_14: 35520s  80,409,456,200 steps   409515 feasible sets         0 orders tried  current cost 1
    W_14: 35535s  80,441,590,600 steps   409672 feasible sets         0 orders tried  current cost 3
    W_14: 35550s  80,473,772,400 steps   409831 feasible sets         0 orders tried  current cost 4
    W_14: 35565s  80,505,865,400 steps   410007 feasible sets         0 orders tried  current cost 9
    W_14: 35580s  80,538,004,200 steps   410151 feasible sets         0 orders tried  current cost 10
    W_14: 35595s  80,570,294,200 steps   410292 feasible sets         0 orders tried  current cost 2
    W_14: 35610s  80,602,499,400 steps   410457 feasible sets         0 orders tried  current cost 1
    W_14: 35625s  80,634,681,000 steps   410631 feasible sets         0 orders tried  current cost 12
    W_14: 35640s  80,666,874,800 steps   410750 feasible sets         0 orders tried  current cost 3
    W_14: 35655s  80,699,146,000 steps   410941 feasible sets         0 orders tried  current cost 5
    W_14: 35670s  80,731,402,600 steps   411137 feasible sets         0 orders tried  current cost 13
    W_14: 35685s  80,763,614,000 steps   411319 feasible sets         0 orders tried  current cost 5
    W_14: 35700s  80,795,685,400 steps   411496 feasible sets         0 orders tried  current cost 9
    W_14: 35715s  80,828,058,200 steps   411657 feasible sets         0 orders tried  current cost 3
    W_14: 35730s  80,860,539,600 steps   411811 feasible sets         0 orders tried  current cost 3
    W_14: 35745s  80,892,704,000 steps   411991 feasible sets         0 orders tried  current cost 9
    W_14: 35760s  80,924,561,400 steps   412111 feasible sets         0 orders tried  current cost 12
    W_14: 35775s  80,956,957,800 steps   412310 feasible sets         0 orders tried  current cost 3
    W_14: 35790s  80,989,081,200 steps   412514 feasible sets         0 orders tried  current cost 13
    W_14: 35805s  81,021,514,600 steps   412668 feasible sets         0 orders tried  current cost 3
    W_14: 35820s  81,053,755,600 steps   412812 feasible sets         0 orders tried  current cost 3
    W_14: 35835s  81,086,017,800 steps   412987 feasible sets         0 orders tried  current cost 4
    W_14: 35850s  81,117,739,000 steps   413140 feasible sets         0 orders tried  current cost 3
    W_14: 35865s  81,150,452,000 steps   413334 feasible sets         0 orders tried  current cost 3
    W_14: 35880s  81,183,065,400 steps   413470 feasible sets         0 orders tried  current cost 8
    W_14: 35895s  81,215,807,400 steps   413602 feasible sets         0 orders tried  current cost 6
    W_14: 35910s  81,248,623,600 steps   413767 feasible sets         0 orders tried  current cost 11
    W_14: 35925s  81,281,412,600 steps   413934 feasible sets         0 orders tried  current cost 4
    W_14: 35940s  81,314,165,000 steps   414120 feasible sets         0 orders tried  current cost 7
    W_14: 35955s  81,346,930,400 steps   414300 feasible sets         0 orders tried  current cost 5
    W_14: 35970s  81,379,952,600 steps   414475 feasible sets         0 orders tried  current cost 3
    W_14: 35985s  81,413,293,800 steps   414616 feasible sets         0 orders tried  current cost 3
    W_14: 36000s  81,446,477,400 steps   414818 feasible sets         0 orders tried  current cost 3
    W_14: 36015s  81,479,330,800 steps   414982 feasible sets         0 orders tried  current cost 2
    W_14: 36030s  81,511,977,800 steps   415132 feasible sets         0 orders tried  current cost 4
    W_14: 36045s  81,544,868,400 steps   415260 feasible sets         0 orders tried  current cost 6
    W_14: 36060s  81,577,706,000 steps   415417 feasible sets         0 orders tried  current cost 5
    W_14: 36075s  81,610,522,600 steps   415555 feasible sets         0 orders tried  current cost 14
    W_14: 36090s  81,643,305,400 steps   415724 feasible sets         0 orders tried  current cost 9
    W_14: 36105s  81,676,361,200 steps   415879 feasible sets         0 orders tried  current cost 15
    W_14: 36120s  81,709,050,800 steps   416071 feasible sets         0 orders tried  current cost 3
    W_14: 36135s  81,742,109,800 steps   416235 feasible sets         0 orders tried  current cost 4
    W_14: 36150s  81,775,350,000 steps   416420 feasible sets         0 orders tried  current cost 6
    W_14: 36165s  81,808,337,800 steps   416616 feasible sets         0 orders tried  current cost 2
    W_14: 36180s  81,840,947,400 steps   416751 feasible sets         0 orders tried  current cost 8
    W_14: 36195s  81,873,648,600 steps   416920 feasible sets         0 orders tried  current cost 5
    W_14: 36210s  81,906,265,000 steps   417106 feasible sets         0 orders tried  current cost 8
    W_14: 36225s  81,938,899,800 steps   417250 feasible sets         0 orders tried  current cost 1
    W_14: 36240s  81,971,666,600 steps   417392 feasible sets         0 orders tried  current cost 7
    W_14: 36255s  82,004,454,400 steps   417559 feasible sets         0 orders tried  current cost 1
    W_14: 36270s  82,037,307,600 steps   417762 feasible sets         0 orders tried  current cost 3
    W_14: 36285s  82,070,001,800 steps   417898 feasible sets         0 orders tried  current cost 7
    W_14: 36300s  82,102,704,600 steps   418054 feasible sets         0 orders tried  current cost 10
    W_14: 36315s  82,135,512,600 steps   418220 feasible sets         0 orders tried  current cost 3
    W_14: 36330s  82,168,495,600 steps   418384 feasible sets         0 orders tried  current cost 1
    W_14: 36345s  82,201,161,000 steps   418539 feasible sets         0 orders tried  current cost 17
    W_14: 36360s  82,234,027,400 steps   418701 feasible sets         0 orders tried  current cost 3
    W_14: 36375s  82,266,476,400 steps   418853 feasible sets         0 orders tried  current cost 2
    W_14: 36390s  82,299,165,600 steps   418988 feasible sets         0 orders tried  current cost 12
    W_14: 36405s  82,332,001,600 steps   419118 feasible sets         0 orders tried  current cost 14
    W_14: 36420s  82,364,646,800 steps   419268 feasible sets         0 orders tried  current cost 5
    W_14: 36435s  82,397,464,000 steps   419448 feasible sets         0 orders tried  current cost 11
    W_14: 36450s  82,430,890,800 steps   419657 feasible sets         0 orders tried  current cost 3
    W_14: 36465s  82,463,855,000 steps   419862 feasible sets         0 orders tried  current cost 3
    W_14: 36480s  82,496,730,000 steps   420031 feasible sets         0 orders tried  current cost 6
    W_14: 36495s  82,529,724,000 steps   420202 feasible sets         0 orders tried  current cost 5
    W_14: 36510s  82,562,670,800 steps   420364 feasible sets         0 orders tried  current cost 5
    W_14: 36525s  82,595,282,600 steps   420563 feasible sets         0 orders tried  current cost 11
    W_14: 36540s  82,627,876,200 steps   420714 feasible sets         0 orders tried  current cost 3
    W_14: 36555s  82,660,628,800 steps   420902 feasible sets         0 orders tried  current cost 6
    W_14: 36570s  82,693,420,600 steps   421070 feasible sets         0 orders tried  current cost 16
    W_14: 36585s  82,726,377,600 steps   421254 feasible sets         0 orders tried  current cost 3
    W_14: 36600s  82,758,891,200 steps   421419 feasible sets         0 orders tried  current cost 4
    W_14: 36615s  82,791,492,200 steps   421618 feasible sets         0 orders tried  current cost 3
    W_14: 36630s  82,824,394,200 steps   421784 feasible sets         0 orders tried  current cost 4
    W_14: 36645s  82,857,207,600 steps   421924 feasible sets         0 orders tried  current cost 6
    W_14: 36660s  82,889,830,400 steps   422075 feasible sets         0 orders tried  current cost 3
    W_14: 36675s  82,922,211,800 steps   422234 feasible sets         0 orders tried  current cost 4
    W_14: 36690s  82,955,196,000 steps   422398 feasible sets         0 orders tried  current cost 3
    W_14: 36705s  82,987,948,200 steps   422575 feasible sets         0 orders tried  current cost 7
    W_14: 36720s  83,020,604,400 steps   422779 feasible sets         0 orders tried  current cost 5
    W_14: 36735s  83,053,200,000 steps   422936 feasible sets         0 orders tried  current cost 3
    W_14: 36750s  83,086,160,400 steps   423082 feasible sets         0 orders tried  current cost 12
    W_14: 36765s  83,119,367,200 steps   423255 feasible sets         0 orders tried  current cost 3
    W_14: 36780s  83,152,188,800 steps   423442 feasible sets         0 orders tried  current cost 5
    W_14: 36795s  83,184,910,000 steps   423621 feasible sets         0 orders tried  current cost 1
    W_14: 36810s  83,217,685,400 steps   423796 feasible sets         0 orders tried  current cost 6
    W_14: 36825s  83,250,287,800 steps   423977 feasible sets         0 orders tried  current cost 7
    W_14: 36840s  83,282,960,200 steps   424184 feasible sets         0 orders tried  current cost 15
    W_14: 36855s  83,315,776,000 steps   424353 feasible sets         0 orders tried  current cost 5
    W_14: 36870s  83,348,708,400 steps   424533 feasible sets         0 orders tried  current cost 4
    W_14: 36885s  83,381,035,800 steps   424699 feasible sets         0 orders tried  current cost 4
    W_14: 36900s  83,413,826,000 steps   424860 feasible sets         0 orders tried  current cost 9
    W_14: 36915s  83,446,603,800 steps   425027 feasible sets         0 orders tried  current cost 9
    W_14: 36930s  83,479,511,600 steps   425177 feasible sets         0 orders tried  current cost 4
    W_14: 36945s  83,512,055,400 steps   425329 feasible sets         0 orders tried  current cost 1
    W_14: 36960s  83,544,787,400 steps   425472 feasible sets         0 orders tried  current cost 8
    W_14: 36975s  83,577,334,200 steps   425598 feasible sets         0 orders tried  current cost 2
    W_14: 36990s  83,609,649,200 steps   425783 feasible sets         0 orders tried  current cost 3
    W_14: 37005s  83,642,306,000 steps   425977 feasible sets         0 orders tried  current cost 7
    W_14: 37020s  83,675,155,800 steps   426140 feasible sets         0 orders tried  current cost 1
    W_14: 37035s  83,707,866,000 steps   426309 feasible sets         0 orders tried  current cost 9
    W_14: 37050s  83,739,753,200 steps   426467 feasible sets         0 orders tried  current cost 4
    W_14: 37065s  83,771,456,000 steps   426660 feasible sets         0 orders tried  current cost 3
    W_14: 37080s  83,803,614,400 steps   426838 feasible sets         0 orders tried  current cost 3
    W_14: 37095s  83,835,566,400 steps   427002 feasible sets         0 orders tried  current cost 9
    W_14: 37110s  83,867,838,000 steps   427195 feasible sets         0 orders tried  current cost 4
    W_14: 37125s  83,899,583,600 steps   427341 feasible sets         0 orders tried  current cost 8
    W_14: 37140s  83,931,514,000 steps   427520 feasible sets         0 orders tried  current cost 3
    W_14: 37155s  83,963,257,200 steps   427668 feasible sets         0 orders tried  current cost 2
    W_14: 37170s  83,995,101,000 steps   427855 feasible sets         0 orders tried  current cost 9
    W_14: 37185s  84,027,096,800 steps   428042 feasible sets         0 orders tried  current cost 4
    W_14: 37200s  84,059,298,000 steps   428176 feasible sets         0 orders tried  current cost 2
    W_14: 37215s  84,091,465,200 steps   428338 feasible sets         0 orders tried  current cost 9
    W_14: 37230s  84,123,336,600 steps   428536 feasible sets         0 orders tried  current cost 3
    W_14: 37245s  84,155,431,000 steps   428715 feasible sets         0 orders tried  current cost 5
    W_14: 37260s  84,187,436,800 steps   428861 feasible sets         0 orders tried  current cost 4
    W_14: 37275s  84,219,428,000 steps   429021 feasible sets         0 orders tried  current cost 6
    W_14: 37290s  84,251,304,400 steps   429192 feasible sets         0 orders tried  current cost 6
    W_14: 37305s  84,283,240,000 steps   429374 feasible sets         0 orders tried  current cost 5
    W_14: 37320s  84,315,158,400 steps   429530 feasible sets         0 orders tried  current cost 1
    W_14: 37335s  84,347,177,400 steps   429726 feasible sets         0 orders tried  current cost 3
    W_14: 37350s  84,377,196,800 steps   429867 feasible sets         0 orders tried  current cost 4
    W_14: 37365s  84,409,177,800 steps   430020 feasible sets         0 orders tried  current cost 5
    W_14: 37380s  84,422,854,800 steps   430086 feasible sets         0 orders tried  current cost 4
    W_14: 37395s  84,431,694,200 steps   430134 feasible sets         0 orders tried  current cost 1
    W_14: 37410s  84,463,368,600 steps   430281 feasible sets         0 orders tried  current cost 5
    W_14: 37425s  84,495,903,600 steps   430474 feasible sets         0 orders tried  current cost 7
    W_14: 37440s  84,528,933,800 steps   430643 feasible sets         0 orders tried  current cost 2
    W_14: 37455s  84,561,752,400 steps   430803 feasible sets         0 orders tried  current cost 1
    W_14: 37470s  84,594,866,000 steps   430964 feasible sets         0 orders tried  current cost 5
    W_14: 37485s  84,627,862,200 steps   431132 feasible sets         0 orders tried  current cost 11
    W_14: 37500s  84,661,042,200 steps   431300 feasible sets         0 orders tried  current cost 16
    W_14: 37515s  84,693,587,400 steps   431474 feasible sets         0 orders tried  current cost 8
    W_14: 37530s  84,726,554,600 steps   431647 feasible sets         0 orders tried  current cost 3
    W_14: 37545s  84,759,135,800 steps   431835 feasible sets         0 orders tried  current cost 2
    W_14: 37560s  84,792,102,200 steps   431989 feasible sets         0 orders tried  current cost 13
    W_14: 37575s  84,824,927,600 steps   432164 feasible sets         0 orders tried  current cost 6
    W_14: 37590s  84,857,384,800 steps   432315 feasible sets         0 orders tried  current cost 8
    W_14: 37605s  84,890,181,400 steps   432495 feasible sets         0 orders tried  current cost 15
    W_14: 37620s  84,922,859,800 steps   432654 feasible sets         0 orders tried  current cost 1
    W_14: 37635s  84,955,507,600 steps   432793 feasible sets         0 orders tried  current cost 6
    W_14: 37650s  84,988,214,000 steps   432930 feasible sets         0 orders tried  current cost 2
    W_14: 37665s  85,021,055,600 steps   433095 feasible sets         0 orders tried  current cost 3
    W_14: 37680s  85,053,782,800 steps   433284 feasible sets         0 orders tried  current cost 5
    W_14: 37695s  85,086,895,000 steps   433475 feasible sets         0 orders tried  current cost 5
    W_14: 37710s  85,119,714,000 steps   433633 feasible sets         0 orders tried  current cost 1
    W_14: 37725s  85,152,818,400 steps   433794 feasible sets         0 orders tried  current cost 1
    W_14: 37740s  85,185,447,800 steps   433975 feasible sets         0 orders tried  current cost 7
    W_14: 37755s  85,218,206,000 steps   434136 feasible sets         0 orders tried  current cost 6
    W_14: 37770s  85,250,933,800 steps   434349 feasible sets         0 orders tried  current cost 2
    W_14: 37785s  85,284,114,200 steps   434494 feasible sets         0 orders tried  current cost 4
    W_14: 37800s  85,317,165,600 steps   434657 feasible sets         0 orders tried  current cost 4
    W_14: 37815s  85,350,444,400 steps   434819 feasible sets         0 orders tried  current cost 11
    W_14: 37830s  85,383,422,000 steps   434998 feasible sets         0 orders tried  current cost 14
    W_14: 37845s  85,416,571,600 steps   435146 feasible sets         0 orders tried  current cost 4
    W_14: 37860s  85,449,527,200 steps   435330 feasible sets         0 orders tried  current cost 4
    W_14: 37875s  85,482,452,600 steps   435480 feasible sets         0 orders tried  current cost 5
    W_14: 37890s  85,515,348,600 steps   435640 feasible sets         0 orders tried  current cost 4
    W_14: 37905s  85,548,020,400 steps   435797 feasible sets         0 orders tried  current cost 8
    W_14: 37920s  85,580,701,200 steps   435958 feasible sets         0 orders tried  current cost 16
    W_14: 37935s  85,613,899,400 steps   436116 feasible sets         0 orders tried  current cost 5
    W_14: 37950s  85,646,461,600 steps   436304 feasible sets         0 orders tried  current cost 13
    W_14: 37965s  85,677,410,800 steps   436442 feasible sets         0 orders tried  current cost 3
    W_14: 37980s  85,706,564,600 steps   436578 feasible sets         0 orders tried  current cost 6
    W_14: 37995s  85,735,953,000 steps   436690 feasible sets         0 orders tried  current cost 4
    W_14: 38010s  85,766,431,400 steps   436869 feasible sets         0 orders tried  current cost 3
    W_14: 38025s  85,799,690,200 steps   437026 feasible sets         0 orders tried  current cost 5
    W_14: 38040s  85,833,919,800 steps   437159 feasible sets         0 orders tried  current cost 3
    W_14: 38055s  85,868,723,600 steps   437310 feasible sets         0 orders tried  current cost 9
    W_14: 38070s  85,903,196,800 steps   437484 feasible sets         0 orders tried  current cost 3
    W_14: 38085s  85,938,080,400 steps   437650 feasible sets         0 orders tried  current cost 15
    W_14: 38100s  85,972,685,800 steps   437831 feasible sets         0 orders tried  current cost 7
    W_14: 38115s  86,007,487,400 steps   438017 feasible sets         0 orders tried  current cost 4
    W_14: 38130s  86,042,011,400 steps   438221 feasible sets         0 orders tried  current cost 4
    W_14: 38145s  86,077,038,600 steps   438407 feasible sets         0 orders tried  current cost 1
    W_14: 38160s  86,111,547,000 steps   438608 feasible sets         0 orders tried  current cost 6
    W_14: 38175s  86,146,222,800 steps   438780 feasible sets         0 orders tried  current cost 7
    W_14: 38190s  86,181,007,800 steps   438995 feasible sets         0 orders tried  current cost 6
    W_14: 38205s  86,215,548,400 steps   439212 feasible sets         0 orders tried  current cost 7
    W_14: 38220s  86,250,257,800 steps   439385 feasible sets         0 orders tried  current cost 3
    W_14: 38235s  86,285,148,200 steps   439566 feasible sets         0 orders tried  current cost 7
    W_14: 38250s  86,319,693,200 steps   439759 feasible sets         0 orders tried  current cost 4
    W_14: 38265s  86,354,175,200 steps   439976 feasible sets         0 orders tried  current cost 2
    W_14: 38280s  86,388,809,800 steps   440141 feasible sets         0 orders tried  current cost 5
    W_14: 38295s  86,423,322,600 steps   440324 feasible sets         0 orders tried  current cost 13
    W_14: 38310s  86,457,964,800 steps   440512 feasible sets         0 orders tried  current cost 9
    W_14: 38325s  86,492,900,400 steps   440685 feasible sets         0 orders tried  current cost 12
    W_14: 38340s  86,527,094,200 steps   440861 feasible sets         0 orders tried  current cost 5
    W_14: 38355s  86,562,079,200 steps   441044 feasible sets         0 orders tried  current cost 2
    W_14: 38370s  86,596,840,600 steps   441234 feasible sets         0 orders tried  current cost 15
    W_14: 38385s  86,631,456,200 steps   441411 feasible sets         0 orders tried  current cost 1
    W_14: 38400s  86,666,219,800 steps   441617 feasible sets         0 orders tried  current cost 5
    W_14: 38415s  86,701,066,800 steps   441778 feasible sets         0 orders tried  current cost 8
    W_14: 38430s  86,735,250,000 steps   441965 feasible sets         0 orders tried  current cost 5
    W_14: 38445s  86,769,989,000 steps   442149 feasible sets         0 orders tried  current cost 2
    W_14: 38460s  86,805,029,000 steps   442310 feasible sets         0 orders tried  current cost 7
    W_14: 38475s  86,839,519,400 steps   442487 feasible sets         0 orders tried  current cost 1
    W_14: 38490s  86,874,087,400 steps   442642 feasible sets         0 orders tried  current cost 6
    W_14: 38505s  86,908,493,600 steps   442854 feasible sets         0 orders tried  current cost 2
    W_14: 38520s  86,943,265,600 steps   443037 feasible sets         0 orders tried  current cost 5
    W_14: 38535s  86,977,945,800 steps   443239 feasible sets         0 orders tried  current cost 5
    W_14: 38550s  87,012,423,600 steps   443417 feasible sets         0 orders tried  current cost 13
    W_14: 38565s  87,047,039,600 steps   443618 feasible sets         0 orders tried  current cost 4
    W_14: 38580s  87,081,940,400 steps   443766 feasible sets         0 orders tried  current cost 12
    W_14: 38595s  87,116,568,200 steps   443926 feasible sets         0 orders tried  current cost 4
    W_14: 38610s  87,151,725,800 steps   444106 feasible sets         0 orders tried  current cost 8
    W_14: 38625s  87,186,582,800 steps   444301 feasible sets         0 orders tried  current cost 9
    W_14: 38640s  87,221,309,400 steps   444471 feasible sets         0 orders tried  current cost 5
    W_14: 38655s  87,255,992,000 steps   444664 feasible sets         0 orders tried  current cost 3
    W_14: 38670s  87,291,045,600 steps   444809 feasible sets         0 orders tried  current cost 8
    W_14: 38685s  87,325,622,800 steps   444968 feasible sets         0 orders tried  current cost 11
    W_14: 38700s  87,360,312,800 steps   445156 feasible sets         0 orders tried  current cost 2
    W_14: 38715s  87,394,866,400 steps   445317 feasible sets         0 orders tried  current cost 9
    W_14: 38730s  87,429,775,000 steps   445488 feasible sets         0 orders tried  current cost 3
    W_14: 38745s  87,464,899,600 steps   445654 feasible sets         0 orders tried  current cost 4
    W_14: 38760s  87,500,012,000 steps   445799 feasible sets         0 orders tried  current cost 4
    W_14: 38775s  87,534,663,600 steps   445982 feasible sets         0 orders tried  current cost 6
    W_14: 38790s  87,569,480,800 steps   446172 feasible sets         0 orders tried  current cost 15
    W_14: 38805s  87,604,136,400 steps   446370 feasible sets         0 orders tried  current cost 3
    W_14: 38820s  87,638,751,400 steps   446541 feasible sets         0 orders tried  current cost 5
    W_14: 38835s  87,673,408,200 steps   446707 feasible sets         0 orders tried  current cost 4
    W_14: 38850s  87,708,214,000 steps   446886 feasible sets         0 orders tried  current cost 2
    W_14: 38865s  87,742,556,800 steps   447028 feasible sets         0 orders tried  current cost 3
    W_14: 38880s  87,777,543,600 steps   447245 feasible sets         0 orders tried  current cost 10
    W_14: 38895s  87,812,604,800 steps   447407 feasible sets         0 orders tried  current cost 10
    W_14: 38910s  87,845,606,800 steps   447597 feasible sets         0 orders tried  current cost 7
    W_14: 38925s  87,880,042,800 steps   447785 feasible sets         0 orders tried  current cost 12
    W_14: 38940s  87,914,689,000 steps   447972 feasible sets         0 orders tried  current cost 4
    W_14: 38955s  87,949,146,400 steps   448136 feasible sets         0 orders tried  current cost 9
    W_14: 38970s  87,983,382,600 steps   448316 feasible sets         0 orders tried  current cost 9
    W_14: 38985s  88,018,177,200 steps   448522 feasible sets         0 orders tried  current cost 3
    W_14: 39000s  88,052,783,800 steps   448675 feasible sets         0 orders tried  current cost 10
    W_14: 39015s  88,087,114,200 steps   448874 feasible sets         0 orders tried  current cost 1
    W_14: 39030s  88,121,936,200 steps   449047 feasible sets         0 orders tried  current cost 4
    W_14: 39045s  88,156,600,400 steps   449234 feasible sets         0 orders tried  current cost 14
    W_14: 39060s  88,191,114,600 steps   449388 feasible sets         0 orders tried  current cost 3
    W_14: 39075s  88,226,346,600 steps   449575 feasible sets         0 orders tried  current cost 6
    W_14: 39090s  88,261,526,200 steps   449785 feasible sets         0 orders tried  current cost 6
    W_14: 39105s  88,296,007,800 steps   449986 feasible sets         0 orders tried  current cost 7
    W_14: 39120s  88,330,410,200 steps   450164 feasible sets         0 orders tried  current cost 5
    W_14: 39135s  88,364,792,600 steps   450340 feasible sets         0 orders tried  current cost 2
    W_14: 39150s  88,399,591,200 steps   450464 feasible sets         0 orders tried  current cost 4
    W_14: 39165s  88,433,919,600 steps   450633 feasible sets         0 orders tried  current cost 1
    W_14: 39180s  88,468,466,600 steps   450801 feasible sets         0 orders tried  current cost 8
    W_14: 39195s  88,503,667,600 steps   450971 feasible sets         0 orders tried  current cost 4
    W_14: 39210s  88,538,393,200 steps   451162 feasible sets         0 orders tried  current cost 3
    W_14: 39225s  88,573,117,600 steps   451320 feasible sets         0 orders tried  current cost 2
    W_14: 39240s  88,607,718,000 steps   451518 feasible sets         0 orders tried  current cost 3
    W_14: 39255s  88,642,742,000 steps   451695 feasible sets         0 orders tried  current cost 10
    W_14: 39270s  88,677,643,400 steps   451875 feasible sets         0 orders tried  current cost 5
    W_14: 39285s  88,712,277,200 steps   452025 feasible sets         0 orders tried  current cost 3
    W_14: 39300s  88,746,925,600 steps   452202 feasible sets         0 orders tried  current cost 11
    W_14: 39315s  88,781,556,600 steps   452368 feasible sets         0 orders tried  current cost 2
    W_14: 39330s  88,815,920,800 steps   452563 feasible sets         0 orders tried  current cost 16
    W_14: 39345s  88,850,501,000 steps   452715 feasible sets         0 orders tried  current cost 17
    W_14: 39360s  88,885,182,600 steps   452915 feasible sets         0 orders tried  current cost 9
    W_14: 39375s  88,919,596,800 steps   453069 feasible sets         0 orders tried  current cost 2
    W_14: 39390s  88,954,381,800 steps   453223 feasible sets         0 orders tried  current cost 13
    W_14: 39405s  88,988,979,200 steps   453444 feasible sets         0 orders tried  current cost 4
    W_14: 39420s  89,024,298,800 steps   453626 feasible sets         0 orders tried  current cost 3
    W_14: 39435s  89,058,880,200 steps   453812 feasible sets         0 orders tried  current cost 16
    W_14: 39450s  89,093,136,600 steps   454006 feasible sets         0 orders tried  current cost 3
    W_14: 39465s  89,127,811,000 steps   454193 feasible sets         0 orders tried  current cost 5
    W_14: 39480s  89,162,373,400 steps   454334 feasible sets         0 orders tried  current cost 1
    W_14: 39495s  89,197,300,600 steps   454519 feasible sets         0 orders tried  current cost 16
    W_14: 39510s  89,232,117,600 steps   454699 feasible sets         0 orders tried  current cost 3
    W_14: 39525s  89,266,530,800 steps   454869 feasible sets         0 orders tried  current cost 3
    W_14: 39540s  89,301,577,800 steps   455076 feasible sets         0 orders tried  current cost 3
    W_14: 39555s  89,336,162,800 steps   455244 feasible sets         0 orders tried  current cost 7
    W_14: 39570s  89,371,014,400 steps   455381 feasible sets         0 orders tried  current cost 3
    W_14: 39585s  89,405,196,000 steps   455548 feasible sets         0 orders tried  current cost 5
    W_14: 39600s  89,440,147,000 steps   455716 feasible sets         0 orders tried  current cost 5
    W_14: 39615s  89,474,830,600 steps   455883 feasible sets         0 orders tried  current cost 4
    W_14: 39630s  89,509,656,000 steps   456038 feasible sets         0 orders tried  current cost 4
    W_14: 39645s  89,544,639,000 steps   456191 feasible sets         0 orders tried  current cost 1
    W_14: 39660s  89,579,346,800 steps   456430 feasible sets         0 orders tried  current cost 6
    W_14: 39675s  89,614,456,400 steps   456614 feasible sets         0 orders tried  current cost 3
    W_14: 39690s  89,649,184,800 steps   456786 feasible sets         0 orders tried  current cost 9
    W_14: 39705s  89,683,947,800 steps   456960 feasible sets         0 orders tried  current cost 6
    W_14: 39720s  89,718,451,000 steps   457154 feasible sets         0 orders tried  current cost 4
    W_14: 39735s  89,753,505,400 steps   457312 feasible sets         0 orders tried  current cost 8
    W_14: 39750s  89,788,209,000 steps   457488 feasible sets         0 orders tried  current cost 3
    W_14: 39765s  89,822,860,400 steps   457683 feasible sets         0 orders tried  current cost 13
    W_14: 39780s  89,857,497,600 steps   457863 feasible sets         0 orders tried  current cost 5
    W_14: 39795s  89,891,451,400 steps   458054 feasible sets         0 orders tried  current cost 3
    W_14: 39810s  89,925,935,600 steps   458240 feasible sets         0 orders tried  current cost 4
    W_14: 39825s  89,959,905,600 steps   458418 feasible sets         0 orders tried  current cost 9
    W_14: 39840s  89,994,079,800 steps   458610 feasible sets         0 orders tried  current cost 2
    W_14: 39855s  90,028,240,400 steps   458760 feasible sets         0 orders tried  current cost 18
    W_14: 39870s  90,063,060,400 steps   458901 feasible sets         0 orders tried  current cost 12
    W_14: 39885s  90,097,901,400 steps   459064 feasible sets         0 orders tried  current cost 12
    W_14: 39900s  90,132,767,800 steps   459267 feasible sets         0 orders tried  current cost 4
    W_14: 39915s  90,167,757,200 steps   459446 feasible sets         0 orders tried  current cost 2
    W_14: 39930s  90,202,230,200 steps   459666 feasible sets         0 orders tried  current cost 1
    W_14: 39945s  90,236,829,600 steps   459872 feasible sets         0 orders tried  current cost 4
    W_14: 39960s  90,271,555,800 steps   460053 feasible sets         0 orders tried  current cost 2
    W_14: 39975s  90,305,946,400 steps   460262 feasible sets         0 orders tried  current cost 5
    W_14: 39990s  90,340,649,600 steps   460458 feasible sets         0 orders tried  current cost 5
    W_14: 40005s  90,375,332,800 steps   460677 feasible sets         0 orders tried  current cost 2
    W_14: 40020s  90,409,934,800 steps   460817 feasible sets         0 orders tried  current cost 3
    W_14: 40035s  90,444,607,400 steps   460969 feasible sets         0 orders tried  current cost 6
    W_14: 40050s  90,479,772,400 steps   461149 feasible sets         0 orders tried  current cost 4
    W_14: 40065s  90,514,627,200 steps   461333 feasible sets         0 orders tried  current cost 6
    W_14: 40080s  90,549,031,000 steps   461483 feasible sets         0 orders tried  current cost 3
    W_14: 40095s  90,583,617,000 steps   461620 feasible sets         0 orders tried  current cost 2
    W_14: 40110s  90,617,874,000 steps   461800 feasible sets         0 orders tried  current cost 3
    W_14: 40125s  90,652,277,000 steps   461974 feasible sets         0 orders tried  current cost 3
    W_14: 40140s  90,686,855,400 steps   462164 feasible sets         0 orders tried  current cost 4
    W_14: 40155s  90,721,894,800 steps   462309 feasible sets         0 orders tried  current cost 4
    W_14: 40170s  90,756,916,200 steps   462447 feasible sets         0 orders tried  current cost 1
    W_14: 40185s  90,791,846,200 steps   462605 feasible sets         0 orders tried  current cost 9
    W_14: 40200s  90,826,801,000 steps   462771 feasible sets         0 orders tried  current cost 12
    W_14: 40215s  90,861,626,600 steps   462951 feasible sets         0 orders tried  current cost 7
    W_14: 40230s  90,896,642,800 steps   463149 feasible sets         0 orders tried  current cost 13
    W_14: 40245s  90,931,865,400 steps   463332 feasible sets         0 orders tried  current cost 7
    W_14: 40260s  90,966,479,000 steps   463514 feasible sets         0 orders tried  current cost 1
    W_14: 40275s  91,001,220,400 steps   463689 feasible sets         0 orders tried  current cost 16
    W_14: 40290s  91,036,102,800 steps   463887 feasible sets         0 orders tried  current cost 11
    W_14: 40305s  91,070,864,000 steps   464058 feasible sets         0 orders tried  current cost 8
    W_14: 40320s  91,106,010,800 steps   464230 feasible sets         0 orders tried  current cost 3
    W_14: 40335s  91,140,371,600 steps   464386 feasible sets         0 orders tried  current cost 4
    W_14: 40350s  91,174,812,200 steps   464626 feasible sets         0 orders tried  current cost 1
    W_14: 40365s  91,209,430,800 steps   464774 feasible sets         0 orders tried  current cost 4
    W_14: 40380s  91,244,454,600 steps   464959 feasible sets         0 orders tried  current cost 1
    W_14: 40395s  91,279,045,600 steps   465121 feasible sets         0 orders tried  current cost 7
    W_14: 40410s  91,313,490,200 steps   465240 feasible sets         0 orders tried  current cost 6
    W_14: 40425s  91,348,344,600 steps   465430 feasible sets         0 orders tried  current cost 9
    W_14: 40440s  91,383,463,800 steps   465603 feasible sets         0 orders tried  current cost 9
    W_14: 40455s  91,418,261,200 steps   465783 feasible sets         0 orders tried  current cost 10
    W_14: 40470s  91,453,300,200 steps   465925 feasible sets         0 orders tried  current cost 17
    W_14: 40485s  91,487,834,600 steps   466097 feasible sets         0 orders tried  current cost 1
    W_14: 40500s  91,521,846,400 steps   466262 feasible sets         0 orders tried  current cost 6
    W_14: 40515s  91,556,090,000 steps   466492 feasible sets         0 orders tried  current cost 4
    W_14: 40530s  91,590,889,200 steps   466694 feasible sets         0 orders tried  current cost 4
    W_14: 40545s  91,625,101,800 steps   466878 feasible sets         0 orders tried  current cost 11
    W_14: 40560s  91,659,903,000 steps   467026 feasible sets         0 orders tried  current cost 10
    W_14: 40575s  91,694,246,000 steps   467209 feasible sets         0 orders tried  current cost 7
    W_14: 40590s  91,728,654,000 steps   467374 feasible sets         0 orders tried  current cost 4
    W_14: 40605s  91,763,221,800 steps   467532 feasible sets         0 orders tried  current cost 13
    W_14: 40620s  91,797,735,800 steps   467706 feasible sets         0 orders tried  current cost 4
    W_14: 40635s  91,832,500,800 steps   467887 feasible sets         0 orders tried  current cost 13
    W_14: 40650s  91,866,866,200 steps   468085 feasible sets         0 orders tried  current cost 5
    W_14: 40665s  91,901,000,000 steps   468248 feasible sets         0 orders tried  current cost 2
    W_14: 40680s  91,935,621,800 steps   468392 feasible sets         0 orders tried  current cost 11
    W_14: 40695s  91,970,255,600 steps   468564 feasible sets         0 orders tried  current cost 3
    W_14: 40710s  92,005,144,400 steps   468779 feasible sets         0 orders tried  current cost 12
    W_14: 40725s  92,039,685,400 steps   468915 feasible sets         0 orders tried  current cost 8
    W_14: 40740s  92,074,694,200 steps   469118 feasible sets         0 orders tried  current cost 2
    W_14: 40755s  92,109,257,600 steps   469284 feasible sets         0 orders tried  current cost 1
    W_14: 40770s  92,144,135,000 steps   469455 feasible sets         0 orders tried  current cost 2
    W_14: 40785s  92,178,780,400 steps   469624 feasible sets         0 orders tried  current cost 10
    W_14: 40800s  92,213,640,200 steps   469829 feasible sets         0 orders tried  current cost 12
    W_14: 40815s  92,247,969,800 steps   469985 feasible sets         0 orders tried  current cost 4
    W_14: 40830s  92,283,017,200 steps   470166 feasible sets         0 orders tried  current cost 2
    W_14: 40845s  92,317,568,600 steps   470319 feasible sets         0 orders tried  current cost 4
    W_14: 40860s  92,351,942,000 steps   470504 feasible sets         0 orders tried  current cost 13
    W_14: 40875s  92,386,983,800 steps   470708 feasible sets         0 orders tried  current cost 9
    W_14: 40890s  92,422,021,200 steps   470863 feasible sets         0 orders tried  current cost 8
    W_14: 40905s  92,457,173,800 steps   471043 feasible sets         0 orders tried  current cost 2
    W_14: 40920s  92,492,000,600 steps   471214 feasible sets         0 orders tried  current cost 11
    W_14: 40935s  92,526,483,800 steps   471371 feasible sets         0 orders tried  current cost 12
    W_14: 40950s  92,561,163,000 steps   471528 feasible sets         0 orders tried  current cost 6
    W_14: 40965s  92,596,050,800 steps   471761 feasible sets         0 orders tried  current cost 5
    W_14: 40980s  92,630,968,600 steps   471937 feasible sets         0 orders tried  current cost 8
    W_14: 40995s  92,665,838,600 steps   472118 feasible sets         0 orders tried  current cost 2
    W_14: 41010s  92,700,728,000 steps   472286 feasible sets         0 orders tried  current cost 5
    W_14: 41025s  92,735,469,400 steps   472477 feasible sets         0 orders tried  current cost 5
    W_14: 41040s  92,770,778,800 steps   472650 feasible sets         0 orders tried  current cost 2
    W_14: 41055s  92,805,336,600 steps   472838 feasible sets         0 orders tried  current cost 6
    W_14: 41070s  92,839,959,200 steps   473006 feasible sets         0 orders tried  current cost 3
    W_14: 41085s  92,874,742,000 steps   473213 feasible sets         0 orders tried  current cost 12
    W_14: 41100s  92,909,547,000 steps   473363 feasible sets         0 orders tried  current cost 10
    W_14: 41115s  92,944,003,400 steps   473545 feasible sets         0 orders tried  current cost 10
    W_14: 41130s  92,978,812,000 steps   473737 feasible sets         0 orders tried  current cost 6
    W_14: 41145s  93,013,738,000 steps   473933 feasible sets         0 orders tried  current cost 1
    W_14: 41160s  93,048,218,000 steps   474111 feasible sets         0 orders tried  current cost 1
    W_14: 41175s  93,082,631,800 steps   474273 feasible sets         0 orders tried  current cost 4
    W_14: 41190s  93,117,022,000 steps   474433 feasible sets         0 orders tried  current cost 8
    W_14: 41205s  93,151,795,000 steps   474624 feasible sets         0 orders tried  current cost 2
    W_14: 41220s  93,186,276,600 steps   474804 feasible sets         0 orders tried  current cost 2
    W_14: 41235s  93,221,243,200 steps   474975 feasible sets         0 orders tried  current cost 11
    W_14: 41250s  93,255,838,600 steps   475153 feasible sets         0 orders tried  current cost 2
    W_14: 41265s  93,290,131,200 steps   475332 feasible sets         0 orders tried  current cost 4
    W_14: 41280s  93,323,480,600 steps   475499 feasible sets         0 orders tried  current cost 15
    W_14: 41295s  93,355,749,600 steps   475659 feasible sets         0 orders tried  current cost 3
    W_14: 41310s  93,389,385,400 steps   475817 feasible sets         0 orders tried  current cost 7
    W_14: 41325s  93,424,022,200 steps   475983 feasible sets         0 orders tried  current cost 11
    W_14: 41340s  93,458,888,800 steps   476163 feasible sets         0 orders tried  current cost 6
    W_14: 41355s  93,493,721,600 steps   476356 feasible sets         0 orders tried  current cost 9
    W_14: 41370s  93,528,255,800 steps   476497 feasible sets         0 orders tried  current cost 5
    W_14: 41385s  93,562,490,000 steps   476655 feasible sets         0 orders tried  current cost 3
    W_14: 41400s  93,597,597,800 steps   476823 feasible sets         0 orders tried  current cost 3
    W_14: 41415s  93,632,380,600 steps   477023 feasible sets         0 orders tried  current cost 16
    W_14: 41430s  93,666,899,800 steps   477252 feasible sets         0 orders tried  current cost 3
    W_14: 41445s  93,701,721,000 steps   477452 feasible sets         0 orders tried  current cost 13
    W_14: 41460s  93,736,860,400 steps   477619 feasible sets         0 orders tried  current cost 14
    W_14: 41475s  93,771,495,000 steps   477810 feasible sets         0 orders tried  current cost 3
    W_14: 41490s  93,806,547,800 steps   477986 feasible sets         0 orders tried  current cost 5
    W_14: 41505s  93,841,440,600 steps   478158 feasible sets         0 orders tried  current cost 13
    W_14: 41520s  93,876,376,000 steps   478310 feasible sets         0 orders tried  current cost 4
    W_14: 41535s  93,911,252,800 steps   478495 feasible sets         0 orders tried  current cost 4
    W_14: 41550s  93,945,934,600 steps   478668 feasible sets         0 orders tried  current cost 5
    W_14: 41565s  93,980,873,800 steps   478818 feasible sets         0 orders tried  current cost 5
    W_14: 41580s  94,015,438,400 steps   479016 feasible sets         0 orders tried  current cost 3
    W_14: 41595s  94,049,964,200 steps   479182 feasible sets         0 orders tried  current cost 10
    W_14: 41610s  94,084,788,000 steps   479359 feasible sets         0 orders tried  current cost 7
    W_14: 41625s  94,119,383,000 steps   479531 feasible sets         0 orders tried  current cost 12
    W_14: 41640s  94,153,934,000 steps   479701 feasible sets         0 orders tried  current cost 1
    W_14: 41655s  94,188,383,000 steps   479866 feasible sets         0 orders tried  current cost 9
    W_14: 41670s  94,223,149,400 steps   480040 feasible sets         0 orders tried  current cost 3
    W_14: 41685s  94,257,628,800 steps   480232 feasible sets         0 orders tried  current cost 4
    W_14: 41700s  94,292,619,400 steps   480375 feasible sets         0 orders tried  current cost 1
    W_14: 41715s  94,327,373,200 steps   480581 feasible sets         0 orders tried  current cost 5
    W_14: 41730s  94,361,840,400 steps   480748 feasible sets         0 orders tried  current cost 11
    W_14: 41745s  94,396,487,600 steps   480869 feasible sets         0 orders tried  current cost 6
    W_14: 41760s  94,430,890,000 steps   481041 feasible sets         0 orders tried  current cost 4
    W_14: 41775s  94,465,689,200 steps   481264 feasible sets         0 orders tried  current cost 3
    W_14: 41790s  94,500,433,200 steps   481475 feasible sets         0 orders tried  current cost 3
    W_14: 41805s  94,535,384,600 steps   481642 feasible sets         0 orders tried  current cost 11
    W_14: 41820s  94,570,000,600 steps   481820 feasible sets         0 orders tried  current cost 12
    W_14: 41835s  94,604,560,000 steps   481994 feasible sets         0 orders tried  current cost 3
    W_14: 41850s  94,639,600,200 steps   482186 feasible sets         0 orders tried  current cost 19
    W_14: 41865s  94,674,625,400 steps   482347 feasible sets         0 orders tried  current cost 11
    W_14: 41880s  94,709,170,800 steps   482506 feasible sets         0 orders tried  current cost 4
    W_14: 41895s  94,743,502,400 steps   482667 feasible sets         0 orders tried  current cost 12
    W_14: 41910s  94,778,439,200 steps   482893 feasible sets         0 orders tried  current cost 3
    W_14: 41925s  94,812,579,200 steps   483030 feasible sets         0 orders tried  current cost 1
    W_14: 41940s  94,847,213,400 steps   483195 feasible sets         0 orders tried  current cost 2
    W_14: 41955s  94,882,165,800 steps   483350 feasible sets         0 orders tried  current cost 10
    W_14: 41970s  94,916,826,600 steps   483525 feasible sets         0 orders tried  current cost 8
    W_14: 41985s  94,951,618,200 steps   483717 feasible sets         0 orders tried  current cost 3
    W_14: 42000s  94,986,466,600 steps   483916 feasible sets         0 orders tried  current cost 8
    W_14: 42015s  95,021,419,800 steps   484081 feasible sets         0 orders tried  current cost 2
    W_14: 42030s  95,056,188,000 steps   484287 feasible sets         0 orders tried  current cost 6
    W_14: 42045s  95,090,515,800 steps   484479 feasible sets         0 orders tried  current cost 2
    W_14: 42060s  95,125,196,000 steps   484658 feasible sets         0 orders tried  current cost 2
    W_14: 42075s  95,159,974,400 steps   484850 feasible sets         0 orders tried  current cost 3
    W_14: 42090s  95,194,709,200 steps   485018 feasible sets         0 orders tried  current cost 5
    W_14: 42105s  95,229,483,000 steps   485181 feasible sets         0 orders tried  current cost 12
    W_14: 42120s  95,263,902,600 steps   485390 feasible sets         0 orders tried  current cost 11
    W_14: 42135s  95,298,850,800 steps   485556 feasible sets         0 orders tried  current cost 6
    W_14: 42150s  95,333,453,600 steps   485727 feasible sets         0 orders tried  current cost 1
    W_14: 42165s  95,368,201,600 steps   485938 feasible sets         0 orders tried  current cost 13
    W_14: 42180s  95,403,101,400 steps   486123 feasible sets         0 orders tried  current cost 7
    W_14: 42195s  95,437,891,800 steps   486304 feasible sets         0 orders tried  current cost 3
    W_14: 42210s  95,472,660,400 steps   486489 feasible sets         0 orders tried  current cost 12
    W_14: 42225s  95,507,343,000 steps   486626 feasible sets         0 orders tried  current cost 17
    W_14: 42240s  95,542,120,400 steps   486797 feasible sets         0 orders tried  current cost 20
    W_14: 42255s  95,576,854,400 steps   486953 feasible sets         0 orders tried  current cost 4
    W_14: 42270s  95,611,366,800 steps   487157 feasible sets         0 orders tried  current cost 7
    W_14: 42285s  95,645,661,800 steps   487330 feasible sets         0 orders tried  current cost 9
    W_14: 42300s  95,680,653,800 steps   487503 feasible sets         0 orders tried  current cost 2
    W_14: 42315s  95,715,143,600 steps   487725 feasible sets         0 orders tried  current cost 9
    W_14: 42330s  95,749,732,600 steps   487914 feasible sets         0 orders tried  current cost 2
    W_14: 42345s  95,784,832,800 steps   488074 feasible sets         0 orders tried  current cost 4
    W_14: 42360s  95,819,632,800 steps   488236 feasible sets         0 orders tried  current cost 3
    W_14: 42375s  95,854,548,400 steps   488409 feasible sets         0 orders tried  current cost 6
    W_14: 42390s  95,889,169,800 steps   488569 feasible sets         0 orders tried  current cost 6
    W_14: 42405s  95,923,788,200 steps   488796 feasible sets         0 orders tried  current cost 7
    W_14: 42420s  95,958,061,400 steps   488980 feasible sets         0 orders tried  current cost 9
    W_14: 42435s  95,992,940,000 steps   489145 feasible sets         0 orders tried  current cost 3
    W_14: 42450s  96,027,977,400 steps   489366 feasible sets         0 orders tried  current cost 1
    W_14: 42465s  96,063,039,800 steps   489553 feasible sets         0 orders tried  current cost 2
    W_14: 42480s  96,097,925,800 steps   489745 feasible sets         0 orders tried  current cost 8
    W_14: 42495s  96,132,179,600 steps   489881 feasible sets         0 orders tried  current cost 4
    W_14: 42510s  96,166,681,600 steps   490036 feasible sets         0 orders tried  current cost 15
    W_14: 42525s  96,201,313,200 steps   490219 feasible sets         0 orders tried  current cost 4
    W_14: 42540s  96,235,933,000 steps   490417 feasible sets         0 orders tried  current cost 3
    W_14: 42555s  96,270,796,600 steps   490553 feasible sets         0 orders tried  current cost 1
    W_14: 42570s  96,305,666,000 steps   490734 feasible sets         0 orders tried  current cost 7
    W_14: 42585s  96,340,433,800 steps   490934 feasible sets         0 orders tried  current cost 3
    W_14: 42600s  96,375,269,600 steps   491137 feasible sets         0 orders tried  current cost 6
    W_14: 42615s  96,410,033,200 steps   491285 feasible sets         0 orders tried  current cost 3
    W_14: 42630s  96,444,969,800 steps   491458 feasible sets         0 orders tried  current cost 6
    W_14: 42645s  96,479,610,400 steps   491636 feasible sets         0 orders tried  current cost 4
    W_14: 42660s  96,514,425,800 steps   491805 feasible sets         0 orders tried  current cost 8
    W_14: 42675s  96,548,808,200 steps   491989 feasible sets         0 orders tried  current cost 4
    W_14: 42690s  96,583,672,600 steps   492179 feasible sets         0 orders tried  current cost 4
    W_14: 42705s  96,618,437,800 steps   492334 feasible sets         0 orders tried  current cost 3
    W_14: 42720s  96,652,884,800 steps   492522 feasible sets         0 orders tried  current cost 10
    W_14: 42735s  96,687,719,400 steps   492652 feasible sets         0 orders tried  current cost 1
    W_14: 42750s  96,722,424,800 steps   492836 feasible sets         0 orders tried  current cost 11
    W_14: 42765s  96,756,979,200 steps   493002 feasible sets         0 orders tried  current cost 3
    W_14: 42780s  96,791,456,000 steps   493226 feasible sets         0 orders tried  current cost 4
    W_14: 42795s  96,826,485,800 steps   493446 feasible sets         0 orders tried  current cost 10
    W_14: 42810s  96,861,027,600 steps   493601 feasible sets         0 orders tried  current cost 6
    W_14: 42825s  96,895,575,400 steps   493827 feasible sets         0 orders tried  current cost 3
    W_14: 42840s  96,929,878,800 steps   494002 feasible sets         0 orders tried  current cost 1
    W_14: 42855s  96,964,714,800 steps   494156 feasible sets         0 orders tried  current cost 3
    W_14: 42870s  96,999,775,800 steps   494366 feasible sets         0 orders tried  current cost 4
    W_14: 42885s  97,034,444,400 steps   494510 feasible sets         0 orders tried  current cost 7
    W_14: 42900s  97,069,096,800 steps   494701 feasible sets         0 orders tried  current cost 4
    W_14: 42915s  97,104,278,400 steps   494895 feasible sets         0 orders tried  current cost 1
    W_14: 42930s  97,138,865,200 steps   495067 feasible sets         0 orders tried  current cost 9
    W_14: 42945s  97,173,709,600 steps   495233 feasible sets         0 orders tried  current cost 3
    W_14: 42960s  97,208,303,600 steps   495406 feasible sets         0 orders tried  current cost 11
    W_14: 42975s  97,242,968,400 steps   495609 feasible sets         0 orders tried  current cost 5
    W_14: 42990s  97,277,640,000 steps   495781 feasible sets         0 orders tried  current cost 5
    W_14: 43005s  97,312,467,800 steps   495947 feasible sets         0 orders tried  current cost 4
    W_14: 43020s  97,347,396,200 steps   496100 feasible sets         0 orders tried  current cost 3
    W_14: 43035s  97,382,531,000 steps   496226 feasible sets         0 orders tried  current cost 3
    W_14: 43050s  97,417,447,800 steps   496387 feasible sets         0 orders tried  current cost 7
    W_14: 43065s  97,452,312,400 steps   496532 feasible sets         0 orders tried  current cost 4
    W_14: 43080s  97,487,044,200 steps   496743 feasible sets         0 orders tried  current cost 7
    W_14: 43095s  97,521,506,600 steps   496956 feasible sets         0 orders tried  current cost 8
    W_14: 43110s  97,556,197,000 steps   497151 feasible sets         0 orders tried  current cost 3
    W_14: 43125s  97,591,214,800 steps   497356 feasible sets         0 orders tried  current cost 3
    W_14: 43140s  97,625,847,000 steps   497523 feasible sets         0 orders tried  current cost 6
    W_14: 43155s  97,660,365,800 steps   497693 feasible sets         0 orders tried  current cost 6
    W_14: 43170s  97,694,856,400 steps   497872 feasible sets         0 orders tried  current cost 1
    W_14: 43185s  97,729,395,800 steps   498059 feasible sets         0 orders tried  current cost 3
    W_14: 43200s  97,764,080,000 steps   498259 feasible sets         0 orders tried  current cost 1
    W_14: 43215s  97,798,602,400 steps   498440 feasible sets         0 orders tried  current cost 9
    W_14: 43230s  97,833,132,200 steps   498650 feasible sets         0 orders tried  current cost 2
    W_14: 43245s  97,867,465,800 steps   498818 feasible sets         0 orders tried  current cost 9
    W_14: 43260s  97,902,131,600 steps   498990 feasible sets         0 orders tried  current cost 5
    W_14: 43275s  97,936,661,600 steps   499170 feasible sets         0 orders tried  current cost 9
    W_14: 43290s  97,971,619,400 steps   499322 feasible sets         0 orders tried  current cost 1
    W_14: 43305s  98,006,187,000 steps   499471 feasible sets         0 orders tried  current cost 4
    W_14: 43320s  98,041,462,600 steps   499636 feasible sets         0 orders tried  current cost 12
    W_14: 43335s  98,076,537,800 steps   499837 feasible sets         0 orders tried  current cost 3
    W_14: 43350s  98,111,521,600 steps   499980 feasible sets         0 orders tried  current cost 13
    W_14: 43365s  98,146,308,200 steps   500143 feasible sets         0 orders tried  current cost 3
    W_14: 43380s  98,181,760,000 steps   500343 feasible sets         0 orders tried  current cost 3
    W_14: 43395s  98,216,524,200 steps   500501 feasible sets         0 orders tried  current cost 14
    W_14: 43410s  98,251,048,200 steps   500667 feasible sets         0 orders tried  current cost 4
    W_14: 43425s  98,285,530,000 steps   500848 feasible sets         0 orders tried  current cost 4
    W_14: 43440s  98,320,259,800 steps   501030 feasible sets         0 orders tried  current cost 2
    W_14: 43455s  98,354,675,400 steps   501232 feasible sets         0 orders tried  current cost 4
    W_14: 43470s  98,389,457,000 steps   501402 feasible sets         0 orders tried  current cost 4
    W_14: 43485s  98,424,205,400 steps   501598 feasible sets         0 orders tried  current cost 7
    W_14: 43500s  98,458,847,600 steps   501751 feasible sets         0 orders tried  current cost 3
    W_14: 43515s  98,493,792,200 steps   501966 feasible sets         0 orders tried  current cost 1
    W_14: 43530s  98,528,747,800 steps   502143 feasible sets         0 orders tried  current cost 4
    W_14: 43545s  98,563,576,400 steps   502336 feasible sets         0 orders tried  current cost 2
    W_14: 43560s  98,598,611,400 steps   502509 feasible sets         0 orders tried  current cost 5
    W_14: 43575s  98,633,057,400 steps   502649 feasible sets         0 orders tried  current cost 3
    W_14: 43590s  98,667,534,000 steps   502814 feasible sets         0 orders tried  current cost 3
    W_14: 43605s  98,701,970,400 steps   502989 feasible sets         0 orders tried  current cost 4
    W_14: 43620s  98,737,072,800 steps   503234 feasible sets         0 orders tried  current cost 4
    W_14: 43635s  98,772,062,600 steps   503387 feasible sets         0 orders tried  current cost 8
    W_14: 43650s  98,806,968,400 steps   503561 feasible sets         0 orders tried  current cost 5
    W_14: 43665s  98,841,936,600 steps   503724 feasible sets         0 orders tried  current cost 3
    W_14: 43680s  98,876,883,000 steps   503864 feasible sets         0 orders tried  current cost 15
    W_14: 43695s  98,911,594,600 steps   504023 feasible sets         0 orders tried  current cost 1
    W_14: 43710s  98,946,234,200 steps   504179 feasible sets         0 orders tried  current cost 3
    W_14: 43725s  98,980,985,400 steps   504342 feasible sets         0 orders tried  current cost 9
    W_14: 43740s  99,015,629,400 steps   504517 feasible sets         0 orders tried  current cost 3
    W_14: 43755s  99,050,120,000 steps   504719 feasible sets         0 orders tried  current cost 4
    W_14: 43770s  99,084,502,600 steps   504894 feasible sets         0 orders tried  current cost 14
    W_14: 43785s  99,119,318,800 steps   505070 feasible sets         0 orders tried  current cost 2
    W_14: 43800s  99,153,584,600 steps   505211 feasible sets         0 orders tried  current cost 8
    W_14: 43815s  99,188,333,200 steps   505364 feasible sets         0 orders tried  current cost 2
    W_14: 43830s  99,222,903,600 steps   505563 feasible sets         0 orders tried  current cost 16
    W_14: 43845s  99,257,745,000 steps   505731 feasible sets         0 orders tried  current cost 9
    W_14: 43860s  99,292,349,400 steps   505925 feasible sets         0 orders tried  current cost 3
    W_14: 43875s  99,327,009,800 steps   506084 feasible sets         0 orders tried  current cost 7
    W_14: 43890s  99,361,634,000 steps   506282 feasible sets         0 orders tried  current cost 4
    W_14: 43905s  99,396,842,600 steps   506457 feasible sets         0 orders tried  current cost 8
    W_14: 43920s  99,431,317,600 steps   506604 feasible sets         0 orders tried  current cost 4
    W_14: 43935s  99,466,250,400 steps   506781 feasible sets         0 orders tried  current cost 5
    W_14: 43950s  99,500,412,800 steps   506956 feasible sets         0 orders tried  current cost 5
    W_14: 43965s  99,535,110,800 steps   507142 feasible sets         0 orders tried  current cost 4
    W_14: 43980s  99,569,649,000 steps   507323 feasible sets         0 orders tried  current cost 5
    W_14: 43995s  99,604,060,000 steps   507481 feasible sets         0 orders tried  current cost 1
    W_14: 44010s  99,638,686,000 steps   507649 feasible sets         0 orders tried  current cost 7
    W_14: 44025s  99,673,574,000 steps   507802 feasible sets         0 orders tried  current cost 4
    W_14: 44040s  99,708,445,200 steps   507968 feasible sets         0 orders tried  current cost 12
    W_14: 44055s  99,743,181,200 steps   508146 feasible sets         0 orders tried  current cost 18
    W_14: 44070s  99,778,218,400 steps   508345 feasible sets         0 orders tried  current cost 3
    W_14: 44085s  99,812,593,600 steps   508543 feasible sets         0 orders tried  current cost 4
    W_14: 44100s  99,847,448,600 steps   508752 feasible sets         0 orders tried  current cost 6
    W_14: 44115s  99,881,944,400 steps   508909 feasible sets         0 orders tried  current cost 11
    W_14: 44130s  99,916,022,200 steps   509099 feasible sets         0 orders tried  current cost 19
    W_14: 44145s  99,949,860,000 steps   509262 feasible sets         0 orders tried  current cost 2
    W_14: 44160s  99,984,281,800 steps   509417 feasible sets         0 orders tried  current cost 13
    W_14: 44175s  100,019,164,800 steps   509617 feasible sets         0 orders tried  current cost 10
    W_14: 44190s  100,053,929,200 steps   509824 feasible sets         0 orders tried  current cost 3
    W_14: 44205s  100,088,641,400 steps   509965 feasible sets         0 orders tried  current cost 10
    W_14: 44220s  100,123,190,800 steps   510122 feasible sets         0 orders tried  current cost 4
    W_14: 44235s  100,157,684,600 steps   510350 feasible sets         0 orders tried  current cost 7
    W_14: 44250s  100,192,400,600 steps   510492 feasible sets         0 orders tried  current cost 16
    W_14: 44265s  100,227,114,800 steps   510632 feasible sets         0 orders tried  current cost 3
    W_14: 44280s  100,261,617,000 steps   510819 feasible sets         0 orders tried  current cost 2
    W_14: 44295s  100,296,382,000 steps   511010 feasible sets         0 orders tried  current cost 9
    W_14: 44310s  100,331,060,400 steps   511198 feasible sets         0 orders tried  current cost 15
    W_14: 44325s  100,365,953,000 steps   511366 feasible sets         0 orders tried  current cost 4
    W_14: 44340s  100,400,931,600 steps   511536 feasible sets         0 orders tried  current cost 3
    W_14: 44355s  100,435,215,000 steps   511739 feasible sets         0 orders tried  current cost 2
    W_14: 44370s  100,469,585,800 steps   511898 feasible sets         0 orders tried  current cost 10
    W_14: 44385s  100,504,420,600 steps   512077 feasible sets         0 orders tried  current cost 16
    W_14: 44400s  100,538,944,000 steps   512205 feasible sets         0 orders tried  current cost 13
    W_14: 44415s  100,573,669,200 steps   512409 feasible sets         0 orders tried  current cost 3
    W_14: 44430s  100,608,588,800 steps   512588 feasible sets         0 orders tried  current cost 2
    W_14: 44445s  100,643,444,200 steps   512771 feasible sets         0 orders tried  current cost 12
    W_14: 44460s  100,678,136,600 steps   512975 feasible sets         0 orders tried  current cost 3
    W_14: 44475s  100,712,943,400 steps   513143 feasible sets         0 orders tried  current cost 8
    W_14: 44490s  100,747,666,400 steps   513322 feasible sets         0 orders tried  current cost 9
    W_14: 44505s  100,782,590,400 steps   513471 feasible sets         0 orders tried  current cost 4
    W_14: 44520s  100,817,618,800 steps   513671 feasible sets         0 orders tried  current cost 1
    W_14: 44535s  100,852,202,600 steps   513862 feasible sets         0 orders tried  current cost 11
    W_14: 44550s  100,886,647,400 steps   514049 feasible sets         0 orders tried  current cost 8
    W_14: 44565s  100,921,490,400 steps   514211 feasible sets         0 orders tried  current cost 2
    W_14: 44580s  100,955,917,200 steps   514395 feasible sets         0 orders tried  current cost 3
    W_14: 44595s  100,990,833,400 steps   514566 feasible sets         0 orders tried  current cost 3
    W_14: 44610s  101,025,841,600 steps   514728 feasible sets         0 orders tried  current cost 20
    W_14: 44625s  101,060,874,200 steps   514927 feasible sets         0 orders tried  current cost 3
    W_14: 44640s  101,095,830,600 steps   515098 feasible sets         0 orders tried  current cost 4
    W_14: 44655s  101,130,498,000 steps   515249 feasible sets         0 orders tried  current cost 2
    W_14: 44670s  101,165,657,000 steps   515417 feasible sets         0 orders tried  current cost 1
    W_14: 44685s  101,200,491,000 steps   515566 feasible sets         0 orders tried  current cost 6
    W_14: 44700s  101,235,104,600 steps   515744 feasible sets         0 orders tried  current cost 9
    W_14: 44715s  101,269,787,000 steps   515920 feasible sets         0 orders tried  current cost 6
    W_14: 44730s  101,304,844,400 steps   516077 feasible sets         0 orders tried  current cost 8
    W_14: 44745s  101,339,205,600 steps   516250 feasible sets         0 orders tried  current cost 9
    W_14: 44760s  101,374,207,600 steps   516443 feasible sets         0 orders tried  current cost 6
    W_14: 44775s  101,409,148,400 steps   516609 feasible sets         0 orders tried  current cost 7
    W_14: 44790s  101,443,975,200 steps   516754 feasible sets         0 orders tried  current cost 3
    W_14: 44805s  101,478,687,400 steps   516939 feasible sets         0 orders tried  current cost 7
    W_14: 44820s  101,513,114,400 steps   517157 feasible sets         0 orders tried  current cost 3
    W_14: 44835s  101,547,879,000 steps   517322 feasible sets         0 orders tried  current cost 3
    W_14: 44850s  101,582,980,400 steps   517509 feasible sets         0 orders tried  current cost 9
    W_14: 44865s  101,617,739,000 steps   517688 feasible sets         0 orders tried  current cost 3
    W_14: 44880s  101,652,344,800 steps   517867 feasible sets         0 orders tried  current cost 14
    W_14: 44895s  101,687,494,800 steps   518051 feasible sets         0 orders tried  current cost 3
    W_14: 44910s  101,722,093,200 steps   518228 feasible sets         0 orders tried  current cost 4
    W_14: 44925s  101,757,451,200 steps   518396 feasible sets         0 orders tried  current cost 4
    W_14: 44940s  101,792,185,800 steps   518616 feasible sets         0 orders tried  current cost 9
    W_14: 44955s  101,827,369,400 steps   518790 feasible sets         0 orders tried  current cost 5
    W_14: 44970s  101,862,145,200 steps   518972 feasible sets         0 orders tried  current cost 7
    W_14: 44985s  101,896,756,200 steps   519160 feasible sets         0 orders tried  current cost 3
    W_14: 45000s  101,931,519,600 steps   519316 feasible sets         0 orders tried  current cost 3
    W_14: 45015s  101,966,259,400 steps   519542 feasible sets         0 orders tried  current cost 4
    W_14: 45030s  102,001,063,800 steps   519741 feasible sets         0 orders tried  current cost 5
    W_14: 45045s  102,035,658,800 steps   519930 feasible sets         0 orders tried  current cost 3
    W_14: 45060s  102,070,382,600 steps   520120 feasible sets         0 orders tried  current cost 9
    W_14: 45075s  102,105,302,000 steps   520281 feasible sets         0 orders tried  current cost 9
    W_14: 45090s  102,139,796,800 steps   520493 feasible sets         0 orders tried  current cost 3
    W_14: 45105s  102,174,571,200 steps   520676 feasible sets         0 orders tried  current cost 5
    W_14: 45120s  102,209,284,400 steps   520843 feasible sets         0 orders tried  current cost 11
    W_14: 45135s  102,244,006,800 steps   521002 feasible sets         0 orders tried  current cost 3
    W_14: 45150s  102,278,831,600 steps   521177 feasible sets         0 orders tried  current cost 2
    W_14: 45165s  102,313,787,200 steps   521336 feasible sets         0 orders tried  current cost 8
    W_14: 45180s  102,348,256,000 steps   521519 feasible sets         0 orders tried  current cost 1
    W_14: 45195s  102,382,938,400 steps   521682 feasible sets         0 orders tried  current cost 4
    W_14: 45210s  102,417,587,200 steps   521864 feasible sets         0 orders tried  current cost 7
    W_14: 45225s  102,452,228,600 steps   522024 feasible sets         0 orders tried  current cost 6
    W_14: 45240s  102,486,972,200 steps   522165 feasible sets         0 orders tried  current cost 3
    W_14: 45255s  102,521,698,600 steps   522368 feasible sets         0 orders tried  current cost 3
    W_14: 45270s  102,556,287,000 steps   522559 feasible sets         0 orders tried  current cost 5
    W_14: 45285s  102,590,707,200 steps   522707 feasible sets         0 orders tried  current cost 6
    W_14: 45300s  102,625,585,800 steps   522927 feasible sets         0 orders tried  current cost 6
    W_14: 45315s  102,660,504,400 steps   523100 feasible sets         0 orders tried  current cost 11
    W_14: 45330s  102,695,485,800 steps   523311 feasible sets         0 orders tried  current cost 7
    W_14: 45345s  102,729,999,800 steps   523480 feasible sets         0 orders tried  current cost 2
    W_14: 45360s  102,764,623,400 steps   523662 feasible sets         0 orders tried  current cost 15
    W_14: 45375s  102,798,841,800 steps   523842 feasible sets         0 orders tried  current cost 14
    W_14: 45390s  102,833,689,800 steps   524051 feasible sets         0 orders tried  current cost 4
    W_14: 45405s  102,868,269,400 steps   524234 feasible sets         0 orders tried  current cost 3
    W_14: 45420s  102,902,669,600 steps   524445 feasible sets         0 orders tried  current cost 3
    W_14: 45435s  102,937,136,000 steps   524623 feasible sets         0 orders tried  current cost 2
    W_14: 45450s  102,971,452,600 steps   524790 feasible sets         0 orders tried  current cost 2
    W_14: 45465s  103,005,691,800 steps   524953 feasible sets         0 orders tried  current cost 4
    W_14: 45480s  103,040,334,000 steps   525118 feasible sets         0 orders tried  current cost 3
    W_14: 45495s  103,075,363,800 steps   525330 feasible sets         0 orders tried  current cost 10
    W_14: 45510s  103,110,015,400 steps   525523 feasible sets         0 orders tried  current cost 4
    W_14: 45525s  103,144,460,600 steps   525682 feasible sets         0 orders tried  current cost 12
    W_14: 45540s  103,179,077,600 steps   525827 feasible sets         0 orders tried  current cost 4
    W_14: 45555s  103,213,627,000 steps   526008 feasible sets         0 orders tried  current cost 7
    W_14: 45570s  103,248,081,800 steps   526197 feasible sets         0 orders tried  current cost 15
    W_14: 45585s  103,281,860,600 steps   526365 feasible sets         0 orders tried  current cost 16
    W_14: 45600s  103,316,074,000 steps   526539 feasible sets         0 orders tried  current cost 4
    W_14: 45615s  103,350,731,000 steps   526695 feasible sets         0 orders tried  current cost 2
    W_14: 45630s  103,385,047,800 steps   526836 feasible sets         0 orders tried  current cost 6
    W_14: 45645s  103,419,703,400 steps   526975 feasible sets         0 orders tried  current cost 7
    W_14: 45660s  103,454,343,000 steps   527166 feasible sets         0 orders tried  current cost 15
    W_14: 45675s  103,489,049,200 steps   527350 feasible sets         0 orders tried  current cost 5
    W_14: 45690s  103,523,673,200 steps   527515 feasible sets         0 orders tried  current cost 1
    W_14: 45705s  103,558,338,600 steps   527674 feasible sets         0 orders tried  current cost 5
    W_14: 45720s  103,592,725,000 steps   527830 feasible sets         0 orders tried  current cost 11
    W_14: 45735s  103,627,323,600 steps   528048 feasible sets         0 orders tried  current cost 11
    W_14: 45750s  103,661,388,200 steps   528225 feasible sets         0 orders tried  current cost 8
    W_14: 45765s  103,695,638,800 steps   528416 feasible sets         0 orders tried  current cost 3
    W_14: 45780s  103,730,554,800 steps   528580 feasible sets         0 orders tried  current cost 4
    W_14: 45795s  103,765,340,800 steps   528733 feasible sets         0 orders tried  current cost 13
    W_14: 45810s  103,800,005,400 steps   528963 feasible sets         0 orders tried  current cost 7
    W_14: 45825s  103,835,175,600 steps   529141 feasible sets         0 orders tried  current cost 3
    W_14: 45840s  103,869,518,800 steps   529322 feasible sets         0 orders tried  current cost 2
    W_14: 45855s  103,903,699,600 steps   529458 feasible sets         0 orders tried  current cost 2
    W_14: 45870s  103,937,834,000 steps   529657 feasible sets         0 orders tried  current cost 4
    W_14: 45885s  103,972,456,000 steps   529857 feasible sets         0 orders tried  current cost 4
    W_14: 45900s  104,006,976,600 steps   530029 feasible sets         0 orders tried  current cost 2
    W_14: 45915s  104,041,240,000 steps   530197 feasible sets         0 orders tried  current cost 1
    W_14: 45930s  104,075,329,800 steps   530372 feasible sets         0 orders tried  current cost 7
    W_14: 45945s  104,109,822,200 steps   530541 feasible sets         0 orders tried  current cost 9
    W_14: 45960s  104,144,501,200 steps   530689 feasible sets         0 orders tried  current cost 13
    W_14: 45975s  104,179,196,000 steps   530839 feasible sets         0 orders tried  current cost 3
    W_14: 45990s  104,214,182,600 steps   530995 feasible sets         0 orders tried  current cost 13
    W_14: 46005s  104,248,942,800 steps   531168 feasible sets         0 orders tried  current cost 14
    W_14: 46020s  104,283,846,200 steps   531343 feasible sets         0 orders tried  current cost 9
    W_14: 46035s  104,318,352,800 steps   531489 feasible sets         0 orders tried  current cost 3
    W_14: 46050s  104,352,580,200 steps   531657 feasible sets         0 orders tried  current cost 14
    W_14: 46065s  104,387,362,600 steps   531813 feasible sets         0 orders tried  current cost 15
    W_14: 46080s  104,421,621,400 steps   532026 feasible sets         0 orders tried  current cost 16
    W_14: 46095s  104,456,209,400 steps   532165 feasible sets         0 orders tried  current cost 5
    W_14: 46110s  104,490,775,400 steps   532340 feasible sets         0 orders tried  current cost 1
    W_14: 46125s  104,525,737,200 steps   532562 feasible sets         0 orders tried  current cost 1
    W_14: 46140s  104,560,000,600 steps   532745 feasible sets         0 orders tried  current cost 17
    W_14: 46155s  104,594,921,800 steps   532923 feasible sets         0 orders tried  current cost 9
    W_14: 46170s  104,629,690,200 steps   533083 feasible sets         0 orders tried  current cost 6
    W_14: 46185s  104,664,195,600 steps   533277 feasible sets         0 orders tried  current cost 3
    W_14: 46200s  104,698,688,400 steps   533439 feasible sets         0 orders tried  current cost 6
    W_14: 46215s  104,733,451,600 steps   533619 feasible sets         0 orders tried  current cost 4
    W_14: 46230s  104,767,669,400 steps   533764 feasible sets         0 orders tried  current cost 1
    W_14: 46245s  104,802,386,600 steps   533899 feasible sets         0 orders tried  current cost 6
    W_14: 46260s  104,837,082,800 steps   534057 feasible sets         0 orders tried  current cost 15
    W_14: 46275s  104,871,695,000 steps   534263 feasible sets         0 orders tried  current cost 4
    W_14: 46290s  104,906,163,600 steps   534462 feasible sets         0 orders tried  current cost 15
    W_14: 46305s  104,940,847,000 steps   534600 feasible sets         0 orders tried  current cost 9
    W_14: 46320s  104,975,540,400 steps   534762 feasible sets         0 orders tried  current cost 14
    W_14: 46335s  105,010,372,600 steps   534937 feasible sets         0 orders tried  current cost 3
    W_14: 46350s  105,044,894,400 steps   535089 feasible sets         0 orders tried  current cost 5
    W_14: 46365s  105,079,490,600 steps   535282 feasible sets         0 orders tried  current cost 3
    W_14: 46380s  105,114,086,400 steps   535463 feasible sets         0 orders tried  current cost 4
    W_14: 46395s  105,148,438,800 steps   535634 feasible sets         0 orders tried  current cost 2
    W_14: 46410s  105,182,898,200 steps   535837 feasible sets         0 orders tried  current cost 5
    W_14: 46425s  105,217,723,200 steps   535978 feasible sets         0 orders tried  current cost 11
    W_14: 46440s  105,252,609,200 steps   536173 feasible sets         0 orders tried  current cost 6
    W_14: 46455s  105,286,938,400 steps   536357 feasible sets         0 orders tried  current cost 1
    W_14: 46470s  105,321,534,000 steps   536538 feasible sets         0 orders tried  current cost 4
    W_14: 46485s  105,356,109,800 steps   536703 feasible sets         0 orders tried  current cost 5
    W_14: 46500s  105,391,232,000 steps   536871 feasible sets         0 orders tried  current cost 4
    W_14: 46515s  105,426,119,200 steps   537048 feasible sets         0 orders tried  current cost 3
    W_14: 46530s  105,460,920,600 steps   537237 feasible sets         0 orders tried  current cost 10
    W_14: 46545s  105,495,486,000 steps   537373 feasible sets         0 orders tried  current cost 10
    W_14: 46560s  105,530,214,400 steps   537566 feasible sets         0 orders tried  current cost 3
    W_14: 46575s  105,564,727,600 steps   537732 feasible sets         0 orders tried  current cost 4
    W_14: 46590s  105,599,278,800 steps   537901 feasible sets         0 orders tried  current cost 3
    W_14: 46605s  105,633,851,800 steps   538034 feasible sets         0 orders tried  current cost 3
    W_14: 46620s  105,668,253,000 steps   538206 feasible sets         0 orders tried  current cost 3
    W_14: 46635s  105,702,891,800 steps   538424 feasible sets         0 orders tried  current cost 3
    W_14: 46650s  105,737,407,200 steps   538616 feasible sets         0 orders tried  current cost 8
    W_14: 46665s  105,772,226,400 steps   538781 feasible sets         0 orders tried  current cost 7
    W_14: 46680s  105,807,324,400 steps   538975 feasible sets         0 orders tried  current cost 11
    W_14: 46695s  105,841,974,000 steps   539114 feasible sets         0 orders tried  current cost 2
    W_14: 46710s  105,876,615,800 steps   539278 feasible sets         0 orders tried  current cost 3
    W_14: 46725s  105,911,359,200 steps   539433 feasible sets         0 orders tried  current cost 3
    W_14: 46740s  105,945,621,200 steps   539616 feasible sets         0 orders tried  current cost 10
    W_14: 46755s  105,980,311,200 steps   539784 feasible sets         0 orders tried  current cost 5
    W_14: 46770s  106,015,337,000 steps   539967 feasible sets         0 orders tried  current cost 2
    W_14: 46785s  106,049,952,600 steps   540144 feasible sets         0 orders tried  current cost 1
    W_14: 46800s  106,084,605,600 steps   540332 feasible sets         0 orders tried  current cost 3
    W_14: 46815s  106,119,320,200 steps   540531 feasible sets         0 orders tried  current cost 18
    W_14: 46830s  106,154,081,800 steps   540746 feasible sets         0 orders tried  current cost 5
    W_14: 46845s  106,189,289,800 steps   540957 feasible sets         0 orders tried  current cost 6
    W_14: 46860s  106,223,932,400 steps   541129 feasible sets         0 orders tried  current cost 4
    W_14: 46875s  106,258,585,600 steps   541294 feasible sets         0 orders tried  current cost 7
    W_14: 46890s  106,292,966,000 steps   541462 feasible sets         0 orders tried  current cost 8
    W_14: 46905s  106,327,551,600 steps   541653 feasible sets         0 orders tried  current cost 3
    W_14: 46920s  106,362,554,400 steps   541841 feasible sets         0 orders tried  current cost 4
    W_14: 46935s  106,397,305,000 steps   541997 feasible sets         0 orders tried  current cost 7
    W_14: 46950s  106,432,316,800 steps   542226 feasible sets         0 orders tried  current cost 3
    W_14: 46965s  106,467,091,400 steps   542399 feasible sets         0 orders tried  current cost 3
    W_14: 46980s  106,501,952,400 steps   542566 feasible sets         0 orders tried  current cost 5
    W_14: 46995s  106,536,456,600 steps   542757 feasible sets         0 orders tried  current cost 3
    W_14: 47010s  106,570,816,800 steps   542951 feasible sets         0 orders tried  current cost 2
    W_14: 47025s  106,605,600,600 steps   543122 feasible sets         0 orders tried  current cost 14
    W_14: 47040s  106,639,788,800 steps   543318 feasible sets         0 orders tried  current cost 4
    W_14: 47055s  106,674,498,400 steps   543479 feasible sets         0 orders tried  current cost 3
    W_14: 47070s  106,709,002,200 steps   543677 feasible sets         0 orders tried  current cost 10
    W_14: 47085s  106,744,001,000 steps   543851 feasible sets         0 orders tried  current cost 16
    W_14: 47100s  106,778,638,800 steps   544037 feasible sets         0 orders tried  current cost 4
    W_14: 47115s  106,813,179,600 steps   544196 feasible sets         0 orders tried  current cost 3
    W_14: 47130s  106,847,932,800 steps   544378 feasible sets         0 orders tried  current cost 3
    W_14: 47145s  106,882,546,600 steps   544565 feasible sets         0 orders tried  current cost 9
    W_14: 47160s  106,917,576,000 steps   544717 feasible sets         0 orders tried  current cost 4
    W_14: 47175s  106,952,343,600 steps   544902 feasible sets         0 orders tried  current cost 11
    W_14: 47190s  106,987,305,000 steps   545091 feasible sets         0 orders tried  current cost 7
    W_14: 47205s  107,021,741,600 steps   545273 feasible sets         0 orders tried  current cost 14
    W_14: 47220s  107,056,673,800 steps   545445 feasible sets         0 orders tried  current cost 5
    W_14: 47235s  107,091,031,200 steps   545632 feasible sets         0 orders tried  current cost 4
    W_14: 47250s  107,125,936,400 steps   545818 feasible sets         0 orders tried  current cost 2
    W_14: 47265s  107,160,958,800 steps   545995 feasible sets         0 orders tried  current cost 1
    W_14: 47280s  107,195,657,200 steps   546149 feasible sets         0 orders tried  current cost 1
    W_14: 47295s  107,230,312,600 steps   546316 feasible sets         0 orders tried  current cost 4
    W_14: 47310s  107,265,028,400 steps   546512 feasible sets         0 orders tried  current cost 7
    W_14: 47325s  107,299,834,200 steps   546673 feasible sets         0 orders tried  current cost 4
    W_14: 47340s  107,334,536,800 steps   546856 feasible sets         0 orders tried  current cost 1
    W_14: 47355s  107,368,814,200 steps   547004 feasible sets         0 orders tried  current cost 4
    W_14: 47370s  107,403,688,000 steps   547188 feasible sets         0 orders tried  current cost 6
    W_14: 47385s  107,438,121,400 steps   547368 feasible sets         0 orders tried  current cost 8
    W_14: 47400s  107,472,844,600 steps   547515 feasible sets         0 orders tried  current cost 8
    W_14: 47415s  107,507,400,600 steps   547705 feasible sets         0 orders tried  current cost 22
    W_14: 47430s  107,541,863,200 steps   547874 feasible sets         0 orders tried  current cost 11
    W_14: 47445s  107,575,851,000 steps   548035 feasible sets         0 orders tried  current cost 1
    W_14: 47460s  107,609,856,600 steps   548191 feasible sets         0 orders tried  current cost 3
    W_14: 47475s  107,644,026,400 steps   548425 feasible sets         0 orders tried  current cost 9
    W_14: 47490s  107,677,901,400 steps   548596 feasible sets         0 orders tried  current cost 16
    W_14: 47505s  107,711,722,600 steps   548768 feasible sets         0 orders tried  current cost 12
    W_14: 47520s  107,745,758,400 steps   548955 feasible sets         0 orders tried  current cost 3
    W_14: 47535s  107,780,036,600 steps   549125 feasible sets         0 orders tried  current cost 1
    W_14: 47550s  107,814,136,000 steps   549290 feasible sets         0 orders tried  current cost 1
    W_14: 47565s  107,848,150,000 steps   549460 feasible sets         0 orders tried  current cost 5
    W_14: 47580s  107,882,665,000 steps   549584 feasible sets         0 orders tried  current cost 8
    W_14: 47595s  107,916,449,400 steps   549798 feasible sets         0 orders tried  current cost 3
    W_14: 47610s  107,950,582,000 steps   549968 feasible sets         0 orders tried  current cost 16
    W_14: 47625s  107,984,641,400 steps   550141 feasible sets         0 orders tried  current cost 16
    W_14: 47640s  108,018,823,400 steps   550302 feasible sets         0 orders tried  current cost 12
    W_14: 47655s  108,053,136,800 steps   550477 feasible sets         0 orders tried  current cost 4
    W_14: 47670s  108,087,134,800 steps   550693 feasible sets         0 orders tried  current cost 4
    W_14: 47685s  108,121,003,400 steps   550853 feasible sets         0 orders tried  current cost 9
    W_14: 47700s  108,154,977,200 steps   551017 feasible sets         0 orders tried  current cost 2
    W_14: 47715s  108,188,441,800 steps   551182 feasible sets         0 orders tried  current cost 10
    W_14: 47730s  108,222,566,800 steps   551346 feasible sets         0 orders tried  current cost 9
    W_14: 47745s  108,254,920,000 steps   551522 feasible sets         0 orders tried  current cost 2
    W_14: 47760s  108,288,987,600 steps   551726 feasible sets         0 orders tried  current cost 7
    W_14: 47775s  108,309,324,800 steps   551828 feasible sets         0 orders tried  current cost 10
    W_14: 47790s  108,343,359,600 steps   551993 feasible sets         0 orders tried  current cost 1
    W_14: 47805s  108,377,263,000 steps   552183 feasible sets         0 orders tried  current cost 8
    W_14: 47820s  108,410,772,200 steps   552364 feasible sets         0 orders tried  current cost 3
    W_14: 47835s  108,444,350,600 steps   552567 feasible sets         0 orders tried  current cost 4
    W_14: 47850s  108,478,430,400 steps   552721 feasible sets         0 orders tried  current cost 5
    W_14: 47865s  108,512,371,400 steps   552878 feasible sets         0 orders tried  current cost 2
    W_14: 47880s  108,546,313,800 steps   553046 feasible sets         0 orders tried  current cost 2
    W_14: 47895s  108,580,742,200 steps   553204 feasible sets         0 orders tried  current cost 11
    W_14: 47910s  108,614,772,800 steps   553347 feasible sets         0 orders tried  current cost 1
    W_14: 47925s  108,648,811,200 steps   553496 feasible sets         0 orders tried  current cost 6
    W_14: 47940s  108,682,543,200 steps   553659 feasible sets         0 orders tried  current cost 7
    W_14: 47955s  108,716,287,600 steps   553833 feasible sets         0 orders tried  current cost 7
    W_14: 47970s  108,750,324,600 steps   554035 feasible sets         0 orders tried  current cost 8
    W_14: 47985s  108,784,087,200 steps   554232 feasible sets         0 orders tried  current cost 5
    W_14: 48000s  108,818,141,800 steps   554414 feasible sets         0 orders tried  current cost 10
    W_14: 48015s  108,852,033,800 steps   554598 feasible sets         0 orders tried  current cost 4
    W_14: 48030s  108,885,929,200 steps   554781 feasible sets         0 orders tried  current cost 7
    W_14: 48045s  108,919,749,600 steps   554964 feasible sets         0 orders tried  current cost 5
    W_14: 48060s  108,953,563,400 steps   555148 feasible sets         0 orders tried  current cost 12
    W_14: 48075s  108,987,624,800 steps   555344 feasible sets         0 orders tried  current cost 7
    W_14: 48090s  109,021,612,800 steps   555557 feasible sets         0 orders tried  current cost 5
    W_14: 48105s  109,054,295,400 steps   555714 feasible sets         0 orders tried  current cost 3
    W_14: 48120s  109,076,189,000 steps   555815 feasible sets         0 orders tried  current cost 3
    W_14: 48135s  109,109,060,200 steps   555996 feasible sets         0 orders tried  current cost 11
    W_14: 48150s  109,143,349,000 steps   556163 feasible sets         0 orders tried  current cost 6
    W_14: 48165s  109,177,368,400 steps   556282 feasible sets         0 orders tried  current cost 6
    W_14: 48180s  109,211,646,200 steps   556474 feasible sets         0 orders tried  current cost 7
    W_14: 48195s  109,246,184,600 steps   556644 feasible sets         0 orders tried  current cost 10
    W_14: 48210s  109,281,164,400 steps   556837 feasible sets         0 orders tried  current cost 10
    W_14: 48225s  109,315,745,600 steps   557006 feasible sets         0 orders tried  current cost 8
    W_14: 48240s  109,350,418,800 steps   557182 feasible sets         0 orders tried  current cost 4
    W_14: 48255s  109,384,750,600 steps   557333 feasible sets         0 orders tried  current cost 5
    W_14: 48270s  109,419,201,200 steps   557500 feasible sets         0 orders tried  current cost 26
    W_14: 48285s  109,453,818,800 steps   557708 feasible sets         0 orders tried  current cost 3
    W_14: 48300s  109,488,662,800 steps   557910 feasible sets         0 orders tried  current cost 9
    W_14: 48315s  109,523,553,000 steps   558084 feasible sets         0 orders tried  current cost 5
    W_14: 48330s  109,557,974,800 steps   558250 feasible sets         0 orders tried  current cost 3
    W_14: 48345s  109,592,420,800 steps   558467 feasible sets         0 orders tried  current cost 14
    W_14: 48360s  109,626,781,600 steps   558627 feasible sets         0 orders tried  current cost 17
    W_14: 48375s  109,661,221,400 steps   558780 feasible sets         0 orders tried  current cost 12
    W_14: 48390s  109,695,816,000 steps   559001 feasible sets         0 orders tried  current cost 2
    W_14: 48405s  109,730,403,200 steps   559157 feasible sets         0 orders tried  current cost 10
    W_14: 48420s  109,764,939,800 steps   559305 feasible sets         0 orders tried  current cost 3
    W_14: 48435s  109,799,033,400 steps   559504 feasible sets         0 orders tried  current cost 2
    W_14: 48450s  109,833,579,600 steps   559663 feasible sets         0 orders tried  current cost 4
    W_14: 48465s  109,868,404,800 steps   559815 feasible sets         0 orders tried  current cost 11
    W_14: 48480s  109,902,831,800 steps   559996 feasible sets         0 orders tried  current cost 4
    W_14: 48495s  109,937,296,800 steps   560213 feasible sets         0 orders tried  current cost 2
    W_14: 48510s  109,971,823,800 steps   560421 feasible sets         0 orders tried  current cost 10
    W_14: 48525s  110,006,253,400 steps   560609 feasible sets         0 orders tried  current cost 4
    W_14: 48540s  110,040,475,000 steps   560798 feasible sets         0 orders tried  current cost 3
    W_14: 48555s  110,075,230,600 steps   560974 feasible sets         0 orders tried  current cost 4
    W_14: 48570s  110,110,210,800 steps   561154 feasible sets         0 orders tried  current cost 4
    W_14: 48585s  110,144,618,800 steps   561308 feasible sets         0 orders tried  current cost 4
    W_14: 48600s  110,179,101,000 steps   561456 feasible sets         0 orders tried  current cost 10
    W_14: 48615s  110,213,774,800 steps   561622 feasible sets         0 orders tried  current cost 1
    W_14: 48630s  110,248,218,800 steps   561771 feasible sets         0 orders tried  current cost 3
    W_14: 48645s  110,282,742,200 steps   561945 feasible sets         0 orders tried  current cost 11
    W_14: 48660s  110,317,376,800 steps   562126 feasible sets         0 orders tried  current cost 4
    W_14: 48675s  110,351,477,000 steps   562300 feasible sets         0 orders tried  current cost 4
    W_14: 48690s  110,386,089,400 steps   562518 feasible sets         0 orders tried  current cost 5
    W_14: 48705s  110,420,866,200 steps   562674 feasible sets         0 orders tried  current cost 8
    W_14: 48720s  110,455,803,000 steps   562825 feasible sets         0 orders tried  current cost 8
    W_14: 48735s  110,490,834,800 steps   562998 feasible sets         0 orders tried  current cost 4
    W_14: 48750s  110,525,618,600 steps   563208 feasible sets         0 orders tried  current cost 2
    W_14: 48765s  110,560,325,800 steps   563374 feasible sets         0 orders tried  current cost 8
    W_14: 48780s  110,594,800,400 steps   563556 feasible sets         0 orders tried  current cost 13
    W_14: 48795s  110,629,093,600 steps   563748 feasible sets         0 orders tried  current cost 5
    W_14: 48810s  110,663,949,800 steps   563923 feasible sets         0 orders tried  current cost 5
    W_14: 48825s  110,698,608,800 steps   564121 feasible sets         0 orders tried  current cost 5
    W_14: 48840s  110,732,687,800 steps   564287 feasible sets         0 orders tried  current cost 6
    W_14: 48855s  110,766,911,800 steps   564468 feasible sets         0 orders tried  current cost 4
    W_14: 48870s  110,801,479,200 steps   564655 feasible sets         0 orders tried  current cost 3
    W_14: 48885s  110,836,078,000 steps   564835 feasible sets         0 orders tried  current cost 1
    W_14: 48900s  110,870,496,000 steps   564997 feasible sets         0 orders tried  current cost 3
    W_14: 48915s  110,905,097,800 steps   565181 feasible sets         0 orders tried  current cost 1
    W_14: 48930s  110,939,389,400 steps   565353 feasible sets         0 orders tried  current cost 6
    W_14: 48945s  110,973,726,800 steps   565539 feasible sets         0 orders tried  current cost 7
    W_14: 48960s  111,008,551,800 steps   565716 feasible sets         0 orders tried  current cost 5
    W_14: 48975s  111,043,024,400 steps   565936 feasible sets         0 orders tried  current cost 10
    W_14: 48990s  111,077,681,200 steps   566107 feasible sets         0 orders tried  current cost 5
    W_14: 49005s  111,112,282,200 steps   566283 feasible sets         0 orders tried  current cost 13
    W_14: 49020s  111,146,528,400 steps   566441 feasible sets         0 orders tried  current cost 6
    W_14: 49035s  111,181,172,000 steps   566608 feasible sets         0 orders tried  current cost 3
    W_14: 49050s  111,215,892,800 steps   566824 feasible sets         0 orders tried  current cost 5
    W_14: 49065s  111,250,416,600 steps   566978 feasible sets         0 orders tried  current cost 3
    W_14: 49080s  111,284,800,800 steps   567144 feasible sets         0 orders tried  current cost 14
    W_14: 49095s  111,319,504,600 steps   567282 feasible sets         0 orders tried  current cost 13
    W_14: 49110s  111,353,854,600 steps   567470 feasible sets         0 orders tried  current cost 2
    W_14: 49125s  111,388,482,400 steps   567625 feasible sets         0 orders tried  current cost 9
    W_14: 49140s  111,422,849,800 steps   567795 feasible sets         0 orders tried  current cost 2
    W_14: 49155s  111,457,271,200 steps   567978 feasible sets         0 orders tried  current cost 4
    W_14: 49170s  111,491,725,800 steps   568106 feasible sets         0 orders tried  current cost 10
    W_14: 49185s  111,526,512,000 steps   568264 feasible sets         0 orders tried  current cost 1
    W_14: 49200s  111,561,136,200 steps   568426 feasible sets         0 orders tried  current cost 1
    W_14: 49215s  111,595,889,000 steps   568600 feasible sets         0 orders tried  current cost 1
    W_14: 49230s  111,630,417,600 steps   568779 feasible sets         0 orders tried  current cost 3
    W_14: 49245s  111,665,029,800 steps   568954 feasible sets         0 orders tried  current cost 4
    W_14: 49260s  111,699,474,600 steps   569110 feasible sets         0 orders tried  current cost 4
    W_14: 49275s  111,733,913,200 steps   569295 feasible sets         0 orders tried  current cost 4
    W_14: 49290s  111,768,364,000 steps   569469 feasible sets         0 orders tried  current cost 9
    W_14: 49305s  111,803,117,000 steps   569648 feasible sets         0 orders tried  current cost 2
    W_14: 49320s  111,837,867,400 steps   569873 feasible sets         0 orders tried  current cost 8
    W_14: 49335s  111,872,138,000 steps   570041 feasible sets         0 orders tried  current cost 1
    W_14: 49350s  111,907,089,400 steps   570274 feasible sets         0 orders tried  current cost 6
    W_14: 49365s  111,941,461,200 steps   570489 feasible sets         0 orders tried  current cost 13
    W_14: 49380s  111,975,906,200 steps   570679 feasible sets         0 orders tried  current cost 12
    W_14: 49395s  112,010,453,200 steps   570854 feasible sets         0 orders tried  current cost 2
    W_14: 49410s  112,045,001,400 steps   571032 feasible sets         0 orders tried  current cost 12
    W_14: 49425s  112,079,800,600 steps   571237 feasible sets         0 orders tried  current cost 16
    W_14: 49440s  112,114,434,200 steps   571389 feasible sets         0 orders tried  current cost 3
    W_14: 49455s  112,148,776,200 steps   571561 feasible sets         0 orders tried  current cost 4
    W_14: 49470s  112,183,463,800 steps   571742 feasible sets         0 orders tried  current cost 10
    W_14: 49485s  112,217,703,400 steps   571912 feasible sets         0 orders tried  current cost 14
    W_14: 49500s  112,251,660,800 steps   572110 feasible sets         0 orders tried  current cost 14
    W_14: 49515s  112,286,259,800 steps   572268 feasible sets         0 orders tried  current cost 2
    W_14: 49530s  112,320,847,000 steps   572477 feasible sets         0 orders tried  current cost 6
    W_14: 49545s  112,355,419,200 steps   572627 feasible sets         0 orders tried  current cost 3
    W_14: 49560s  112,390,026,800 steps   572787 feasible sets         0 orders tried  current cost 8
    W_14: 49575s  112,424,861,200 steps   572942 feasible sets         0 orders tried  current cost 11
    W_14: 49590s  112,459,089,800 steps   573120 feasible sets         0 orders tried  current cost 7
    W_14: 49605s  112,493,603,800 steps   573301 feasible sets         0 orders tried  current cost 7
    W_14: 49620s  112,528,140,200 steps   573477 feasible sets         0 orders tried  current cost 12
    W_14: 49635s  112,562,568,600 steps   573634 feasible sets         0 orders tried  current cost 3
    W_14: 49650s  112,596,452,200 steps   573795 feasible sets         0 orders tried  current cost 3
    W_14: 49665s  112,630,786,400 steps   573997 feasible sets         0 orders tried  current cost 9
    W_14: 49680s  112,665,415,000 steps   574199 feasible sets         0 orders tried  current cost 4
    W_14: 49695s  112,699,991,400 steps   574345 feasible sets         0 orders tried  current cost 4
    W_14: 49710s  112,734,122,600 steps   574511 feasible sets         0 orders tried  current cost 13
    W_14: 49725s  112,768,662,600 steps   574668 feasible sets         0 orders tried  current cost 16
    W_14: 49740s  112,803,093,400 steps   574820 feasible sets         0 orders tried  current cost 1
    W_14: 49755s  112,837,397,600 steps   575016 feasible sets         0 orders tried  current cost 2
    W_14: 49770s  112,871,965,000 steps   575155 feasible sets         0 orders tried  current cost 13
    W_14: 49785s  112,906,065,800 steps   575296 feasible sets         0 orders tried  current cost 8
    W_14: 49800s  112,940,662,400 steps   575476 feasible sets         0 orders tried  current cost 16
    W_14: 49815s  112,975,131,200 steps   575631 feasible sets         0 orders tried  current cost 4
    W_14: 49830s  113,009,929,000 steps   575791 feasible sets         0 orders tried  current cost 4
    W_14: 49845s  113,044,795,600 steps   575975 feasible sets         0 orders tried  current cost 3
    W_14: 49860s  113,079,346,800 steps   576147 feasible sets         0 orders tried  current cost 6
    W_14: 49875s  113,113,879,000 steps   576316 feasible sets         0 orders tried  current cost 3
    W_14: 49890s  113,148,309,400 steps   576482 feasible sets         0 orders tried  current cost 6
    W_14: 49905s  113,182,934,200 steps   576632 feasible sets         0 orders tried  current cost 4
    W_14: 49920s  113,217,412,400 steps   576816 feasible sets         0 orders tried  current cost 3
    W_14: 49935s  113,252,061,000 steps   576978 feasible sets         0 orders tried  current cost 12
    W_14: 49950s  113,287,004,000 steps   577153 feasible sets         0 orders tried  current cost 11
    W_14: 49965s  113,321,394,200 steps   577361 feasible sets         0 orders tried  current cost 2
    W_14: 49980s  113,355,626,800 steps   577554 feasible sets         0 orders tried  current cost 7
    W_14: 49995s  113,389,686,600 steps   577766 feasible sets         0 orders tried  current cost 7
    W_14: 50010s  113,424,001,800 steps   577947 feasible sets         0 orders tried  current cost 12
    W_14: 50025s  113,458,279,000 steps   578133 feasible sets         0 orders tried  current cost 3
    W_14: 50040s  113,492,800,600 steps   578308 feasible sets         0 orders tried  current cost 14
    W_14: 50055s  113,526,866,600 steps   578505 feasible sets         0 orders tried  current cost 2
    W_14: 50070s  113,561,233,400 steps   578666 feasible sets         0 orders tried  current cost 4
    W_14: 50085s  113,595,770,400 steps   578849 feasible sets         0 orders tried  current cost 3
    W_14: 50100s  113,630,375,000 steps   579027 feasible sets         0 orders tried  current cost 2
    W_14: 50115s  113,665,090,200 steps   579221 feasible sets         0 orders tried  current cost 3
    W_14: 50130s  113,699,456,800 steps   579389 feasible sets         0 orders tried  current cost 5
    W_14: 50145s  113,733,911,800 steps   579555 feasible sets         0 orders tried  current cost 3
    W_14: 50160s  113,768,218,800 steps   579698 feasible sets         0 orders tried  current cost 1
    W_14: 50175s  113,802,316,800 steps   579869 feasible sets         0 orders tried  current cost 3
    W_14: 50190s  113,836,551,200 steps   580043 feasible sets         0 orders tried  current cost 3
    W_14: 50205s  113,871,763,400 steps   580233 feasible sets         0 orders tried  current cost 12
    W_14: 50220s  113,906,237,600 steps   580412 feasible sets         0 orders tried  current cost 3
    W_14: 50235s  113,941,017,400 steps   580590 feasible sets         0 orders tried  current cost 3
    W_14: 50250s  113,975,845,600 steps   580785 feasible sets         0 orders tried  current cost 6
    W_14: 50265s  114,010,825,200 steps   580973 feasible sets         0 orders tried  current cost 10
    W_14: 50280s  114,045,602,200 steps   581152 feasible sets         0 orders tried  current cost 7
    W_14: 50295s  114,080,283,000 steps   581336 feasible sets         0 orders tried  current cost 9
    W_14: 50310s  114,115,028,200 steps   581521 feasible sets         0 orders tried  current cost 6
    W_14: 50325s  114,149,754,000 steps   581685 feasible sets         0 orders tried  current cost 4
    W_14: 50340s  114,184,720,000 steps   581844 feasible sets         0 orders tried  current cost 3
    W_14: 50355s  114,219,460,000 steps   582026 feasible sets         0 orders tried  current cost 4
    W_14: 50370s  114,253,949,400 steps   582176 feasible sets         0 orders tried  current cost 7
    W_14: 50385s  114,288,862,200 steps   582395 feasible sets         0 orders tried  current cost 9
    W_14: 50400s  114,323,543,600 steps   582566 feasible sets         0 orders tried  current cost 8
    W_14: 50415s  114,357,968,200 steps   582745 feasible sets         0 orders tried  current cost 5
    W_14: 50430s  114,392,495,400 steps   582933 feasible sets         0 orders tried  current cost 4
    W_14: 50445s  114,427,561,800 steps   583117 feasible sets         0 orders tried  current cost 7
    W_14: 50460s  114,461,965,000 steps   583340 feasible sets         0 orders tried  current cost 8
    W_14: 50475s  114,496,428,800 steps   583532 feasible sets         0 orders tried  current cost 7
    W_14: 50490s  114,530,831,400 steps   583690 feasible sets         0 orders tried  current cost 3
    W_14: 50505s  114,565,328,600 steps   583859 feasible sets         0 orders tried  current cost 6
    W_14: 50520s  114,599,913,400 steps   584035 feasible sets         0 orders tried  current cost 4
    W_14: 50535s  114,634,536,200 steps   584239 feasible sets         0 orders tried  current cost 5
    W_14: 50550s  114,668,854,600 steps   584444 feasible sets         0 orders tried  current cost 3
    W_14: 50565s  114,703,348,600 steps   584586 feasible sets         0 orders tried  current cost 4
    W_14: 50580s  114,738,085,400 steps   584765 feasible sets         0 orders tried  current cost 5
    W_14: 50595s  114,772,642,200 steps   584971 feasible sets         0 orders tried  current cost 13
    W_14: 50610s  114,807,194,800 steps   585140 feasible sets         0 orders tried  current cost 2
    W_14: 50625s  114,841,672,600 steps   585325 feasible sets         0 orders tried  current cost 3
    W_14: 50640s  114,876,103,000 steps   585520 feasible sets         0 orders tried  current cost 16
    W_14: 50655s  114,910,701,200 steps   585672 feasible sets         0 orders tried  current cost 10
    W_14: 50670s  114,945,374,600 steps   585828 feasible sets         0 orders tried  current cost 3
    W_14: 50685s  114,979,676,800 steps   585977 feasible sets         0 orders tried  current cost 3
    W_14: 50700s  115,014,505,200 steps   586151 feasible sets         0 orders tried  current cost 14
    W_14: 50715s  115,048,787,800 steps   586312 feasible sets         0 orders tried  current cost 6
    W_14: 50730s  115,082,734,000 steps   586475 feasible sets         0 orders tried  current cost 3
    W_14: 50745s  115,117,190,000 steps   586657 feasible sets         0 orders tried  current cost 3
    W_14: 50760s  115,151,431,000 steps   586886 feasible sets         0 orders tried  current cost 4
    W_14: 50775s  115,185,629,000 steps   587099 feasible sets         0 orders tried  current cost 2
    W_14: 50790s  115,219,987,400 steps   587300 feasible sets         0 orders tried  current cost 6
    W_14: 50805s  115,254,452,400 steps   587499 feasible sets         0 orders tried  current cost 3
    W_14: 50820s  115,289,168,600 steps   587718 feasible sets         0 orders tried  current cost 1
    W_14: 50835s  115,323,442,800 steps   587944 feasible sets         0 orders tried  current cost 11
    W_14: 50850s  115,358,509,800 steps   588156 feasible sets         0 orders tried  current cost 1
    W_14: 50865s  115,392,724,200 steps   588301 feasible sets         0 orders tried  current cost 10
    W_14: 50880s  115,427,525,400 steps   588481 feasible sets         0 orders tried  current cost 8
    W_14: 50895s  115,462,188,800 steps   588679 feasible sets         0 orders tried  current cost 3
    W_14: 50910s  115,496,552,000 steps   588873 feasible sets         0 orders tried  current cost 3
    W_14: 50925s  115,530,566,400 steps   589021 feasible sets         0 orders tried  current cost 6
    W_14: 50940s  115,565,062,600 steps   589183 feasible sets         0 orders tried  current cost 10
    W_14: 50955s  115,599,764,600 steps   589325 feasible sets         0 orders tried  current cost 11
    W_14: 50970s  115,634,114,400 steps   589491 feasible sets         0 orders tried  current cost 3
    W_14: 50985s  115,668,374,400 steps   589655 feasible sets         0 orders tried  current cost 3
    W_14: 51000s  115,702,585,800 steps   589861 feasible sets         0 orders tried  current cost 6
    W_14: 51015s  115,737,396,000 steps   590020 feasible sets         0 orders tried  current cost 5
    W_14: 51030s  115,772,108,400 steps   590155 feasible sets         0 orders tried  current cost 6
    W_14: 51045s  115,806,330,400 steps   590368 feasible sets         0 orders tried  current cost 4
    W_14: 51060s  115,840,894,000 steps   590581 feasible sets         0 orders tried  current cost 3
    W_14: 51075s  115,875,460,400 steps   590760 feasible sets         0 orders tried  current cost 14
    W_14: 51090s  115,909,481,800 steps   590954 feasible sets         0 orders tried  current cost 10
    W_14: 51105s  115,943,665,400 steps   591143 feasible sets         0 orders tried  current cost 6
    W_14: 51120s  115,977,660,800 steps   591320 feasible sets         0 orders tried  current cost 15
    W_14: 51135s  116,012,031,600 steps   591471 feasible sets         0 orders tried  current cost 4
    W_14: 51150s  116,046,382,600 steps   591659 feasible sets         0 orders tried  current cost 9
    W_14: 51165s  116,080,642,600 steps   591845 feasible sets         0 orders tried  current cost 8
    W_14: 51180s  116,114,854,200 steps   592025 feasible sets         0 orders tried  current cost 3
    W_14: 51195s  116,149,337,800 steps   592202 feasible sets         0 orders tried  current cost 3
    W_14: 51210s  116,183,588,800 steps   592402 feasible sets         0 orders tried  current cost 5
    W_14: 51225s  116,217,837,000 steps   592622 feasible sets         0 orders tried  current cost 1
    W_14: 51240s  116,252,605,400 steps   592775 feasible sets         0 orders tried  current cost 7
    W_14: 51255s  116,287,442,600 steps   592961 feasible sets         0 orders tried  current cost 12
    W_14: 51270s  116,322,214,800 steps   593122 feasible sets         0 orders tried  current cost 4
    W_14: 51285s  116,356,960,800 steps   593292 feasible sets         0 orders tried  current cost 12
    W_14: 51300s  116,391,940,600 steps   593456 feasible sets         0 orders tried  current cost 12
    W_14: 51315s  116,426,389,800 steps   593619 feasible sets         0 orders tried  current cost 6
    W_14: 51330s  116,460,872,200 steps   593783 feasible sets         0 orders tried  current cost 4
    W_14: 51345s  116,495,432,200 steps   593984 feasible sets         0 orders tried  current cost 1
    W_14: 51360s  116,529,949,400 steps   594142 feasible sets         0 orders tried  current cost 4
    W_14: 51375s  116,564,461,800 steps   594328 feasible sets         0 orders tried  current cost 15
    W_14: 51390s  116,599,632,200 steps   594504 feasible sets         0 orders tried  current cost 2
    W_14: 51405s  116,633,863,200 steps   594650 feasible sets         0 orders tried  current cost 9
    W_14: 51420s  116,668,363,200 steps   594900 feasible sets         0 orders tried  current cost 7
    W_14: 51435s  116,702,860,000 steps   595077 feasible sets         0 orders tried  current cost 4
    W_14: 51450s  116,737,305,000 steps   595235 feasible sets         0 orders tried  current cost 9
    W_14: 51465s  116,772,349,000 steps   595402 feasible sets         0 orders tried  current cost 8
    W_14: 51480s  116,806,546,200 steps   595576 feasible sets         0 orders tried  current cost 11
    W_14: 51495s  116,841,246,800 steps   595778 feasible sets         0 orders tried  current cost 7
    W_14: 51510s  116,875,470,000 steps   595991 feasible sets         0 orders tried  current cost 3
    W_14: 51525s  116,909,831,200 steps   596186 feasible sets         0 orders tried  current cost 2
    W_14: 51540s  116,944,479,200 steps   596387 feasible sets         0 orders tried  current cost 2
    W_14: 51555s  116,978,550,000 steps   596547 feasible sets         0 orders tried  current cost 5
    W_14: 51570s  117,013,556,800 steps   596739 feasible sets         0 orders tried  current cost 4
    W_14: 51585s  117,048,033,400 steps   596906 feasible sets         0 orders tried  current cost 5
    W_14: 51600s  117,082,112,600 steps   597093 feasible sets         0 orders tried  current cost 3
    W_14: 51615s  117,116,605,400 steps   597305 feasible sets         0 orders tried  current cost 10
    W_14: 51630s  117,150,876,800 steps   597477 feasible sets         0 orders tried  current cost 5
    W_14: 51645s  117,185,280,200 steps   597687 feasible sets         0 orders tried  current cost 11
    W_14: 51660s  117,219,801,800 steps   597844 feasible sets         0 orders tried  current cost 10
    W_14: 51675s  117,254,526,800 steps   598022 feasible sets         0 orders tried  current cost 8
    W_14: 51690s  117,289,282,400 steps   598212 feasible sets         0 orders tried  current cost 10
    W_14: 51705s  117,323,716,600 steps   598391 feasible sets         0 orders tried  current cost 3
    W_14: 51720s  117,358,515,000 steps   598562 feasible sets         0 orders tried  current cost 5
    W_14: 51735s  117,392,923,200 steps   598744 feasible sets         0 orders tried  current cost 10
    W_14: 51750s  117,427,509,400 steps   598911 feasible sets         0 orders tried  current cost 4
    W_14: 51765s  117,462,028,200 steps   599077 feasible sets         0 orders tried  current cost 4
    W_14: 51780s  117,496,108,600 steps   599225 feasible sets         0 orders tried  current cost 4
    W_14: 51795s  117,530,669,800 steps   599396 feasible sets         0 orders tried  current cost 1
    W_14: 51810s  117,565,236,600 steps   599616 feasible sets         0 orders tried  current cost 3
    W_14: 51825s  117,599,888,200 steps   599772 feasible sets         0 orders tried  current cost 3
    W_14: 51840s  117,634,134,600 steps   599952 feasible sets         0 orders tried  current cost 4
    W_14: 51855s  117,668,551,800 steps   600122 feasible sets         0 orders tried  current cost 3
    W_14: 51870s  117,703,010,600 steps   600308 feasible sets         0 orders tried  current cost 5
    W_14: 51885s  117,737,531,800 steps   600481 feasible sets         0 orders tried  current cost 5
    W_14: 51900s  117,772,470,800 steps   600651 feasible sets         0 orders tried  current cost 1
    W_14: 51915s  117,807,349,600 steps   600840 feasible sets         0 orders tried  current cost 6
    W_14: 51930s  117,842,100,600 steps   601044 feasible sets         0 orders tried  current cost 8
    W_14: 51945s  117,876,346,800 steps   601222 feasible sets         0 orders tried  current cost 6
    W_14: 51960s  117,910,793,200 steps   601368 feasible sets         0 orders tried  current cost 4
    W_14: 51975s  117,945,459,800 steps   601580 feasible sets         0 orders tried  current cost 1
    W_14: 51990s  117,979,671,600 steps   601763 feasible sets         0 orders tried  current cost 3
    W_14: 52005s  118,014,182,600 steps   601986 feasible sets         0 orders tried  current cost 12
    W_14: 52020s  118,048,769,200 steps   602148 feasible sets         0 orders tried  current cost 5
    W_14: 52035s  118,083,578,400 steps   602371 feasible sets         0 orders tried  current cost 2
    W_14: 52050s  118,117,763,800 steps   602517 feasible sets         0 orders tried  current cost 6
    W_14: 52065s  118,152,503,600 steps   602685 feasible sets         0 orders tried  current cost 11
    W_14: 52080s  118,186,571,400 steps   602878 feasible sets         0 orders tried  current cost 5
    W_14: 52095s  118,221,139,600 steps   603072 feasible sets         0 orders tried  current cost 1
    W_14: 52110s  118,255,565,400 steps   603269 feasible sets         0 orders tried  current cost 8
    W_14: 52125s  118,289,444,400 steps   603449 feasible sets         0 orders tried  current cost 7
    W_14: 52140s  118,323,679,800 steps   603590 feasible sets         0 orders tried  current cost 4
    W_14: 52155s  118,357,844,400 steps   603770 feasible sets         0 orders tried  current cost 10
    W_14: 52170s  118,392,106,600 steps   603935 feasible sets         0 orders tried  current cost 5
    W_14: 52185s  118,426,446,800 steps   604114 feasible sets         0 orders tried  current cost 7
    W_14: 52200s  118,461,017,000 steps   604284 feasible sets         0 orders tried  current cost 2
    W_14: 52215s  118,495,147,600 steps   604453 feasible sets         0 orders tried  current cost 2
    W_14: 52230s  118,529,695,600 steps   604618 feasible sets         0 orders tried  current cost 2
    W_14: 52245s  118,564,177,600 steps   604795 feasible sets         0 orders tried  current cost 3
    W_14: 52260s  118,599,008,000 steps   605020 feasible sets         0 orders tried  current cost 6
    W_14: 52275s  118,633,469,800 steps   605192 feasible sets         0 orders tried  current cost 3
    W_14: 52290s  118,667,920,800 steps   605359 feasible sets         0 orders tried  current cost 13
    W_14: 52305s  118,702,531,800 steps   605566 feasible sets         0 orders tried  current cost 2
    W_14: 52320s  118,737,334,200 steps   605736 feasible sets         0 orders tried  current cost 3
    W_14: 52335s  118,771,793,600 steps   605888 feasible sets         0 orders tried  current cost 1
    W_14: 52350s  118,806,067,200 steps   606116 feasible sets         0 orders tried  current cost 6
    W_14: 52365s  118,840,582,600 steps   606264 feasible sets         0 orders tried  current cost 11
    W_14: 52380s  118,875,024,800 steps   606429 feasible sets         0 orders tried  current cost 9
    W_14: 52395s  118,909,787,200 steps   606607 feasible sets         0 orders tried  current cost 7
    W_14: 52410s  118,944,299,400 steps   606777 feasible sets         0 orders tried  current cost 1
    W_14: 52425s  118,978,800,200 steps   606951 feasible sets         0 orders tried  current cost 12
    W_14: 52440s  119,013,119,600 steps   607106 feasible sets         0 orders tried  current cost 1
    W_14: 52455s  119,047,321,600 steps   607301 feasible sets         0 orders tried  current cost 11
    W_14: 52470s  119,082,314,200 steps   607490 feasible sets         0 orders tried  current cost 4
    W_14: 52485s  119,116,626,600 steps   607665 feasible sets         0 orders tried  current cost 6
    W_14: 52500s  119,150,983,200 steps   607836 feasible sets         0 orders tried  current cost 10
    W_14: 52515s  119,185,419,600 steps   608021 feasible sets         0 orders tried  current cost 1
    W_14: 52530s  119,220,050,800 steps   608214 feasible sets         0 orders tried  current cost 5
    W_14: 52545s  119,254,465,800 steps   608367 feasible sets         0 orders tried  current cost 6
    W_14: 52560s  119,288,937,400 steps   608565 feasible sets         0 orders tried  current cost 4
    W_14: 52575s  119,323,584,600 steps   608742 feasible sets         0 orders tried  current cost 9
    W_14: 52590s  119,358,464,000 steps   608938 feasible sets         0 orders tried  current cost 7
    W_14: 52605s  119,392,831,600 steps   609131 feasible sets         0 orders tried  current cost 4
    W_14: 52620s  119,427,187,600 steps   609296 feasible sets         0 orders tried  current cost 7
    W_14: 52635s  119,461,695,400 steps   609452 feasible sets         0 orders tried  current cost 3
    W_14: 52650s  119,495,849,400 steps   609637 feasible sets         0 orders tried  current cost 4
    W_14: 52665s  119,530,461,400 steps   609805 feasible sets         0 orders tried  current cost 10
    W_14: 52680s  119,564,933,600 steps   610002 feasible sets         0 orders tried  current cost 4
    W_14: 52695s  119,599,441,600 steps   610130 feasible sets         0 orders tried  current cost 9
    W_14: 52710s  119,634,245,600 steps   610334 feasible sets         0 orders tried  current cost 8
    W_14: 52725s  119,668,649,400 steps   610501 feasible sets         0 orders tried  current cost 5
    W_14: 52740s  119,702,916,200 steps   610682 feasible sets         0 orders tried  current cost 3
    W_14: 52755s  119,737,728,400 steps   610832 feasible sets         0 orders tried  current cost 6
    W_14: 52770s  119,772,183,200 steps   611018 feasible sets         0 orders tried  current cost 11
    W_14: 52785s  119,806,996,800 steps   611210 feasible sets         0 orders tried  current cost 5
    W_14: 52800s  119,841,405,400 steps   611357 feasible sets         0 orders tried  current cost 5
    W_14: 52815s  119,875,545,200 steps   611535 feasible sets         0 orders tried  current cost 8
    W_14: 52830s  119,909,776,400 steps   611730 feasible sets         0 orders tried  current cost 5
    W_14: 52845s  119,944,211,600 steps   611922 feasible sets         0 orders tried  current cost 5
    W_14: 52860s  119,978,662,000 steps   612083 feasible sets         0 orders tried  current cost 12
    W_14: 52875s  120,012,969,200 steps   612257 feasible sets         0 orders tried  current cost 4
    W_14: 52890s  120,047,448,400 steps   612428 feasible sets         0 orders tried  current cost 7
    W_14: 52905s  120,082,035,200 steps   612626 feasible sets         0 orders tried  current cost 4
    W_14: 52920s  120,116,861,400 steps   612800 feasible sets         0 orders tried  current cost 11
    W_14: 52935s  120,151,488,400 steps   612960 feasible sets         0 orders tried  current cost 7
    W_14: 52950s  120,185,904,400 steps   613138 feasible sets         0 orders tried  current cost 14
    W_14: 52965s  120,220,173,200 steps   613327 feasible sets         0 orders tried  current cost 2
    W_14: 52980s  120,254,807,600 steps   613489 feasible sets         0 orders tried  current cost 5
    W_14: 52995s  120,288,968,200 steps   613704 feasible sets         0 orders tried  current cost 4
    W_14: 53010s  120,323,660,000 steps   613877 feasible sets         0 orders tried  current cost 3
    W_14: 53025s  120,358,503,400 steps   614018 feasible sets         0 orders tried  current cost 7
    W_14: 53040s  120,393,146,800 steps   614167 feasible sets         0 orders tried  current cost 8
    W_14: 53055s  120,427,786,000 steps   614345 feasible sets         0 orders tried  current cost 10
    W_14: 53070s  120,462,238,000 steps   614477 feasible sets         0 orders tried  current cost 5
    W_14: 53085s  120,497,056,600 steps   614639 feasible sets         0 orders tried  current cost 4
    W_14: 53100s  120,531,991,200 steps   614782 feasible sets         0 orders tried  current cost 2
    W_14: 53115s  120,566,399,400 steps   614954 feasible sets         0 orders tried  current cost 2
    W_14: 53130s  120,600,950,800 steps   615122 feasible sets         0 orders tried  current cost 5
    W_14: 53145s  120,635,718,400 steps   615300 feasible sets         0 orders tried  current cost 2
    W_14: 53160s  120,669,974,200 steps   615483 feasible sets         0 orders tried  current cost 1
    W_14: 53175s  120,704,435,000 steps   615667 feasible sets         0 orders tried  current cost 4
    W_14: 53190s  120,738,854,600 steps   615856 feasible sets         0 orders tried  current cost 1
    W_14: 53205s  120,773,339,400 steps   615987 feasible sets         0 orders tried  current cost 1
    W_14: 53220s  120,808,156,600 steps   616169 feasible sets         0 orders tried  current cost 4
    W_14: 53235s  120,843,316,000 steps   616334 feasible sets         0 orders tried  current cost 1
    W_14: 53250s  120,877,404,000 steps   616535 feasible sets         0 orders tried  current cost 5
    W_14: 53265s  120,912,008,400 steps   616709 feasible sets         0 orders tried  current cost 7
    W_14: 53280s  120,946,569,200 steps   616910 feasible sets         0 orders tried  current cost 6
    W_14: 53295s  120,980,640,200 steps   617092 feasible sets         0 orders tried  current cost 11
    W_14: 53310s  121,015,141,400 steps   617264 feasible sets         0 orders tried  current cost 11
    W_14: 53325s  121,049,725,400 steps   617406 feasible sets         0 orders tried  current cost 10
    W_14: 53340s  121,083,965,000 steps   617555 feasible sets         0 orders tried  current cost 8
    W_14: 53355s  121,118,816,400 steps   617743 feasible sets         0 orders tried  current cost 3
    W_14: 53370s  121,153,469,600 steps   617895 feasible sets         0 orders tried  current cost 5
    W_14: 53385s  121,187,977,000 steps   618075 feasible sets         0 orders tried  current cost 3
    W_14: 53400s  121,222,508,000 steps   618261 feasible sets         0 orders tried  current cost 4
    W_14: 53415s  121,257,181,200 steps   618416 feasible sets         0 orders tried  current cost 12
    W_14: 53430s  121,291,604,000 steps   618639 feasible sets         0 orders tried  current cost 8
    W_14: 53445s  121,326,076,800 steps   618794 feasible sets         0 orders tried  current cost 2
    W_14: 53460s  121,360,444,600 steps   618980 feasible sets         0 orders tried  current cost 6
    W_14: 53475s  121,394,784,000 steps   619153 feasible sets         0 orders tried  current cost 10
    W_14: 53490s  121,429,531,200 steps   619315 feasible sets         0 orders tried  current cost 3
    W_14: 53505s  121,464,019,800 steps   619519 feasible sets         0 orders tried  current cost 4
    W_14: 53520s  121,498,791,000 steps   619708 feasible sets         0 orders tried  current cost 3
    W_14: 53535s  121,533,354,400 steps   619859 feasible sets         0 orders tried  current cost 4
    W_14: 53550s  121,567,776,600 steps   620028 feasible sets         0 orders tried  current cost 3
    W_14: 53565s  121,602,653,000 steps   620180 feasible sets         0 orders tried  current cost 3
    W_14: 53580s  121,637,366,800 steps   620373 feasible sets         0 orders tried  current cost 5
    W_14: 53595s  121,671,600,800 steps   620536 feasible sets         0 orders tried  current cost 8
    W_14: 53610s  121,705,866,400 steps   620703 feasible sets         0 orders tried  current cost 3
    W_14: 53625s  121,740,538,800 steps   620845 feasible sets         0 orders tried  current cost 1
    W_14: 53640s  121,774,966,200 steps   621012 feasible sets         0 orders tried  current cost 10
    W_14: 53655s  121,809,368,000 steps   621178 feasible sets         0 orders tried  current cost 7
    W_14: 53670s  121,843,991,000 steps   621360 feasible sets         0 orders tried  current cost 3
    W_14: 53685s  121,878,531,600 steps   621530 feasible sets         0 orders tried  current cost 4
    W_14: 53700s  121,912,830,200 steps   621703 feasible sets         0 orders tried  current cost 3
    W_14: 53715s  121,947,397,200 steps   621860 feasible sets         0 orders tried  current cost 2
    W_14: 53730s  121,982,197,000 steps   622035 feasible sets         0 orders tried  current cost 1
    W_14: 53745s  122,016,156,200 steps   622212 feasible sets         0 orders tried  current cost 2
    W_14: 53760s  122,050,216,200 steps   622409 feasible sets         0 orders tried  current cost 3
    W_14: 53775s  122,084,733,400 steps   622573 feasible sets         0 orders tried  current cost 4
    W_14: 53790s  122,116,745,200 steps   622755 feasible sets         0 orders tried  current cost 13
    W_14: 53805s  122,151,435,000 steps   622922 feasible sets         0 orders tried  current cost 5
    W_14: 53820s  122,185,976,200 steps   623119 feasible sets         0 orders tried  current cost 3
    W_14: 53835s  122,220,314,600 steps   623318 feasible sets         0 orders tried  current cost 2
    W_14: 53850s  122,254,299,000 steps   623478 feasible sets         0 orders tried  current cost 3
    W_14: 53865s  122,288,696,000 steps   623632 feasible sets         0 orders tried  current cost 2
    W_14: 53880s  122,323,159,400 steps   623821 feasible sets         0 orders tried  current cost 3
    W_14: 53895s  122,357,567,000 steps   623995 feasible sets         0 orders tried  current cost 7
    W_14: 53910s  122,391,625,600 steps   624137 feasible sets         0 orders tried  current cost 10
    W_14: 53925s  122,426,018,400 steps   624305 feasible sets         0 orders tried  current cost 4
    W_14: 53940s  122,460,616,400 steps   624502 feasible sets         0 orders tried  current cost 3
    W_14: 53955s  122,494,823,200 steps   624686 feasible sets         0 orders tried  current cost 8
    W_14: 53970s  122,528,659,600 steps   624876 feasible sets         0 orders tried  current cost 5
    W_14: 53985s  122,562,734,400 steps   625074 feasible sets         0 orders tried  current cost 4
    W_14: 54000s  122,597,298,400 steps   625254 feasible sets         0 orders tried  current cost 4
    W_14: 54015s  122,631,482,600 steps   625456 feasible sets         0 orders tried  current cost 12
    W_14: 54030s  122,665,269,800 steps   625612 feasible sets         0 orders tried  current cost 6
    W_14: 54045s  122,699,522,200 steps   625768 feasible sets         0 orders tried  current cost 13
    W_14: 54060s  122,733,035,000 steps   625954 feasible sets         0 orders tried  current cost 3
    W_14: 54075s  122,765,372,200 steps   626109 feasible sets         0 orders tried  current cost 4
    W_14: 54090s  122,798,839,200 steps   626271 feasible sets         0 orders tried  current cost 2
    W_14: 54105s  122,832,541,200 steps   626435 feasible sets         0 orders tried  current cost 12
    W_14: 54120s  122,866,586,200 steps   626625 feasible sets         0 orders tried  current cost 7
    W_14: 54135s  122,900,775,800 steps   626827 feasible sets         0 orders tried  current cost 3
    W_14: 54150s  122,934,854,000 steps   627018 feasible sets         0 orders tried  current cost 1
    W_14: 54165s  122,969,222,800 steps   627226 feasible sets         0 orders tried  current cost 14
    W_14: 54180s  123,003,696,800 steps   627408 feasible sets         0 orders tried  current cost 1
    W_14: 54195s  123,038,452,000 steps   627574 feasible sets         0 orders tried  current cost 3
    W_14: 54210s  123,072,638,200 steps   627758 feasible sets         0 orders tried  current cost 1
    W_14: 54225s  123,106,961,200 steps   627927 feasible sets         0 orders tried  current cost 11
    W_14: 54240s  123,140,647,600 steps   628081 feasible sets         0 orders tried  current cost 7
    W_14: 54255s  123,174,507,800 steps   628268 feasible sets         0 orders tried  current cost 5
    W_14: 54270s  123,208,460,800 steps   628458 feasible sets         0 orders tried  current cost 9
    W_14: 54285s  123,242,238,400 steps   628648 feasible sets         0 orders tried  current cost 4
    W_14: 54300s  123,276,030,800 steps   628828 feasible sets         0 orders tried  current cost 5
    W_14: 54315s  123,309,809,400 steps   628985 feasible sets         0 orders tried  current cost 6
    W_14: 54330s  123,343,422,600 steps   629151 feasible sets         0 orders tried  current cost 12
    W_14: 54345s  123,377,753,400 steps   629291 feasible sets         0 orders tried  current cost 3
    W_14: 54360s  123,410,835,000 steps   629474 feasible sets         0 orders tried  current cost 2
    W_14: 54375s  123,442,425,200 steps   629624 feasible sets         0 orders tried  current cost 8
    W_14: 54390s  123,475,668,800 steps   629816 feasible sets         0 orders tried  current cost 5
    W_14: 54405s  123,509,687,400 steps   630004 feasible sets         0 orders tried  current cost 6
    W_14: 54420s  123,543,431,200 steps   630181 feasible sets         0 orders tried  current cost 1
    W_14: 54435s  123,577,305,000 steps   630366 feasible sets         0 orders tried  current cost 10
    W_14: 54450s  123,611,498,200 steps   630555 feasible sets         0 orders tried  current cost 1
    W_14: 54465s  123,645,581,000 steps   630704 feasible sets         0 orders tried  current cost 8
    W_14: 54480s  123,679,155,200 steps   630898 feasible sets         0 orders tried  current cost 4
    W_14: 54495s  123,713,623,000 steps   631052 feasible sets         0 orders tried  current cost 10
    W_14: 54510s  123,747,783,400 steps   631204 feasible sets         0 orders tried  current cost 12
    W_14: 54525s  123,781,987,600 steps   631362 feasible sets         0 orders tried  current cost 6
    W_14: 54540s  123,815,981,400 steps   631564 feasible sets         0 orders tried  current cost 13
    W_14: 54555s  123,850,589,600 steps   631730 feasible sets         0 orders tried  current cost 4
    W_14: 54570s  123,884,650,800 steps   631892 feasible sets         0 orders tried  current cost 3
    W_14: 54585s  123,918,628,800 steps   632044 feasible sets         0 orders tried  current cost 5
    W_14: 54600s  123,952,732,000 steps   632252 feasible sets         0 orders tried  current cost 2
    W_14: 54615s  123,986,643,600 steps   632396 feasible sets         0 orders tried  current cost 7
    W_14: 54630s  124,020,851,800 steps   632586 feasible sets         0 orders tried  current cost 5
    W_14: 54645s  124,054,836,000 steps   632787 feasible sets         0 orders tried  current cost 3
    W_14: 54660s  124,089,046,800 steps   632937 feasible sets         0 orders tried  current cost 7
    W_14: 54675s  124,123,195,000 steps   633119 feasible sets         0 orders tried  current cost 4
    W_14: 54690s  124,157,382,600 steps   633289 feasible sets         0 orders tried  current cost 14
    W_14: 54705s  124,191,700,400 steps   633482 feasible sets         0 orders tried  current cost 12
    W_14: 54720s  124,225,920,400 steps   633677 feasible sets         0 orders tried  current cost 18
    W_14: 54735s  124,259,516,800 steps   633864 feasible sets         0 orders tried  current cost 3
    W_14: 54750s  124,293,734,600 steps   634049 feasible sets         0 orders tried  current cost 2
    W_14: 54765s  124,327,124,000 steps   634240 feasible sets         0 orders tried  current cost 6
    W_14: 54780s  124,358,503,600 steps   634401 feasible sets         0 orders tried  current cost 11
    W_14: 54795s  124,392,244,400 steps   634585 feasible sets         0 orders tried  current cost 12
    W_14: 54810s  124,426,652,000 steps   634746 feasible sets         0 orders tried  current cost 3
    W_14: 54825s  124,460,410,600 steps   634882 feasible sets         0 orders tried  current cost 3
    W_14: 54840s  124,494,603,800 steps   635045 feasible sets         0 orders tried  current cost 10
    W_14: 54855s  124,528,705,400 steps   635206 feasible sets         0 orders tried  current cost 9
    W_14: 54870s  124,562,559,600 steps   635403 feasible sets         0 orders tried  current cost 3
    W_14: 54885s  124,596,318,800 steps   635587 feasible sets         0 orders tried  current cost 2
    W_14: 54900s  124,630,631,400 steps   635775 feasible sets         0 orders tried  current cost 2
    W_14: 54915s  124,664,467,200 steps   635978 feasible sets         0 orders tried  current cost 9
    W_14: 54930s  124,698,581,600 steps   636162 feasible sets         0 orders tried  current cost 14
    W_14: 54945s  124,732,268,200 steps   636339 feasible sets         0 orders tried  current cost 6
    W_14: 54960s  124,766,183,600 steps   636516 feasible sets         0 orders tried  current cost 10
    W_14: 54975s  124,799,593,200 steps   636704 feasible sets         0 orders tried  current cost 3
    W_14: 54990s  124,832,155,200 steps   636840 feasible sets         0 orders tried  current cost 3
    W_14: 55005s  124,862,160,800 steps   637003 feasible sets         0 orders tried  current cost 8
    W_14: 55020s  124,892,993,000 steps   637182 feasible sets         0 orders tried  current cost 4
    W_14: 55035s  124,926,616,400 steps   637336 feasible sets         0 orders tried  current cost 3
    W_14: 55050s  124,960,884,000 steps   637508 feasible sets         0 orders tried  current cost 9
    W_14: 55065s  124,994,731,200 steps   637651 feasible sets         0 orders tried  current cost 3
    W_14: 55080s  125,029,012,600 steps   637786 feasible sets         0 orders tried  current cost 2
    W_14: 55095s  125,063,310,400 steps   637970 feasible sets         0 orders tried  current cost 4
    W_14: 55110s  125,097,374,800 steps   638156 feasible sets         0 orders tried  current cost 3
    W_14: 55125s  125,131,314,800 steps   638324 feasible sets         0 orders tried  current cost 3
    W_14: 55140s  125,165,074,800 steps   638444 feasible sets         0 orders tried  current cost 1
    W_14: 55155s  125,198,236,200 steps   638650 feasible sets         0 orders tried  current cost 4
    W_14: 55170s  125,233,413,800 steps   638804 feasible sets         0 orders tried  current cost 4
    W_14: 55185s  125,268,432,200 steps   638967 feasible sets         0 orders tried  current cost 4
    W_14: 55200s  125,303,360,200 steps   639113 feasible sets         0 orders tried  current cost 11
    W_14: 55215s  125,338,656,800 steps   639332 feasible sets         0 orders tried  current cost 2
    W_14: 55230s  125,373,719,400 steps   639542 feasible sets         0 orders tried  current cost 1
    W_14: 55245s  125,409,095,400 steps   639749 feasible sets         0 orders tried  current cost 2
    W_14: 55260s  125,443,512,400 steps   639946 feasible sets         0 orders tried  current cost 3
    W_14: 55275s  125,478,372,600 steps   640114 feasible sets         0 orders tried  current cost 1
    W_14: 55290s  125,513,357,200 steps   640305 feasible sets         0 orders tried  current cost 5
    W_14: 55305s  125,548,447,200 steps   640487 feasible sets         0 orders tried  current cost 7
    W_14: 55320s  125,583,352,600 steps   640659 feasible sets         0 orders tried  current cost 2
    W_14: 55335s  125,618,233,400 steps   640845 feasible sets         0 orders tried  current cost 6
    W_14: 55350s  125,653,018,400 steps   641020 feasible sets         0 orders tried  current cost 1
    W_14: 55365s  125,688,190,200 steps   641175 feasible sets         0 orders tried  current cost 6
    W_14: 55380s  125,722,922,600 steps   641362 feasible sets         0 orders tried  current cost 11
    W_14: 55395s  125,758,080,200 steps   641548 feasible sets         0 orders tried  current cost 12
    W_14: 55410s  125,792,661,000 steps   641735 feasible sets         0 orders tried  current cost 15
    W_14: 55425s  125,827,794,800 steps   641897 feasible sets         0 orders tried  current cost 4
    W_14: 55440s  125,862,940,000 steps   642104 feasible sets         0 orders tried  current cost 3
    W_14: 55455s  125,898,169,800 steps   642254 feasible sets         0 orders tried  current cost 6
    W_14: 55470s  125,933,324,600 steps   642460 feasible sets         0 orders tried  current cost 9
    W_14: 55485s  125,967,916,000 steps   642606 feasible sets         0 orders tried  current cost 4
    W_14: 55500s  126,002,559,200 steps   642761 feasible sets         0 orders tried  current cost 3
    W_14: 55515s  126,036,778,200 steps   642932 feasible sets         0 orders tried  current cost 2
    W_14: 55530s  126,071,880,600 steps   643110 feasible sets         0 orders tried  current cost 14
    W_14: 55545s  126,107,130,800 steps   643306 feasible sets         0 orders tried  current cost 6
    W_14: 55560s  126,142,206,000 steps   643482 feasible sets         0 orders tried  current cost 6
    W_14: 55575s  126,177,628,000 steps   643666 feasible sets         0 orders tried  current cost 6
    W_14: 55590s  126,212,543,400 steps   643797 feasible sets         0 orders tried  current cost 10
    W_14: 55605s  126,247,884,200 steps   644002 feasible sets         0 orders tried  current cost 11
    W_14: 55620s  126,282,891,200 steps   644164 feasible sets         0 orders tried  current cost 5
    W_14: 55635s  126,317,970,200 steps   644345 feasible sets         0 orders tried  current cost 3
    W_14: 55650s  126,353,580,200 steps   644509 feasible sets         0 orders tried  current cost 11
    W_14: 55665s  126,388,425,400 steps   644672 feasible sets         0 orders tried  current cost 7
    W_14: 55680s  126,423,875,000 steps   644856 feasible sets         0 orders tried  current cost 4
    W_14: 55695s  126,459,587,000 steps   645041 feasible sets         0 orders tried  current cost 6
    W_14: 55710s  126,494,660,000 steps   645232 feasible sets         0 orders tried  current cost 1
    W_14: 55725s  126,530,013,400 steps   645404 feasible sets         0 orders tried  current cost 5
    W_14: 55740s  126,565,500,000 steps   645557 feasible sets         0 orders tried  current cost 3
    W_14: 55755s  126,600,469,600 steps   645751 feasible sets         0 orders tried  current cost 6
    W_14: 55770s  126,635,209,800 steps   645964 feasible sets         0 orders tried  current cost 2
    W_14: 55785s  126,670,462,400 steps   646173 feasible sets         0 orders tried  current cost 20
    W_14: 55800s  126,705,735,800 steps   646351 feasible sets         0 orders tried  current cost 1
    W_14: 55815s  126,741,008,200 steps   646553 feasible sets         0 orders tried  current cost 6
    W_14: 55830s  126,776,607,400 steps   646746 feasible sets         0 orders tried  current cost 5
    W_14: 55845s  126,811,707,800 steps   646950 feasible sets         0 orders tried  current cost 5
    W_14: 55860s  126,846,826,200 steps   647126 feasible sets         0 orders tried  current cost 7
    W_14: 55875s  126,882,211,000 steps   647299 feasible sets         0 orders tried  current cost 5
    W_14: 55890s  126,917,950,600 steps   647478 feasible sets         0 orders tried  current cost 3
    W_14: 55905s  126,953,215,000 steps   647688 feasible sets         0 orders tried  current cost 2
    W_14: 55920s  126,987,900,600 steps   647913 feasible sets         0 orders tried  current cost 15
    W_14: 55935s  127,023,466,000 steps   648082 feasible sets         0 orders tried  current cost 6
    W_14: 55950s  127,058,862,800 steps   648278 feasible sets         0 orders tried  current cost 11
    W_14: 55965s  127,094,044,000 steps   648453 feasible sets         0 orders tried  current cost 10
    W_14: 55980s  127,129,206,000 steps   648637 feasible sets         0 orders tried  current cost 8
    W_14: 55995s  127,164,200,800 steps   648792 feasible sets         0 orders tried  current cost 14
    W_14: 56010s  127,199,229,200 steps   648939 feasible sets         0 orders tried  current cost 4
    W_14: 56025s  127,234,708,000 steps   649084 feasible sets         0 orders tried  current cost 6
    W_14: 56040s  127,270,097,600 steps   649279 feasible sets         0 orders tried  current cost 2
    W_14: 56055s  127,305,476,000 steps   649444 feasible sets         0 orders tried  current cost 1
    W_14: 56070s  127,340,757,600 steps   649611 feasible sets         0 orders tried  current cost 3
    W_14: 56085s  127,375,410,000 steps   649808 feasible sets         0 orders tried  current cost 2
    W_14: 56100s  127,410,996,800 steps   649998 feasible sets         0 orders tried  current cost 3
    W_14: 56115s  127,446,164,600 steps   650140 feasible sets         0 orders tried  current cost 9
    W_14: 56130s  127,480,714,600 steps   650320 feasible sets         0 orders tried  current cost 4
    W_14: 56145s  127,515,584,600 steps   650467 feasible sets         0 orders tried  current cost 7
    W_14: 56160s  127,550,795,000 steps   650654 feasible sets         0 orders tried  current cost 4
    W_14: 56175s  127,585,943,200 steps   650876 feasible sets         0 orders tried  current cost 12
    W_14: 56190s  127,620,814,600 steps   651056 feasible sets         0 orders tried  current cost 2
    W_14: 56205s  127,655,664,000 steps   651236 feasible sets         0 orders tried  current cost 13
    W_14: 56220s  127,690,704,800 steps   651417 feasible sets         0 orders tried  current cost 10
    W_14: 56235s  127,726,055,600 steps   651581 feasible sets         0 orders tried  current cost 2
    W_14: 56250s  127,761,014,000 steps   651768 feasible sets         0 orders tried  current cost 3
    W_14: 56265s  127,795,604,200 steps   651903 feasible sets         0 orders tried  current cost 7
    W_14: 56280s  127,830,929,200 steps   652062 feasible sets         0 orders tried  current cost 6
    W_14: 56295s  127,865,858,200 steps   652255 feasible sets         0 orders tried  current cost 3
    W_14: 56310s  127,900,638,200 steps   652452 feasible sets         0 orders tried  current cost 2
    W_14: 56325s  127,935,804,600 steps   652642 feasible sets         0 orders tried  current cost 7
    W_14: 56340s  127,970,995,800 steps   652832 feasible sets         0 orders tried  current cost 3
    W_14: 56355s  128,006,153,800 steps   653006 feasible sets         0 orders tried  current cost 2
    W_14: 56370s  128,041,164,400 steps   653137 feasible sets         0 orders tried  current cost 10
    W_14: 56385s  128,076,618,200 steps   653343 feasible sets         0 orders tried  current cost 2
    W_14: 56400s  128,111,991,600 steps   653508 feasible sets         0 orders tried  current cost 4
    W_14: 56415s  128,147,472,000 steps   653658 feasible sets         0 orders tried  current cost 3
    W_14: 56430s  128,182,337,000 steps   653850 feasible sets         0 orders tried  current cost 2
    W_14: 56445s  128,217,495,600 steps   654017 feasible sets         0 orders tried  current cost 1
    W_14: 56460s  128,252,649,400 steps   654150 feasible sets         0 orders tried  current cost 5
    W_14: 56475s  128,288,052,200 steps   654285 feasible sets         0 orders tried  current cost 3
    W_14: 56490s  128,323,015,800 steps   654444 feasible sets         0 orders tried  current cost 3
    W_14: 56505s  128,358,289,600 steps   654642 feasible sets         0 orders tried  current cost 5
    W_14: 56520s  128,393,645,600 steps   654840 feasible sets         0 orders tried  current cost 4
    W_14: 56535s  128,429,067,400 steps   654972 feasible sets         0 orders tried  current cost 6
    W_14: 56550s  128,464,221,600 steps   655164 feasible sets         0 orders tried  current cost 11
    W_14: 56565s  128,499,731,200 steps   655314 feasible sets         0 orders tried  current cost 6
    W_14: 56580s  128,534,719,800 steps   655472 feasible sets         0 orders tried  current cost 3
    W_14: 56595s  128,569,401,600 steps   655650 feasible sets         0 orders tried  current cost 22
    W_14: 56610s  128,604,703,200 steps   655846 feasible sets         0 orders tried  current cost 9
    W_14: 56625s  128,639,797,200 steps   656032 feasible sets         0 orders tried  current cost 3
    W_14: 56640s  128,674,876,800 steps   656208 feasible sets         0 orders tried  current cost 3
    W_14: 56655s  128,710,443,000 steps   656402 feasible sets         0 orders tried  current cost 11
    W_14: 56670s  128,745,778,200 steps   656579 feasible sets         0 orders tried  current cost 3
    W_14: 56685s  128,780,803,800 steps   656763 feasible sets         0 orders tried  current cost 12
    W_14: 56700s  128,815,958,000 steps   656950 feasible sets         0 orders tried  current cost 3
    W_14: 56715s  128,851,149,600 steps   657142 feasible sets         0 orders tried  current cost 7
    W_14: 56730s  128,886,164,400 steps   657316 feasible sets         0 orders tried  current cost 9
    W_14: 56745s  128,921,486,800 steps   657502 feasible sets         0 orders tried  current cost 5
    W_14: 56760s  128,956,833,600 steps   657700 feasible sets         0 orders tried  current cost 5
    W_14: 56775s  128,991,925,800 steps   657908 feasible sets         0 orders tried  current cost 7
    W_14: 56790s  129,026,976,400 steps   658129 feasible sets         0 orders tried  current cost 3
    W_14: 56805s  129,062,083,800 steps   658293 feasible sets         0 orders tried  current cost 12
    W_14: 56820s  129,096,950,800 steps   658443 feasible sets         0 orders tried  current cost 5
    W_14: 56835s  129,132,138,600 steps   658633 feasible sets         0 orders tried  current cost 2
    W_14: 56850s  129,167,893,200 steps   658821 feasible sets         0 orders tried  current cost 4
    W_14: 56865s  129,203,015,400 steps   659017 feasible sets         0 orders tried  current cost 4
    W_14: 56880s  129,238,080,600 steps   659171 feasible sets         0 orders tried  current cost 17
    W_14: 56895s  129,273,294,800 steps   659354 feasible sets         0 orders tried  current cost 3
    W_14: 56910s  129,308,828,400 steps   659521 feasible sets         0 orders tried  current cost 8
    W_14: 56925s  129,343,946,400 steps   659721 feasible sets         0 orders tried  current cost 7
    W_14: 56940s  129,379,010,000 steps   659889 feasible sets         0 orders tried  current cost 6
    W_14: 56955s  129,414,210,200 steps   660084 feasible sets         0 orders tried  current cost 4
    W_14: 56970s  129,449,720,800 steps   660304 feasible sets         0 orders tried  current cost 12
    W_14: 56985s  129,484,894,800 steps   660523 feasible sets         0 orders tried  current cost 4
    W_14: 57000s  129,519,958,200 steps   660699 feasible sets         0 orders tried  current cost 3
    W_14: 57015s  129,555,303,000 steps   660913 feasible sets         0 orders tried  current cost 10
    W_14: 57030s  129,590,825,800 steps   661095 feasible sets         0 orders tried  current cost 7
    W_14: 57045s  129,626,247,800 steps   661272 feasible sets         0 orders tried  current cost 3
    W_14: 57060s  129,661,711,800 steps   661443 feasible sets         0 orders tried  current cost 4
    W_14: 57075s  129,696,687,400 steps   661599 feasible sets         0 orders tried  current cost 4
    W_14: 57090s  129,732,169,800 steps   661803 feasible sets         0 orders tried  current cost 5
    W_14: 57105s  129,767,445,400 steps   661963 feasible sets         0 orders tried  current cost 6
    W_14: 57120s  129,802,179,600 steps   662135 feasible sets         0 orders tried  current cost 1
    W_14: 57135s  129,837,550,600 steps   662292 feasible sets         0 orders tried  current cost 4
    W_14: 57150s  129,872,982,600 steps   662468 feasible sets         0 orders tried  current cost 14
    W_14: 57165s  129,908,324,200 steps   662656 feasible sets         0 orders tried  current cost 11
    W_14: 57180s  129,943,489,600 steps   662825 feasible sets         0 orders tried  current cost 3
    W_14: 57195s  129,978,915,800 steps   663021 feasible sets         0 orders tried  current cost 3
    W_14: 57210s  130,014,410,200 steps   663185 feasible sets         0 orders tried  current cost 5
    W_14: 57225s  130,049,496,400 steps   663341 feasible sets         0 orders tried  current cost 3
    W_14: 57240s  130,084,663,400 steps   663541 feasible sets         0 orders tried  current cost 12
    W_14: 57255s  130,120,236,000 steps   663720 feasible sets         0 orders tried  current cost 2
    W_14: 57270s  130,155,095,600 steps   663900 feasible sets         0 orders tried  current cost 3
    W_14: 57285s  130,189,802,800 steps   664053 feasible sets         0 orders tried  current cost 12
    W_14: 57300s  130,224,730,400 steps   664302 feasible sets         0 orders tried  current cost 4
    W_14: 57315s  130,260,093,400 steps   664471 feasible sets         0 orders tried  current cost 3
    W_14: 57330s  130,295,739,200 steps   664629 feasible sets         0 orders tried  current cost 5
    W_14: 57345s  130,330,904,200 steps   664791 feasible sets         0 orders tried  current cost 9
    W_14: 57360s  130,365,843,000 steps   664962 feasible sets         0 orders tried  current cost 9
    W_14: 57375s  130,401,440,200 steps   665156 feasible sets         0 orders tried  current cost 18
    W_14: 57390s  130,436,943,800 steps   665355 feasible sets         0 orders tried  current cost 11
    W_14: 57405s  130,472,013,000 steps   665539 feasible sets         0 orders tried  current cost 3
    W_14: 57420s  130,507,157,600 steps   665703 feasible sets         0 orders tried  current cost 3
    W_14: 57435s  130,542,736,200 steps   665861 feasible sets         0 orders tried  current cost 2
    W_14: 57450s  130,578,145,400 steps   666079 feasible sets         0 orders tried  current cost 6
    W_14: 57465s  130,613,245,400 steps   666264 feasible sets         0 orders tried  current cost 8
    W_14: 57480s  130,648,325,800 steps   666461 feasible sets         0 orders tried  current cost 11
    W_14: 57495s  130,683,317,600 steps   666682 feasible sets         0 orders tried  current cost 3
    W_14: 57510s  130,718,757,000 steps   666856 feasible sets         0 orders tried  current cost 4
    W_14: 57525s  130,753,940,800 steps   667032 feasible sets         0 orders tried  current cost 8
    W_14: 57540s  130,789,518,600 steps   667219 feasible sets         0 orders tried  current cost 4
    W_14: 57555s  130,824,919,000 steps   667402 feasible sets         0 orders tried  current cost 3
    W_14: 57570s  130,859,967,200 steps   667564 feasible sets         0 orders tried  current cost 6
    W_14: 57585s  130,895,072,000 steps   667729 feasible sets         0 orders tried  current cost 5
    W_14: 57600s  130,929,977,400 steps   667926 feasible sets         0 orders tried  current cost 2
    W_14: 57615s  130,965,581,600 steps   668089 feasible sets         0 orders tried  current cost 11
    W_14: 57630s  131,000,617,600 steps   668290 feasible sets         0 orders tried  current cost 2
    W_14: 57645s  131,036,021,400 steps   668428 feasible sets         0 orders tried  current cost 13
    W_14: 57660s  131,070,971,600 steps   668610 feasible sets         0 orders tried  current cost 4
    W_14: 57675s  131,106,567,400 steps   668803 feasible sets         0 orders tried  current cost 7
    W_14: 57690s  131,141,910,200 steps   669007 feasible sets         0 orders tried  current cost 4
    W_14: 57705s  131,177,012,200 steps   669197 feasible sets         0 orders tried  current cost 7
    W_14: 57720s  131,212,446,000 steps   669394 feasible sets         0 orders tried  current cost 7
    W_14: 57735s  131,247,771,800 steps   669569 feasible sets         0 orders tried  current cost 2
    W_14: 57750s  131,282,721,000 steps   669732 feasible sets         0 orders tried  current cost 12
    W_14: 57765s  131,317,779,200 steps   669885 feasible sets         0 orders tried  current cost 4
    W_14: 57780s  131,352,669,400 steps   670044 feasible sets         0 orders tried  current cost 6
    W_14: 57795s  131,387,655,800 steps   670286 feasible sets         0 orders tried  current cost 2
    W_14: 57810s  131,423,244,600 steps   670461 feasible sets         0 orders tried  current cost 9
    W_14: 57825s  131,458,869,400 steps   670639 feasible sets         0 orders tried  current cost 3
    W_14: 57840s  131,493,873,400 steps   670817 feasible sets         0 orders tried  current cost 4
    W_14: 57855s  131,529,028,000 steps   670991 feasible sets         0 orders tried  current cost 6
    W_14: 57870s  131,564,107,600 steps   671185 feasible sets         0 orders tried  current cost 8
    W_14: 57885s  131,599,203,600 steps   671353 feasible sets         0 orders tried  current cost 8
    W_14: 57900s  131,634,557,800 steps   671517 feasible sets         0 orders tried  current cost 4
    W_14: 57915s  131,669,713,400 steps   671667 feasible sets         0 orders tried  current cost 3
    W_14: 57930s  131,705,148,200 steps   671842 feasible sets         0 orders tried  current cost 6
    W_14: 57945s  131,740,457,400 steps   672036 feasible sets         0 orders tried  current cost 4
    W_14: 57960s  131,775,651,200 steps   672203 feasible sets         0 orders tried  current cost 5
    W_14: 57975s  131,811,319,200 steps   672405 feasible sets         0 orders tried  current cost 4
    W_14: 57990s  131,847,065,200 steps   672599 feasible sets         0 orders tried  current cost 6
    W_14: 58005s  131,882,795,200 steps   672787 feasible sets         0 orders tried  current cost 3
    W_14: 58020s  131,918,224,800 steps   672960 feasible sets         0 orders tried  current cost 8
    W_14: 58035s  131,953,324,800 steps   673121 feasible sets         0 orders tried  current cost 9
    W_14: 58050s  131,989,051,000 steps   673291 feasible sets         0 orders tried  current cost 5
    W_14: 58065s  132,024,447,000 steps   673472 feasible sets         0 orders tried  current cost 7
    W_14: 58080s  132,059,188,600 steps   673678 feasible sets         0 orders tried  current cost 9
    W_14: 58095s  132,093,809,600 steps   673847 feasible sets         0 orders tried  current cost 3
    W_14: 58110s  132,128,773,600 steps   674018 feasible sets         0 orders tried  current cost 2
    W_14: 58125s  132,163,576,400 steps   674164 feasible sets         0 orders tried  current cost 2
    W_14: 58140s  132,198,228,600 steps   674353 feasible sets         0 orders tried  current cost 6
    W_14: 58155s  132,233,173,000 steps   674511 feasible sets         0 orders tried  current cost 2
    W_14: 58170s  132,268,191,600 steps   674686 feasible sets         0 orders tried  current cost 3
    W_14: 58185s  132,302,748,600 steps   674863 feasible sets         0 orders tried  current cost 9
    W_14: 58200s  132,337,810,200 steps   675032 feasible sets         0 orders tried  current cost 3
    W_14: 58215s  132,372,586,200 steps   675242 feasible sets         0 orders tried  current cost 8
    W_14: 58230s  132,407,496,200 steps   675425 feasible sets         0 orders tried  current cost 3
    W_14: 58245s  132,442,617,200 steps   675597 feasible sets         0 orders tried  current cost 3
    W_14: 58260s  132,477,410,000 steps   675769 feasible sets         0 orders tried  current cost 6
    W_14: 58275s  132,512,249,800 steps   675957 feasible sets         0 orders tried  current cost 5
    W_14: 58290s  132,546,686,200 steps   676128 feasible sets         0 orders tried  current cost 7
    W_14: 58305s  132,581,321,200 steps   676277 feasible sets         0 orders tried  current cost 13
    W_14: 58320s  132,616,149,200 steps   676450 feasible sets         0 orders tried  current cost 8
    W_14: 58335s  132,650,906,600 steps   676617 feasible sets         0 orders tried  current cost 8
    W_14: 58350s  132,685,722,400 steps   676832 feasible sets         0 orders tried  current cost 10
    W_14: 58365s  132,720,830,400 steps   677009 feasible sets         0 orders tried  current cost 3
    W_14: 58380s  132,752,988,200 steps   677164 feasible sets         0 orders tried  current cost 8
    W_14: 58395s  132,785,675,400 steps   677339 feasible sets         0 orders tried  current cost 2
    W_14: 58410s  132,807,243,000 steps   677429 feasible sets         0 orders tried  current cost 10
    W_14: 58425s  132,842,348,200 steps   677606 feasible sets         0 orders tried  current cost 4
    W_14: 58440s  132,877,551,200 steps   677772 feasible sets         0 orders tried  current cost 4
    W_14: 58455s  132,912,654,800 steps   677926 feasible sets         0 orders tried  current cost 4
    W_14: 58470s  132,947,770,000 steps   678131 feasible sets         0 orders tried  current cost 6
    W_14: 58485s  132,983,103,800 steps   678291 feasible sets         0 orders tried  current cost 10
    W_14: 58500s  133,017,978,200 steps   678473 feasible sets         0 orders tried  current cost 3
    W_14: 58515s  133,052,989,400 steps   678627 feasible sets         0 orders tried  current cost 7
    W_14: 58530s  133,088,048,400 steps   678800 feasible sets         0 orders tried  current cost 5
    W_14: 58545s  133,123,478,800 steps   678985 feasible sets         0 orders tried  current cost 2
    W_14: 58560s  133,158,265,600 steps   679187 feasible sets         0 orders tried  current cost 4
    W_14: 58575s  133,193,289,600 steps   679349 feasible sets         0 orders tried  current cost 3
    W_14: 58590s  133,228,218,000 steps   679535 feasible sets         0 orders tried  current cost 3
    W_14: 58605s  133,263,284,600 steps   679701 feasible sets         0 orders tried  current cost 11
    W_14: 58620s  133,298,538,400 steps   679882 feasible sets         0 orders tried  current cost 3
    W_14: 58635s  133,333,919,800 steps   680059 feasible sets         0 orders tried  current cost 2
    W_14: 58650s  133,368,956,800 steps   680243 feasible sets         0 orders tried  current cost 2
    W_14: 58665s  133,404,700,200 steps   680440 feasible sets         0 orders tried  current cost 19
    W_14: 58680s  133,440,080,800 steps   680618 feasible sets         0 orders tried  current cost 12
    W_14: 58695s  133,475,042,800 steps   680805 feasible sets         0 orders tried  current cost 9
    W_14: 58710s  133,510,344,200 steps   681008 feasible sets         0 orders tried  current cost 4
    W_14: 58725s  133,545,667,800 steps   681210 feasible sets         0 orders tried  current cost 7
    W_14: 58740s  133,581,311,200 steps   681371 feasible sets         0 orders tried  current cost 3
    W_14: 58755s  133,616,432,200 steps   681548 feasible sets         0 orders tried  current cost 4
    W_14: 58770s  133,651,693,800 steps   681697 feasible sets         0 orders tried  current cost 5
    W_14: 58785s  133,687,002,400 steps   681849 feasible sets         0 orders tried  current cost 12
    W_14: 58800s  133,721,571,400 steps   682040 feasible sets         0 orders tried  current cost 2
    W_14: 58815s  133,756,799,200 steps   682227 feasible sets         0 orders tried  current cost 3
    W_14: 58830s  133,791,871,600 steps   682417 feasible sets         0 orders tried  current cost 4
    W_14: 58845s  133,827,147,200 steps   682622 feasible sets         0 orders tried  current cost 5
    W_14: 58860s  133,863,069,200 steps   682819 feasible sets         0 orders tried  current cost 5
    W_14: 58875s  133,898,410,600 steps   682998 feasible sets         0 orders tried  current cost 7
    W_14: 58890s  133,933,243,400 steps   683162 feasible sets         0 orders tried  current cost 13
    W_14: 58905s  133,968,308,400 steps   683334 feasible sets         0 orders tried  current cost 8
    W_14: 58920s  134,003,280,200 steps   683528 feasible sets         0 orders tried  current cost 23
    W_14: 58935s  134,038,731,200 steps   683703 feasible sets         0 orders tried  current cost 3
    W_14: 58950s  134,073,874,800 steps   683891 feasible sets         0 orders tried  current cost 3
    W_14: 58965s  134,108,971,400 steps   684077 feasible sets         0 orders tried  current cost 2
    W_14: 58980s  134,143,619,000 steps   684226 feasible sets         0 orders tried  current cost 2
    W_14: 58995s  134,178,216,600 steps   684398 feasible sets         0 orders tried  current cost 2
    W_14: 59010s  134,213,361,600 steps   684590 feasible sets         0 orders tried  current cost 14
    W_14: 59025s  134,248,805,200 steps   684751 feasible sets         0 orders tried  current cost 8
    W_14: 59040s  134,283,927,800 steps   684927 feasible sets         0 orders tried  current cost 4
    W_14: 59055s  134,319,657,000 steps   685137 feasible sets         0 orders tried  current cost 2
    W_14: 59070s  134,354,653,800 steps   685314 feasible sets         0 orders tried  current cost 2
    W_14: 59085s  134,390,206,600 steps   685476 feasible sets         0 orders tried  current cost 7
    W_14: 59100s  134,425,144,600 steps   685669 feasible sets         0 orders tried  current cost 4
    W_14: 59115s  134,460,107,600 steps   685848 feasible sets         0 orders tried  current cost 7
    W_14: 59130s  134,494,778,200 steps   685994 feasible sets         0 orders tried  current cost 2
    W_14: 59145s  134,529,580,000 steps   686193 feasible sets         0 orders tried  current cost 1
    W_14: 59160s  134,564,669,200 steps   686376 feasible sets         0 orders tried  current cost 6
    W_14: 59175s  134,599,745,800 steps   686553 feasible sets         0 orders tried  current cost 8
    W_14: 59190s  134,635,123,600 steps   686721 feasible sets         0 orders tried  current cost 9
    W_14: 59205s  134,670,113,000 steps   686924 feasible sets         0 orders tried  current cost 2
    W_14: 59220s  134,704,813,400 steps   687071 feasible sets         0 orders tried  current cost 4
    W_14: 59235s  134,739,887,200 steps   687245 feasible sets         0 orders tried  current cost 5
    W_14: 59250s  134,774,910,800 steps   687431 feasible sets         0 orders tried  current cost 3
    W_14: 59265s  134,809,320,600 steps   687615 feasible sets         0 orders tried  current cost 12
    W_14: 59280s  134,842,843,600 steps   687770 feasible sets         0 orders tried  current cost 8
    W_14: 59295s  134,877,744,600 steps   687960 feasible sets         0 orders tried  current cost 9
    W_14: 59310s  134,913,045,600 steps   688118 feasible sets         0 orders tried  current cost 4
    W_14: 59325s  134,947,453,000 steps   688280 feasible sets         0 orders tried  current cost 5
    W_14: 59340s  134,982,750,600 steps   688455 feasible sets         0 orders tried  current cost 4
    W_14: 59355s  135,017,989,800 steps   688633 feasible sets         0 orders tried  current cost 4
    W_14: 59370s  135,053,744,600 steps   688842 feasible sets         0 orders tried  current cost 7
    W_14: 59385s  135,088,974,200 steps   689003 feasible sets         0 orders tried  current cost 3
    W_14: 59400s  135,124,411,600 steps   689181 feasible sets         0 orders tried  current cost 1
    W_14: 59415s  135,159,620,000 steps   689415 feasible sets         0 orders tried  current cost 1
    W_14: 59430s  135,194,720,800 steps   689620 feasible sets         0 orders tried  current cost 11
    W_14: 59445s  135,230,251,200 steps   689778 feasible sets         0 orders tried  current cost 3
    W_14: 59460s  135,265,532,800 steps   689996 feasible sets         0 orders tried  current cost 3
    W_14: 59475s  135,300,678,600 steps   690190 feasible sets         0 orders tried  current cost 3
    W_14: 59490s  135,335,796,400 steps   690350 feasible sets         0 orders tried  current cost 3
    W_14: 59505s  135,370,004,600 steps   690527 feasible sets         0 orders tried  current cost 8
    W_14: 59520s  135,404,885,000 steps   690702 feasible sets         0 orders tried  current cost 9
    W_14: 59535s  135,440,383,000 steps   690872 feasible sets         0 orders tried  current cost 14
    W_14: 59550s  135,475,593,000 steps   691036 feasible sets         0 orders tried  current cost 4
    W_14: 59565s  135,510,291,200 steps   691199 feasible sets         0 orders tried  current cost 3
    W_14: 59580s  135,545,097,600 steps   691346 feasible sets         0 orders tried  current cost 4
    W_14: 59595s  135,580,520,800 steps   691495 feasible sets         0 orders tried  current cost 13
    W_14: 59610s  135,615,229,400 steps   691662 feasible sets         0 orders tried  current cost 3
    W_14: 59625s  135,650,047,600 steps   691851 feasible sets         0 orders tried  current cost 5
    W_14: 59640s  135,685,236,600 steps   692054 feasible sets         0 orders tried  current cost 4
    W_14: 59655s  135,720,409,200 steps   692247 feasible sets         0 orders tried  current cost 5
    W_14: 59670s  135,755,960,200 steps   692442 feasible sets         0 orders tried  current cost 12
    W_14: 59685s  135,791,110,800 steps   692595 feasible sets         0 orders tried  current cost 6
    W_14: 59700s  135,826,393,200 steps   692743 feasible sets         0 orders tried  current cost 3
    W_14: 59715s  135,861,509,400 steps   692915 feasible sets         0 orders tried  current cost 6
    W_14: 59730s  135,896,880,400 steps   693093 feasible sets         0 orders tried  current cost 18
    W_14: 59745s  135,932,117,600 steps   693280 feasible sets         0 orders tried  current cost 3
    W_14: 59760s  135,967,601,800 steps   693441 feasible sets         0 orders tried  current cost 12
    W_14: 59775s  136,002,867,800 steps   693621 feasible sets         0 orders tried  current cost 6
    W_14: 59790s  136,037,911,600 steps   693770 feasible sets         0 orders tried  current cost 5
    W_14: 59805s  136,073,180,800 steps   693961 feasible sets         0 orders tried  current cost 7
    W_14: 59820s  136,108,359,400 steps   694128 feasible sets         0 orders tried  current cost 4
    W_14: 59835s  136,143,257,800 steps   694273 feasible sets         0 orders tried  current cost 3
    W_14: 59850s  136,178,536,000 steps   694427 feasible sets         0 orders tried  current cost 1
    W_14: 59865s  136,214,151,400 steps   694587 feasible sets         0 orders tried  current cost 4
    W_14: 59880s  136,248,832,800 steps   694771 feasible sets         0 orders tried  current cost 4
    W_14: 59895s  136,283,993,800 steps   694918 feasible sets         0 orders tried  current cost 4
    W_14: 59910s  136,318,971,600 steps   695113 feasible sets         0 orders tried  current cost 2
    W_14: 59925s  136,354,064,800 steps   695316 feasible sets         0 orders tried  current cost 8
    W_14: 59940s  136,389,071,200 steps   695506 feasible sets         0 orders tried  current cost 4
    W_14: 59955s  136,424,349,400 steps   695660 feasible sets         0 orders tried  current cost 4
    W_14: 59970s  136,459,682,200 steps   695849 feasible sets         0 orders tried  current cost 10
    W_14: 59985s  136,494,521,800 steps   696025 feasible sets         0 orders tried  current cost 11
    W_14: 60000s  136,529,776,000 steps   696257 feasible sets         0 orders tried  current cost 2
    W_14: 60015s  136,565,106,000 steps   696445 feasible sets         0 orders tried  current cost 10
    W_14: 60030s  136,600,388,200 steps   696644 feasible sets         0 orders tried  current cost 4
    W_14: 60045s  136,635,790,600 steps   696811 feasible sets         0 orders tried  current cost 2
    W_14: 60060s  136,670,977,800 steps   697014 feasible sets         0 orders tried  current cost 2
    W_14: 60075s  136,705,921,800 steps   697218 feasible sets         0 orders tried  current cost 9
    W_14: 60090s  136,740,938,400 steps   697401 feasible sets         0 orders tried  current cost 3
    W_14: 60105s  136,775,998,800 steps   697585 feasible sets         0 orders tried  current cost 5
    W_14: 60120s  136,810,858,800 steps   697734 feasible sets         0 orders tried  current cost 1
    W_14: 60135s  136,845,573,200 steps   697934 feasible sets         0 orders tried  current cost 3
    W_14: 60150s  136,880,775,400 steps   698129 feasible sets         0 orders tried  current cost 3
    W_14: 60165s  136,915,829,600 steps   698279 feasible sets         0 orders tried  current cost 5
    W_14: 60180s  136,951,356,200 steps   698454 feasible sets         0 orders tried  current cost 2
    W_14: 60195s  136,986,633,600 steps   698653 feasible sets         0 orders tried  current cost 4
    W_14: 60210s  137,022,040,000 steps   698835 feasible sets         0 orders tried  current cost 1
    W_14: 60225s  137,057,339,200 steps   699014 feasible sets         0 orders tried  current cost 2
    W_14: 60240s  137,092,595,400 steps   699182 feasible sets         0 orders tried  current cost 4
    W_14: 60255s  137,127,974,000 steps   699335 feasible sets         0 orders tried  current cost 4
    W_14: 60270s  137,163,279,000 steps   699509 feasible sets         0 orders tried  current cost 5
    W_14: 60285s  137,198,022,000 steps   699649 feasible sets         0 orders tried  current cost 14
    W_14: 60300s  137,232,759,000 steps   699836 feasible sets         0 orders tried  current cost 2
    W_14: 60315s  137,267,530,800 steps   699993 feasible sets         0 orders tried  current cost 6
    W_14: 60330s  137,302,607,400 steps   700145 feasible sets         0 orders tried  current cost 7
    W_14: 60345s  137,337,219,800 steps   700314 feasible sets         0 orders tried  current cost 4
    W_14: 60360s  137,371,907,800 steps   700508 feasible sets         0 orders tried  current cost 6
    W_14: 60375s  137,406,906,000 steps   700686 feasible sets         0 orders tried  current cost 3
    W_14: 60390s  137,442,360,000 steps   700845 feasible sets         0 orders tried  current cost 2
    W_14: 60405s  137,477,195,800 steps   701026 feasible sets         0 orders tried  current cost 2
    W_14: 60420s  137,512,212,200 steps   701168 feasible sets         0 orders tried  current cost 3
    W_14: 60435s  137,547,693,400 steps   701344 feasible sets         0 orders tried  current cost 3
    W_14: 60450s  137,582,726,200 steps   701514 feasible sets         0 orders tried  current cost 8
    W_14: 60465s  137,618,139,400 steps   701753 feasible sets         0 orders tried  current cost 2
    W_14: 60480s  137,653,186,000 steps   701880 feasible sets         0 orders tried  current cost 9
    W_14: 60495s  137,687,924,400 steps   702040 feasible sets         0 orders tried  current cost 12
    W_14: 60510s  137,722,395,200 steps   702219 feasible sets         0 orders tried  current cost 4
    W_14: 60525s  137,757,314,600 steps   702383 feasible sets         0 orders tried  current cost 4
    W_14: 60540s  137,792,293,000 steps   702574 feasible sets         0 orders tried  current cost 3
    W_14: 60555s  137,827,387,000 steps   702746 feasible sets         0 orders tried  current cost 6
    W_14: 60570s  137,862,144,000 steps   702935 feasible sets         0 orders tried  current cost 8
    W_14: 60585s  137,897,402,000 steps   703147 feasible sets         0 orders tried  current cost 11
    W_14: 60600s  137,932,233,600 steps   703307 feasible sets         0 orders tried  current cost 4
    W_14: 60615s  137,967,560,200 steps   703488 feasible sets         0 orders tried  current cost 10
    W_14: 60630s  138,002,926,400 steps   703672 feasible sets         0 orders tried  current cost 6
    W_14: 60645s  138,037,761,200 steps   703825 feasible sets         0 orders tried  current cost 12
    W_14: 60660s  138,072,927,000 steps   704004 feasible sets         0 orders tried  current cost 8
    W_14: 60675s  138,108,165,000 steps   704185 feasible sets         0 orders tried  current cost 10
    W_14: 60690s  138,142,847,400 steps   704352 feasible sets         0 orders tried  current cost 7
    W_14: 60705s  138,177,988,600 steps   704522 feasible sets         0 orders tried  current cost 3
    W_14: 60720s  138,213,140,600 steps   704676 feasible sets         0 orders tried  current cost 17
    W_14: 60735s  138,247,973,000 steps   704816 feasible sets         0 orders tried  current cost 5
    W_14: 60750s  138,283,154,200 steps   704981 feasible sets         0 orders tried  current cost 1
    W_14: 60765s  138,318,452,400 steps   705150 feasible sets         0 orders tried  current cost 3
    W_14: 60780s  138,353,375,400 steps   705308 feasible sets         0 orders tried  current cost 2
    W_14: 60795s  138,388,767,000 steps   705508 feasible sets         0 orders tried  current cost 9
    W_14: 60810s  138,421,103,200 steps   705670 feasible sets         0 orders tried  current cost 10
    W_14: 60825s  138,453,621,800 steps   705866 feasible sets         0 orders tried  current cost 13
    W_14: 60840s  138,488,407,600 steps   706038 feasible sets         0 orders tried  current cost 8
    W_14: 60855s  138,523,263,600 steps   706194 feasible sets         0 orders tried  current cost 11
    W_14: 60870s  138,557,782,200 steps   706347 feasible sets         0 orders tried  current cost 9
    W_14: 60885s  138,592,882,800 steps   706544 feasible sets         0 orders tried  current cost 10
    W_14: 60900s  138,627,897,800 steps   706748 feasible sets         0 orders tried  current cost 3
    W_14: 60915s  138,662,564,800 steps   706896 feasible sets         0 orders tried  current cost 13
    W_14: 60930s  138,697,701,200 steps   707084 feasible sets         0 orders tried  current cost 14
    W_14: 60945s  138,733,014,200 steps   707285 feasible sets         0 orders tried  current cost 3
    W_14: 60960s  138,768,221,000 steps   707450 feasible sets         0 orders tried  current cost 9
    W_14: 60975s  138,803,069,200 steps   707646 feasible sets         0 orders tried  current cost 5
    W_14: 60990s  138,838,226,800 steps   707869 feasible sets         0 orders tried  current cost 10
    W_14: 61005s  138,873,276,400 steps   708023 feasible sets         0 orders tried  current cost 2
    W_14: 61020s  138,908,345,600 steps   708188 feasible sets         0 orders tried  current cost 5
    W_14: 61035s  138,943,111,800 steps   708337 feasible sets         0 orders tried  current cost 4
    W_14: 61050s  138,978,073,000 steps   708554 feasible sets         0 orders tried  current cost 5
    W_14: 61065s  139,013,115,000 steps   708709 feasible sets         0 orders tried  current cost 5
    W_14: 61080s  139,048,271,800 steps   708902 feasible sets         0 orders tried  current cost 1
    W_14: 61095s  139,083,448,400 steps   709113 feasible sets         0 orders tried  current cost 6
    W_14: 61110s  139,118,773,600 steps   709294 feasible sets         0 orders tried  current cost 2
    W_14: 61125s  139,154,018,400 steps   709503 feasible sets         0 orders tried  current cost 2
    W_14: 61140s  139,188,972,200 steps   709673 feasible sets         0 orders tried  current cost 2
    W_14: 61155s  139,223,938,800 steps   709840 feasible sets         0 orders tried  current cost 2
    W_14: 61170s  139,258,980,800 steps   710018 feasible sets         0 orders tried  current cost 16
    W_14: 61185s  139,294,085,200 steps   710171 feasible sets         0 orders tried  current cost 6
    W_14: 61200s  139,329,321,200 steps   710388 feasible sets         0 orders tried  current cost 27
    W_14: 61215s  139,364,445,000 steps   710532 feasible sets         0 orders tried  current cost 9
    W_14: 61230s  139,399,278,600 steps   710710 feasible sets         0 orders tried  current cost 2
    W_14: 61245s  139,434,235,400 steps   710907 feasible sets         0 orders tried  current cost 4
    W_14: 61260s  139,469,186,600 steps   711093 feasible sets         0 orders tried  current cost 8
    W_14: 61275s  139,503,812,600 steps   711267 feasible sets         0 orders tried  current cost 3
    W_14: 61290s  139,538,787,800 steps   711441 feasible sets         0 orders tried  current cost 5
    W_14: 61305s  139,573,500,000 steps   711645 feasible sets         0 orders tried  current cost 2
    W_14: 61320s  139,608,134,200 steps   711835 feasible sets         0 orders tried  current cost 2
    W_14: 61335s  139,643,208,200 steps   712012 feasible sets         0 orders tried  current cost 5
    W_14: 61350s  139,678,290,400 steps   712161 feasible sets         0 orders tried  current cost 6
    W_14: 61365s  139,713,237,000 steps   712355 feasible sets         0 orders tried  current cost 4
    W_14: 61380s  139,748,107,200 steps   712550 feasible sets         0 orders tried  current cost 6
    W_14: 61395s  139,783,016,000 steps   712691 feasible sets         0 orders tried  current cost 3
    W_14: 61410s  139,817,960,400 steps   712839 feasible sets         0 orders tried  current cost 10
    W_14: 61425s  139,852,962,600 steps   713033 feasible sets         0 orders tried  current cost 12
    W_14: 61440s  139,888,032,000 steps   713176 feasible sets         0 orders tried  current cost 6
    W_14: 61455s  139,923,629,800 steps   713362 feasible sets         0 orders tried  current cost 4
    W_14: 61470s  139,958,667,800 steps   713533 feasible sets         0 orders tried  current cost 5
    W_14: 61485s  139,993,832,400 steps   713714 feasible sets         0 orders tried  current cost 4
    W_14: 61500s  140,029,154,000 steps   713901 feasible sets         0 orders tried  current cost 3
    W_14: 61515s  140,064,003,000 steps   714070 feasible sets         0 orders tried  current cost 12
    W_14: 61530s  140,099,043,000 steps   714230 feasible sets         0 orders tried  current cost 10
    W_14: 61545s  140,134,223,800 steps   714413 feasible sets         0 orders tried  current cost 8
    W_14: 61560s  140,168,982,800 steps   714558 feasible sets         0 orders tried  current cost 8
    W_14: 61575s  140,204,224,000 steps   714736 feasible sets         0 orders tried  current cost 9
    W_14: 61590s  140,239,553,200 steps   714911 feasible sets         0 orders tried  current cost 5
    W_14: 61605s  140,274,580,400 steps   715105 feasible sets         0 orders tried  current cost 10
    W_14: 61620s  140,309,456,400 steps   715307 feasible sets         0 orders tried  current cost 1
    W_14: 61635s  140,344,550,400 steps   715460 feasible sets         0 orders tried  current cost 3
    W_14: 61650s  140,379,365,400 steps   715642 feasible sets         0 orders tried  current cost 9
    W_14: 61665s  140,414,006,600 steps   715806 feasible sets         0 orders tried  current cost 8
    W_14: 61680s  140,448,947,400 steps   715959 feasible sets         0 orders tried  current cost 5
    W_14: 61695s  140,484,028,400 steps   716134 feasible sets         0 orders tried  current cost 6
    W_14: 61710s  140,518,856,000 steps   716330 feasible sets         0 orders tried  current cost 2
    W_14: 61725s  140,553,652,200 steps   716506 feasible sets         0 orders tried  current cost 2
    W_14: 61740s  140,588,796,200 steps   716669 feasible sets         0 orders tried  current cost 3
    W_14: 61755s  140,623,891,600 steps   716846 feasible sets         0 orders tried  current cost 3
    W_14: 61770s  140,658,831,000 steps   717046 feasible sets         0 orders tried  current cost 5
    W_14: 61785s  140,693,733,200 steps   717245 feasible sets         0 orders tried  current cost 4
    W_14: 61800s  140,728,481,600 steps   717447 feasible sets         0 orders tried  current cost 7
    W_14: 61815s  140,763,227,000 steps   717614 feasible sets         0 orders tried  current cost 4
    W_14: 61830s  140,798,126,200 steps   717797 feasible sets         0 orders tried  current cost 5
    W_14: 61845s  140,833,040,200 steps   717975 feasible sets         0 orders tried  current cost 12
    W_14: 61860s  140,867,726,800 steps   718142 feasible sets         0 orders tried  current cost 5
    W_14: 61875s  140,903,032,600 steps   718325 feasible sets         0 orders tried  current cost 2
    W_14: 61890s  140,937,817,600 steps   718492 feasible sets         0 orders tried  current cost 3
    W_14: 61905s  140,973,204,800 steps   718663 feasible sets         0 orders tried  current cost 7
    W_14: 61920s  141,008,212,400 steps   718838 feasible sets         0 orders tried  current cost 3
    W_14: 61935s  141,043,374,200 steps   718996 feasible sets         0 orders tried  current cost 3
    W_14: 61950s  141,078,249,600 steps   719179 feasible sets         0 orders tried  current cost 5
    W_14: 61965s  141,113,079,800 steps   719420 feasible sets         0 orders tried  current cost 4
    W_14: 61980s  141,148,131,200 steps   719591 feasible sets         0 orders tried  current cost 5
    W_14: 61995s  141,183,006,000 steps   719762 feasible sets         0 orders tried  current cost 10
    W_14: 62010s  141,218,133,400 steps   719914 feasible sets         0 orders tried  current cost 7
    W_14: 62025s  141,253,330,800 steps   720085 feasible sets         0 orders tried  current cost 7
    W_14: 62040s  141,288,599,600 steps   720266 feasible sets         0 orders tried  current cost 3
    W_14: 62055s  141,323,662,800 steps   720441 feasible sets         0 orders tried  current cost 13
    W_14: 62070s  141,358,874,600 steps   720607 feasible sets         0 orders tried  current cost 1
    W_14: 62085s  141,394,210,800 steps   720750 feasible sets         0 orders tried  current cost 3
    W_14: 62100s  141,429,582,000 steps   720935 feasible sets         0 orders tried  current cost 10
    W_14: 62115s  141,465,043,800 steps   721148 feasible sets         0 orders tried  current cost 8
    W_14: 62130s  141,500,427,200 steps   721321 feasible sets         0 orders tried  current cost 7
    W_14: 62145s  141,535,575,000 steps   721538 feasible sets         0 orders tried  current cost 4
    W_14: 62160s  141,570,668,000 steps   721682 feasible sets         0 orders tried  current cost 4
    W_14: 62175s  141,605,764,400 steps   721856 feasible sets         0 orders tried  current cost 7
    W_14: 62190s  141,640,815,800 steps   722039 feasible sets         0 orders tried  current cost 1
    W_14: 62205s  141,675,853,600 steps   722222 feasible sets         0 orders tried  current cost 4
    W_14: 62220s  141,710,696,200 steps   722428 feasible sets         0 orders tried  current cost 2
    W_14: 62235s  141,745,674,800 steps   722647 feasible sets         0 orders tried  current cost 4
    W_14: 62250s  141,781,001,600 steps   722819 feasible sets         0 orders tried  current cost 15
    W_14: 62265s  141,816,343,600 steps   722998 feasible sets         0 orders tried  current cost 6
    W_14: 62280s  141,851,718,600 steps   723182 feasible sets         0 orders tried  current cost 2
    W_14: 62295s  141,887,294,400 steps   723347 feasible sets         0 orders tried  current cost 2
    W_14: 62310s  141,922,236,800 steps   723514 feasible sets         0 orders tried  current cost 1
    W_14: 62325s  141,957,824,200 steps   723686 feasible sets         0 orders tried  current cost 7
    W_14: 62340s  141,992,618,400 steps   723870 feasible sets         0 orders tried  current cost 1
    W_14: 62355s  142,027,253,000 steps   724032 feasible sets         0 orders tried  current cost 6
    W_14: 62370s  142,062,438,000 steps   724240 feasible sets         0 orders tried  current cost 1
    W_14: 62385s  142,097,644,200 steps   724418 feasible sets         0 orders tried  current cost 4
    W_14: 62400s  142,132,847,400 steps   724590 feasible sets         0 orders tried  current cost 8
    W_14: 62415s  142,167,722,000 steps   724784 feasible sets         0 orders tried  current cost 14
    W_14: 62430s  142,202,370,800 steps   724996 feasible sets         0 orders tried  current cost 5
    W_14: 62445s  142,237,822,400 steps   725198 feasible sets         0 orders tried  current cost 12
    W_14: 62460s  142,272,458,600 steps   725342 feasible sets         0 orders tried  current cost 3
    W_14: 62475s  142,307,701,400 steps   725559 feasible sets         0 orders tried  current cost 15
    W_14: 62490s  142,342,923,200 steps   725708 feasible sets         0 orders tried  current cost 14
    W_14: 62505s  142,377,612,600 steps   725929 feasible sets         0 orders tried  current cost 4
    W_14: 62520s  142,412,289,200 steps   726078 feasible sets         0 orders tried  current cost 5
    W_14: 62535s  142,447,402,200 steps   726228 feasible sets         0 orders tried  current cost 9
    W_14: 62550s  142,482,578,000 steps   726384 feasible sets         0 orders tried  current cost 3
    W_14: 62565s  142,517,689,000 steps   726579 feasible sets         0 orders tried  current cost 6
    W_14: 62580s  142,552,357,200 steps   726777 feasible sets         0 orders tried  current cost 1
    W_14: 62595s  142,587,277,400 steps   727002 feasible sets         0 orders tried  current cost 1
    W_14: 62610s  142,623,086,800 steps   727171 feasible sets         0 orders tried  current cost 3
    W_14: 62625s  142,658,576,400 steps   727335 feasible sets         0 orders tried  current cost 1
    W_14: 62640s  142,693,584,000 steps   727509 feasible sets         0 orders tried  current cost 10
    W_14: 62655s  142,728,814,200 steps   727716 feasible sets         0 orders tried  current cost 4
    W_14: 62670s  142,763,878,400 steps   727879 feasible sets         0 orders tried  current cost 2
    W_14: 62685s  142,799,082,200 steps   728076 feasible sets         0 orders tried  current cost 9
    W_14: 62700s  142,833,951,400 steps   728271 feasible sets         0 orders tried  current cost 5
    W_14: 62715s  142,868,890,200 steps   728465 feasible sets         0 orders tried  current cost 4
    W_14: 62730s  142,903,965,400 steps   728700 feasible sets         0 orders tried  current cost 15
    W_14: 62745s  142,938,918,600 steps   728872 feasible sets         0 orders tried  current cost 4
    W_14: 62760s  142,973,706,600 steps   729060 feasible sets         0 orders tried  current cost 9
    W_14: 62775s  143,008,851,800 steps   729217 feasible sets         0 orders tried  current cost 3
    W_14: 62790s  143,044,200,400 steps   729433 feasible sets         0 orders tried  current cost 10
    W_14: 62805s  143,079,360,200 steps   729591 feasible sets         0 orders tried  current cost 13
    W_14: 62820s  143,114,896,400 steps   729778 feasible sets         0 orders tried  current cost 3
    W_14: 62835s  143,150,686,000 steps   729936 feasible sets         0 orders tried  current cost 8
    W_14: 62850s  143,186,107,600 steps   730116 feasible sets         0 orders tried  current cost 6
    W_14: 62865s  143,221,191,400 steps   730279 feasible sets         0 orders tried  current cost 4
    W_14: 62880s  143,256,189,800 steps   730397 feasible sets         0 orders tried  current cost 5
    W_14: 62895s  143,291,019,000 steps   730567 feasible sets         0 orders tried  current cost 3
    W_14: 62910s  143,326,258,400 steps   730748 feasible sets         0 orders tried  current cost 1
    W_14: 62925s  143,360,892,400 steps   730938 feasible sets         0 orders tried  current cost 2
    W_14: 62940s  143,395,631,800 steps   731091 feasible sets         0 orders tried  current cost 6
    W_14: 62955s  143,430,301,600 steps   731227 feasible sets         0 orders tried  current cost 14
    W_14: 62970s  143,465,418,600 steps   731402 feasible sets         0 orders tried  current cost 1
    W_14: 62985s  143,500,606,400 steps   731563 feasible sets         0 orders tried  current cost 5
    W_14: 63000s  143,535,512,400 steps   731756 feasible sets         0 orders tried  current cost 3
    W_14: 63015s  143,570,631,600 steps   731951 feasible sets         0 orders tried  current cost 4
    W_14: 63030s  143,605,364,600 steps   732149 feasible sets         0 orders tried  current cost 10
    W_14: 63045s  143,640,490,400 steps   732330 feasible sets         0 orders tried  current cost 6
    W_14: 63060s  143,675,450,400 steps   732520 feasible sets         0 orders tried  current cost 5
    W_14: 63075s  143,709,010,800 steps   732706 feasible sets         0 orders tried  current cost 4
    W_14: 63090s  143,743,079,600 steps   732916 feasible sets         0 orders tried  current cost 3
    W_14: 63105s  143,777,020,600 steps   733081 feasible sets         0 orders tried  current cost 9
    W_14: 63120s  143,811,004,400 steps   733230 feasible sets         0 orders tried  current cost 7
    W_14: 63135s  143,844,809,600 steps   733418 feasible sets         0 orders tried  current cost 3
    W_14: 63150s  143,878,073,600 steps   733579 feasible sets         0 orders tried  current cost 4
    W_14: 63165s  143,912,719,600 steps   733758 feasible sets         0 orders tried  current cost 4
    W_14: 63180s  143,946,639,000 steps   733908 feasible sets         0 orders tried  current cost 3
    W_14: 63195s  143,980,881,200 steps   734083 feasible sets         0 orders tried  current cost 13
    W_14: 63210s  144,015,010,400 steps   734284 feasible sets         0 orders tried  current cost 5
    W_14: 63225s  144,048,846,600 steps   734446 feasible sets         0 orders tried  current cost 6
    W_14: 63240s  144,083,113,800 steps   734606 feasible sets         0 orders tried  current cost 2
    W_14: 63255s  144,117,872,400 steps   734752 feasible sets         0 orders tried  current cost 3
    W_14: 63270s  144,150,413,000 steps   734944 feasible sets         0 orders tried  current cost 4
    W_14: 63285s  144,184,015,200 steps   735101 feasible sets         0 orders tried  current cost 4
    W_14: 63300s  144,217,127,400 steps   735257 feasible sets         0 orders tried  current cost 3
    W_14: 63315s  144,251,606,800 steps   735419 feasible sets         0 orders tried  current cost 7
    W_14: 63330s  144,286,540,600 steps   735615 feasible sets         0 orders tried  current cost 12
    W_14: 63345s  144,321,403,200 steps   735803 feasible sets         0 orders tried  current cost 10
    W_14: 63360s  144,356,482,800 steps   736011 feasible sets         0 orders tried  current cost 12
    W_14: 63375s  144,391,506,600 steps   736197 feasible sets         0 orders tried  current cost 6
    W_14: 63390s  144,426,338,400 steps   736323 feasible sets         0 orders tried  current cost 4
    W_14: 63405s  144,461,398,400 steps   736509 feasible sets         0 orders tried  current cost 3
    W_14: 63420s  144,496,007,600 steps   736703 feasible sets         0 orders tried  current cost 6
    W_14: 63435s  144,531,120,600 steps   736871 feasible sets         0 orders tried  current cost 17
    W_14: 63450s  144,565,996,600 steps   737070 feasible sets         0 orders tried  current cost 5
    W_14: 63465s  144,600,980,800 steps   737265 feasible sets         0 orders tried  current cost 14
    W_14: 63480s  144,635,636,800 steps   737455 feasible sets         0 orders tried  current cost 5
    W_14: 63495s  144,670,689,400 steps   737650 feasible sets         0 orders tried  current cost 5
    W_14: 63510s  144,705,352,400 steps   737803 feasible sets         0 orders tried  current cost 4
    W_14: 63525s  144,740,571,400 steps   737991 feasible sets         0 orders tried  current cost 4
    W_14: 63540s  144,775,239,600 steps   738154 feasible sets         0 orders tried  current cost 4
    W_14: 63555s  144,810,533,400 steps   738358 feasible sets         0 orders tried  current cost 4
    W_14: 63570s  144,845,434,600 steps   738565 feasible sets         0 orders tried  current cost 3
    W_14: 63585s  144,880,224,000 steps   738745 feasible sets         0 orders tried  current cost 9
    W_14: 63600s  144,914,960,800 steps   738921 feasible sets         0 orders tried  current cost 14
    W_14: 63615s  144,950,102,000 steps   739101 feasible sets         0 orders tried  current cost 10
    W_14: 63630s  144,985,180,400 steps   739291 feasible sets         0 orders tried  current cost 14
    W_14: 63645s  145,019,792,600 steps   739436 feasible sets         0 orders tried  current cost 2
    W_14: 63660s  145,054,306,800 steps   739617 feasible sets         0 orders tried  current cost 7
    W_14: 63675s  145,089,028,000 steps   739787 feasible sets         0 orders tried  current cost 4
    W_14: 63690s  145,123,419,200 steps   739965 feasible sets         0 orders tried  current cost 4
    W_14: 63705s  145,157,628,200 steps   740129 feasible sets         0 orders tried  current cost 3
    W_14: 63720s  145,192,485,600 steps   740327 feasible sets         0 orders tried  current cost 9
    W_14: 63735s  145,227,232,000 steps   740507 feasible sets         0 orders tried  current cost 4
    W_14: 63750s  145,262,160,200 steps   740697 feasible sets         0 orders tried  current cost 13
    W_14: 63765s  145,297,273,800 steps   740872 feasible sets         0 orders tried  current cost 3
    W_14: 63780s  145,332,269,600 steps   741083 feasible sets         0 orders tried  current cost 2
    W_14: 63795s  145,367,261,200 steps   741244 feasible sets         0 orders tried  current cost 10
    W_14: 63810s  145,402,119,800 steps   741404 feasible sets         0 orders tried  current cost 3
    W_14: 63825s  145,436,890,200 steps   741568 feasible sets         0 orders tried  current cost 4
    W_14: 63840s  145,471,690,000 steps   741760 feasible sets         0 orders tried  current cost 4
    W_14: 63855s  145,506,889,000 steps   741926 feasible sets         0 orders tried  current cost 6
    W_14: 63870s  145,541,929,000 steps   742069 feasible sets         0 orders tried  current cost 4
    W_14: 63885s  145,576,819,400 steps   742260 feasible sets         0 orders tried  current cost 4
    W_14: 63900s  145,611,675,200 steps   742403 feasible sets         0 orders tried  current cost 4
    W_14: 63915s  145,646,576,000 steps   742572 feasible sets         0 orders tried  current cost 2
    W_14: 63930s  145,681,057,200 steps   742790 feasible sets         0 orders tried  current cost 2
    W_14: 63945s  145,716,148,600 steps   742980 feasible sets         0 orders tried  current cost 4
    W_14: 63960s  145,750,887,200 steps   743141 feasible sets         0 orders tried  current cost 6
    W_14: 63975s  145,785,327,600 steps   743338 feasible sets         0 orders tried  current cost 5
    W_14: 63990s  145,820,298,200 steps   743503 feasible sets         0 orders tried  current cost 1
    W_14: 64005s  145,855,246,400 steps   743670 feasible sets         0 orders tried  current cost 8
    W_14: 64020s  145,890,085,600 steps   743864 feasible sets         0 orders tried  current cost 7
    W_14: 64035s  145,925,030,200 steps   744072 feasible sets         0 orders tried  current cost 4
    W_14: 64050s  145,960,123,600 steps   744285 feasible sets         0 orders tried  current cost 10
    W_14: 64065s  145,994,636,200 steps   744427 feasible sets         0 orders tried  current cost 2
    W_14: 64080s  146,029,626,800 steps   744583 feasible sets         0 orders tried  current cost 8
    W_14: 64095s  146,064,365,400 steps   744745 feasible sets         0 orders tried  current cost 6
    W_14: 64110s  146,099,103,800 steps   744969 feasible sets         0 orders tried  current cost 12
    W_14: 64125s  146,133,803,400 steps   745177 feasible sets         0 orders tried  current cost 18
    W_14: 64140s  146,168,595,600 steps   745334 feasible sets         0 orders tried  current cost 3
    W_14: 64155s  146,203,755,800 steps   745552 feasible sets         0 orders tried  current cost 4
    W_14: 64170s  146,238,518,800 steps   745713 feasible sets         0 orders tried  current cost 4
    W_14: 64185s  146,273,106,000 steps   745909 feasible sets         0 orders tried  current cost 9
    W_14: 64200s  146,308,011,800 steps   746076 feasible sets         0 orders tried  current cost 5
    W_14: 64215s  146,342,592,200 steps   746251 feasible sets         0 orders tried  current cost 6
    W_14: 64230s  146,377,583,400 steps   746430 feasible sets         0 orders tried  current cost 14
    W_14: 64245s  146,412,344,400 steps   746634 feasible sets         0 orders tried  current cost 11
    W_14: 64260s  146,446,584,000 steps   746835 feasible sets         0 orders tried  current cost 7
    W_14: 64275s  146,480,765,000 steps   747006 feasible sets         0 orders tried  current cost 8
    W_14: 64290s  146,515,683,600 steps   747179 feasible sets         0 orders tried  current cost 6
    W_14: 64305s  146,550,628,000 steps   747345 feasible sets         0 orders tried  current cost 8
    W_14: 64320s  146,584,481,800 steps   747480 feasible sets         0 orders tried  current cost 13
    W_14: 64335s  146,618,375,600 steps   747666 feasible sets         0 orders tried  current cost 2
    W_14: 64350s  146,651,416,200 steps   747868 feasible sets         0 orders tried  current cost 4
    W_14: 64365s  146,684,870,600 steps   748023 feasible sets         0 orders tried  current cost 6
    W_14: 64380s  146,718,202,800 steps   748183 feasible sets         0 orders tried  current cost 13
    W_14: 64395s  146,751,633,400 steps   748349 feasible sets         0 orders tried  current cost 3
    W_14: 64410s  146,785,811,600 steps   748485 feasible sets         0 orders tried  current cost 2
    W_14: 64425s  146,819,331,600 steps   748672 feasible sets         0 orders tried  current cost 3
    W_14: 64440s  146,852,382,600 steps   748866 feasible sets         0 orders tried  current cost 14
    W_14: 64455s  146,886,404,200 steps   749039 feasible sets         0 orders tried  current cost 8
    W_14: 64470s  146,920,286,000 steps   749212 feasible sets         0 orders tried  current cost 3
    W_14: 64485s  146,954,591,400 steps   749467 feasible sets         0 orders tried  current cost 2
    W_14: 64500s  146,988,520,800 steps   749610 feasible sets         0 orders tried  current cost 15
    W_14: 64515s  147,022,801,200 steps   749780 feasible sets         0 orders tried  current cost 9
    W_14: 64530s  147,056,923,400 steps   749976 feasible sets         0 orders tried  current cost 12
    W_14: 64545s  147,090,758,000 steps   750130 feasible sets         0 orders tried  current cost 2
    W_14: 64560s  147,124,788,000 steps   750307 feasible sets         0 orders tried  current cost 7
    W_14: 64575s  147,158,898,000 steps   750471 feasible sets         0 orders tried  current cost 3
    W_14: 64590s  147,193,030,200 steps   750640 feasible sets         0 orders tried  current cost 4
    W_14: 64605s  147,227,930,400 steps   750804 feasible sets         0 orders tried  current cost 4
    W_14: 64620s  147,262,275,200 steps   750974 feasible sets         0 orders tried  current cost 2
    W_14: 64635s  147,295,398,800 steps   751157 feasible sets         0 orders tried  current cost 4
    W_14: 64650s  147,329,610,200 steps   751332 feasible sets         0 orders tried  current cost 3
    W_14: 64665s  147,364,256,400 steps   751547 feasible sets         0 orders tried  current cost 1
    W_14: 64680s  147,398,536,000 steps   751738 feasible sets         0 orders tried  current cost 4
    W_14: 64695s  147,433,414,400 steps   751885 feasible sets         0 orders tried  current cost 4
    W_14: 64710s  147,468,366,600 steps   752051 feasible sets         0 orders tried  current cost 8
    W_14: 64725s  147,502,451,600 steps   752213 feasible sets         0 orders tried  current cost 5
    W_14: 64740s  147,536,974,400 steps   752366 feasible sets         0 orders tried  current cost 5
    W_14: 64755s  147,571,775,200 steps   752556 feasible sets         0 orders tried  current cost 3
    W_14: 64770s  147,606,006,600 steps   752714 feasible sets         0 orders tried  current cost 7
    W_14: 64785s  147,640,352,400 steps   752918 feasible sets         0 orders tried  current cost 5
seed=1, time limit 64800s per wheel

W_14  not found   64800s, 753087 feasible sets, 0 orders tried

0/1 wheels solved and independently verified.
A wheel not solved here is undecided, not shown to be impossible: this search is incomplete by design.
