    W_14:    15s  34,318,800 steps      150 feasible sets         0 orders tried  current cost 4
    W_14:    30s  68,909,400 steps      318 feasible sets         0 orders tried  current cost 6
    W_14:    45s  103,553,400 steps      514 feasible sets         0 orders tried  current cost 4
    W_14:    60s  137,924,400 steps      706 feasible sets         0 orders tried  current cost 6
    W_14:    75s  171,646,600 steps      884 feasible sets         0 orders tried  current cost 8
    W_14:    90s  205,751,200 steps     1033 feasible sets         0 orders tried  current cost 2
    W_14:   105s  239,733,400 steps     1219 feasible sets         0 orders tried  current cost 2
    W_14:   120s  273,774,400 steps     1395 feasible sets         0 orders tried  current cost 1
    W_14:   135s  304,458,000 steps     1568 feasible sets         0 orders tried  current cost 4
    W_14:   150s  322,627,200 steps     1706 feasible sets         0 orders tried  current cost 4
    W_14:   165s  356,165,800 steps     1872 feasible sets         0 orders tried  current cost 9
    W_14:   180s  390,140,400 steps     2089 feasible sets         0 orders tried  current cost 11
    W_14:   195s  424,335,200 steps     2257 feasible sets         0 orders tried  current cost 2
    W_14:   210s  458,332,600 steps     2459 feasible sets         0 orders tried  current cost 6
    W_14:   225s  492,719,400 steps     2626 feasible sets         0 orders tried  current cost 3
    W_14:   240s  526,996,200 steps     2839 feasible sets         0 orders tried  current cost 1
    W_14:   255s  561,209,200 steps     3009 feasible sets         0 orders tried  current cost 4
    W_14:   270s  595,472,600 steps     3212 feasible sets         0 orders tried  current cost 3
    W_14:   285s  629,317,000 steps     3376 feasible sets         0 orders tried  current cost 2
    W_14:   300s  663,548,600 steps     3553 feasible sets         0 orders tried  current cost 4
    W_14:   315s  697,796,400 steps     3735 feasible sets         0 orders tried  current cost 3
    W_14:   330s  731,834,400 steps     3906 feasible sets         0 orders tried  current cost 4
    W_14:   345s  765,676,800 steps     4116 feasible sets         0 orders tried  current cost 1
    W_14:   360s  799,634,000 steps     4291 feasible sets         0 orders tried  current cost 3
    W_14:   375s  833,134,200 steps     4483 feasible sets         0 orders tried  current cost 1
    W_14:   390s  867,276,200 steps     4646 feasible sets         0 orders tried  current cost 4
    W_14:   405s  901,254,200 steps     4788 feasible sets         0 orders tried  current cost 4
    W_14:   420s  935,429,600 steps     4941 feasible sets         0 orders tried  current cost 3
    W_14:   435s  969,405,000 steps     5113 feasible sets         0 orders tried  current cost 8
    W_14:   450s  1,003,680,800 steps     5276 feasible sets         0 orders tried  current cost 13
    W_14:   465s  1,037,691,600 steps     5451 feasible sets         0 orders tried  current cost 4
    W_14:   480s  1,071,726,600 steps     5625 feasible sets         0 orders tried  current cost 8
    W_14:   495s  1,105,948,400 steps     5773 feasible sets         0 orders tried  current cost 5
    W_14:   510s  1,139,974,000 steps     5949 feasible sets         0 orders tried  current cost 2
    W_14:   525s  1,174,252,600 steps     6133 feasible sets         0 orders tried  current cost 3
    W_14:   540s  1,208,220,800 steps     6267 feasible sets         0 orders tried  current cost 13
    W_14:   555s  1,242,456,200 steps     6471 feasible sets         0 orders tried  current cost 4
    W_14:   570s  1,276,633,200 steps     6671 feasible sets         0 orders tried  current cost 7
    W_14:   585s  1,309,850,600 steps     6825 feasible sets         0 orders tried  current cost 3
    W_14:   600s  1,344,158,400 steps     6960 feasible sets         0 orders tried  current cost 3
    W_14:   615s  1,378,045,800 steps     7152 feasible sets         0 orders tried  current cost 9
    W_14:   630s  1,412,283,000 steps     7352 feasible sets         0 orders tried  current cost 10
    W_14:   645s  1,446,322,000 steps     7500 feasible sets         0 orders tried  current cost 10
    W_14:   660s  1,480,796,200 steps     7684 feasible sets         0 orders tried  current cost 2
    W_14:   675s  1,514,950,600 steps     7860 feasible sets         0 orders tried  current cost 3
    W_14:   690s  1,549,212,600 steps     8048 feasible sets         0 orders tried  current cost 4
    W_14:   705s  1,583,365,200 steps     8193 feasible sets         0 orders tried  current cost 8
    W_14:   720s  1,617,546,600 steps     8402 feasible sets         0 orders tried  current cost 8
    W_14:   735s  1,651,898,200 steps     8596 feasible sets         0 orders tried  current cost 6
    W_14:   750s  1,686,470,800 steps     8770 feasible sets         0 orders tried  current cost 4
    W_14:   765s  1,720,441,400 steps     8921 feasible sets         0 orders tried  current cost 10
    W_14:   780s  1,754,090,600 steps     9082 feasible sets         0 orders tried  current cost 4
    W_14:   795s  1,787,820,800 steps     9230 feasible sets         0 orders tried  current cost 14
    W_14:   810s  1,821,750,600 steps     9383 feasible sets         0 orders tried  current cost 3
    W_14:   825s  1,846,992,600 steps     9528 feasible sets         0 orders tried  current cost 3
    W_14:   840s  1,866,497,600 steps     9616 feasible sets         0 orders tried  current cost 2
    W_14:   855s  1,900,370,000 steps     9777 feasible sets         0 orders tried  current cost 4
    W_14:   870s  1,934,757,200 steps     9945 feasible sets         0 orders tried  current cost 2
    W_14:   885s  1,968,775,200 steps    10147 feasible sets         0 orders tried  current cost 4
    W_14:   900s  2,002,678,800 steps    10343 feasible sets         0 orders tried  current cost 5
    W_14:   915s  2,036,824,400 steps    10525 feasible sets         0 orders tried  current cost 7
    W_14:   930s  2,070,889,800 steps    10667 feasible sets         0 orders tried  current cost 5
    W_14:   945s  2,104,841,400 steps    10903 feasible sets         0 orders tried  current cost 14
    W_14:   960s  2,138,926,800 steps    11066 feasible sets         0 orders tried  current cost 8
    W_14:   975s  2,173,439,000 steps    11260 feasible sets         0 orders tried  current cost 2
    W_14:   990s  2,207,198,200 steps    11424 feasible sets         0 orders tried  current cost 4
    W_14:  1005s  2,241,429,000 steps    11565 feasible sets         0 orders tried  current cost 5
    W_14:  1020s  2,275,608,200 steps    11727 feasible sets         0 orders tried  current cost 7
    W_14:  1035s  2,309,430,800 steps    11930 feasible sets         0 orders tried  current cost 3
    W_14:  1050s  2,343,307,000 steps    12152 feasible sets         0 orders tried  current cost 6
    W_14:  1065s  2,377,381,600 steps    12327 feasible sets         0 orders tried  current cost 11
    W_14:  1080s  2,411,628,400 steps    12500 feasible sets         0 orders tried  current cost 1
    W_14:  1095s  2,445,597,800 steps    12709 feasible sets         0 orders tried  current cost 3
    W_14:  1110s  2,479,712,800 steps    12916 feasible sets         0 orders tried  current cost 4
    W_14:  1125s  2,513,740,800 steps    13077 feasible sets         0 orders tried  current cost 12
    W_14:  1140s  2,548,033,800 steps    13278 feasible sets         0 orders tried  current cost 4
    W_14:  1155s  2,582,352,800 steps    13460 feasible sets         0 orders tried  current cost 2
    W_14:  1170s  2,616,587,800 steps    13625 feasible sets         0 orders tried  current cost 7
    W_14:  1185s  2,650,794,600 steps    13804 feasible sets         0 orders tried  current cost 4
    W_14:  1200s  2,684,874,600 steps    13970 feasible sets         0 orders tried  current cost 2
    W_14:  1215s  2,719,256,400 steps    14123 feasible sets         0 orders tried  current cost 3
    W_14:  1230s  2,753,137,200 steps    14297 feasible sets         0 orders tried  current cost 5
    W_14:  1245s  2,787,089,400 steps    14474 feasible sets         0 orders tried  current cost 6
    W_14:  1260s  2,820,885,400 steps    14635 feasible sets         0 orders tried  current cost 8
    W_14:  1275s  2,854,906,000 steps    14840 feasible sets         0 orders tried  current cost 7
    W_14:  1290s  2,888,712,600 steps    15018 feasible sets         0 orders tried  current cost 3
    W_14:  1305s  2,922,720,200 steps    15146 feasible sets         0 orders tried  current cost 17
    W_14:  1320s  2,956,642,000 steps    15324 feasible sets         0 orders tried  current cost 8
    W_14:  1335s  2,990,694,600 steps    15491 feasible sets         0 orders tried  current cost 2
    W_14:  1350s  3,022,779,800 steps    15655 feasible sets         0 orders tried  current cost 3
    W_14:  1365s  3,055,277,600 steps    15784 feasible sets         0 orders tried  current cost 3
    W_14:  1380s  3,088,981,400 steps    15930 feasible sets         0 orders tried  current cost 9
    W_14:  1395s  3,122,598,200 steps    16094 feasible sets         0 orders tried  current cost 1
    W_14:  1410s  3,156,211,800 steps    16260 feasible sets         0 orders tried  current cost 2
    W_14:  1425s  3,189,172,000 steps    16417 feasible sets         0 orders tried  current cost 3
    W_14:  1440s  3,222,212,400 steps    16593 feasible sets         0 orders tried  current cost 4
    W_14:  1455s  3,256,565,800 steps    16781 feasible sets         0 orders tried  current cost 10
    W_14:  1470s  3,290,728,600 steps    16971 feasible sets         0 orders tried  current cost 4
    W_14:  1485s  3,325,072,400 steps    17130 feasible sets         0 orders tried  current cost 5
    W_14:  1500s  3,358,252,800 steps    17275 feasible sets         0 orders tried  current cost 4
    W_14:  1515s  3,385,640,000 steps    17391 feasible sets         0 orders tried  current cost 1
    W_14:  1530s  3,400,445,400 steps    17459 feasible sets         0 orders tried  current cost 6
    W_14:  1545s  3,434,335,200 steps    17633 feasible sets         0 orders tried  current cost 4
    W_14:  1560s  3,468,843,800 steps    17801 feasible sets         0 orders tried  current cost 10
    W_14:  1575s  3,502,920,600 steps    17997 feasible sets         0 orders tried  current cost 18
    W_14:  1590s  3,536,973,200 steps    18195 feasible sets         0 orders tried  current cost 7
    W_14:  1605s  3,571,206,400 steps    18385 feasible sets         0 orders tried  current cost 8
    W_14:  1620s  3,605,733,000 steps    18597 feasible sets         0 orders tried  current cost 1
    W_14:  1635s  3,639,638,600 steps    18750 feasible sets         0 orders tried  current cost 3
    W_14:  1650s  3,673,949,600 steps    18954 feasible sets         0 orders tried  current cost 2
    W_14:  1665s  3,708,229,000 steps    19133 feasible sets         0 orders tried  current cost 4
    W_14:  1680s  3,742,514,600 steps    19348 feasible sets         0 orders tried  current cost 2
    W_14:  1695s  3,777,034,400 steps    19527 feasible sets         0 orders tried  current cost 4
    W_14:  1710s  3,811,302,400 steps    19668 feasible sets         0 orders tried  current cost 12
    W_14:  1725s  3,845,499,600 steps    19834 feasible sets         0 orders tried  current cost 3
    W_14:  1740s  3,879,734,400 steps    20029 feasible sets         0 orders tried  current cost 2
    W_14:  1755s  3,913,865,800 steps    20204 feasible sets         0 orders tried  current cost 11
    W_14:  1770s  3,948,310,000 steps    20400 feasible sets         0 orders tried  current cost 5
    W_14:  1785s  3,982,592,600 steps    20572 feasible sets         0 orders tried  current cost 5
    W_14:  1800s  4,016,606,800 steps    20728 feasible sets         0 orders tried  current cost 8
    W_14:  1815s  4,050,730,800 steps    20915 feasible sets         0 orders tried  current cost 5
    W_14:  1830s  4,085,225,000 steps    21129 feasible sets         0 orders tried  current cost 6
    W_14:  1845s  4,119,039,200 steps    21340 feasible sets         0 orders tried  current cost 2
    W_14:  1860s  4,152,947,200 steps    21543 feasible sets         0 orders tried  current cost 8
    W_14:  1875s  4,186,635,400 steps    21731 feasible sets         0 orders tried  current cost 4
    W_14:  1890s  4,220,843,600 steps    21921 feasible sets         0 orders tried  current cost 9
    W_14:  1905s  4,254,765,800 steps    22111 feasible sets         0 orders tried  current cost 12
    W_14:  1920s  4,289,038,400 steps    22237 feasible sets         0 orders tried  current cost 2
    W_14:  1935s  4,323,264,800 steps    22422 feasible sets         0 orders tried  current cost 9
    W_14:  1950s  4,357,465,800 steps    22570 feasible sets         0 orders tried  current cost 10
    W_14:  1965s  4,391,545,600 steps    22724 feasible sets         0 orders tried  current cost 11
    W_14:  1980s  4,425,366,800 steps    22881 feasible sets         0 orders tried  current cost 4
    W_14:  1995s  4,460,044,200 steps    23043 feasible sets         0 orders tried  current cost 16
    W_14:  2010s  4,494,151,800 steps    23228 feasible sets         0 orders tried  current cost 4
    W_14:  2025s  4,528,472,600 steps    23375 feasible sets         0 orders tried  current cost 3
    W_14:  2040s  4,563,059,400 steps    23574 feasible sets         0 orders tried  current cost 3
    W_14:  2055s  4,596,996,200 steps    23742 feasible sets         0 orders tried  current cost 2
    W_14:  2070s  4,630,866,400 steps    23891 feasible sets         0 orders tried  current cost 6
    W_14:  2085s  4,665,187,400 steps    24029 feasible sets         0 orders tried  current cost 5
    W_14:  2100s  4,699,016,800 steps    24235 feasible sets         0 orders tried  current cost 3
    W_14:  2115s  4,733,378,200 steps    24408 feasible sets         0 orders tried  current cost 3
    W_14:  2130s  4,767,348,800 steps    24625 feasible sets         0 orders tried  current cost 3
    W_14:  2145s  4,801,124,600 steps    24777 feasible sets         0 orders tried  current cost 9
    W_14:  2160s  4,835,259,600 steps    24948 feasible sets         0 orders tried  current cost 4
    W_14:  2175s  4,869,852,800 steps    25125 feasible sets         0 orders tried  current cost 3
    W_14:  2190s  4,903,800,600 steps    25324 feasible sets         0 orders tried  current cost 11
    W_14:  2205s  4,936,442,200 steps    25495 feasible sets         0 orders tried  current cost 11
    W_14:  2220s  4,945,579,200 steps    25556 feasible sets         0 orders tried  current cost 2
    W_14:  2235s  4,978,239,600 steps    25706 feasible sets         0 orders tried  current cost 2
    W_14:  2250s  5,011,739,200 steps    25897 feasible sets         0 orders tried  current cost 3
    W_14:  2265s  5,046,109,800 steps    26054 feasible sets         0 orders tried  current cost 5
    W_14:  2280s  5,080,572,200 steps    26248 feasible sets         0 orders tried  current cost 2
    W_14:  2295s  5,114,435,200 steps    26452 feasible sets         0 orders tried  current cost 4
    W_14:  2310s  5,148,667,000 steps    26611 feasible sets         0 orders tried  current cost 9
    W_14:  2325s  5,182,635,800 steps    26799 feasible sets         0 orders tried  current cost 5
    W_14:  2340s  5,216,958,400 steps    26964 feasible sets         0 orders tried  current cost 4
    W_14:  2355s  5,251,146,400 steps    27126 feasible sets         0 orders tried  current cost 7
    W_14:  2370s  5,285,556,200 steps    27327 feasible sets         0 orders tried  current cost 3
    W_14:  2385s  5,319,684,600 steps    27501 feasible sets         0 orders tried  current cost 8
    W_14:  2400s  5,353,647,200 steps    27688 feasible sets         0 orders tried  current cost 6
    W_14:  2415s  5,387,927,600 steps    27885 feasible sets         0 orders tried  current cost 6
    W_14:  2430s  5,422,789,400 steps    28050 feasible sets         0 orders tried  current cost 6
    W_14:  2445s  5,456,947,400 steps    28265 feasible sets         0 orders tried  current cost 8
    W_14:  2460s  5,491,047,600 steps    28440 feasible sets         0 orders tried  current cost 3
    W_14:  2475s  5,525,193,600 steps    28605 feasible sets         0 orders tried  current cost 1
    W_14:  2490s  5,558,435,400 steps    28768 feasible sets         0 orders tried  current cost 4
    W_14:  2505s  5,592,439,000 steps    28903 feasible sets         0 orders tried  current cost 4
    W_14:  2520s  5,626,669,400 steps    29060 feasible sets         0 orders tried  current cost 3
    W_14:  2535s  5,660,895,000 steps    29247 feasible sets         0 orders tried  current cost 4
    W_14:  2550s  5,694,865,400 steps    29405 feasible sets         0 orders tried  current cost 8
    W_14:  2565s  5,729,134,000 steps    29583 feasible sets         0 orders tried  current cost 2
    W_14:  2580s  5,763,290,200 steps    29799 feasible sets         0 orders tried  current cost 6
    W_14:  2595s  5,797,726,600 steps    29977 feasible sets         0 orders tried  current cost 11
    W_14:  2610s  5,831,767,000 steps    30147 feasible sets         0 orders tried  current cost 9
    W_14:  2625s  5,865,817,000 steps    30294 feasible sets         0 orders tried  current cost 5
    W_14:  2640s  5,899,686,200 steps    30479 feasible sets         0 orders tried  current cost 11
    W_14:  2655s  5,933,809,400 steps    30663 feasible sets         0 orders tried  current cost 6
    W_14:  2670s  5,967,748,600 steps    30856 feasible sets         0 orders tried  current cost 7
    W_14:  2685s  6,001,492,800 steps    31026 feasible sets         0 orders tried  current cost 4
    W_14:  2700s  6,035,605,000 steps    31206 feasible sets         0 orders tried  current cost 11
    W_14:  2715s  6,069,519,200 steps    31353 feasible sets         0 orders tried  current cost 3
    W_14:  2730s  6,103,557,200 steps    31524 feasible sets         0 orders tried  current cost 3
    W_14:  2745s  6,137,710,800 steps    31689 feasible sets         0 orders tried  current cost 3
    W_14:  2760s  6,171,739,600 steps    31861 feasible sets         0 orders tried  current cost 2
    W_14:  2775s  6,206,167,200 steps    32030 feasible sets         0 orders tried  current cost 8
    W_14:  2790s  6,240,284,200 steps    32193 feasible sets         0 orders tried  current cost 9
    W_14:  2805s  6,274,779,200 steps    32352 feasible sets         0 orders tried  current cost 3
    W_14:  2820s  6,308,910,600 steps    32500 feasible sets         0 orders tried  current cost 4
    W_14:  2835s  6,342,724,400 steps    32654 feasible sets         0 orders tried  current cost 6
    W_14:  2850s  6,377,034,200 steps    32847 feasible sets         0 orders tried  current cost 5
    W_14:  2865s  6,410,895,000 steps    33016 feasible sets         0 orders tried  current cost 4
    W_14:  2880s  6,445,020,600 steps    33181 feasible sets         0 orders tried  current cost 17
    W_14:  2895s  6,479,240,600 steps    33387 feasible sets         0 orders tried  current cost 11
    W_14:  2910s  6,513,131,600 steps    33561 feasible sets         0 orders tried  current cost 3
    W_14:  2925s  6,547,320,200 steps    33738 feasible sets         0 orders tried  current cost 15
    W_14:  2940s  6,581,482,800 steps    33870 feasible sets         0 orders tried  current cost 8
    W_14:  2955s  6,615,784,200 steps    34025 feasible sets         0 orders tried  current cost 10
    W_14:  2970s  6,649,779,200 steps    34164 feasible sets         0 orders tried  current cost 1
    W_14:  2985s  6,684,183,400 steps    34374 feasible sets         0 orders tried  current cost 11
    W_14:  3000s  6,718,387,400 steps    34566 feasible sets         0 orders tried  current cost 6
    W_14:  3015s  6,752,782,800 steps    34750 feasible sets         0 orders tried  current cost 13
    W_14:  3030s  6,786,668,800 steps    34950 feasible sets         0 orders tried  current cost 6
    W_14:  3045s  6,820,910,400 steps    35158 feasible sets         0 orders tried  current cost 4
    W_14:  3060s  6,855,424,600 steps    35371 feasible sets         0 orders tried  current cost 8
    W_14:  3075s  6,889,537,400 steps    35524 feasible sets         0 orders tried  current cost 2
    W_14:  3090s  6,923,661,600 steps    35699 feasible sets         0 orders tried  current cost 12
    W_14:  3105s  6,958,021,000 steps    35875 feasible sets         0 orders tried  current cost 16
    W_14:  3120s  6,992,183,800 steps    36049 feasible sets         0 orders tried  current cost 7
    W_14:  3135s  7,026,449,600 steps    36236 feasible sets         0 orders tried  current cost 3
    W_14:  3150s  7,060,763,200 steps    36407 feasible sets         0 orders tried  current cost 9
    W_14:  3165s  7,094,968,400 steps    36577 feasible sets         0 orders tried  current cost 7
    W_14:  3180s  7,129,205,000 steps    36785 feasible sets         0 orders tried  current cost 9
    W_14:  3195s  7,163,230,000 steps    36994 feasible sets         0 orders tried  current cost 5
    W_14:  3210s  7,197,599,800 steps    37162 feasible sets         0 orders tried  current cost 4
    W_14:  3225s  7,231,734,000 steps    37348 feasible sets         0 orders tried  current cost 2
    W_14:  3240s  7,265,886,000 steps    37554 feasible sets         0 orders tried  current cost 7
    W_14:  3255s  7,299,883,200 steps    37718 feasible sets         0 orders tried  current cost 8
    W_14:  3270s  7,333,853,600 steps    37867 feasible sets         0 orders tried  current cost 4
    W_14:  3285s  7,368,125,000 steps    38022 feasible sets         0 orders tried  current cost 6
    W_14:  3300s  7,402,423,200 steps    38206 feasible sets         0 orders tried  current cost 10
    W_14:  3315s  7,436,356,200 steps    38394 feasible sets         0 orders tried  current cost 3
    W_14:  3330s  7,470,361,000 steps    38560 feasible sets         0 orders tried  current cost 19
    W_14:  3345s  7,504,541,600 steps    38739 feasible sets         0 orders tried  current cost 15
    W_14:  3360s  7,537,810,000 steps    38897 feasible sets         0 orders tried  current cost 5
    W_14:  3375s  7,554,314,400 steps    38991 feasible sets         0 orders tried  current cost 3
    W_14:  3390s  7,586,459,400 steps    39145 feasible sets         0 orders tried  current cost 6
    W_14:  3405s  7,619,974,600 steps    39330 feasible sets         0 orders tried  current cost 3
    W_14:  3420s  7,654,385,600 steps    39515 feasible sets         0 orders tried  current cost 11
    W_14:  3435s  7,688,380,600 steps    39717 feasible sets         0 orders tried  current cost 16
    W_14:  3450s  7,722,797,400 steps    39849 feasible sets         0 orders tried  current cost 3
    W_14:  3465s  7,757,213,200 steps    39986 feasible sets         0 orders tried  current cost 2
    W_14:  3480s  7,791,484,200 steps    40197 feasible sets         0 orders tried  current cost 12
    W_14:  3495s  7,825,427,400 steps    40376 feasible sets         0 orders tried  current cost 5
    W_14:  3510s  7,859,619,200 steps    40525 feasible sets         0 orders tried  current cost 3
    W_14:  3525s  7,893,393,400 steps    40692 feasible sets         0 orders tried  current cost 4
    W_14:  3540s  7,927,693,200 steps    40853 feasible sets         0 orders tried  current cost 2
    W_14:  3555s  7,961,660,200 steps    41058 feasible sets         0 orders tried  current cost 13
    W_14:  3570s  7,995,642,000 steps    41202 feasible sets         0 orders tried  current cost 12
    W_14:  3585s  8,029,815,000 steps    41388 feasible sets         0 orders tried  current cost 1
    W_14:  3600s  8,063,762,600 steps    41582 feasible sets         0 orders tried  current cost 10
    W_14:  3615s  8,097,854,800 steps    41748 feasible sets         0 orders tried  current cost 2
    W_14:  3630s  8,131,722,600 steps    41876 feasible sets         0 orders tried  current cost 12
    W_14:  3645s  8,165,762,200 steps    42051 feasible sets         0 orders tried  current cost 11
    W_14:  3660s  8,200,179,000 steps    42223 feasible sets         0 orders tried  current cost 2
    W_14:  3675s  8,234,398,600 steps    42422 feasible sets         0 orders tried  current cost 1
    W_14:  3690s  8,268,477,600 steps    42549 feasible sets         0 orders tried  current cost 1
    W_14:  3705s  8,302,521,600 steps    42713 feasible sets         0 orders tried  current cost 24
    W_14:  3720s  8,336,894,400 steps    42887 feasible sets         0 orders tried  current cost 2
    W_14:  3735s  8,371,238,400 steps    43072 feasible sets         0 orders tried  current cost 3
    W_14:  3750s  8,405,256,200 steps    43209 feasible sets         0 orders tried  current cost 3
    W_14:  3765s  8,439,405,000 steps    43400 feasible sets         0 orders tried  current cost 7
    W_14:  3780s  8,473,461,400 steps    43600 feasible sets         0 orders tried  current cost 14
    W_14:  3795s  8,507,410,400 steps    43794 feasible sets         0 orders tried  current cost 5
    W_14:  3810s  8,541,693,000 steps    43977 feasible sets         0 orders tried  current cost 1
    W_14:  3825s  8,575,365,600 steps    44129 feasible sets         0 orders tried  current cost 8
    W_14:  3840s  8,609,703,200 steps    44357 feasible sets         0 orders tried  current cost 21
    W_14:  3855s  8,644,108,800 steps    44528 feasible sets         0 orders tried  current cost 6
    W_14:  3870s  8,678,383,800 steps    44742 feasible sets         0 orders tried  current cost 10
    W_14:  3885s  8,712,483,400 steps    44933 feasible sets         0 orders tried  current cost 20
    W_14:  3900s  8,746,442,000 steps    45131 feasible sets         0 orders tried  current cost 10
    W_14:  3915s  8,780,121,600 steps    45327 feasible sets         0 orders tried  current cost 13
    W_14:  3930s  8,814,031,200 steps    45544 feasible sets         0 orders tried  current cost 1
    W_14:  3945s  8,848,272,800 steps    45716 feasible sets         0 orders tried  current cost 5
    W_14:  3960s  8,882,597,000 steps    45890 feasible sets         0 orders tried  current cost 4
    W_14:  3975s  8,916,827,200 steps    46072 feasible sets         0 orders tried  current cost 5
    W_14:  3990s  8,951,119,800 steps    46243 feasible sets         0 orders tried  current cost 3
    W_14:  4005s  8,985,146,200 steps    46390 feasible sets         0 orders tried  current cost 4
    W_14:  4020s  9,019,138,000 steps    46547 feasible sets         0 orders tried  current cost 6
    W_14:  4035s  9,053,341,000 steps    46715 feasible sets         0 orders tried  current cost 9
    W_14:  4050s  9,087,301,200 steps    46891 feasible sets         0 orders tried  current cost 16
    W_14:  4065s  9,121,693,000 steps    47065 feasible sets         0 orders tried  current cost 3
    W_14:  4080s  9,155,871,800 steps    47214 feasible sets         0 orders tried  current cost 3
    W_14:  4095s  9,190,023,000 steps    47393 feasible sets         0 orders tried  current cost 12
    W_14:  4110s  9,224,410,600 steps    47534 feasible sets         0 orders tried  current cost 4
    W_14:  4125s  9,258,730,000 steps    47732 feasible sets         0 orders tried  current cost 4
    W_14:  4140s  9,293,343,600 steps    47905 feasible sets         0 orders tried  current cost 9
    W_14:  4155s  9,327,536,800 steps    48056 feasible sets         0 orders tried  current cost 3
    W_14:  4170s  9,362,146,400 steps    48243 feasible sets         0 orders tried  current cost 9
    W_14:  4185s  9,396,012,400 steps    48431 feasible sets         0 orders tried  current cost 5
    W_14:  4200s  9,430,119,800 steps    48634 feasible sets         0 orders tried  current cost 2
    W_14:  4215s  9,464,145,600 steps    48796 feasible sets         0 orders tried  current cost 9
    W_14:  4230s  9,498,188,200 steps    48976 feasible sets         0 orders tried  current cost 6
    W_14:  4245s  9,531,967,000 steps    49150 feasible sets         0 orders tried  current cost 7
    W_14:  4260s  9,566,428,800 steps    49337 feasible sets         0 orders tried  current cost 5
    W_14:  4275s  9,600,664,800 steps    49515 feasible sets         0 orders tried  current cost 6
    W_14:  4290s  9,634,816,800 steps    49708 feasible sets         0 orders tried  current cost 5
    W_14:  4305s  9,668,974,600 steps    49886 feasible sets         0 orders tried  current cost 4
    W_14:  4320s  9,703,272,200 steps    50064 feasible sets         0 orders tried  current cost 1
    W_14:  4335s  9,737,413,000 steps    50237 feasible sets         0 orders tried  current cost 1
    W_14:  4350s  9,771,659,600 steps    50418 feasible sets         0 orders tried  current cost 3
    W_14:  4365s  9,805,829,600 steps    50602 feasible sets         0 orders tried  current cost 4
    W_14:  4380s  9,840,210,200 steps    50774 feasible sets         0 orders tried  current cost 4
    W_14:  4395s  9,874,397,200 steps    50934 feasible sets         0 orders tried  current cost 4
    W_14:  4410s  9,908,447,800 steps    51141 feasible sets         0 orders tried  current cost 8
    W_14:  4425s  9,942,725,000 steps    51290 feasible sets         0 orders tried  current cost 8
    W_14:  4440s  9,976,646,600 steps    51424 feasible sets         0 orders tried  current cost 8
    W_14:  4455s  10,010,819,600 steps    51582 feasible sets         0 orders tried  current cost 3
    W_14:  4470s  10,045,225,800 steps    51765 feasible sets         0 orders tried  current cost 6
    W_14:  4485s  10,078,873,800 steps    51929 feasible sets         0 orders tried  current cost 5
    W_14:  4500s  10,113,033,000 steps    52102 feasible sets         0 orders tried  current cost 3
    W_14:  4515s  10,146,963,400 steps    52267 feasible sets         0 orders tried  current cost 11
    W_14:  4530s  10,164,517,800 steps    52340 feasible sets         0 orders tried  current cost 4
    W_14:  4545s  10,197,959,200 steps    52506 feasible sets         0 orders tried  current cost 3
    W_14:  4560s  10,232,685,000 steps    52663 feasible sets         0 orders tried  current cost 10
    W_14:  4575s  10,266,974,200 steps    52822 feasible sets         0 orders tried  current cost 4
    W_14:  4590s  10,301,286,200 steps    53000 feasible sets         0 orders tried  current cost 9
    W_14:  4605s  10,335,934,200 steps    53168 feasible sets         0 orders tried  current cost 4
    W_14:  4620s  10,370,442,200 steps    53363 feasible sets         0 orders tried  current cost 7
    W_14:  4635s  10,404,667,600 steps    53520 feasible sets         0 orders tried  current cost 5
    W_14:  4650s  10,438,957,800 steps    53726 feasible sets         0 orders tried  current cost 2
    W_14:  4665s  10,473,383,000 steps    53899 feasible sets         0 orders tried  current cost 9
    W_14:  4680s  10,507,524,800 steps    54084 feasible sets         0 orders tried  current cost 13
    W_14:  4695s  10,541,573,600 steps    54302 feasible sets         0 orders tried  current cost 4
    W_14:  4710s  10,575,828,200 steps    54455 feasible sets         0 orders tried  current cost 6
    W_14:  4725s  10,610,020,600 steps    54605 feasible sets         0 orders tried  current cost 20
    W_14:  4740s  10,643,945,400 steps    54744 feasible sets         0 orders tried  current cost 12
    W_14:  4755s  10,678,591,800 steps    54952 feasible sets         0 orders tried  current cost 3
    W_14:  4770s  10,712,598,200 steps    55103 feasible sets         0 orders tried  current cost 4
    W_14:  4785s  10,747,001,400 steps    55293 feasible sets         0 orders tried  current cost 17
    W_14:  4800s  10,781,301,200 steps    55483 feasible sets         0 orders tried  current cost 9
    W_14:  4815s  10,815,637,400 steps    55664 feasible sets         0 orders tried  current cost 2
    W_14:  4830s  10,850,201,000 steps    55838 feasible sets         0 orders tried  current cost 13
    W_14:  4845s  10,884,571,800 steps    56039 feasible sets         0 orders tried  current cost 2
    W_14:  4860s  10,919,181,000 steps    56193 feasible sets         0 orders tried  current cost 14
    W_14:  4875s  10,953,392,200 steps    56346 feasible sets         0 orders tried  current cost 3
    W_14:  4890s  10,987,267,600 steps    56539 feasible sets         0 orders tried  current cost 7
    W_14:  4905s  11,021,625,800 steps    56720 feasible sets         0 orders tried  current cost 4
    W_14:  4920s  11,055,962,600 steps    56882 feasible sets         0 orders tried  current cost 11
    W_14:  4935s  11,090,315,200 steps    57074 feasible sets         0 orders tried  current cost 4
    W_14:  4950s  11,124,631,200 steps    57255 feasible sets         0 orders tried  current cost 4
    W_14:  4965s  11,158,927,400 steps    57414 feasible sets         0 orders tried  current cost 6
    W_14:  4980s  11,193,351,000 steps    57571 feasible sets         0 orders tried  current cost 5
    W_14:  4995s  11,227,881,400 steps    57733 feasible sets         0 orders tried  current cost 13
    W_14:  5010s  11,262,566,400 steps    57899 feasible sets         0 orders tried  current cost 8
    W_14:  5025s  11,297,004,600 steps    58085 feasible sets         0 orders tried  current cost 10
    W_14:  5040s  11,331,050,600 steps    58256 feasible sets         0 orders tried  current cost 5
    W_14:  5055s  11,365,360,600 steps    58449 feasible sets         0 orders tried  current cost 11
    W_14:  5070s  11,399,739,400 steps    58614 feasible sets         0 orders tried  current cost 2
    W_14:  5085s  11,433,999,800 steps    58777 feasible sets         0 orders tried  current cost 1
    W_14:  5100s  11,468,713,000 steps    59005 feasible sets         0 orders tried  current cost 3
    W_14:  5115s  11,503,029,600 steps    59158 feasible sets         0 orders tried  current cost 4
    W_14:  5130s  11,537,545,000 steps    59315 feasible sets         0 orders tried  current cost 10
    W_14:  5145s  11,572,109,800 steps    59509 feasible sets         0 orders tried  current cost 4
    W_14:  5160s  11,606,661,400 steps    59654 feasible sets         0 orders tried  current cost 15
    W_14:  5175s  11,640,778,000 steps    59848 feasible sets         0 orders tried  current cost 2
    W_14:  5190s  11,674,863,600 steps    60064 feasible sets         0 orders tried  current cost 8
    W_14:  5205s  11,709,119,800 steps    60241 feasible sets         0 orders tried  current cost 1
    W_14:  5220s  11,743,220,400 steps    60415 feasible sets         0 orders tried  current cost 16
    W_14:  5235s  11,777,860,800 steps    60568 feasible sets         0 orders tried  current cost 12
    W_14:  5250s  11,811,966,400 steps    60721 feasible sets         0 orders tried  current cost 6
    W_14:  5265s  11,846,474,200 steps    60865 feasible sets         0 orders tried  current cost 3
    W_14:  5280s  11,880,680,400 steps    61040 feasible sets         0 orders tried  current cost 11
    W_14:  5295s  11,914,972,800 steps    61210 feasible sets         0 orders tried  current cost 2
    W_14:  5310s  11,949,424,200 steps    61372 feasible sets         0 orders tried  current cost 7
    W_14:  5325s  11,983,440,600 steps    61548 feasible sets         0 orders tried  current cost 15
    W_14:  5340s  12,018,003,600 steps    61728 feasible sets         0 orders tried  current cost 10
    W_14:  5355s  12,052,401,000 steps    61919 feasible sets         0 orders tried  current cost 19
    W_14:  5370s  12,086,433,000 steps    62071 feasible sets         0 orders tried  current cost 5
    W_14:  5385s  12,120,805,800 steps    62241 feasible sets         0 orders tried  current cost 4
    W_14:  5400s  12,155,303,600 steps    62428 feasible sets         0 orders tried  current cost 11
    W_14:  5415s  12,189,765,800 steps    62601 feasible sets         0 orders tried  current cost 8
    W_14:  5430s  12,223,961,800 steps    62803 feasible sets         0 orders tried  current cost 14
    W_14:  5445s  12,258,403,600 steps    62958 feasible sets         0 orders tried  current cost 11
    W_14:  5460s  12,292,545,800 steps    63111 feasible sets         0 orders tried  current cost 8
    W_14:  5475s  12,327,008,600 steps    63274 feasible sets         0 orders tried  current cost 7
    W_14:  5490s  12,361,483,800 steps    63463 feasible sets         0 orders tried  current cost 10
    W_14:  5505s  12,395,604,000 steps    63630 feasible sets         0 orders tried  current cost 8
    W_14:  5520s  12,430,072,800 steps    63831 feasible sets         0 orders tried  current cost 4
    W_14:  5535s  12,464,560,600 steps    63972 feasible sets         0 orders tried  current cost 12
    W_14:  5550s  12,499,231,800 steps    64158 feasible sets         0 orders tried  current cost 6
    W_14:  5565s  12,533,487,200 steps    64293 feasible sets         0 orders tried  current cost 4
    W_14:  5580s  12,567,750,000 steps    64476 feasible sets         0 orders tried  current cost 5
    W_14:  5595s  12,598,647,600 steps    64623 feasible sets         0 orders tried  current cost 7
    W_14:  5610s  12,626,874,200 steps    64725 feasible sets         0 orders tried  current cost 3
    W_14:  5625s  12,657,202,200 steps    64855 feasible sets         0 orders tried  current cost 11
    W_14:  5640s  12,688,949,400 steps    65011 feasible sets         0 orders tried  current cost 5
    W_14:  5655s  12,722,899,000 steps    65212 feasible sets         0 orders tried  current cost 4
    W_14:  5670s  12,754,259,400 steps    65371 feasible sets         0 orders tried  current cost 2
    W_14:  5685s  12,780,433,200 steps    65522 feasible sets         0 orders tried  current cost 2
    W_14:  5700s  12,793,442,000 steps    65579 feasible sets         0 orders tried  current cost 10
    W_14:  5715s  12,825,647,600 steps    65742 feasible sets         0 orders tried  current cost 5
    W_14:  5730s  12,860,339,400 steps    65909 feasible sets         0 orders tried  current cost 2
    W_14:  5745s  12,894,418,800 steps    66083 feasible sets         0 orders tried  current cost 1
    W_14:  5760s  12,926,680,200 steps    66264 feasible sets         0 orders tried  current cost 12
    W_14:  5775s  12,957,683,400 steps    66456 feasible sets         0 orders tried  current cost 10
    W_14:  5790s  12,988,321,800 steps    66600 feasible sets         0 orders tried  current cost 12
    W_14:  5805s  13,019,351,200 steps    66811 feasible sets         0 orders tried  current cost 1
    W_14:  5820s  13,052,687,600 steps    66989 feasible sets         0 orders tried  current cost 2
    W_14:  5835s  13,086,170,800 steps    67137 feasible sets         0 orders tried  current cost 4
    W_14:  5850s  13,119,909,400 steps    67286 feasible sets         0 orders tried  current cost 7
    W_14:  5865s  13,153,353,400 steps    67468 feasible sets         0 orders tried  current cost 3
    W_14:  5880s  13,186,678,400 steps    67612 feasible sets         0 orders tried  current cost 4
    W_14:  5895s  13,220,262,200 steps    67772 feasible sets         0 orders tried  current cost 8
    W_14:  5910s  13,254,172,000 steps    67935 feasible sets         0 orders tried  current cost 2
    W_14:  5925s  13,288,189,800 steps    68116 feasible sets         0 orders tried  current cost 3
    W_14:  5940s  13,322,701,200 steps    68293 feasible sets         0 orders tried  current cost 9
    W_14:  5955s  13,357,134,200 steps    68491 feasible sets         0 orders tried  current cost 3
    W_14:  5970s  13,390,838,600 steps    68642 feasible sets         0 orders tried  current cost 5
    W_14:  5985s  13,424,895,000 steps    68832 feasible sets         0 orders tried  current cost 4
    W_14:  6000s  13,459,126,200 steps    68983 feasible sets         0 orders tried  current cost 5
    W_14:  6015s  13,493,099,000 steps    69162 feasible sets         0 orders tried  current cost 2
    W_14:  6030s  13,527,489,600 steps    69362 feasible sets         0 orders tried  current cost 4
    W_14:  6045s  13,561,367,000 steps    69544 feasible sets         0 orders tried  current cost 7
    W_14:  6060s  13,595,696,000 steps    69676 feasible sets         0 orders tried  current cost 3
    W_14:  6075s  13,629,534,600 steps    69847 feasible sets         0 orders tried  current cost 2
    W_14:  6090s  13,663,719,600 steps    69991 feasible sets         0 orders tried  current cost 5
    W_14:  6105s  13,698,076,600 steps    70166 feasible sets         0 orders tried  current cost 1
    W_14:  6120s  13,732,220,400 steps    70377 feasible sets         0 orders tried  current cost 13
    W_14:  6135s  13,766,448,800 steps    70524 feasible sets         0 orders tried  current cost 5
    W_14:  6150s  13,800,587,000 steps    70689 feasible sets         0 orders tried  current cost 6
    W_14:  6165s  13,834,816,400 steps    70851 feasible sets         0 orders tried  current cost 4
    W_14:  6180s  13,868,677,800 steps    70983 feasible sets         0 orders tried  current cost 1
    W_14:  6195s  13,903,059,200 steps    71162 feasible sets         0 orders tried  current cost 5
    W_14:  6210s  13,937,317,400 steps    71290 feasible sets         0 orders tried  current cost 4
    W_14:  6225s  13,971,286,200 steps    71479 feasible sets         0 orders tried  current cost 6
    W_14:  6240s  14,005,899,400 steps    71683 feasible sets         0 orders tried  current cost 1
    W_14:  6255s  14,040,516,400 steps    71855 feasible sets         0 orders tried  current cost 3
    W_14:  6270s  14,074,903,000 steps    72036 feasible sets         0 orders tried  current cost 12
    W_14:  6285s  14,108,924,800 steps    72202 feasible sets         0 orders tried  current cost 7
    W_14:  6300s  14,142,984,000 steps    72381 feasible sets         0 orders tried  current cost 8
    W_14:  6315s  14,177,372,600 steps    72537 feasible sets         0 orders tried  current cost 4
    W_14:  6330s  14,211,558,000 steps    72700 feasible sets         0 orders tried  current cost 4
    W_14:  6345s  14,245,946,000 steps    72866 feasible sets         0 orders tried  current cost 8
    W_14:  6360s  14,280,303,800 steps    73035 feasible sets         0 orders tried  current cost 9
    W_14:  6375s  14,314,902,600 steps    73223 feasible sets         0 orders tried  current cost 11
    W_14:  6390s  14,349,229,200 steps    73386 feasible sets         0 orders tried  current cost 4
    W_14:  6405s  14,383,315,000 steps    73590 feasible sets         0 orders tried  current cost 5
    W_14:  6420s  14,417,757,000 steps    73749 feasible sets         0 orders tried  current cost 3
    W_14:  6435s  14,451,726,400 steps    73953 feasible sets         0 orders tried  current cost 13
    W_14:  6450s  14,485,501,600 steps    74097 feasible sets         0 orders tried  current cost 5
    W_14:  6465s  14,519,676,200 steps    74286 feasible sets         0 orders tried  current cost 3
    W_14:  6480s  14,553,901,800 steps    74463 feasible sets         0 orders tried  current cost 13
    W_14:  6495s  14,588,395,000 steps    74648 feasible sets         0 orders tried  current cost 3
    W_14:  6510s  14,622,640,000 steps    74801 feasible sets         0 orders tried  current cost 3
    W_14:  6525s  14,656,785,600 steps    74988 feasible sets         0 orders tried  current cost 7
    W_14:  6540s  14,691,019,200 steps    75162 feasible sets         0 orders tried  current cost 4
    W_14:  6555s  14,725,427,400 steps    75319 feasible sets         0 orders tried  current cost 9
    W_14:  6570s  14,759,544,400 steps    75484 feasible sets         0 orders tried  current cost 12
    W_14:  6585s  14,793,894,600 steps    75659 feasible sets         0 orders tried  current cost 1
    W_14:  6600s  14,828,236,000 steps    75856 feasible sets         0 orders tried  current cost 2
    W_14:  6615s  14,862,215,000 steps    76024 feasible sets         0 orders tried  current cost 2
    W_14:  6630s  14,896,272,800 steps    76173 feasible sets         0 orders tried  current cost 2
    W_14:  6645s  14,930,347,400 steps    76383 feasible sets         0 orders tried  current cost 5
    W_14:  6660s  14,962,059,200 steps    76558 feasible sets         0 orders tried  current cost 4
    W_14:  6675s  14,993,547,200 steps    76738 feasible sets         0 orders tried  current cost 6
    W_14:  6690s  15,025,147,200 steps    76898 feasible sets         0 orders tried  current cost 6
    W_14:  6705s  15,057,615,000 steps    77071 feasible sets         0 orders tried  current cost 3
    W_14:  6720s  15,091,528,200 steps    77247 feasible sets         0 orders tried  current cost 6
    W_14:  6735s  15,126,096,000 steps    77413 feasible sets         0 orders tried  current cost 4
    W_14:  6750s  15,160,034,000 steps    77570 feasible sets         0 orders tried  current cost 4
    W_14:  6765s  15,192,942,800 steps    77770 feasible sets         0 orders tried  current cost 14
    W_14:  6780s  15,227,023,200 steps    77942 feasible sets         0 orders tried  current cost 9
    W_14:  6795s  15,261,033,000 steps    78099 feasible sets         0 orders tried  current cost 4
    W_14:  6810s  15,295,000,400 steps    78284 feasible sets         0 orders tried  current cost 18
    W_14:  6825s  15,328,445,600 steps    78479 feasible sets         0 orders tried  current cost 4
    W_14:  6840s  15,362,491,800 steps    78659 feasible sets         0 orders tried  current cost 3
    W_14:  6855s  15,396,715,200 steps    78855 feasible sets         0 orders tried  current cost 5
    W_14:  6870s  15,430,916,000 steps    79015 feasible sets         0 orders tried  current cost 2
    W_14:  6885s  15,465,394,800 steps    79175 feasible sets         0 orders tried  current cost 6
    W_14:  6900s  15,499,172,400 steps    79361 feasible sets         0 orders tried  current cost 3
    W_14:  6915s  15,533,178,600 steps    79552 feasible sets         0 orders tried  current cost 2
    W_14:  6930s  15,567,386,200 steps    79727 feasible sets         0 orders tried  current cost 8
    W_14:  6945s  15,601,750,200 steps    79919 feasible sets         0 orders tried  current cost 4
    W_14:  6960s  15,635,976,000 steps    80085 feasible sets         0 orders tried  current cost 4
    W_14:  6975s  15,670,062,800 steps    80241 feasible sets         0 orders tried  current cost 12
    W_14:  6990s  15,704,764,800 steps    80374 feasible sets         0 orders tried  current cost 9
    W_14:  7005s  15,738,798,200 steps    80585 feasible sets         0 orders tried  current cost 3
    W_14:  7020s  15,773,065,400 steps    80745 feasible sets         0 orders tried  current cost 8
    W_14:  7035s  15,807,412,800 steps    80941 feasible sets         0 orders tried  current cost 4
    W_14:  7050s  15,841,728,200 steps    81087 feasible sets         0 orders tried  current cost 4
    W_14:  7065s  15,875,712,000 steps    81249 feasible sets         0 orders tried  current cost 3
    W_14:  7080s  15,909,692,000 steps    81448 feasible sets         0 orders tried  current cost 1
    W_14:  7095s  15,943,877,200 steps    81615 feasible sets         0 orders tried  current cost 2
    W_14:  7110s  15,977,987,000 steps    81796 feasible sets         0 orders tried  current cost 6
    W_14:  7125s  16,012,095,400 steps    81994 feasible sets         0 orders tried  current cost 5
    W_14:  7140s  16,046,476,600 steps    82185 feasible sets         0 orders tried  current cost 3
    W_14:  7155s  16,081,002,800 steps    82396 feasible sets         0 orders tried  current cost 10
    W_14:  7170s  16,114,929,000 steps    82549 feasible sets         0 orders tried  current cost 4
    W_14:  7185s  16,149,460,000 steps    82724 feasible sets         0 orders tried  current cost 7
    W_14:  7200s  16,183,934,400 steps    82916 feasible sets         0 orders tried  current cost 3
    W_14:  7215s  16,218,516,600 steps    83071 feasible sets         0 orders tried  current cost 3
    W_14:  7230s  16,253,271,800 steps    83268 feasible sets         0 orders tried  current cost 4
    W_14:  7245s  16,288,338,400 steps    83421 feasible sets         0 orders tried  current cost 3
    W_14:  7260s  16,322,729,800 steps    83593 feasible sets         0 orders tried  current cost 7
    W_14:  7275s  16,357,189,800 steps    83753 feasible sets         0 orders tried  current cost 4
    W_14:  7290s  16,391,180,200 steps    83917 feasible sets         0 orders tried  current cost 10
    W_14:  7305s  16,425,312,600 steps    84100 feasible sets         0 orders tried  current cost 1
    W_14:  7320s  16,459,452,200 steps    84314 feasible sets         0 orders tried  current cost 3
    W_14:  7335s  16,493,692,600 steps    84483 feasible sets         0 orders tried  current cost 4
    W_14:  7350s  16,527,974,400 steps    84640 feasible sets         0 orders tried  current cost 4
    W_14:  7365s  16,562,215,200 steps    84803 feasible sets         0 orders tried  current cost 1
    W_14:  7380s  16,596,649,200 steps    84965 feasible sets         0 orders tried  current cost 6
    W_14:  7395s  16,630,883,800 steps    85150 feasible sets         0 orders tried  current cost 11
    W_14:  7410s  16,664,902,800 steps    85312 feasible sets         0 orders tried  current cost 10
    W_14:  7425s  16,699,377,800 steps    85516 feasible sets         0 orders tried  current cost 2
    W_14:  7440s  16,733,603,400 steps    85697 feasible sets         0 orders tried  current cost 10
    W_14:  7455s  16,767,801,400 steps    85837 feasible sets         0 orders tried  current cost 16
    W_14:  7470s  16,801,841,000 steps    86043 feasible sets         0 orders tried  current cost 8
    W_14:  7485s  16,835,889,600 steps    86225 feasible sets         0 orders tried  current cost 3
    W_14:  7500s  16,870,380,000 steps    86407 feasible sets         0 orders tried  current cost 2
    W_14:  7515s  16,905,007,200 steps    86552 feasible sets         0 orders tried  current cost 6
    W_14:  7530s  16,939,587,200 steps    86744 feasible sets         0 orders tried  current cost 4
    W_14:  7545s  16,974,439,600 steps    86889 feasible sets         0 orders tried  current cost 3
    W_14:  7560s  17,008,826,800 steps    87105 feasible sets         0 orders tried  current cost 5
    W_14:  7575s  17,043,281,200 steps    87283 feasible sets         0 orders tried  current cost 16
    W_14:  7590s  17,077,684,200 steps    87463 feasible sets         0 orders tried  current cost 14
    W_14:  7605s  17,112,265,000 steps    87602 feasible sets         0 orders tried  current cost 7
    W_14:  7620s  17,146,519,000 steps    87729 feasible sets         0 orders tried  current cost 2
    W_14:  7635s  17,180,801,400 steps    87874 feasible sets         0 orders tried  current cost 16
    W_14:  7650s  17,215,171,600 steps    88046 feasible sets         0 orders tried  current cost 5
    W_14:  7665s  17,249,630,400 steps    88219 feasible sets         0 orders tried  current cost 3
    W_14:  7680s  17,284,143,200 steps    88397 feasible sets         0 orders tried  current cost 12
    W_14:  7695s  17,318,449,800 steps    88625 feasible sets         0 orders tried  current cost 5
    W_14:  7710s  17,352,628,000 steps    88855 feasible sets         0 orders tried  current cost 6
    W_14:  7725s  17,387,244,200 steps    88973 feasible sets         0 orders tried  current cost 14
    W_14:  7740s  17,421,318,200 steps    89192 feasible sets         0 orders tried  current cost 1
    W_14:  7755s  17,455,819,400 steps    89378 feasible sets         0 orders tried  current cost 4
    W_14:  7770s  17,490,103,000 steps    89571 feasible sets         0 orders tried  current cost 10
    W_14:  7785s  17,524,279,000 steps    89727 feasible sets         0 orders tried  current cost 3
    W_14:  7800s  17,558,655,800 steps    89897 feasible sets         0 orders tried  current cost 1
    W_14:  7815s  17,593,212,800 steps    90091 feasible sets         0 orders tried  current cost 4
    W_14:  7830s  17,627,920,400 steps    90285 feasible sets         0 orders tried  current cost 16
    W_14:  7845s  17,662,033,400 steps    90445 feasible sets         0 orders tried  current cost 4
    W_14:  7860s  17,696,356,600 steps    90604 feasible sets         0 orders tried  current cost 4
    W_14:  7875s  17,730,860,600 steps    90789 feasible sets         0 orders tried  current cost 13
    W_14:  7890s  17,761,326,400 steps    90961 feasible sets         0 orders tried  current cost 7
    W_14:  7905s  17,790,941,400 steps    91145 feasible sets         0 orders tried  current cost 12
    W_14:  7920s  17,822,276,800 steps    91308 feasible sets         0 orders tried  current cost 4
    W_14:  7935s  17,853,771,000 steps    91464 feasible sets         0 orders tried  current cost 4
    W_14:  7950s  17,888,328,400 steps    91669 feasible sets         0 orders tried  current cost 5
    W_14:  7965s  17,922,745,200 steps    91825 feasible sets         0 orders tried  current cost 8
    W_14:  7980s  17,957,393,400 steps    91965 feasible sets         0 orders tried  current cost 5
    W_14:  7995s  17,992,006,200 steps    92165 feasible sets         0 orders tried  current cost 7
    W_14:  8010s  18,026,506,800 steps    92314 feasible sets         0 orders tried  current cost 7
    W_14:  8025s  18,060,904,400 steps    92471 feasible sets         0 orders tried  current cost 7
    W_14:  8040s  18,095,525,000 steps    92625 feasible sets         0 orders tried  current cost 11
    W_14:  8055s  18,129,832,200 steps    92807 feasible sets         0 orders tried  current cost 4
    W_14:  8070s  18,164,075,800 steps    92955 feasible sets         0 orders tried  current cost 4
    W_14:  8085s  18,198,399,200 steps    93137 feasible sets         0 orders tried  current cost 3
    W_14:  8100s  18,232,515,800 steps    93299 feasible sets         0 orders tried  current cost 3
    W_14:  8115s  18,267,167,000 steps    93495 feasible sets         0 orders tried  current cost 5
    W_14:  8130s  18,301,536,400 steps    93680 feasible sets         0 orders tried  current cost 1
    W_14:  8145s  18,335,929,800 steps    93847 feasible sets         0 orders tried  current cost 4
    W_14:  8160s  18,370,297,000 steps    94021 feasible sets         0 orders tried  current cost 3
    W_14:  8175s  18,404,663,800 steps    94180 feasible sets         0 orders tried  current cost 9
    W_14:  8190s  18,439,306,000 steps    94358 feasible sets         0 orders tried  current cost 7
    W_14:  8205s  18,473,756,800 steps    94550 feasible sets         0 orders tried  current cost 4
    W_14:  8220s  18,508,343,400 steps    94710 feasible sets         0 orders tried  current cost 10
    W_14:  8235s  18,543,140,000 steps    94841 feasible sets         0 orders tried  current cost 3
    W_14:  8250s  18,577,668,600 steps    94976 feasible sets         0 orders tried  current cost 5
    W_14:  8265s  18,611,961,800 steps    95186 feasible sets         0 orders tried  current cost 11
    W_14:  8280s  18,646,533,400 steps    95388 feasible sets         0 orders tried  current cost 3
    W_14:  8295s  18,680,950,400 steps    95580 feasible sets         0 orders tried  current cost 5
    W_14:  8310s  18,715,378,000 steps    95729 feasible sets         0 orders tried  current cost 3
    W_14:  8325s  18,749,579,600 steps    95913 feasible sets         0 orders tried  current cost 2
    W_14:  8340s  18,784,154,000 steps    96058 feasible sets         0 orders tried  current cost 4
    W_14:  8355s  18,818,666,800 steps    96255 feasible sets         0 orders tried  current cost 4
    W_14:  8370s  18,852,933,200 steps    96472 feasible sets         0 orders tried  current cost 1
    W_14:  8385s  18,887,521,000 steps    96650 feasible sets         0 orders tried  current cost 9
    W_14:  8400s  18,922,037,200 steps    96793 feasible sets         0 orders tried  current cost 4
    W_14:  8415s  18,956,538,200 steps    96951 feasible sets         0 orders tried  current cost 4
    W_14:  8430s  18,990,558,000 steps    97124 feasible sets         0 orders tried  current cost 1
    W_14:  8445s  19,024,625,600 steps    97309 feasible sets         0 orders tried  current cost 7
    W_14:  8460s  19,059,050,400 steps    97477 feasible sets         0 orders tried  current cost 5
    W_14:  8475s  19,093,222,600 steps    97645 feasible sets         0 orders tried  current cost 14
    W_14:  8490s  19,127,155,800 steps    97873 feasible sets         0 orders tried  current cost 2
    W_14:  8505s  19,161,740,200 steps    98036 feasible sets         0 orders tried  current cost 15
    W_14:  8520s  19,195,977,800 steps    98212 feasible sets         0 orders tried  current cost 4
    W_14:  8535s  19,230,699,000 steps    98433 feasible sets         0 orders tried  current cost 4
    W_14:  8550s  19,265,186,400 steps    98600 feasible sets         0 orders tried  current cost 8
    W_14:  8565s  19,299,337,800 steps    98793 feasible sets         0 orders tried  current cost 1
    W_14:  8580s  19,333,490,400 steps    99004 feasible sets         0 orders tried  current cost 1
    W_14:  8595s  19,367,414,600 steps    99143 feasible sets         0 orders tried  current cost 3
    W_14:  8610s  19,401,790,400 steps    99342 feasible sets         0 orders tried  current cost 2
    W_14:  8625s  19,436,369,000 steps    99563 feasible sets         0 orders tried  current cost 2
    W_14:  8640s  19,470,866,600 steps    99744 feasible sets         0 orders tried  current cost 8
    W_14:  8655s  19,505,288,200 steps    99902 feasible sets         0 orders tried  current cost 5
    W_14:  8670s  19,540,039,600 steps   100051 feasible sets         0 orders tried  current cost 3
    W_14:  8685s  19,573,950,600 steps   100264 feasible sets         0 orders tried  current cost 4
    W_14:  8700s  19,608,870,800 steps   100461 feasible sets         0 orders tried  current cost 6
    W_14:  8715s  19,643,481,400 steps   100606 feasible sets         0 orders tried  current cost 17
    W_14:  8730s  19,677,249,400 steps   100828 feasible sets         0 orders tried  current cost 8
    W_14:  8745s  19,711,619,200 steps   101046 feasible sets         0 orders tried  current cost 2
    W_14:  8760s  19,745,815,600 steps   101232 feasible sets         0 orders tried  current cost 3
    W_14:  8775s  19,779,946,400 steps   101378 feasible sets         0 orders tried  current cost 4
    W_14:  8790s  19,813,871,000 steps   101569 feasible sets         0 orders tried  current cost 3
    W_14:  8805s  19,847,978,400 steps   101731 feasible sets         0 orders tried  current cost 3
    W_14:  8820s  19,881,952,600 steps   101925 feasible sets         0 orders tried  current cost 3
    W_14:  8835s  19,916,231,800 steps   102105 feasible sets         0 orders tried  current cost 2
    W_14:  8850s  19,950,549,400 steps   102262 feasible sets         0 orders tried  current cost 5
    W_14:  8865s  19,985,069,200 steps   102416 feasible sets         0 orders tried  current cost 5
    W_14:  8880s  20,019,828,400 steps   102570 feasible sets         0 orders tried  current cost 5
    W_14:  8895s  20,054,525,800 steps   102755 feasible sets         0 orders tried  current cost 6
    W_14:  8910s  20,088,710,200 steps   102958 feasible sets         0 orders tried  current cost 5
    W_14:  8925s  20,123,069,600 steps   103131 feasible sets         0 orders tried  current cost 2
    W_14:  8940s  20,157,250,800 steps   103332 feasible sets         0 orders tried  current cost 4
    W_14:  8955s  20,191,245,400 steps   103478 feasible sets         0 orders tried  current cost 9
    W_14:  8970s  20,225,380,200 steps   103656 feasible sets         0 orders tried  current cost 12
    W_14:  8985s  20,259,818,600 steps   103853 feasible sets         0 orders tried  current cost 2
    W_14:  9000s  20,294,472,200 steps   104021 feasible sets         0 orders tried  current cost 3
    W_14:  9015s  20,329,389,200 steps   104200 feasible sets         0 orders tried  current cost 4
    W_14:  9030s  20,363,489,400 steps   104394 feasible sets         0 orders tried  current cost 6
    W_14:  9045s  20,398,315,800 steps   104576 feasible sets         0 orders tried  current cost 3
    W_14:  9060s  20,433,009,400 steps   104746 feasible sets         0 orders tried  current cost 4
    W_14:  9075s  20,467,806,600 steps   104947 feasible sets         0 orders tried  current cost 5
    W_14:  9090s  20,502,068,000 steps   105114 feasible sets         0 orders tried  current cost 3
    W_14:  9105s  20,536,627,600 steps   105305 feasible sets         0 orders tried  current cost 6
    W_14:  9120s  20,570,816,600 steps   105467 feasible sets         0 orders tried  current cost 2
    W_14:  9135s  20,605,277,800 steps   105644 feasible sets         0 orders tried  current cost 2
    W_14:  9150s  20,639,702,600 steps   105831 feasible sets         0 orders tried  current cost 12
    W_14:  9165s  20,673,852,800 steps   106045 feasible sets         0 orders tried  current cost 4
    W_14:  9180s  20,708,243,400 steps   106234 feasible sets         0 orders tried  current cost 11
    W_14:  9195s  20,742,695,200 steps   106435 feasible sets         0 orders tried  current cost 3
    W_14:  9210s  20,777,123,800 steps   106572 feasible sets         0 orders tried  current cost 12
    W_14:  9225s  20,811,757,600 steps   106750 feasible sets         0 orders tried  current cost 5
    W_14:  9240s  20,846,696,200 steps   106932 feasible sets         0 orders tried  current cost 2
    W_14:  9255s  20,881,041,200 steps   107094 feasible sets         0 orders tried  current cost 8
    W_14:  9270s  20,915,254,600 steps   107274 feasible sets         0 orders tried  current cost 4
    W_14:  9285s  20,949,720,400 steps   107437 feasible sets         0 orders tried  current cost 17
    W_14:  9300s  20,984,074,600 steps   107616 feasible sets         0 orders tried  current cost 3
    W_14:  9315s  21,018,711,000 steps   107792 feasible sets         0 orders tried  current cost 5
    W_14:  9330s  21,052,766,800 steps   107956 feasible sets         0 orders tried  current cost 5
    W_14:  9345s  21,086,999,000 steps   108128 feasible sets         0 orders tried  current cost 2
    W_14:  9360s  21,121,427,400 steps   108305 feasible sets         0 orders tried  current cost 4
    W_14:  9375s  21,155,953,600 steps   108479 feasible sets         0 orders tried  current cost 2
    W_14:  9390s  21,190,277,200 steps   108650 feasible sets         0 orders tried  current cost 5
    W_14:  9405s  21,224,720,000 steps   108806 feasible sets         0 orders tried  current cost 4
    W_14:  9420s  21,259,055,400 steps   109011 feasible sets         0 orders tried  current cost 1
    W_14:  9435s  21,293,435,600 steps   109182 feasible sets         0 orders tried  current cost 3
    W_14:  9450s  21,327,706,000 steps   109369 feasible sets         0 orders tried  current cost 6
    W_14:  9465s  21,362,294,400 steps   109533 feasible sets         0 orders tried  current cost 4
    W_14:  9480s  21,397,020,600 steps   109715 feasible sets         0 orders tried  current cost 17
    W_14:  9495s  21,431,655,200 steps   109884 feasible sets         0 orders tried  current cost 1
    W_14:  9510s  21,466,076,800 steps   110047 feasible sets         0 orders tried  current cost 1
    W_14:  9525s  21,500,532,600 steps   110209 feasible sets         0 orders tried  current cost 2
    W_14:  9540s  21,535,010,000 steps   110369 feasible sets         0 orders tried  current cost 5
    W_14:  9555s  21,569,909,400 steps   110569 feasible sets         0 orders tried  current cost 4
    W_14:  9570s  21,604,708,800 steps   110737 feasible sets         0 orders tried  current cost 3
    W_14:  9585s  21,639,085,200 steps   110944 feasible sets         0 orders tried  current cost 10
    W_14:  9600s  21,673,763,200 steps   111131 feasible sets         0 orders tried  current cost 10
    W_14:  9615s  21,708,399,200 steps   111300 feasible sets         0 orders tried  current cost 3
    W_14:  9630s  21,742,853,600 steps   111481 feasible sets         0 orders tried  current cost 4
    W_14:  9645s  21,777,333,800 steps   111667 feasible sets         0 orders tried  current cost 2
    W_14:  9660s  21,812,175,400 steps   111886 feasible sets         0 orders tried  current cost 3
    W_14:  9675s  21,846,400,400 steps   112073 feasible sets         0 orders tried  current cost 13
    W_14:  9690s  21,880,952,000 steps   112257 feasible sets         0 orders tried  current cost 2
    W_14:  9705s  21,915,087,800 steps   112404 feasible sets         0 orders tried  current cost 8
    W_14:  9720s  21,949,526,200 steps   112590 feasible sets         0 orders tried  current cost 8
    W_14:  9735s  21,983,978,000 steps   112833 feasible sets         0 orders tried  current cost 2
    W_14:  9750s  22,018,684,000 steps   113006 feasible sets         0 orders tried  current cost 9
    W_14:  9765s  22,053,268,400 steps   113215 feasible sets         0 orders tried  current cost 6
    W_14:  9780s  22,087,691,000 steps   113420 feasible sets         0 orders tried  current cost 3
    W_14:  9795s  22,122,230,600 steps   113589 feasible sets         0 orders tried  current cost 4
    W_14:  9810s  22,156,886,000 steps   113756 feasible sets         0 orders tried  current cost 7
    W_14:  9825s  22,189,942,400 steps   113896 feasible sets         0 orders tried  current cost 14
    W_14:  9840s  22,223,322,600 steps   114078 feasible sets         0 orders tried  current cost 12
    W_14:  9855s  22,256,991,400 steps   114257 feasible sets         0 orders tried  current cost 5
    W_14:  9870s  22,290,688,200 steps   114441 feasible sets         0 orders tried  current cost 9
    W_14:  9885s  22,324,859,000 steps   114643 feasible sets         0 orders tried  current cost 5
    W_14:  9900s  22,358,883,400 steps   114812 feasible sets         0 orders tried  current cost 8
    W_14:  9915s  22,392,682,200 steps   114969 feasible sets         0 orders tried  current cost 14
    W_14:  9930s  22,426,484,600 steps   115119 feasible sets         0 orders tried  current cost 6
    W_14:  9945s  22,460,006,600 steps   115312 feasible sets         0 orders tried  current cost 4
    W_14:  9960s  22,493,975,000 steps   115471 feasible sets         0 orders tried  current cost 2
    W_14:  9975s  22,527,852,000 steps   115648 feasible sets         0 orders tried  current cost 3
    W_14:  9990s  22,562,099,800 steps   115842 feasible sets         0 orders tried  current cost 3
    W_14: 10005s  22,595,919,200 steps   116017 feasible sets         0 orders tried  current cost 4
    W_14: 10020s  22,630,307,400 steps   116229 feasible sets         0 orders tried  current cost 9
    W_14: 10035s  22,664,526,800 steps   116407 feasible sets         0 orders tried  current cost 5
    W_14: 10050s  22,698,470,600 steps   116568 feasible sets         0 orders tried  current cost 4
    W_14: 10065s  22,732,453,800 steps   116753 feasible sets         0 orders tried  current cost 5
    W_14: 10080s  22,766,800,400 steps   116910 feasible sets         0 orders tried  current cost 9
    W_14: 10095s  22,800,659,000 steps   117065 feasible sets         0 orders tried  current cost 2
    W_14: 10110s  22,834,819,600 steps   117270 feasible sets         0 orders tried  current cost 3
    W_14: 10125s  22,868,749,200 steps   117426 feasible sets         0 orders tried  current cost 5
    W_14: 10140s  22,902,952,000 steps   117573 feasible sets         0 orders tried  current cost 1
    W_14: 10155s  22,937,491,200 steps   117765 feasible sets         0 orders tried  current cost 4
    W_14: 10170s  22,971,392,200 steps   117958 feasible sets         0 orders tried  current cost 6
    W_14: 10185s  23,005,403,600 steps   118154 feasible sets         0 orders tried  current cost 11
    W_14: 10200s  23,039,930,000 steps   118369 feasible sets         0 orders tried  current cost 3
    W_14: 10215s  23,074,060,800 steps   118555 feasible sets         0 orders tried  current cost 9
    W_14: 10230s  23,108,151,800 steps   118700 feasible sets         0 orders tried  current cost 2
    W_14: 10245s  23,142,126,200 steps   118854 feasible sets         0 orders tried  current cost 8
    W_14: 10260s  23,176,038,000 steps   118999 feasible sets         0 orders tried  current cost 3
    W_14: 10275s  23,210,178,200 steps   119157 feasible sets         0 orders tried  current cost 5
    W_14: 10290s  23,243,969,200 steps   119328 feasible sets         0 orders tried  current cost 3
    W_14: 10305s  23,277,979,600 steps   119501 feasible sets         0 orders tried  current cost 2
    W_14: 10320s  23,311,764,800 steps   119673 feasible sets         0 orders tried  current cost 9
    W_14: 10335s  23,345,960,200 steps   119819 feasible sets         0 orders tried  current cost 13
    W_14: 10350s  23,379,751,200 steps   119985 feasible sets         0 orders tried  current cost 5
    W_14: 10365s  23,413,756,600 steps   120133 feasible sets         0 orders tried  current cost 3
    W_14: 10380s  23,447,752,600 steps   120277 feasible sets         0 orders tried  current cost 3
    W_14: 10395s  23,481,490,000 steps   120440 feasible sets         0 orders tried  current cost 3
    W_14: 10410s  23,515,633,800 steps   120585 feasible sets         0 orders tried  current cost 1
    W_14: 10425s  23,549,236,800 steps   120798 feasible sets         0 orders tried  current cost 2
    W_14: 10440s  23,583,292,600 steps   120948 feasible sets         0 orders tried  current cost 3
    W_14: 10455s  23,617,154,800 steps   121123 feasible sets         0 orders tried  current cost 4
    W_14: 10470s  23,651,043,200 steps   121314 feasible sets         0 orders tried  current cost 10
    W_14: 10485s  23,684,993,200 steps   121489 feasible sets         0 orders tried  current cost 3
    W_14: 10500s  23,718,938,400 steps   121650 feasible sets         0 orders tried  current cost 4
    W_14: 10515s  23,752,670,200 steps   121817 feasible sets         0 orders tried  current cost 4
    W_14: 10530s  23,787,006,800 steps   121993 feasible sets         0 orders tried  current cost 6
    W_14: 10545s  23,821,236,400 steps   122163 feasible sets         0 orders tried  current cost 2
    W_14: 10560s  23,855,471,600 steps   122356 feasible sets         0 orders tried  current cost 4
    W_14: 10575s  23,889,570,200 steps   122555 feasible sets         0 orders tried  current cost 6
    W_14: 10590s  23,923,358,200 steps   122692 feasible sets         0 orders tried  current cost 4
    W_14: 10605s  23,957,589,000 steps   122848 feasible sets         0 orders tried  current cost 6
    W_14: 10620s  23,991,532,400 steps   123044 feasible sets         0 orders tried  current cost 4
    W_14: 10635s  24,025,439,800 steps   123217 feasible sets         0 orders tried  current cost 1
    W_14: 10650s  24,060,167,600 steps   123418 feasible sets         0 orders tried  current cost 6
    W_14: 10665s  24,093,923,400 steps   123594 feasible sets         0 orders tried  current cost 11
    W_14: 10680s  24,127,959,200 steps   123798 feasible sets         0 orders tried  current cost 3
    W_14: 10695s  24,162,542,400 steps   123993 feasible sets         0 orders tried  current cost 16
    W_14: 10710s  24,196,568,600 steps   124203 feasible sets         0 orders tried  current cost 4
    W_14: 10725s  24,230,488,800 steps   124382 feasible sets         0 orders tried  current cost 8
    W_14: 10740s  24,264,725,400 steps   124518 feasible sets         0 orders tried  current cost 9
    W_14: 10755s  24,298,683,200 steps   124692 feasible sets         0 orders tried  current cost 11
    W_14: 10770s  24,332,502,800 steps   124879 feasible sets         0 orders tried  current cost 12
    W_14: 10785s  24,365,924,600 steps   125033 feasible sets         0 orders tried  current cost 7
    W_14: 10800s  24,399,235,200 steps   125182 feasible sets         0 orders tried  current cost 2
    W_14: 10815s  24,433,402,000 steps   125388 feasible sets         0 orders tried  current cost 12
    W_14: 10830s  24,466,873,400 steps   125577 feasible sets         0 orders tried  current cost 3
    W_14: 10845s  24,500,622,600 steps   125761 feasible sets         0 orders tried  current cost 12
    W_14: 10860s  24,534,823,600 steps   125899 feasible sets         0 orders tried  current cost 13
    W_14: 10875s  24,569,300,200 steps   126069 feasible sets         0 orders tried  current cost 11
    W_14: 10890s  24,603,295,200 steps   126222 feasible sets         0 orders tried  current cost 3
    W_14: 10905s  24,637,547,000 steps   126394 feasible sets         0 orders tried  current cost 7
    W_14: 10920s  24,671,826,800 steps   126561 feasible sets         0 orders tried  current cost 6
    W_14: 10935s  24,705,914,600 steps   126749 feasible sets         0 orders tried  current cost 3
    W_14: 10950s  24,739,972,400 steps   126909 feasible sets         0 orders tried  current cost 4
    W_14: 10965s  24,773,594,000 steps   127126 feasible sets         0 orders tried  current cost 5
    W_14: 10980s  24,807,675,000 steps   127316 feasible sets         0 orders tried  current cost 3
    W_14: 10995s  24,841,971,200 steps   127485 feasible sets         0 orders tried  current cost 4
    W_14: 11010s  24,875,942,800 steps   127660 feasible sets         0 orders tried  current cost 15
    W_14: 11025s  24,910,180,600 steps   127826 feasible sets         0 orders tried  current cost 12
    W_14: 11040s  24,944,124,200 steps   128001 feasible sets         0 orders tried  current cost 9
    W_14: 11055s  24,978,321,800 steps   128161 feasible sets         0 orders tried  current cost 14
    W_14: 11070s  25,012,430,600 steps   128343 feasible sets         0 orders tried  current cost 4
    W_14: 11085s  25,046,256,400 steps   128534 feasible sets         0 orders tried  current cost 3
    W_14: 11100s  25,080,682,400 steps   128712 feasible sets         0 orders tried  current cost 18
    W_14: 11115s  25,114,757,000 steps   128898 feasible sets         0 orders tried  current cost 5
    W_14: 11130s  25,149,113,000 steps   129031 feasible sets         0 orders tried  current cost 3
    W_14: 11145s  25,183,420,000 steps   129209 feasible sets         0 orders tried  current cost 2
    W_14: 11160s  25,217,053,400 steps   129374 feasible sets         0 orders tried  current cost 3
    W_14: 11175s  25,251,025,200 steps   129528 feasible sets         0 orders tried  current cost 9
    W_14: 11190s  25,285,229,000 steps   129745 feasible sets         0 orders tried  current cost 6
    W_14: 11205s  25,319,062,200 steps   129905 feasible sets         0 orders tried  current cost 8
    W_14: 11220s  25,352,732,600 steps   130077 feasible sets         0 orders tried  current cost 4
    W_14: 11235s  25,385,514,600 steps   130234 feasible sets         0 orders tried  current cost 3
    W_14: 11250s  25,418,616,800 steps   130424 feasible sets         0 orders tried  current cost 3
    W_14: 11265s  25,452,760,000 steps   130632 feasible sets         0 orders tried  current cost 3
    W_14: 11280s  25,486,914,400 steps   130809 feasible sets         0 orders tried  current cost 3
    W_14: 11295s  25,520,974,000 steps   130966 feasible sets         0 orders tried  current cost 4
    W_14: 11310s  25,554,748,400 steps   131119 feasible sets         0 orders tried  current cost 3
    W_14: 11325s  25,588,841,200 steps   131277 feasible sets         0 orders tried  current cost 9
    W_14: 11340s  25,623,109,600 steps   131452 feasible sets         0 orders tried  current cost 6
    W_14: 11355s  25,657,225,400 steps   131665 feasible sets         0 orders tried  current cost 15
    W_14: 11370s  25,691,665,600 steps   131859 feasible sets         0 orders tried  current cost 9
    W_14: 11385s  25,726,439,000 steps   132046 feasible sets         0 orders tried  current cost 2
    W_14: 11400s  25,760,805,400 steps   132190 feasible sets         0 orders tried  current cost 8
    W_14: 11415s  25,795,179,800 steps   132352 feasible sets         0 orders tried  current cost 1
    W_14: 11430s  25,829,432,600 steps   132512 feasible sets         0 orders tried  current cost 2
    W_14: 11445s  25,863,667,200 steps   132724 feasible sets         0 orders tried  current cost 3
    W_14: 11460s  25,897,825,200 steps   132882 feasible sets         0 orders tried  current cost 9
    W_14: 11475s  25,932,027,200 steps   133057 feasible sets         0 orders tried  current cost 6
    W_14: 11490s  25,966,486,400 steps   133203 feasible sets         0 orders tried  current cost 5
    W_14: 11505s  26,000,829,200 steps   133370 feasible sets         0 orders tried  current cost 5
    W_14: 11520s  26,035,424,800 steps   133574 feasible sets         0 orders tried  current cost 7
    W_14: 11535s  26,069,391,200 steps   133781 feasible sets         0 orders tried  current cost 2
    W_14: 11550s  26,103,544,200 steps   133970 feasible sets         0 orders tried  current cost 9
    W_14: 11565s  26,137,639,200 steps   134137 feasible sets         0 orders tried  current cost 3
    W_14: 11580s  26,171,997,600 steps   134288 feasible sets         0 orders tried  current cost 4
    W_14: 11595s  26,206,194,200 steps   134439 feasible sets         0 orders tried  current cost 3
    W_14: 11610s  26,240,765,000 steps   134599 feasible sets         0 orders tried  current cost 4
    W_14: 11625s  26,275,336,200 steps   134753 feasible sets         0 orders tried  current cost 3
    W_14: 11640s  26,309,441,200 steps   134945 feasible sets         0 orders tried  current cost 16
    W_14: 11655s  26,343,655,400 steps   135143 feasible sets         0 orders tried  current cost 3
    W_14: 11670s  26,378,484,400 steps   135284 feasible sets         0 orders tried  current cost 9
    W_14: 11685s  26,412,941,200 steps   135429 feasible sets         0 orders tried  current cost 13
    W_14: 11700s  26,447,065,800 steps   135614 feasible sets         0 orders tried  current cost 9
    W_14: 11715s  26,481,474,400 steps   135836 feasible sets         0 orders tried  current cost 4
    W_14: 11730s  26,515,612,200 steps   136025 feasible sets         0 orders tried  current cost 5
    W_14: 11745s  26,549,778,600 steps   136223 feasible sets         0 orders tried  current cost 3
    W_14: 11760s  26,584,076,200 steps   136392 feasible sets         0 orders tried  current cost 3
    W_14: 11775s  26,618,355,800 steps   136583 feasible sets         0 orders tried  current cost 4
    W_14: 11790s  26,652,586,200 steps   136729 feasible sets         0 orders tried  current cost 5
    W_14: 11805s  26,686,463,600 steps   136906 feasible sets         0 orders tried  current cost 11
    W_14: 11820s  26,720,773,200 steps   137091 feasible sets         0 orders tried  current cost 3
    W_14: 11835s  26,754,848,400 steps   137286 feasible sets         0 orders tried  current cost 9
    W_14: 11850s  26,789,342,200 steps   137473 feasible sets         0 orders tried  current cost 12
    W_14: 11865s  26,823,967,000 steps   137628 feasible sets         0 orders tried  current cost 8
    W_14: 11880s  26,858,459,800 steps   137785 feasible sets         0 orders tried  current cost 2
    W_14: 11895s  26,892,828,000 steps   137942 feasible sets         0 orders tried  current cost 5
    W_14: 11910s  26,926,959,000 steps   138088 feasible sets         0 orders tried  current cost 2
    W_14: 11925s  26,960,802,400 steps   138256 feasible sets         0 orders tried  current cost 12
    W_14: 11940s  26,995,198,000 steps   138443 feasible sets         0 orders tried  current cost 3
    W_14: 11955s  27,029,665,200 steps   138577 feasible sets         0 orders tried  current cost 4
    W_14: 11970s  27,064,149,800 steps   138741 feasible sets         0 orders tried  current cost 3
    W_14: 11985s  27,098,337,000 steps   138933 feasible sets         0 orders tried  current cost 2
    W_14: 12000s  27,132,485,200 steps   139128 feasible sets         0 orders tried  current cost 6
    W_14: 12015s  27,167,083,800 steps   139347 feasible sets         0 orders tried  current cost 11
    W_14: 12030s  27,201,371,600 steps   139538 feasible sets         0 orders tried  current cost 4
    W_14: 12045s  27,235,378,000 steps   139752 feasible sets         0 orders tried  current cost 4
    W_14: 12060s  27,269,486,800 steps   139937 feasible sets         0 orders tried  current cost 10
    W_14: 12075s  27,303,724,000 steps   140120 feasible sets         0 orders tried  current cost 10
    W_14: 12090s  27,338,179,600 steps   140312 feasible sets         0 orders tried  current cost 2
    W_14: 12105s  27,372,049,600 steps   140452 feasible sets         0 orders tried  current cost 4
    W_14: 12120s  27,406,263,200 steps   140621 feasible sets         0 orders tried  current cost 12
    W_14: 12135s  27,440,223,400 steps   140799 feasible sets         0 orders tried  current cost 13
    W_14: 12150s  27,474,737,200 steps   140989 feasible sets         0 orders tried  current cost 3
    W_14: 12165s  27,509,207,800 steps   141160 feasible sets         0 orders tried  current cost 5
    W_14: 12180s  27,543,620,600 steps   141314 feasible sets         0 orders tried  current cost 19
    W_14: 12195s  27,577,795,400 steps   141493 feasible sets         0 orders tried  current cost 5
    W_14: 12210s  27,612,206,200 steps   141665 feasible sets         0 orders tried  current cost 8
    W_14: 12225s  27,646,268,000 steps   141829 feasible sets         0 orders tried  current cost 6
    W_14: 12240s  27,680,115,200 steps   142008 feasible sets         0 orders tried  current cost 3
    W_14: 12255s  27,714,207,400 steps   142165 feasible sets         0 orders tried  current cost 7
    W_14: 12270s  27,748,730,200 steps   142330 feasible sets         0 orders tried  current cost 5
    W_14: 12285s  27,782,775,400 steps   142505 feasible sets         0 orders tried  current cost 3
    W_14: 12300s  27,817,457,400 steps   142688 feasible sets         0 orders tried  current cost 3
    W_14: 12315s  27,851,654,400 steps   142872 feasible sets         0 orders tried  current cost 3
    W_14: 12330s  27,885,587,400 steps   143095 feasible sets         0 orders tried  current cost 6
    W_14: 12345s  27,920,244,000 steps   143250 feasible sets         0 orders tried  current cost 10
    W_14: 12360s  27,954,630,400 steps   143412 feasible sets         0 orders tried  current cost 4
    W_14: 12375s  27,989,203,600 steps   143607 feasible sets         0 orders tried  current cost 11
    W_14: 12390s  28,023,713,800 steps   143790 feasible sets         0 orders tried  current cost 2
    W_14: 12405s  28,057,813,400 steps   143947 feasible sets         0 orders tried  current cost 3
    W_14: 12420s  28,091,731,400 steps   144118 feasible sets         0 orders tried  current cost 4
    W_14: 12435s  28,126,217,000 steps   144291 feasible sets         0 orders tried  current cost 3
    W_14: 12450s  28,160,589,800 steps   144494 feasible sets         0 orders tried  current cost 3
    W_14: 12465s  28,194,980,400 steps   144681 feasible sets         0 orders tried  current cost 7
    W_14: 12480s  28,229,652,200 steps   144828 feasible sets         0 orders tried  current cost 2
    W_14: 12495s  28,263,982,400 steps   145017 feasible sets         0 orders tried  current cost 12
    W_14: 12510s  28,298,644,400 steps   145143 feasible sets         0 orders tried  current cost 8
    W_14: 12525s  28,333,001,200 steps   145317 feasible sets         0 orders tried  current cost 10
    W_14: 12540s  28,367,939,600 steps   145483 feasible sets         0 orders tried  current cost 11
    W_14: 12555s  28,402,361,800 steps   145633 feasible sets         0 orders tried  current cost 10
    W_14: 12570s  28,436,825,400 steps   145823 feasible sets         0 orders tried  current cost 10
    W_14: 12585s  28,471,216,800 steps   146006 feasible sets         0 orders tried  current cost 2
    W_14: 12600s  28,505,959,800 steps   146175 feasible sets         0 orders tried  current cost 2
    W_14: 12615s  28,540,541,600 steps   146380 feasible sets         0 orders tried  current cost 10
    W_14: 12630s  28,575,232,400 steps   146553 feasible sets         0 orders tried  current cost 3
    W_14: 12645s  28,609,525,400 steps   146691 feasible sets         0 orders tried  current cost 10
    W_14: 12660s  28,644,128,200 steps   146859 feasible sets         0 orders tried  current cost 3
    W_14: 12675s  28,678,966,200 steps   147052 feasible sets         0 orders tried  current cost 2
    W_14: 12690s  28,713,450,800 steps   147249 feasible sets         0 orders tried  current cost 3
    W_14: 12705s  28,747,810,600 steps   147424 feasible sets         0 orders tried  current cost 2
    W_14: 12720s  28,782,455,000 steps   147577 feasible sets         0 orders tried  current cost 4
    W_14: 12735s  28,817,000,200 steps   147737 feasible sets         0 orders tried  current cost 14
    W_14: 12750s  28,851,583,800 steps   147896 feasible sets         0 orders tried  current cost 9
    W_14: 12765s  28,885,989,000 steps   148098 feasible sets         0 orders tried  current cost 5
    W_14: 12780s  28,920,774,600 steps   148298 feasible sets         0 orders tried  current cost 4
    W_14: 12795s  28,955,225,000 steps   148504 feasible sets         0 orders tried  current cost 6
    W_14: 12810s  28,989,863,400 steps   148693 feasible sets         0 orders tried  current cost 10
    W_14: 12825s  29,024,246,800 steps   148882 feasible sets         0 orders tried  current cost 4
    W_14: 12840s  29,059,329,400 steps   149033 feasible sets         0 orders tried  current cost 6
    W_14: 12855s  29,093,730,000 steps   149204 feasible sets         0 orders tried  current cost 5
    W_14: 12870s  29,128,032,800 steps   149374 feasible sets         0 orders tried  current cost 2
    W_14: 12885s  29,162,377,200 steps   149551 feasible sets         0 orders tried  current cost 3
    W_14: 12900s  29,197,090,400 steps   149723 feasible sets         0 orders tried  current cost 3
    W_14: 12915s  29,231,342,400 steps   149880 feasible sets         0 orders tried  current cost 17
    W_14: 12930s  29,265,331,000 steps   150049 feasible sets         0 orders tried  current cost 1
    W_14: 12945s  29,299,735,200 steps   150244 feasible sets         0 orders tried  current cost 1
    W_14: 12960s  29,333,296,200 steps   150409 feasible sets         0 orders tried  current cost 4
    W_14: 12975s  29,367,695,200 steps   150585 feasible sets         0 orders tried  current cost 2
    W_14: 12990s  29,402,658,200 steps   150762 feasible sets         0 orders tried  current cost 3
    W_14: 13005s  29,437,251,400 steps   150979 feasible sets         0 orders tried  current cost 4
    W_14: 13020s  29,471,784,400 steps   151186 feasible sets         0 orders tried  current cost 8
    W_14: 13035s  29,505,875,800 steps   151344 feasible sets         0 orders tried  current cost 3
    W_14: 13050s  29,540,429,000 steps   151508 feasible sets         0 orders tried  current cost 4
    W_14: 13065s  29,574,428,800 steps   151680 feasible sets         0 orders tried  current cost 4
    W_14: 13080s  29,608,470,000 steps   151832 feasible sets         0 orders tried  current cost 4
    W_14: 13095s  29,642,559,400 steps   152035 feasible sets         0 orders tried  current cost 4
    W_14: 13110s  29,677,320,600 steps   152225 feasible sets         0 orders tried  current cost 11
    W_14: 13125s  29,711,569,800 steps   152390 feasible sets         0 orders tried  current cost 1
    W_14: 13140s  29,745,805,200 steps   152584 feasible sets         0 orders tried  current cost 9
    W_14: 13155s  29,779,790,800 steps   152752 feasible sets         0 orders tried  current cost 3
    W_14: 13170s  29,814,066,200 steps   152904 feasible sets         0 orders tried  current cost 8
    W_14: 13185s  29,848,897,800 steps   153064 feasible sets         0 orders tried  current cost 2
    W_14: 13200s  29,883,387,600 steps   153244 feasible sets         0 orders tried  current cost 6
    W_14: 13215s  29,917,658,400 steps   153450 feasible sets         0 orders tried  current cost 3
    W_14: 13230s  29,952,041,000 steps   153579 feasible sets         0 orders tried  current cost 13
    W_14: 13245s  29,986,334,800 steps   153770 feasible sets         0 orders tried  current cost 3
    W_14: 13260s  30,020,647,200 steps   154005 feasible sets         0 orders tried  current cost 5
    W_14: 13275s  30,054,948,000 steps   154146 feasible sets         0 orders tried  current cost 4
    W_14: 13290s  30,088,975,800 steps   154332 feasible sets         0 orders tried  current cost 4
    W_14: 13305s  30,123,572,200 steps   154502 feasible sets         0 orders tried  current cost 2
    W_14: 13320s  30,158,073,000 steps   154674 feasible sets         0 orders tried  current cost 3
    W_14: 13335s  30,192,525,200 steps   154845 feasible sets         0 orders tried  current cost 6
    W_14: 13350s  30,226,952,400 steps   155020 feasible sets         0 orders tried  current cost 4
    W_14: 13365s  30,261,391,000 steps   155218 feasible sets         0 orders tried  current cost 2
    W_14: 13380s  30,295,582,200 steps   155342 feasible sets         0 orders tried  current cost 10
    W_14: 13395s  30,329,573,000 steps   155557 feasible sets         0 orders tried  current cost 3
    W_14: 13410s  30,363,914,600 steps   155767 feasible sets         0 orders tried  current cost 2
    W_14: 13425s  30,398,073,800 steps   155957 feasible sets         0 orders tried  current cost 2
    W_14: 13440s  30,432,369,400 steps   156116 feasible sets         0 orders tried  current cost 4
    W_14: 13455s  30,466,643,000 steps   156252 feasible sets         0 orders tried  current cost 12
    W_14: 13470s  30,500,779,800 steps   156413 feasible sets         0 orders tried  current cost 4
    W_14: 13485s  30,535,146,400 steps   156600 feasible sets         0 orders tried  current cost 8
    W_14: 13500s  30,569,642,400 steps   156838 feasible sets         0 orders tried  current cost 13
    W_14: 13515s  30,604,044,200 steps   156997 feasible sets         0 orders tried  current cost 9
    W_14: 13530s  30,638,247,200 steps   157167 feasible sets         0 orders tried  current cost 4
    W_14: 13545s  30,673,010,600 steps   157342 feasible sets         0 orders tried  current cost 2
    W_14: 13560s  30,707,319,200 steps   157511 feasible sets         0 orders tried  current cost 3
    W_14: 13575s  30,742,030,000 steps   157648 feasible sets         0 orders tried  current cost 3
    W_14: 13590s  30,776,850,600 steps   157839 feasible sets         0 orders tried  current cost 6
    W_14: 13605s  30,811,166,200 steps   158039 feasible sets         0 orders tried  current cost 7
    W_14: 13620s  30,845,897,600 steps   158199 feasible sets         0 orders tried  current cost 2
    W_14: 13635s  30,880,166,200 steps   158385 feasible sets         0 orders tried  current cost 8
    W_14: 13650s  30,913,564,600 steps   158534 feasible sets         0 orders tried  current cost 8
    W_14: 13665s  30,947,647,600 steps   158714 feasible sets         0 orders tried  current cost 6
    W_14: 13680s  30,982,069,800 steps   158883 feasible sets         0 orders tried  current cost 5
    W_14: 13695s  31,016,706,400 steps   159066 feasible sets         0 orders tried  current cost 7
    W_14: 13710s  31,050,892,600 steps   159274 feasible sets         0 orders tried  current cost 2
    W_14: 13725s  31,085,832,000 steps   159485 feasible sets         0 orders tried  current cost 4
    W_14: 13740s  31,120,593,800 steps   159701 feasible sets         0 orders tried  current cost 3
    W_14: 13755s  31,155,087,000 steps   159891 feasible sets         0 orders tried  current cost 5
    W_14: 13770s  31,189,756,800 steps   160064 feasible sets         0 orders tried  current cost 2
    W_14: 13785s  31,224,192,800 steps   160250 feasible sets         0 orders tried  current cost 1
    W_14: 13800s  31,258,426,000 steps   160408 feasible sets         0 orders tried  current cost 3
    W_14: 13815s  31,293,252,800 steps   160565 feasible sets         0 orders tried  current cost 1
    W_14: 13830s  31,327,034,600 steps   160703 feasible sets         0 orders tried  current cost 2
    W_14: 13845s  31,361,275,800 steps   160851 feasible sets         0 orders tried  current cost 3
    W_14: 13860s  31,396,055,600 steps   161048 feasible sets         0 orders tried  current cost 2
    W_14: 13875s  31,430,330,400 steps   161193 feasible sets         0 orders tried  current cost 3
    W_14: 13890s  31,465,172,200 steps   161365 feasible sets         0 orders tried  current cost 3
    W_14: 13905s  31,499,527,800 steps   161529 feasible sets         0 orders tried  current cost 5
    W_14: 13920s  31,534,079,000 steps   161699 feasible sets         0 orders tried  current cost 4
    W_14: 13935s  31,568,007,600 steps   161858 feasible sets         0 orders tried  current cost 5
    W_14: 13950s  31,602,698,000 steps   162019 feasible sets         0 orders tried  current cost 4
    W_14: 13965s  31,636,943,200 steps   162219 feasible sets         0 orders tried  current cost 6
    W_14: 13980s  31,671,254,000 steps   162383 feasible sets         0 orders tried  current cost 4
    W_14: 13995s  31,705,974,200 steps   162555 feasible sets         0 orders tried  current cost 1
    W_14: 14010s  31,740,606,800 steps   162717 feasible sets         0 orders tried  current cost 9
    W_14: 14025s  31,774,957,000 steps   162907 feasible sets         0 orders tried  current cost 2
    W_14: 14040s  31,809,347,000 steps   163082 feasible sets         0 orders tried  current cost 6
    W_14: 14055s  31,843,836,400 steps   163265 feasible sets         0 orders tried  current cost 7
    W_14: 14070s  31,878,073,800 steps   163435 feasible sets         0 orders tried  current cost 1
    W_14: 14085s  31,912,142,800 steps   163638 feasible sets         0 orders tried  current cost 13
    W_14: 14100s  31,946,555,400 steps   163826 feasible sets         0 orders tried  current cost 2
    W_14: 14115s  31,980,696,000 steps   163988 feasible sets         0 orders tried  current cost 4
    W_14: 14130s  32,015,013,400 steps   164136 feasible sets         0 orders tried  current cost 3
    W_14: 14145s  32,049,145,000 steps   164272 feasible sets         0 orders tried  current cost 10
    W_14: 14160s  32,083,378,200 steps   164411 feasible sets         0 orders tried  current cost 2
    W_14: 14175s  32,117,526,000 steps   164601 feasible sets         0 orders tried  current cost 4
    W_14: 14190s  32,152,090,200 steps   164780 feasible sets         0 orders tried  current cost 3
    W_14: 14205s  32,186,489,400 steps   164960 feasible sets         0 orders tried  current cost 5
    W_14: 14220s  32,220,880,400 steps   165142 feasible sets         0 orders tried  current cost 21
    W_14: 14235s  32,255,514,800 steps   165357 feasible sets         0 orders tried  current cost 1
    W_14: 14250s  32,290,139,200 steps   165542 feasible sets         0 orders tried  current cost 2
    W_14: 14265s  32,324,039,600 steps   165710 feasible sets         0 orders tried  current cost 3
    W_14: 14280s  32,358,585,200 steps   165890 feasible sets         0 orders tried  current cost 13
    W_14: 14295s  32,393,023,800 steps   166099 feasible sets         0 orders tried  current cost 11
    W_14: 14310s  32,427,003,400 steps   166278 feasible sets         0 orders tried  current cost 17
    W_14: 14325s  32,461,211,200 steps   166465 feasible sets         0 orders tried  current cost 6
    W_14: 14340s  32,495,544,800 steps   166664 feasible sets         0 orders tried  current cost 10
    W_14: 14355s  32,530,030,200 steps   166829 feasible sets         0 orders tried  current cost 2
    W_14: 14370s  32,564,041,000 steps   166974 feasible sets         0 orders tried  current cost 10
    W_14: 14385s  32,598,728,800 steps   167133 feasible sets         0 orders tried  current cost 6
    W_14: 14400s  32,632,861,000 steps   167338 feasible sets         0 orders tried  current cost 12
    W_14: 14415s  32,667,314,600 steps   167531 feasible sets         0 orders tried  current cost 3
    W_14: 14430s  32,701,530,000 steps   167706 feasible sets         0 orders tried  current cost 2
    W_14: 14445s  32,736,305,200 steps   167847 feasible sets         0 orders tried  current cost 10
    W_14: 14460s  32,770,805,200 steps   168026 feasible sets         0 orders tried  current cost 7
    W_14: 14475s  32,805,293,600 steps   168217 feasible sets         0 orders tried  current cost 1
    W_14: 14490s  32,839,566,400 steps   168384 feasible sets         0 orders tried  current cost 6
    W_14: 14505s  32,874,088,000 steps   168577 feasible sets         0 orders tried  current cost 5
    W_14: 14520s  32,908,804,000 steps   168763 feasible sets         0 orders tried  current cost 10
    W_14: 14535s  32,943,302,000 steps   168964 feasible sets         0 orders tried  current cost 17
    W_14: 14550s  32,977,713,200 steps   169125 feasible sets         0 orders tried  current cost 1
    W_14: 14565s  33,012,438,200 steps   169281 feasible sets         0 orders tried  current cost 3
    W_14: 14580s  33,046,651,800 steps   169435 feasible sets         0 orders tried  current cost 4
    W_14: 14595s  33,081,226,600 steps   169597 feasible sets         0 orders tried  current cost 7
    W_14: 14610s  33,115,604,200 steps   169763 feasible sets         0 orders tried  current cost 10
    W_14: 14625s  33,149,882,000 steps   169940 feasible sets         0 orders tried  current cost 10
    W_14: 14640s  33,183,956,000 steps   170131 feasible sets         0 orders tried  current cost 2
    W_14: 14655s  33,218,173,800 steps   170287 feasible sets         0 orders tried  current cost 4
    W_14: 14670s  33,252,498,200 steps   170468 feasible sets         0 orders tried  current cost 4
    W_14: 14685s  33,286,820,800 steps   170637 feasible sets         0 orders tried  current cost 11
    W_14: 14700s  33,320,868,400 steps   170844 feasible sets         0 orders tried  current cost 5
    W_14: 14715s  33,354,738,800 steps   171000 feasible sets         0 orders tried  current cost 5
    W_14: 14730s  33,389,016,000 steps   171203 feasible sets         0 orders tried  current cost 2
    W_14: 14745s  33,423,230,000 steps   171384 feasible sets         0 orders tried  current cost 2
    W_14: 14760s  33,457,256,400 steps   171562 feasible sets         0 orders tried  current cost 2
    W_14: 14775s  33,491,371,200 steps   171730 feasible sets         0 orders tried  current cost 5
    W_14: 14790s  33,525,484,800 steps   171909 feasible sets         0 orders tried  current cost 11
    W_14: 14805s  33,559,490,600 steps   172117 feasible sets         0 orders tried  current cost 4
    W_14: 14820s  33,593,369,400 steps   172275 feasible sets         0 orders tried  current cost 6
    W_14: 14835s  33,627,316,000 steps   172427 feasible sets         0 orders tried  current cost 4
    W_14: 14850s  33,660,441,600 steps   172598 feasible sets         0 orders tried  current cost 14
    W_14: 14865s  33,694,670,400 steps   172754 feasible sets         0 orders tried  current cost 5
    W_14: 14880s  33,728,763,600 steps   172913 feasible sets         0 orders tried  current cost 11
    W_14: 14895s  33,763,011,000 steps   173071 feasible sets         0 orders tried  current cost 4
    W_14: 14910s  33,797,399,200 steps   173256 feasible sets         0 orders tried  current cost 1
    W_14: 14925s  33,831,505,400 steps   173425 feasible sets         0 orders tried  current cost 7
    W_14: 14940s  33,865,730,600 steps   173613 feasible sets         0 orders tried  current cost 3
    W_14: 14955s  33,900,110,800 steps   173809 feasible sets         0 orders tried  current cost 5
    W_14: 14970s  33,934,471,400 steps   174006 feasible sets         0 orders tried  current cost 1
    W_14: 14985s  33,968,729,600 steps   174197 feasible sets         0 orders tried  current cost 3
    W_14: 15000s  34,003,031,600 steps   174346 feasible sets         0 orders tried  current cost 3
    W_14: 15015s  34,037,598,200 steps   174515 feasible sets         0 orders tried  current cost 3
    W_14: 15030s  34,071,650,000 steps   174730 feasible sets         0 orders tried  current cost 4
    W_14: 15045s  34,105,989,800 steps   174889 feasible sets         0 orders tried  current cost 4
    W_14: 15060s  34,140,145,800 steps   175073 feasible sets         0 orders tried  current cost 11
    W_14: 15075s  34,173,987,600 steps   175246 feasible sets         0 orders tried  current cost 8
    W_14: 15090s  34,208,458,600 steps   175402 feasible sets         0 orders tried  current cost 4
    W_14: 15105s  34,242,666,400 steps   175547 feasible sets         0 orders tried  current cost 8
    W_14: 15120s  34,276,905,200 steps   175717 feasible sets         0 orders tried  current cost 9
    W_14: 15135s  34,311,225,400 steps   175851 feasible sets         0 orders tried  current cost 9
    W_14: 15150s  34,345,885,800 steps   176034 feasible sets         0 orders tried  current cost 7
    W_14: 15165s  34,380,511,400 steps   176242 feasible sets         0 orders tried  current cost 3
    W_14: 15180s  34,415,145,800 steps   176415 feasible sets         0 orders tried  current cost 9
    W_14: 15195s  34,449,273,200 steps   176596 feasible sets         0 orders tried  current cost 3
    W_14: 15210s  34,483,662,800 steps   176766 feasible sets         0 orders tried  current cost 8
    W_14: 15225s  34,518,177,400 steps   176913 feasible sets         0 orders tried  current cost 2
    W_14: 15240s  34,552,571,000 steps   177113 feasible sets         0 orders tried  current cost 4
    W_14: 15255s  34,586,868,400 steps   177303 feasible sets         0 orders tried  current cost 7
    W_14: 15270s  34,621,053,200 steps   177456 feasible sets         0 orders tried  current cost 1
    W_14: 15285s  34,655,292,200 steps   177620 feasible sets         0 orders tried  current cost 4
    W_14: 15300s  34,689,756,600 steps   177791 feasible sets         0 orders tried  current cost 2
    W_14: 15315s  34,724,557,600 steps   177978 feasible sets         0 orders tried  current cost 1
    W_14: 15330s  34,758,609,200 steps   178149 feasible sets         0 orders tried  current cost 3
    W_14: 15345s  34,793,019,600 steps   178356 feasible sets         0 orders tried  current cost 4
    W_14: 15360s  34,827,670,600 steps   178529 feasible sets         0 orders tried  current cost 3
    W_14: 15375s  34,861,969,000 steps   178726 feasible sets         0 orders tried  current cost 7
    W_14: 15390s  34,895,970,400 steps   178899 feasible sets         0 orders tried  current cost 5
    W_14: 15405s  34,930,657,600 steps   179032 feasible sets         0 orders tried  current cost 3
    W_14: 15420s  34,965,177,200 steps   179227 feasible sets         0 orders tried  current cost 4
    W_14: 15435s  34,999,152,200 steps   179459 feasible sets         0 orders tried  current cost 3
    W_14: 15450s  35,033,378,000 steps   179627 feasible sets         0 orders tried  current cost 3
    W_14: 15465s  35,067,418,800 steps   179796 feasible sets         0 orders tried  current cost 3
    W_14: 15480s  35,101,878,200 steps   179982 feasible sets         0 orders tried  current cost 3
    W_14: 15495s  35,136,129,800 steps   180196 feasible sets         0 orders tried  current cost 4
    W_14: 15510s  35,170,751,600 steps   180389 feasible sets         0 orders tried  current cost 4
    W_14: 15525s  35,205,699,400 steps   180578 feasible sets         0 orders tried  current cost 2
    W_14: 15540s  35,240,089,800 steps   180751 feasible sets         0 orders tried  current cost 2
    W_14: 15555s  35,274,692,400 steps   180931 feasible sets         0 orders tried  current cost 5
    W_14: 15570s  35,308,740,200 steps   181128 feasible sets         0 orders tried  current cost 10
    W_14: 15585s  35,343,362,600 steps   181323 feasible sets         0 orders tried  current cost 12
    W_14: 15600s  35,377,789,400 steps   181468 feasible sets         0 orders tried  current cost 4
    W_14: 15615s  35,412,247,800 steps   181658 feasible sets         0 orders tried  current cost 9
    W_14: 15630s  35,446,637,400 steps   181782 feasible sets         0 orders tried  current cost 4
    W_14: 15645s  35,481,413,400 steps   181971 feasible sets         0 orders tried  current cost 2
    W_14: 15660s  35,516,373,400 steps   182163 feasible sets         0 orders tried  current cost 3
    W_14: 15675s  35,550,421,600 steps   182348 feasible sets         0 orders tried  current cost 17
    W_14: 15690s  35,584,207,400 steps   182510 feasible sets         0 orders tried  current cost 4
    W_14: 15705s  35,618,928,400 steps   182686 feasible sets         0 orders tried  current cost 6
    W_14: 15720s  35,653,030,400 steps   182897 feasible sets         0 orders tried  current cost 4
    W_14: 15735s  35,687,108,600 steps   183076 feasible sets         0 orders tried  current cost 4
    W_14: 15750s  35,721,294,200 steps   183229 feasible sets         0 orders tried  current cost 2
    W_14: 15765s  35,756,181,400 steps   183466 feasible sets         0 orders tried  current cost 15
    W_14: 15780s  35,791,049,400 steps   183634 feasible sets         0 orders tried  current cost 4
    W_14: 15795s  35,825,699,000 steps   183795 feasible sets         0 orders tried  current cost 2
    W_14: 15810s  35,859,728,200 steps   183992 feasible sets         0 orders tried  current cost 4
    W_14: 15825s  35,893,702,400 steps   184154 feasible sets         0 orders tried  current cost 10
    W_14: 15840s  35,926,783,400 steps   184345 feasible sets         0 orders tried  current cost 10
    W_14: 15855s  35,960,169,600 steps   184529 feasible sets         0 orders tried  current cost 3
    W_14: 15870s  35,993,595,600 steps   184681 feasible sets         0 orders tried  current cost 2
    W_14: 15885s  36,027,269,200 steps   184846 feasible sets         0 orders tried  current cost 6
    W_14: 15900s  36,061,080,400 steps   185028 feasible sets         0 orders tried  current cost 15
    W_14: 15915s  36,094,880,000 steps   185189 feasible sets         0 orders tried  current cost 3
    W_14: 15930s  36,128,758,600 steps   185346 feasible sets         0 orders tried  current cost 1
    W_14: 15945s  36,162,644,400 steps   185503 feasible sets         0 orders tried  current cost 9
    W_14: 15960s  36,196,553,800 steps   185682 feasible sets         0 orders tried  current cost 4
    W_14: 15975s  36,230,366,600 steps   185848 feasible sets         0 orders tried  current cost 7
    W_14: 15990s  36,264,488,800 steps   186053 feasible sets         0 orders tried  current cost 3
    W_14: 16005s  36,298,400,600 steps   186218 feasible sets         0 orders tried  current cost 15
    W_14: 16020s  36,331,710,600 steps   186393 feasible sets         0 orders tried  current cost 5
    W_14: 16035s  36,365,100,400 steps   186578 feasible sets         0 orders tried  current cost 12
    W_14: 16050s  36,398,733,200 steps   186745 feasible sets         0 orders tried  current cost 2
    W_14: 16065s  36,432,331,600 steps   186904 feasible sets         0 orders tried  current cost 1
    W_14: 16080s  36,466,022,800 steps   187051 feasible sets         0 orders tried  current cost 11
    W_14: 16095s  36,499,848,000 steps   187237 feasible sets         0 orders tried  current cost 4
    W_14: 16110s  36,533,364,600 steps   187393 feasible sets         0 orders tried  current cost 10
    W_14: 16125s  36,567,128,600 steps   187569 feasible sets         0 orders tried  current cost 5
    W_14: 16140s  36,599,203,800 steps   187698 feasible sets         0 orders tried  current cost 14
    W_14: 16155s  36,632,534,600 steps   187899 feasible sets         0 orders tried  current cost 2
    W_14: 16170s  36,646,786,000 steps   187999 feasible sets         0 orders tried  current cost 6
    W_14: 16185s  36,679,411,400 steps   188183 feasible sets         0 orders tried  current cost 5
    W_14: 16200s  36,712,902,200 steps   188370 feasible sets         0 orders tried  current cost 15
    W_14: 16215s  36,746,931,800 steps   188558 feasible sets         0 orders tried  current cost 4
    W_14: 16230s  36,781,351,200 steps   188703 feasible sets         0 orders tried  current cost 3
    W_14: 16245s  36,815,586,400 steps   188885 feasible sets         0 orders tried  current cost 7
    W_14: 16260s  36,849,569,000 steps   189045 feasible sets         0 orders tried  current cost 6
    W_14: 16275s  36,883,716,600 steps   189247 feasible sets         0 orders tried  current cost 5
    W_14: 16290s  36,917,835,600 steps   189425 feasible sets         0 orders tried  current cost 2
    W_14: 16305s  36,952,233,400 steps   189599 feasible sets         0 orders tried  current cost 2
    W_14: 16320s  36,986,760,200 steps   189759 feasible sets         0 orders tried  current cost 18
    W_14: 16335s  37,021,024,800 steps   189946 feasible sets         0 orders tried  current cost 8
    W_14: 16350s  37,055,532,400 steps   190073 feasible sets         0 orders tried  current cost 4
    W_14: 16365s  37,090,192,000 steps   190299 feasible sets         0 orders tried  current cost 2
    W_14: 16380s  37,124,343,000 steps   190495 feasible sets         0 orders tried  current cost 11
    W_14: 16395s  37,158,727,800 steps   190636 feasible sets         0 orders tried  current cost 7
    W_14: 16410s  37,193,064,200 steps   190781 feasible sets         0 orders tried  current cost 9
    W_14: 16425s  37,227,475,200 steps   190967 feasible sets         0 orders tried  current cost 4
    W_14: 16440s  37,261,867,200 steps   191168 feasible sets         0 orders tried  current cost 8
    W_14: 16455s  37,296,724,000 steps   191339 feasible sets         0 orders tried  current cost 10
    W_14: 16470s  37,331,282,000 steps   191503 feasible sets         0 orders tried  current cost 11
    W_14: 16485s  37,365,484,000 steps   191719 feasible sets         0 orders tried  current cost 9
    W_14: 16500s  37,399,809,200 steps   191902 feasible sets         0 orders tried  current cost 6
    W_14: 16515s  37,434,099,800 steps   192040 feasible sets         0 orders tried  current cost 4
    W_14: 16530s  37,468,123,000 steps   192232 feasible sets         0 orders tried  current cost 12
    W_14: 16545s  37,502,630,400 steps   192461 feasible sets         0 orders tried  current cost 4
    W_14: 16560s  37,536,985,800 steps   192641 feasible sets         0 orders tried  current cost 6
    W_14: 16575s  37,571,401,600 steps   192799 feasible sets         0 orders tried  current cost 13
    W_14: 16590s  37,605,633,200 steps   193006 feasible sets         0 orders tried  current cost 2
    W_14: 16605s  37,639,424,800 steps   193165 feasible sets         0 orders tried  current cost 9
    W_14: 16620s  37,673,493,200 steps   193339 feasible sets         0 orders tried  current cost 4
    W_14: 16635s  37,708,079,400 steps   193518 feasible sets         0 orders tried  current cost 4
    W_14: 16650s  37,742,754,000 steps   193672 feasible sets         0 orders tried  current cost 4
    W_14: 16665s  37,777,200,200 steps   193829 feasible sets         0 orders tried  current cost 8
    W_14: 16680s  37,811,741,800 steps   194014 feasible sets         0 orders tried  current cost 11
    W_14: 16695s  37,846,084,800 steps   194193 feasible sets         0 orders tried  current cost 8
    W_14: 16710s  37,880,404,000 steps   194383 feasible sets         0 orders tried  current cost 8
    W_14: 16725s  37,914,798,600 steps   194541 feasible sets         0 orders tried  current cost 1
    W_14: 16740s  37,948,993,800 steps   194703 feasible sets         0 orders tried  current cost 3
    W_14: 16755s  37,982,808,000 steps   194907 feasible sets         0 orders tried  current cost 4
    W_14: 16770s  38,017,132,200 steps   195048 feasible sets         0 orders tried  current cost 3
    W_14: 16785s  38,051,632,600 steps   195216 feasible sets         0 orders tried  current cost 4
    W_14: 16800s  38,085,615,200 steps   195393 feasible sets         0 orders tried  current cost 4
    W_14: 16815s  38,120,312,200 steps   195583 feasible sets         0 orders tried  current cost 5
    W_14: 16830s  38,154,930,200 steps   195720 feasible sets         0 orders tried  current cost 3
    W_14: 16845s  38,189,239,000 steps   195886 feasible sets         0 orders tried  current cost 4
    W_14: 16860s  38,223,290,000 steps   196073 feasible sets         0 orders tried  current cost 5
    W_14: 16875s  38,257,462,400 steps   196234 feasible sets         0 orders tried  current cost 13
    W_14: 16890s  38,291,515,400 steps   196415 feasible sets         0 orders tried  current cost 3
    W_14: 16905s  38,326,063,200 steps   196601 feasible sets         0 orders tried  current cost 7
    W_14: 16920s  38,360,243,600 steps   196773 feasible sets         0 orders tried  current cost 13
    W_14: 16935s  38,394,717,800 steps   196963 feasible sets         0 orders tried  current cost 1
    W_14: 16950s  38,428,630,000 steps   197131 feasible sets         0 orders tried  current cost 5
    W_14: 16965s  38,463,154,600 steps   197325 feasible sets         0 orders tried  current cost 1
    W_14: 16980s  38,497,478,400 steps   197516 feasible sets         0 orders tried  current cost 2
    W_14: 16995s  38,531,798,800 steps   197700 feasible sets         0 orders tried  current cost 4
    W_14: 17010s  38,565,815,200 steps   197887 feasible sets         0 orders tried  current cost 3
    W_14: 17025s  38,600,203,400 steps   198064 feasible sets         0 orders tried  current cost 12
    W_14: 17040s  38,634,286,200 steps   198237 feasible sets         0 orders tried  current cost 11
    W_14: 17055s  38,668,278,800 steps   198423 feasible sets         0 orders tried  current cost 3
    W_14: 17070s  38,703,331,600 steps   198638 feasible sets         0 orders tried  current cost 2
    W_14: 17085s  38,737,523,400 steps   198835 feasible sets         0 orders tried  current cost 9
    W_14: 17100s  38,772,226,000 steps   199007 feasible sets         0 orders tried  current cost 7
    W_14: 17115s  38,806,715,200 steps   199186 feasible sets         0 orders tried  current cost 3
    W_14: 17130s  38,841,132,600 steps   199337 feasible sets         0 orders tried  current cost 4
    W_14: 17145s  38,875,261,800 steps   199504 feasible sets         0 orders tried  current cost 9
    W_14: 17160s  38,909,635,800 steps   199690 feasible sets         0 orders tried  current cost 2
    W_14: 17175s  38,944,048,600 steps   199847 feasible sets         0 orders tried  current cost 5
    W_14: 17190s  38,977,933,600 steps   200022 feasible sets         0 orders tried  current cost 4
    W_14: 17205s  39,012,176,000 steps   200170 feasible sets         0 orders tried  current cost 3
    W_14: 17220s  39,046,704,600 steps   200324 feasible sets         0 orders tried  current cost 11
    W_14: 17235s  39,081,094,000 steps   200527 feasible sets         0 orders tried  current cost 4
    W_14: 17250s  39,115,376,600 steps   200711 feasible sets         0 orders tried  current cost 2
    W_14: 17265s  39,149,681,400 steps   200897 feasible sets         0 orders tried  current cost 10
    W_14: 17280s  39,183,740,800 steps   201058 feasible sets         0 orders tried  current cost 13
    W_14: 17295s  39,217,961,000 steps   201234 feasible sets         0 orders tried  current cost 13
    W_14: 17310s  39,252,146,800 steps   201405 feasible sets         0 orders tried  current cost 6
    W_14: 17325s  39,286,460,600 steps   201578 feasible sets         0 orders tried  current cost 13
    W_14: 17340s  39,320,938,800 steps   201718 feasible sets         0 orders tried  current cost 3
    W_14: 17355s  39,355,011,800 steps   201851 feasible sets         0 orders tried  current cost 5
    W_14: 17370s  39,389,728,600 steps   202067 feasible sets         0 orders tried  current cost 4
    W_14: 17385s  39,424,067,200 steps   202218 feasible sets         0 orders tried  current cost 5
    W_14: 17400s  39,458,128,600 steps   202356 feasible sets         0 orders tried  current cost 4
    W_14: 17415s  39,492,342,800 steps   202535 feasible sets         0 orders tried  current cost 8
    W_14: 17430s  39,526,882,000 steps   202693 feasible sets         0 orders tried  current cost 15
    W_14: 17445s  39,561,247,400 steps   202879 feasible sets         0 orders tried  current cost 10
    W_14: 17460s  39,595,287,400 steps   203023 feasible sets         0 orders tried  current cost 4
    W_14: 17475s  39,629,412,600 steps   203185 feasible sets         0 orders tried  current cost 5
    W_14: 17490s  39,663,873,200 steps   203353 feasible sets         0 orders tried  current cost 4
    W_14: 17505s  39,697,939,800 steps   203548 feasible sets         0 orders tried  current cost 2
    W_14: 17520s  39,732,005,400 steps   203705 feasible sets         0 orders tried  current cost 11
    W_14: 17535s  39,766,295,600 steps   203875 feasible sets         0 orders tried  current cost 3
    W_14: 17550s  39,800,752,400 steps   204083 feasible sets         0 orders tried  current cost 2
    W_14: 17565s  39,835,107,600 steps   204246 feasible sets         0 orders tried  current cost 7
    W_14: 17580s  39,869,483,600 steps   204460 feasible sets         0 orders tried  current cost 15
    W_14: 17595s  39,903,953,800 steps   204610 feasible sets         0 orders tried  current cost 3
    W_14: 17610s  39,938,322,000 steps   204797 feasible sets         0 orders tried  current cost 12
    W_14: 17625s  39,973,132,400 steps   204970 feasible sets         0 orders tried  current cost 6
    W_14: 17640s  40,007,402,400 steps   205146 feasible sets         0 orders tried  current cost 8
    W_14: 17655s  40,042,007,000 steps   205365 feasible sets         0 orders tried  current cost 8
    W_14: 17670s  40,076,119,400 steps   205571 feasible sets         0 orders tried  current cost 4
    W_14: 17685s  40,110,455,800 steps   205731 feasible sets         0 orders tried  current cost 4
    W_14: 17700s  40,144,663,200 steps   205945 feasible sets         0 orders tried  current cost 13
    W_14: 17715s  40,178,652,800 steps   206096 feasible sets         0 orders tried  current cost 5
    W_14: 17730s  40,210,603,600 steps   206276 feasible sets         0 orders tried  current cost 8
    W_14: 17745s  40,244,463,800 steps   206468 feasible sets         0 orders tried  current cost 7
    W_14: 17760s  40,279,009,200 steps   206652 feasible sets         0 orders tried  current cost 4
    W_14: 17775s  40,313,411,400 steps   206844 feasible sets         0 orders tried  current cost 3
    W_14: 17790s  40,347,692,000 steps   207033 feasible sets         0 orders tried  current cost 3
    W_14: 17805s  40,382,384,800 steps   207183 feasible sets         0 orders tried  current cost 11
    W_14: 17820s  40,417,208,600 steps   207339 feasible sets         0 orders tried  current cost 5
    W_14: 17835s  40,451,932,400 steps   207482 feasible sets         0 orders tried  current cost 5
    W_14: 17850s  40,487,134,800 steps   207603 feasible sets         0 orders tried  current cost 4
    W_14: 17865s  40,522,086,800 steps   207772 feasible sets         0 orders tried  current cost 5
    W_14: 17880s  40,556,885,000 steps   207977 feasible sets         0 orders tried  current cost 7
    W_14: 17895s  40,591,391,200 steps   208120 feasible sets         0 orders tried  current cost 3
    W_14: 17910s  40,626,079,600 steps   208292 feasible sets         0 orders tried  current cost 4
    W_14: 17925s  40,660,970,600 steps   208490 feasible sets         0 orders tried  current cost 4
    W_14: 17940s  40,696,175,400 steps   208645 feasible sets         0 orders tried  current cost 3
    W_14: 17955s  40,730,516,200 steps   208843 feasible sets         0 orders tried  current cost 3
    W_14: 17970s  40,765,221,600 steps   209004 feasible sets         0 orders tried  current cost 12
    W_14: 17985s  40,799,749,000 steps   209185 feasible sets         0 orders tried  current cost 5
    W_14: 18000s  40,834,465,600 steps   209364 feasible sets         0 orders tried  current cost 6
    W_14: 18015s  40,868,848,600 steps   209553 feasible sets         0 orders tried  current cost 6
    W_14: 18030s  40,903,255,800 steps   209767 feasible sets         0 orders tried  current cost 4
    W_14: 18045s  40,937,705,400 steps   209986 feasible sets         0 orders tried  current cost 5
    W_14: 18060s  40,972,391,400 steps   210132 feasible sets         0 orders tried  current cost 2
    W_14: 18075s  41,006,719,400 steps   210337 feasible sets         0 orders tried  current cost 3
    W_14: 18090s  41,041,117,200 steps   210495 feasible sets         0 orders tried  current cost 2
    W_14: 18105s  41,076,285,200 steps   210684 feasible sets         0 orders tried  current cost 8
    W_14: 18120s  41,110,939,200 steps   210858 feasible sets         0 orders tried  current cost 1
    W_14: 18135s  41,145,622,400 steps   210985 feasible sets         0 orders tried  current cost 11
    W_14: 18150s  41,180,623,000 steps   211168 feasible sets         0 orders tried  current cost 19
    W_14: 18165s  41,215,339,400 steps   211359 feasible sets         0 orders tried  current cost 5
    W_14: 18180s  41,249,762,400 steps   211581 feasible sets         0 orders tried  current cost 13
    W_14: 18195s  41,284,432,400 steps   211743 feasible sets         0 orders tried  current cost 2
    W_14: 18210s  41,318,627,000 steps   211951 feasible sets         0 orders tried  current cost 5
    W_14: 18225s  41,353,115,200 steps   212130 feasible sets         0 orders tried  current cost 4
    W_14: 18240s  41,387,588,000 steps   212339 feasible sets         0 orders tried  current cost 2
    W_14: 18255s  41,422,163,400 steps   212533 feasible sets         0 orders tried  current cost 12
    W_14: 18270s  41,456,601,400 steps   212706 feasible sets         0 orders tried  current cost 16
    W_14: 18285s  41,491,138,000 steps   212871 feasible sets         0 orders tried  current cost 2
    W_14: 18300s  41,525,442,800 steps   213035 feasible sets         0 orders tried  current cost 15
    W_14: 18315s  41,560,016,000 steps   213225 feasible sets         0 orders tried  current cost 3
    W_14: 18330s  41,594,430,400 steps   213419 feasible sets         0 orders tried  current cost 2
    W_14: 18345s  41,628,888,600 steps   213618 feasible sets         0 orders tried  current cost 4
    W_14: 18360s  41,662,988,400 steps   213795 feasible sets         0 orders tried  current cost 3
    W_14: 18375s  41,697,478,600 steps   213989 feasible sets         0 orders tried  current cost 4
    W_14: 18390s  41,732,460,000 steps   214183 feasible sets         0 orders tried  current cost 1
    W_14: 18405s  41,766,918,400 steps   214359 feasible sets         0 orders tried  current cost 2
    W_14: 18420s  41,801,474,000 steps   214483 feasible sets         0 orders tried  current cost 4
    W_14: 18435s  41,836,401,400 steps   214644 feasible sets         0 orders tried  current cost 15
    W_14: 18450s  41,871,328,600 steps   214813 feasible sets         0 orders tried  current cost 5
    W_14: 18465s  41,906,077,400 steps   214992 feasible sets         0 orders tried  current cost 2
    W_14: 18480s  41,941,079,600 steps   215146 feasible sets         0 orders tried  current cost 3
    W_14: 18495s  41,975,667,000 steps   215324 feasible sets         0 orders tried  current cost 6
    W_14: 18510s  42,010,044,600 steps   215499 feasible sets         0 orders tried  current cost 9
    W_14: 18525s  42,044,371,000 steps   215661 feasible sets         0 orders tried  current cost 5
    W_14: 18540s  42,079,092,000 steps   215802 feasible sets         0 orders tried  current cost 4
    W_14: 18555s  42,113,682,200 steps   215963 feasible sets         0 orders tried  current cost 9
    W_14: 18570s  42,148,266,600 steps   216151 feasible sets         0 orders tried  current cost 9
    W_14: 18585s  42,182,820,800 steps   216313 feasible sets         0 orders tried  current cost 9
    W_14: 18600s  42,217,754,200 steps   216493 feasible sets         0 orders tried  current cost 2
    W_14: 18615s  42,252,086,400 steps   216690 feasible sets         0 orders tried  current cost 9
    W_14: 18630s  42,286,716,800 steps   216880 feasible sets         0 orders tried  current cost 4
    W_14: 18645s  42,321,530,600 steps   217065 feasible sets         0 orders tried  current cost 3
    W_14: 18660s  42,355,946,200 steps   217261 feasible sets         0 orders tried  current cost 7
    W_14: 18675s  42,390,236,400 steps   217410 feasible sets         0 orders tried  current cost 2
    W_14: 18690s  42,424,723,600 steps   217576 feasible sets         0 orders tried  current cost 7
    W_14: 18705s  42,459,098,000 steps   217735 feasible sets         0 orders tried  current cost 2
    W_14: 18720s  42,493,589,000 steps   217927 feasible sets         0 orders tried  current cost 8
    W_14: 18735s  42,528,189,000 steps   218110 feasible sets         0 orders tried  current cost 4
    W_14: 18750s  42,562,221,600 steps   218297 feasible sets         0 orders tried  current cost 13
    W_14: 18765s  42,596,585,800 steps   218477 feasible sets         0 orders tried  current cost 10
    W_14: 18780s  42,631,162,200 steps   218646 feasible sets         0 orders tried  current cost 12
    W_14: 18795s  42,665,715,800 steps   218840 feasible sets         0 orders tried  current cost 4
    W_14: 18810s  42,699,904,200 steps   219023 feasible sets         0 orders tried  current cost 8
    W_14: 18825s  42,734,727,800 steps   219203 feasible sets         0 orders tried  current cost 2
    W_14: 18840s  42,769,066,600 steps   219391 feasible sets         0 orders tried  current cost 11
    W_14: 18855s  42,803,323,800 steps   219537 feasible sets         0 orders tried  current cost 8
    W_14: 18870s  42,837,550,400 steps   219681 feasible sets         0 orders tried  current cost 6
    W_14: 18885s  42,872,169,200 steps   219853 feasible sets         0 orders tried  current cost 4
    W_14: 18900s  42,906,800,400 steps   220006 feasible sets         0 orders tried  current cost 14
    W_14: 18915s  42,941,604,800 steps   220218 feasible sets         0 orders tried  current cost 8
    W_14: 18930s  42,976,185,200 steps   220421 feasible sets         0 orders tried  current cost 8
    W_14: 18945s  43,010,637,600 steps   220637 feasible sets         0 orders tried  current cost 3
    W_14: 18960s  43,045,366,000 steps   220813 feasible sets         0 orders tried  current cost 4
    W_14: 18975s  43,079,961,200 steps   221002 feasible sets         0 orders tried  current cost 6
    W_14: 18990s  43,114,738,800 steps   221151 feasible sets         0 orders tried  current cost 3
    W_14: 19005s  43,149,322,600 steps   221313 feasible sets         0 orders tried  current cost 9
    W_14: 19020s  43,183,909,000 steps   221529 feasible sets         0 orders tried  current cost 3
    W_14: 19035s  43,218,216,200 steps   221690 feasible sets         0 orders tried  current cost 3
    W_14: 19050s  43,253,093,400 steps   221885 feasible sets         0 orders tried  current cost 5
    W_14: 19065s  43,287,588,800 steps   222053 feasible sets         0 orders tried  current cost 6
    W_14: 19080s  43,321,953,600 steps   222249 feasible sets         0 orders tried  current cost 3
    W_14: 19095s  43,356,577,200 steps   222384 feasible sets         0 orders tried  current cost 2
    W_14: 19110s  43,390,993,400 steps   222559 feasible sets         0 orders tried  current cost 1
    W_14: 19125s  43,425,272,000 steps   222700 feasible sets         0 orders tried  current cost 4
    W_14: 19140s  43,459,904,000 steps   222905 feasible sets         0 orders tried  current cost 10
    W_14: 19155s  43,494,336,600 steps   223077 feasible sets         0 orders tried  current cost 2
    W_14: 19170s  43,528,521,000 steps   223269 feasible sets         0 orders tried  current cost 11
    W_14: 19185s  43,562,790,200 steps   223431 feasible sets         0 orders tried  current cost 4
    W_14: 19200s  43,597,408,400 steps   223629 feasible sets         0 orders tried  current cost 6
    W_14: 19215s  43,631,999,000 steps   223781 feasible sets         0 orders tried  current cost 3
    W_14: 19230s  43,666,946,600 steps   223996 feasible sets         0 orders tried  current cost 7
    W_14: 19245s  43,701,388,000 steps   224173 feasible sets         0 orders tried  current cost 5
    W_14: 19260s  43,736,184,800 steps   224364 feasible sets         0 orders tried  current cost 6
    W_14: 19275s  43,771,043,600 steps   224560 feasible sets         0 orders tried  current cost 12
    W_14: 19290s  43,805,956,600 steps   224765 feasible sets         0 orders tried  current cost 2
    W_14: 19305s  43,840,149,600 steps   224948 feasible sets         0 orders tried  current cost 6
    W_14: 19320s  43,875,210,400 steps   225131 feasible sets         0 orders tried  current cost 4
    W_14: 19335s  43,909,809,200 steps   225336 feasible sets         0 orders tried  current cost 6
    W_14: 19350s  43,944,590,400 steps   225514 feasible sets         0 orders tried  current cost 5
    W_14: 19365s  43,979,142,400 steps   225691 feasible sets         0 orders tried  current cost 11
    W_14: 19380s  44,013,565,200 steps   225884 feasible sets         0 orders tried  current cost 8
    W_14: 19395s  44,048,063,800 steps   226055 feasible sets         0 orders tried  current cost 12
    W_14: 19410s  44,082,628,600 steps   226190 feasible sets         0 orders tried  current cost 3
    W_14: 19425s  44,117,534,400 steps   226381 feasible sets         0 orders tried  current cost 3
    W_14: 19440s  44,151,908,800 steps   226586 feasible sets         0 orders tried  current cost 6
    W_14: 19455s  44,186,505,800 steps   226744 feasible sets         0 orders tried  current cost 4
    W_14: 19470s  44,221,059,800 steps   226924 feasible sets         0 orders tried  current cost 1
    W_14: 19485s  44,255,312,000 steps   227083 feasible sets         0 orders tried  current cost 2
    W_14: 19500s  44,289,984,400 steps   227287 feasible sets         0 orders tried  current cost 9
    W_14: 19515s  44,324,622,200 steps   227459 feasible sets         0 orders tried  current cost 19
    W_14: 19530s  44,358,971,000 steps   227608 feasible sets         0 orders tried  current cost 2
    W_14: 19545s  44,393,620,400 steps   227770 feasible sets         0 orders tried  current cost 14
    W_14: 19560s  44,428,048,800 steps   227944 feasible sets         0 orders tried  current cost 4
    W_14: 19575s  44,462,585,400 steps   228134 feasible sets         0 orders tried  current cost 9
    W_14: 19590s  44,497,018,800 steps   228309 feasible sets         0 orders tried  current cost 4
    W_14: 19605s  44,531,905,600 steps   228500 feasible sets         0 orders tried  current cost 8
    W_14: 19620s  44,566,807,800 steps   228660 feasible sets         0 orders tried  current cost 7
    W_14: 19635s  44,601,373,000 steps   228875 feasible sets         0 orders tried  current cost 5
    W_14: 19650s  44,635,888,600 steps   229038 feasible sets         0 orders tried  current cost 6
    W_14: 19665s  44,670,965,400 steps   229204 feasible sets         0 orders tried  current cost 11
    W_14: 19680s  44,705,447,600 steps   229423 feasible sets         0 orders tried  current cost 6
    W_14: 19695s  44,740,189,400 steps   229579 feasible sets         0 orders tried  current cost 5
    W_14: 19710s  44,774,454,400 steps   229707 feasible sets         0 orders tried  current cost 5
    W_14: 19725s  44,809,186,200 steps   229875 feasible sets         0 orders tried  current cost 5
    W_14: 19740s  44,843,823,400 steps   230022 feasible sets         0 orders tried  current cost 10
    W_14: 19755s  44,878,474,400 steps   230199 feasible sets         0 orders tried  current cost 4
    W_14: 19770s  44,912,740,800 steps   230360 feasible sets         0 orders tried  current cost 15
    W_14: 19785s  44,947,650,400 steps   230537 feasible sets         0 orders tried  current cost 5
    W_14: 19800s  44,982,047,400 steps   230698 feasible sets         0 orders tried  current cost 7
    W_14: 19815s  45,017,153,600 steps   230891 feasible sets         0 orders tried  current cost 3
    W_14: 19830s  45,051,722,200 steps   231049 feasible sets         0 orders tried  current cost 14
    W_14: 19845s  45,086,440,400 steps   231218 feasible sets         0 orders tried  current cost 15
    W_14: 19860s  45,121,334,800 steps   231409 feasible sets         0 orders tried  current cost 3
    W_14: 19875s  45,155,986,800 steps   231562 feasible sets         0 orders tried  current cost 10
    W_14: 19890s  45,190,398,600 steps   231747 feasible sets         0 orders tried  current cost 1
    W_14: 19905s  45,224,883,800 steps   231913 feasible sets         0 orders tried  current cost 8
    W_14: 19920s  45,259,781,600 steps   232064 feasible sets         0 orders tried  current cost 13
    W_14: 19935s  45,294,280,400 steps   232235 feasible sets         0 orders tried  current cost 15
    W_14: 19950s  45,329,205,600 steps   232434 feasible sets         0 orders tried  current cost 10
    W_14: 19965s  45,363,534,000 steps   232584 feasible sets         0 orders tried  current cost 2
    W_14: 19980s  45,397,983,400 steps   232745 feasible sets         0 orders tried  current cost 10
    W_14: 19995s  45,432,527,400 steps   232908 feasible sets         0 orders tried  current cost 6
    W_14: 20010s  45,467,071,600 steps   233065 feasible sets         0 orders tried  current cost 2
    W_14: 20025s  45,501,611,200 steps   233270 feasible sets         0 orders tried  current cost 4
    W_14: 20040s  45,535,984,400 steps   233460 feasible sets         0 orders tried  current cost 10
    W_14: 20055s  45,570,904,200 steps   233613 feasible sets         0 orders tried  current cost 12
    W_14: 20070s  45,605,423,800 steps   233752 feasible sets         0 orders tried  current cost 11
    W_14: 20085s  45,639,675,600 steps   233913 feasible sets         0 orders tried  current cost 4
    W_14: 20100s  45,673,825,000 steps   234083 feasible sets         0 orders tried  current cost 12
    W_14: 20115s  45,706,211,400 steps   234223 feasible sets         0 orders tried  current cost 5
    W_14: 20130s  45,739,586,800 steps   234368 feasible sets         0 orders tried  current cost 6
    W_14: 20145s  45,774,044,200 steps   234564 feasible sets         0 orders tried  current cost 12
    W_14: 20160s  45,808,864,600 steps   234737 feasible sets         0 orders tried  current cost 8
    W_14: 20175s  45,843,303,400 steps   234927 feasible sets         0 orders tried  current cost 12
    W_14: 20190s  45,877,605,400 steps   235129 feasible sets         0 orders tried  current cost 8
    W_14: 20205s  45,911,990,600 steps   235303 feasible sets         0 orders tried  current cost 3
    W_14: 20220s  45,946,343,000 steps   235451 feasible sets         0 orders tried  current cost 14
    W_14: 20235s  45,980,788,000 steps   235631 feasible sets         0 orders tried  current cost 8
    W_14: 20250s  46,015,273,200 steps   235818 feasible sets         0 orders tried  current cost 3
    W_14: 20265s  46,049,674,000 steps   235966 feasible sets         0 orders tried  current cost 3
    W_14: 20280s  46,084,044,200 steps   236139 feasible sets         0 orders tried  current cost 13
    W_14: 20295s  46,117,914,400 steps   236286 feasible sets         0 orders tried  current cost 2
    W_14: 20310s  46,151,307,200 steps   236464 feasible sets         0 orders tried  current cost 6
    W_14: 20325s  46,185,488,200 steps   236591 feasible sets         0 orders tried  current cost 6
    W_14: 20340s  46,219,936,600 steps   236750 feasible sets         0 orders tried  current cost 1
    W_14: 20355s  46,254,156,800 steps   236938 feasible sets         0 orders tried  current cost 3
    W_14: 20370s  46,288,561,000 steps   237119 feasible sets         0 orders tried  current cost 10
    W_14: 20385s  46,322,993,400 steps   237340 feasible sets         0 orders tried  current cost 3
    W_14: 20400s  46,357,965,600 steps   237557 feasible sets         0 orders tried  current cost 7
    W_14: 20415s  46,392,571,000 steps   237747 feasible sets         0 orders tried  current cost 5
    W_14: 20430s  46,427,041,000 steps   237956 feasible sets         0 orders tried  current cost 11
    W_14: 20445s  46,461,683,800 steps   238118 feasible sets         0 orders tried  current cost 12
    W_14: 20460s  46,495,871,200 steps   238275 feasible sets         0 orders tried  current cost 4
    W_14: 20475s  46,530,389,200 steps   238441 feasible sets         0 orders tried  current cost 3
    W_14: 20490s  46,565,220,400 steps   238582 feasible sets         0 orders tried  current cost 9
    W_14: 20505s  46,599,611,000 steps   238764 feasible sets         0 orders tried  current cost 3
    W_14: 20520s  46,634,274,800 steps   238928 feasible sets         0 orders tried  current cost 4
    W_14: 20535s  46,669,121,800 steps   239116 feasible sets         0 orders tried  current cost 11
    W_14: 20550s  46,703,731,800 steps   239302 feasible sets         0 orders tried  current cost 6
    W_14: 20565s  46,738,157,400 steps   239468 feasible sets         0 orders tried  current cost 1
    W_14: 20580s  46,772,895,800 steps   239646 feasible sets         0 orders tried  current cost 3
    W_14: 20595s  46,807,342,800 steps   239856 feasible sets         0 orders tried  current cost 9
    W_14: 20610s  46,842,244,600 steps   240027 feasible sets         0 orders tried  current cost 9
    W_14: 20625s  46,876,825,600 steps   240187 feasible sets         0 orders tried  current cost 6
    W_14: 20640s  46,911,404,600 steps   240350 feasible sets         0 orders tried  current cost 8
    W_14: 20655s  46,946,008,200 steps   240529 feasible sets         0 orders tried  current cost 3
    W_14: 20670s  46,980,673,000 steps   240740 feasible sets         0 orders tried  current cost 2
    W_14: 20685s  47,015,101,200 steps   240924 feasible sets         0 orders tried  current cost 11
    W_14: 20700s  47,049,785,400 steps   241114 feasible sets         0 orders tried  current cost 8
    W_14: 20715s  47,084,513,200 steps   241295 feasible sets         0 orders tried  current cost 4
    W_14: 20730s  47,118,814,000 steps   241488 feasible sets         0 orders tried  current cost 3
    W_14: 20745s  47,153,345,800 steps   241678 feasible sets         0 orders tried  current cost 7
    W_14: 20760s  47,187,782,200 steps   241890 feasible sets         0 orders tried  current cost 18
    W_14: 20775s  47,222,476,400 steps   242067 feasible sets         0 orders tried  current cost 3
    W_14: 20790s  47,256,947,000 steps   242276 feasible sets         0 orders tried  current cost 7
    W_14: 20805s  47,291,590,000 steps   242464 feasible sets         0 orders tried  current cost 4
    W_14: 20820s  47,326,161,400 steps   242670 feasible sets         0 orders tried  current cost 10
    W_14: 20835s  47,360,646,000 steps   242848 feasible sets         0 orders tried  current cost 8
    W_14: 20850s  47,395,212,400 steps   243046 feasible sets         0 orders tried  current cost 5
    W_14: 20865s  47,429,625,200 steps   243270 feasible sets         0 orders tried  current cost 5
    W_14: 20880s  47,464,002,600 steps   243434 feasible sets         0 orders tried  current cost 13
    W_14: 20895s  47,498,617,400 steps   243607 feasible sets         0 orders tried  current cost 2
    W_14: 20910s  47,533,082,600 steps   243760 feasible sets         0 orders tried  current cost 11
    W_14: 20925s  47,568,026,200 steps   243929 feasible sets         0 orders tried  current cost 7
    W_14: 20940s  47,602,788,600 steps   244070 feasible sets         0 orders tried  current cost 3
    W_14: 20955s  47,637,827,200 steps   244261 feasible sets         0 orders tried  current cost 7
    W_14: 20970s  47,672,458,400 steps   244451 feasible sets         0 orders tried  current cost 2
    W_14: 20985s  47,706,994,600 steps   244626 feasible sets         0 orders tried  current cost 4
    W_14: 21000s  47,741,743,200 steps   244800 feasible sets         0 orders tried  current cost 13
    W_14: 21015s  47,776,315,800 steps   244954 feasible sets         0 orders tried  current cost 5
    W_14: 21030s  47,810,722,400 steps   245118 feasible sets         0 orders tried  current cost 12
    W_14: 21045s  47,845,632,200 steps   245283 feasible sets         0 orders tried  current cost 3
    W_14: 21060s  47,880,415,200 steps   245436 feasible sets         0 orders tried  current cost 3
    W_14: 21075s  47,915,216,400 steps   245602 feasible sets         0 orders tried  current cost 1
    W_14: 21090s  47,949,881,000 steps   245771 feasible sets         0 orders tried  current cost 14
    W_14: 21105s  47,984,010,800 steps   245912 feasible sets         0 orders tried  current cost 1
    W_14: 21120s  48,019,030,400 steps   246119 feasible sets         0 orders tried  current cost 5
    W_14: 21135s  48,053,058,800 steps   246313 feasible sets         0 orders tried  current cost 3
    W_14: 21150s  48,087,505,200 steps   246460 feasible sets         0 orders tried  current cost 7
    W_14: 21165s  48,122,344,400 steps   246653 feasible sets         0 orders tried  current cost 9
    W_14: 21180s  48,156,665,400 steps   246824 feasible sets         0 orders tried  current cost 7
    W_14: 21195s  48,191,146,400 steps   247004 feasible sets         0 orders tried  current cost 10
    W_14: 21210s  48,225,916,800 steps   247161 feasible sets         0 orders tried  current cost 1
    W_14: 21225s  48,260,183,200 steps   247321 feasible sets         0 orders tried  current cost 12
    W_14: 21240s  48,295,169,000 steps   247507 feasible sets         0 orders tried  current cost 1
    W_14: 21255s  48,330,125,200 steps   247668 feasible sets         0 orders tried  current cost 7
    W_14: 21270s  48,365,209,000 steps   247853 feasible sets         0 orders tried  current cost 6
    W_14: 21285s  48,400,220,400 steps   248056 feasible sets         0 orders tried  current cost 13
    W_14: 21300s  48,434,829,800 steps   248218 feasible sets         0 orders tried  current cost 4
    W_14: 21315s  48,469,676,400 steps   248381 feasible sets         0 orders tried  current cost 3
    W_14: 21330s  48,504,224,200 steps   248538 feasible sets         0 orders tried  current cost 6
    W_14: 21345s  48,538,830,800 steps   248732 feasible sets         0 orders tried  current cost 4
    W_14: 21360s  48,573,070,600 steps   248883 feasible sets         0 orders tried  current cost 4
    W_14: 21375s  48,607,602,800 steps   249075 feasible sets         0 orders tried  current cost 11
    W_14: 21390s  48,642,296,400 steps   249244 feasible sets         0 orders tried  current cost 3
    W_14: 21405s  48,676,999,000 steps   249428 feasible sets         0 orders tried  current cost 2
    W_14: 21420s  48,711,990,200 steps   249617 feasible sets         0 orders tried  current cost 5
    W_14: 21435s  48,746,755,200 steps   249801 feasible sets         0 orders tried  current cost 1
    W_14: 21450s  48,781,707,800 steps   249991 feasible sets         0 orders tried  current cost 7
    W_14: 21465s  48,816,772,800 steps   250199 feasible sets         0 orders tried  current cost 4
    W_14: 21480s  48,851,569,400 steps   250387 feasible sets         0 orders tried  current cost 5
    W_14: 21495s  48,886,107,200 steps   250554 feasible sets         0 orders tried  current cost 4
    W_14: 21510s  48,920,513,000 steps   250704 feasible sets         0 orders tried  current cost 5
    W_14: 21525s  48,955,025,200 steps   250881 feasible sets         0 orders tried  current cost 8
    W_14: 21540s  48,989,967,400 steps   251063 feasible sets         0 orders tried  current cost 4
    W_14: 21555s  49,025,216,400 steps   251248 feasible sets         0 orders tried  current cost 4
    W_14: 21570s  49,059,685,000 steps   251435 feasible sets         0 orders tried  current cost 12
    W_14: 21585s  49,094,700,200 steps   251613 feasible sets         0 orders tried  current cost 8
    W_14: 21600s  49,129,745,600 steps   251794 feasible sets         0 orders tried  current cost 10
    W_14: 21615s  49,164,869,400 steps   251978 feasible sets         0 orders tried  current cost 4
    W_14: 21630s  49,199,094,400 steps   252155 feasible sets         0 orders tried  current cost 3
    W_14: 21645s  49,233,685,200 steps   252360 feasible sets         0 orders tried  current cost 16
    W_14: 21660s  49,268,554,000 steps   252523 feasible sets         0 orders tried  current cost 1
    W_14: 21675s  49,302,720,600 steps   252690 feasible sets         0 orders tried  current cost 14
    W_14: 21690s  49,337,745,000 steps   252940 feasible sets         0 orders tried  current cost 11
    W_14: 21705s  49,372,443,800 steps   253095 feasible sets         0 orders tried  current cost 13
    W_14: 21720s  49,407,212,600 steps   253241 feasible sets         0 orders tried  current cost 2
    W_14: 21735s  49,441,883,400 steps   253418 feasible sets         0 orders tried  current cost 6
    W_14: 21750s  49,476,656,400 steps   253580 feasible sets         0 orders tried  current cost 4
    W_14: 21765s  49,511,668,800 steps   253741 feasible sets         0 orders tried  current cost 7
    W_14: 21780s  49,546,155,800 steps   253915 feasible sets         0 orders tried  current cost 5
    W_14: 21795s  49,581,061,200 steps   254078 feasible sets         0 orders tried  current cost 12
    W_14: 21810s  49,615,692,000 steps   254205 feasible sets         0 orders tried  current cost 2
    W_14: 21825s  49,650,365,200 steps   254414 feasible sets         0 orders tried  current cost 9
    W_14: 21840s  49,685,124,600 steps   254594 feasible sets         0 orders tried  current cost 12
    W_14: 21855s  49,719,683,400 steps   254772 feasible sets         0 orders tried  current cost 9
    W_14: 21870s  49,754,389,000 steps   254954 feasible sets         0 orders tried  current cost 5
    W_14: 21885s  49,789,145,400 steps   255153 feasible sets         0 orders tried  current cost 11
    W_14: 21900s  49,823,920,800 steps   255338 feasible sets         0 orders tried  current cost 10
    W_14: 21915s  49,858,801,800 steps   255507 feasible sets         0 orders tried  current cost 15
    W_14: 21930s  49,893,510,800 steps   255694 feasible sets         0 orders tried  current cost 2
    W_14: 21945s  49,928,423,600 steps   255874 feasible sets         0 orders tried  current cost 11
    W_14: 21960s  49,962,849,400 steps   256042 feasible sets         0 orders tried  current cost 4
    W_14: 21975s  49,997,417,800 steps   256206 feasible sets         0 orders tried  current cost 4
    W_14: 21990s  50,031,920,200 steps   256379 feasible sets         0 orders tried  current cost 11
    W_14: 22005s  50,066,807,200 steps   256583 feasible sets         0 orders tried  current cost 9
    W_14: 22020s  50,101,867,800 steps   256796 feasible sets         0 orders tried  current cost 6
    W_14: 22035s  50,136,267,200 steps   256967 feasible sets         0 orders tried  current cost 6
    W_14: 22050s  50,170,931,200 steps   257162 feasible sets         0 orders tried  current cost 4
    W_14: 22065s  50,205,726,400 steps   257343 feasible sets         0 orders tried  current cost 7
    W_14: 22080s  50,240,449,200 steps   257539 feasible sets         0 orders tried  current cost 6
    W_14: 22095s  50,275,399,800 steps   257713 feasible sets         0 orders tried  current cost 2
    W_14: 22110s  50,309,897,800 steps   257871 feasible sets         0 orders tried  current cost 4
    W_14: 22125s  50,344,137,800 steps   258062 feasible sets         0 orders tried  current cost 3
    W_14: 22140s  50,378,781,000 steps   258219 feasible sets         0 orders tried  current cost 10
    W_14: 22155s  50,413,330,400 steps   258370 feasible sets         0 orders tried  current cost 3
    W_14: 22170s  50,447,996,600 steps   258585 feasible sets         0 orders tried  current cost 2
    W_14: 22185s  50,482,648,400 steps   258747 feasible sets         0 orders tried  current cost 6
    W_14: 22200s  50,516,962,600 steps   258919 feasible sets         0 orders tried  current cost 17
    W_14: 22215s  50,551,606,800 steps   259061 feasible sets         0 orders tried  current cost 7
    W_14: 22230s  50,586,736,400 steps   259303 feasible sets         0 orders tried  current cost 2
    W_14: 22245s  50,621,457,400 steps   259466 feasible sets         0 orders tried  current cost 3
    W_14: 22260s  50,656,161,800 steps   259629 feasible sets         0 orders tried  current cost 8
    W_14: 22275s  50,691,165,200 steps   259801 feasible sets         0 orders tried  current cost 11
    W_14: 22290s  50,725,843,200 steps   259961 feasible sets         0 orders tried  current cost 20
    W_14: 22305s  50,760,882,600 steps   260190 feasible sets         0 orders tried  current cost 10
    W_14: 22320s  50,795,538,000 steps   260347 feasible sets         0 orders tried  current cost 3
    W_14: 22335s  50,830,243,600 steps   260506 feasible sets         0 orders tried  current cost 10
    W_14: 22350s  50,864,932,400 steps   260644 feasible sets         0 orders tried  current cost 3
    W_14: 22365s  50,899,757,200 steps   260827 feasible sets         0 orders tried  current cost 2
    W_14: 22380s  50,934,373,800 steps   261010 feasible sets         0 orders tried  current cost 3
    W_14: 22395s  50,968,766,600 steps   261220 feasible sets         0 orders tried  current cost 6
    W_14: 22410s  51,003,217,600 steps   261408 feasible sets         0 orders tried  current cost 3
    W_14: 22425s  51,038,058,200 steps   261590 feasible sets         0 orders tried  current cost 3
    W_14: 22440s  51,072,562,200 steps   261746 feasible sets         0 orders tried  current cost 14
    W_14: 22455s  51,107,224,800 steps   261899 feasible sets         0 orders tried  current cost 5
    W_14: 22470s  51,141,747,000 steps   262071 feasible sets         0 orders tried  current cost 4
    W_14: 22485s  51,176,261,600 steps   262264 feasible sets         0 orders tried  current cost 14
    W_14: 22500s  51,211,257,600 steps   262459 feasible sets         0 orders tried  current cost 3
    W_14: 22515s  51,246,180,200 steps   262621 feasible sets         0 orders tried  current cost 20
    W_14: 22530s  51,280,891,600 steps   262789 feasible sets         0 orders tried  current cost 4
    W_14: 22545s  51,315,642,800 steps   262975 feasible sets         0 orders tried  current cost 13
    W_14: 22560s  51,349,783,200 steps   263137 feasible sets         0 orders tried  current cost 12
    W_14: 22575s  51,384,820,000 steps   263316 feasible sets         0 orders tried  current cost 4
    W_14: 22590s  51,419,498,400 steps   263470 feasible sets         0 orders tried  current cost 2
    W_14: 22605s  51,453,869,800 steps   263681 feasible sets         0 orders tried  current cost 7
    W_14: 22620s  51,488,043,800 steps   263880 feasible sets         0 orders tried  current cost 6
    W_14: 22635s  51,522,639,800 steps   264098 feasible sets         0 orders tried  current cost 2
    W_14: 22650s  51,557,297,400 steps   264283 feasible sets         0 orders tried  current cost 4
    W_14: 22665s  51,591,961,400 steps   264480 feasible sets         0 orders tried  current cost 15
    W_14: 22680s  51,626,894,800 steps   264649 feasible sets         0 orders tried  current cost 3
    W_14: 22695s  51,661,566,000 steps   264818 feasible sets         0 orders tried  current cost 12
    W_14: 22710s  51,696,677,800 steps   264982 feasible sets         0 orders tried  current cost 1
    W_14: 22725s  51,731,551,000 steps   265131 feasible sets         0 orders tried  current cost 5
    W_14: 22740s  51,766,314,600 steps   265368 feasible sets         0 orders tried  current cost 4
    W_14: 22755s  51,801,285,200 steps   265584 feasible sets         0 orders tried  current cost 6
    W_14: 22770s  51,836,139,400 steps   265797 feasible sets         0 orders tried  current cost 3
    W_14: 22785s  51,870,748,400 steps   265954 feasible sets         0 orders tried  current cost 5
    W_14: 22800s  51,905,355,400 steps   266121 feasible sets         0 orders tried  current cost 4
    W_14: 22815s  51,940,008,400 steps   266276 feasible sets         0 orders tried  current cost 8
    W_14: 22830s  51,974,791,800 steps   266488 feasible sets         0 orders tried  current cost 4
    W_14: 22845s  52,009,668,600 steps   266663 feasible sets         0 orders tried  current cost 2
    W_14: 22860s  52,044,255,800 steps   266876 feasible sets         0 orders tried  current cost 4
    W_14: 22875s  52,078,526,800 steps   267047 feasible sets         0 orders tried  current cost 5
    W_14: 22890s  52,113,311,400 steps   267243 feasible sets         0 orders tried  current cost 3
    W_14: 22905s  52,148,136,200 steps   267411 feasible sets         0 orders tried  current cost 3
    W_14: 22920s  52,182,725,200 steps   267593 feasible sets         0 orders tried  current cost 10
    W_14: 22935s  52,217,097,000 steps   267763 feasible sets         0 orders tried  current cost 3
    W_14: 22950s  52,251,718,000 steps   267920 feasible sets         0 orders tried  current cost 3
    W_14: 22965s  52,286,472,200 steps   268090 feasible sets         0 orders tried  current cost 5
    W_14: 22980s  52,321,043,400 steps   268281 feasible sets         0 orders tried  current cost 14
    W_14: 22995s  52,355,627,600 steps   268470 feasible sets         0 orders tried  current cost 3
    W_14: 23010s  52,390,307,200 steps   268664 feasible sets         0 orders tried  current cost 5
    W_14: 23025s  52,424,971,000 steps   268843 feasible sets         0 orders tried  current cost 4
    W_14: 23040s  52,459,500,000 steps   269009 feasible sets         0 orders tried  current cost 1
    W_14: 23055s  52,494,134,000 steps   269171 feasible sets         0 orders tried  current cost 4
    W_14: 23070s  52,528,732,800 steps   269355 feasible sets         0 orders tried  current cost 3
    W_14: 23085s  52,563,363,200 steps   269487 feasible sets         0 orders tried  current cost 10
    W_14: 23100s  52,598,142,400 steps   269646 feasible sets         0 orders tried  current cost 11
    W_14: 23115s  52,633,001,800 steps   269849 feasible sets         0 orders tried  current cost 12
    W_14: 23130s  52,667,484,600 steps   270014 feasible sets         0 orders tried  current cost 8
    W_14: 23145s  52,702,292,000 steps   270191 feasible sets         0 orders tried  current cost 3
    W_14: 23160s  52,737,357,200 steps   270393 feasible sets         0 orders tried  current cost 3
    W_14: 23175s  52,772,285,200 steps   270588 feasible sets         0 orders tried  current cost 9
    W_14: 23190s  52,806,865,600 steps   270760 feasible sets         0 orders tried  current cost 7
    W_14: 23205s  52,841,701,800 steps   270938 feasible sets         0 orders tried  current cost 16
    W_14: 23220s  52,876,344,600 steps   271115 feasible sets         0 orders tried  current cost 6
    W_14: 23235s  52,911,135,400 steps   271309 feasible sets         0 orders tried  current cost 2
    W_14: 23250s  52,945,855,600 steps   271473 feasible sets         0 orders tried  current cost 1
    W_14: 23265s  52,980,261,400 steps   271607 feasible sets         0 orders tried  current cost 6
    W_14: 23280s  53,015,049,000 steps   271777 feasible sets         0 orders tried  current cost 3
    W_14: 23295s  53,049,743,000 steps   271931 feasible sets         0 orders tried  current cost 10
    W_14: 23310s  53,084,377,600 steps   272101 feasible sets         0 orders tried  current cost 3
    W_14: 23325s  53,118,986,600 steps   272259 feasible sets         0 orders tried  current cost 7
    W_14: 23340s  53,153,654,800 steps   272444 feasible sets         0 orders tried  current cost 2
    W_14: 23355s  53,188,108,600 steps   272623 feasible sets         0 orders tried  current cost 6
    W_14: 23370s  53,222,797,200 steps   272780 feasible sets         0 orders tried  current cost 4
    W_14: 23385s  53,257,285,400 steps   272942 feasible sets         0 orders tried  current cost 9
    W_14: 23400s  53,292,133,400 steps   273108 feasible sets         0 orders tried  current cost 4
    W_14: 23415s  53,327,079,800 steps   273295 feasible sets         0 orders tried  current cost 3
    W_14: 23430s  53,361,396,000 steps   273489 feasible sets         0 orders tried  current cost 4
    W_14: 23445s  53,396,238,000 steps   273674 feasible sets         0 orders tried  current cost 3
    W_14: 23460s  53,430,520,400 steps   273832 feasible sets         0 orders tried  current cost 15
    W_14: 23475s  53,462,565,000 steps   273979 feasible sets         0 orders tried  current cost 8
    W_14: 23490s  53,497,581,800 steps   274153 feasible sets         0 orders tried  current cost 12
    W_14: 23505s  53,532,790,200 steps   274326 feasible sets         0 orders tried  current cost 5
    W_14: 23520s  53,567,524,800 steps   274472 feasible sets         0 orders tried  current cost 8
    W_14: 23535s  53,602,215,400 steps   274629 feasible sets         0 orders tried  current cost 1
    W_14: 23550s  53,636,523,200 steps   274792 feasible sets         0 orders tried  current cost 13
    W_14: 23565s  53,671,426,200 steps   274978 feasible sets         0 orders tried  current cost 6
    W_14: 23580s  53,706,580,800 steps   275159 feasible sets         0 orders tried  current cost 10
    W_14: 23595s  53,741,371,400 steps   275328 feasible sets         0 orders tried  current cost 2
    W_14: 23610s  53,775,902,000 steps   275529 feasible sets         0 orders tried  current cost 12
    W_14: 23625s  53,810,235,000 steps   275718 feasible sets         0 orders tried  current cost 4
    W_14: 23640s  53,844,877,600 steps   275907 feasible sets         0 orders tried  current cost 2
    W_14: 23655s  53,879,000,000 steps   276067 feasible sets         0 orders tried  current cost 2
    W_14: 23670s  53,913,513,600 steps   276208 feasible sets         0 orders tried  current cost 1
    W_14: 23685s  53,948,235,000 steps   276387 feasible sets         0 orders tried  current cost 3
    W_14: 23700s  53,982,454,400 steps   276569 feasible sets         0 orders tried  current cost 3
    W_14: 23715s  54,017,085,800 steps   276749 feasible sets         0 orders tried  current cost 8
    W_14: 23730s  54,051,677,200 steps   276909 feasible sets         0 orders tried  current cost 3
    W_14: 23745s  54,086,591,400 steps   277095 feasible sets         0 orders tried  current cost 4
    W_14: 23760s  54,121,249,000 steps   277285 feasible sets         0 orders tried  current cost 4
    W_14: 23775s  54,155,819,400 steps   277480 feasible sets         0 orders tried  current cost 2
    W_14: 23790s  54,190,455,200 steps   277659 feasible sets         0 orders tried  current cost 3
    W_14: 23805s  54,225,177,800 steps   277840 feasible sets         0 orders tried  current cost 2
    W_14: 23820s  54,259,728,600 steps   277972 feasible sets         0 orders tried  current cost 5
    W_14: 23835s  54,294,639,200 steps   278158 feasible sets         0 orders tried  current cost 4
    W_14: 23850s  54,329,116,000 steps   278333 feasible sets         0 orders tried  current cost 4
    W_14: 23865s  54,364,381,800 steps   278508 feasible sets         0 orders tried  current cost 8
    W_14: 23880s  54,399,042,200 steps   278694 feasible sets         0 orders tried  current cost 11
    W_14: 23895s  54,433,853,200 steps   278901 feasible sets         0 orders tried  current cost 4
    W_14: 23910s  54,468,701,200 steps   279073 feasible sets         0 orders tried  current cost 7
    W_14: 23925s  54,503,830,800 steps   279252 feasible sets         0 orders tried  current cost 2
    W_14: 23940s  54,538,742,200 steps   279428 feasible sets         0 orders tried  current cost 11
    W_14: 23955s  54,573,015,400 steps   279575 feasible sets         0 orders tried  current cost 2
    W_14: 23970s  54,607,741,200 steps   279772 feasible sets         0 orders tried  current cost 14
    W_14: 23985s  54,642,525,000 steps   279953 feasible sets         0 orders tried  current cost 9
    W_14: 24000s  54,677,366,000 steps   280159 feasible sets         0 orders tried  current cost 9
    W_14: 24015s  54,711,919,800 steps   280346 feasible sets         0 orders tried  current cost 3
    W_14: 24030s  54,746,542,400 steps   280509 feasible sets         0 orders tried  current cost 14
    W_14: 24045s  54,781,510,600 steps   280708 feasible sets         0 orders tried  current cost 4
    W_14: 24060s  54,816,198,400 steps   280869 feasible sets         0 orders tried  current cost 3
    W_14: 24075s  54,850,742,200 steps   281024 feasible sets         0 orders tried  current cost 11
    W_14: 24090s  54,885,817,800 steps   281173 feasible sets         0 orders tried  current cost 3
    W_14: 24105s  54,920,653,800 steps   281341 feasible sets         0 orders tried  current cost 2
    W_14: 24120s  54,955,607,000 steps   281510 feasible sets         0 orders tried  current cost 6
    W_14: 24135s  54,990,328,000 steps   281691 feasible sets         0 orders tried  current cost 5
    W_14: 24150s  55,024,520,800 steps   281825 feasible sets         0 orders tried  current cost 10
    W_14: 24165s  55,059,279,400 steps   282008 feasible sets         0 orders tried  current cost 3
    W_14: 24180s  55,093,411,800 steps   282154 feasible sets         0 orders tried  current cost 3
    W_14: 24195s  55,127,798,200 steps   282312 feasible sets         0 orders tried  current cost 1
    W_14: 24210s  55,162,309,800 steps   282476 feasible sets         0 orders tried  current cost 4
    W_14: 24225s  55,197,139,200 steps   282627 feasible sets         0 orders tried  current cost 2
    W_14: 24240s  55,231,980,800 steps   282801 feasible sets         0 orders tried  current cost 10
    W_14: 24255s  55,266,690,400 steps   282971 feasible sets         0 orders tried  current cost 5
    W_14: 24270s  55,301,418,000 steps   283189 feasible sets         0 orders tried  current cost 4
    W_14: 24285s  55,336,415,200 steps   283392 feasible sets         0 orders tried  current cost 1
    W_14: 24300s  55,371,197,200 steps   283540 feasible sets         0 orders tried  current cost 3
    W_14: 24315s  55,406,076,000 steps   283740 feasible sets         0 orders tried  current cost 2
    W_14: 24330s  55,440,560,800 steps   283955 feasible sets         0 orders tried  current cost 11
    W_14: 24345s  55,475,287,800 steps   284128 feasible sets         0 orders tried  current cost 4
    W_14: 24360s  55,510,204,200 steps   284330 feasible sets         0 orders tried  current cost 12
    W_14: 24375s  55,545,369,200 steps   284476 feasible sets         0 orders tried  current cost 5
    W_14: 24390s  55,580,644,400 steps   284628 feasible sets         0 orders tried  current cost 8
    W_14: 24405s  55,615,440,400 steps   284795 feasible sets         0 orders tried  current cost 14
    W_14: 24420s  55,650,655,800 steps   284960 feasible sets         0 orders tried  current cost 1
    W_14: 24435s  55,685,338,800 steps   285127 feasible sets         0 orders tried  current cost 1
    W_14: 24450s  55,719,977,600 steps   285281 feasible sets         0 orders tried  current cost 2
    W_14: 24465s  55,754,334,200 steps   285491 feasible sets         0 orders tried  current cost 4
    W_14: 24480s  55,788,768,000 steps   285660 feasible sets         0 orders tried  current cost 5
    W_14: 24495s  55,823,370,000 steps   285846 feasible sets         0 orders tried  current cost 5
    W_14: 24510s  55,858,231,000 steps   286036 feasible sets         0 orders tried  current cost 6
    W_14: 24525s  55,893,059,000 steps   286200 feasible sets         0 orders tried  current cost 4
    W_14: 24540s  55,927,960,800 steps   286370 feasible sets         0 orders tried  current cost 14
    W_14: 24555s  55,962,822,800 steps   286561 feasible sets         0 orders tried  current cost 10
    W_14: 24570s  55,997,533,600 steps   286724 feasible sets         0 orders tried  current cost 3
    W_14: 24585s  56,031,893,600 steps   286895 feasible sets         0 orders tried  current cost 3
    W_14: 24600s  56,066,901,600 steps   287078 feasible sets         0 orders tried  current cost 15
    W_14: 24615s  56,101,389,400 steps   287253 feasible sets         0 orders tried  current cost 6
    W_14: 24630s  56,136,227,200 steps   287440 feasible sets         0 orders tried  current cost 5
    W_14: 24645s  56,170,763,000 steps   287628 feasible sets         0 orders tried  current cost 8
    W_14: 24660s  56,205,625,600 steps   287769 feasible sets         0 orders tried  current cost 9
    W_14: 24675s  56,240,288,800 steps   287987 feasible sets         0 orders tried  current cost 4
    W_14: 24690s  56,274,912,000 steps   288174 feasible sets         0 orders tried  current cost 4
    W_14: 24705s  56,309,498,000 steps   288342 feasible sets         0 orders tried  current cost 2
    W_14: 24720s  56,344,222,600 steps   288474 feasible sets         0 orders tried  current cost 14
    W_14: 24735s  56,379,145,000 steps   288646 feasible sets         0 orders tried  current cost 7
    W_14: 24750s  56,413,926,000 steps   288853 feasible sets         0 orders tried  current cost 10
    W_14: 24765s  56,448,659,000 steps   288996 feasible sets         0 orders tried  current cost 1
    W_14: 24780s  56,484,037,600 steps   289200 feasible sets         0 orders tried  current cost 1
    W_14: 24795s  56,518,571,800 steps   289327 feasible sets         0 orders tried  current cost 5
    W_14: 24810s  56,552,943,800 steps   289501 feasible sets         0 orders tried  current cost 10
    W_14: 24825s  56,587,530,600 steps   289685 feasible sets         0 orders tried  current cost 5
    W_14: 24840s  56,622,288,800 steps   289880 feasible sets         0 orders tried  current cost 7
    W_14: 24855s  56,656,963,000 steps   290072 feasible sets         0 orders tried  current cost 13
    W_14: 24870s  56,691,209,400 steps   290232 feasible sets         0 orders tried  current cost 5
    W_14: 24885s  56,726,067,400 steps   290386 feasible sets         0 orders tried  current cost 7
    W_14: 24900s  56,761,077,400 steps   290585 feasible sets         0 orders tried  current cost 1
    W_14: 24915s  56,795,892,200 steps   290774 feasible sets         0 orders tried  current cost 3
    W_14: 24930s  56,830,894,200 steps   290963 feasible sets         0 orders tried  current cost 5
    W_14: 24945s  56,865,538,400 steps   291137 feasible sets         0 orders tried  current cost 3
    W_14: 24960s  56,900,236,000 steps   291256 feasible sets         0 orders tried  current cost 3
    W_14: 24975s  56,934,617,400 steps   291431 feasible sets         0 orders tried  current cost 4
    W_14: 24990s  56,969,893,600 steps   291641 feasible sets         0 orders tried  current cost 5
    W_14: 25005s  57,004,570,800 steps   291806 feasible sets         0 orders tried  current cost 4
    W_14: 25020s  57,039,443,600 steps   291982 feasible sets         0 orders tried  current cost 14
    W_14: 25035s  57,074,375,000 steps   292176 feasible sets         0 orders tried  current cost 2
    W_14: 25050s  57,108,868,800 steps   292323 feasible sets         0 orders tried  current cost 4
    W_14: 25065s  57,143,834,600 steps   292490 feasible sets         0 orders tried  current cost 3
    W_14: 25080s  57,178,586,000 steps   292668 feasible sets         0 orders tried  current cost 6
    W_14: 25095s  57,213,542,600 steps   292855 feasible sets         0 orders tried  current cost 12
    W_14: 25110s  57,248,784,000 steps   293019 feasible sets         0 orders tried  current cost 7
    W_14: 25125s  57,283,415,600 steps   293153 feasible sets         0 orders tried  current cost 3
    W_14: 25140s  57,317,759,600 steps   293283 feasible sets         0 orders tried  current cost 3
    W_14: 25155s  57,352,165,800 steps   293450 feasible sets         0 orders tried  current cost 6
    W_14: 25170s  57,386,886,400 steps   293624 feasible sets         0 orders tried  current cost 9
    W_14: 25185s  57,421,781,200 steps   293810 feasible sets         0 orders tried  current cost 10
    W_14: 25200s  57,456,793,000 steps   293949 feasible sets         0 orders tried  current cost 3
    W_14: 25215s  57,491,616,800 steps   294136 feasible sets         0 orders tried  current cost 5
    W_14: 25230s  57,526,470,400 steps   294325 feasible sets         0 orders tried  current cost 2
    W_14: 25245s  57,561,177,600 steps   294480 feasible sets         0 orders tried  current cost 3
    W_14: 25260s  57,596,001,800 steps   294646 feasible sets         0 orders tried  current cost 10
    W_14: 25275s  57,630,496,800 steps   294807 feasible sets         0 orders tried  current cost 3
    W_14: 25290s  57,665,520,400 steps   295023 feasible sets         0 orders tried  current cost 14
    W_14: 25305s  57,700,244,600 steps   295157 feasible sets         0 orders tried  current cost 10
    W_14: 25320s  57,734,799,000 steps   295342 feasible sets         0 orders tried  current cost 3
    W_14: 25335s  57,769,573,800 steps   295553 feasible sets         0 orders tried  current cost 2
    W_14: 25350s  57,804,335,200 steps   295793 feasible sets         0 orders tried  current cost 3
    W_14: 25365s  57,839,015,000 steps   295996 feasible sets         0 orders tried  current cost 3
    W_14: 25380s  57,874,040,200 steps   296194 feasible sets         0 orders tried  current cost 12
    W_14: 25395s  57,908,879,400 steps   296384 feasible sets         0 orders tried  current cost 3
    W_14: 25410s  57,943,359,800 steps   296543 feasible sets         0 orders tried  current cost 2
    W_14: 25425s  57,978,413,000 steps   296730 feasible sets         0 orders tried  current cost 2
    W_14: 25440s  58,013,220,200 steps   296963 feasible sets         0 orders tried  current cost 11
    W_14: 25455s  58,047,509,000 steps   297120 feasible sets         0 orders tried  current cost 2
    W_14: 25470s  58,082,082,600 steps   297304 feasible sets         0 orders tried  current cost 11
    W_14: 25485s  58,116,611,400 steps   297473 feasible sets         0 orders tried  current cost 3
    W_14: 25500s  58,151,301,000 steps   297647 feasible sets         0 orders tried  current cost 13
    W_14: 25515s  58,185,926,400 steps   297810 feasible sets         0 orders tried  current cost 5
    W_14: 25530s  58,220,409,000 steps   297970 feasible sets         0 orders tried  current cost 6
    W_14: 25545s  58,255,337,400 steps   298143 feasible sets         0 orders tried  current cost 4
    W_14: 25560s  58,290,208,200 steps   298296 feasible sets         0 orders tried  current cost 3
    W_14: 25575s  58,325,002,600 steps   298508 feasible sets         0 orders tried  current cost 7
    W_14: 25590s  58,359,359,000 steps   298663 feasible sets         0 orders tried  current cost 4
    W_14: 25605s  58,394,059,200 steps   298858 feasible sets         0 orders tried  current cost 4
    W_14: 25620s  58,428,559,800 steps   299005 feasible sets         0 orders tried  current cost 3
    W_14: 25635s  58,463,200,800 steps   299176 feasible sets         0 orders tried  current cost 11
    W_14: 25650s  58,498,061,400 steps   299391 feasible sets         0 orders tried  current cost 9
    W_14: 25665s  58,531,782,200 steps   299570 feasible sets         0 orders tried  current cost 10
    W_14: 25680s  58,564,441,000 steps   299754 feasible sets         0 orders tried  current cost 13
    W_14: 25695s  58,599,133,800 steps   299932 feasible sets         0 orders tried  current cost 3
    W_14: 25710s  58,633,691,800 steps   300077 feasible sets         0 orders tried  current cost 4
    W_14: 25725s  58,668,130,200 steps   300263 feasible sets         0 orders tried  current cost 2
    W_14: 25740s  58,702,995,400 steps   300428 feasible sets         0 orders tried  current cost 2
    W_14: 25755s  58,737,677,200 steps   300595 feasible sets         0 orders tried  current cost 3
    W_14: 25770s  58,772,008,200 steps   300754 feasible sets         0 orders tried  current cost 5
    W_14: 25785s  58,806,753,600 steps   300925 feasible sets         0 orders tried  current cost 3
    W_14: 25800s  58,841,612,400 steps   301133 feasible sets         0 orders tried  current cost 3
    W_14: 25815s  58,876,305,200 steps   301351 feasible sets         0 orders tried  current cost 15
    W_14: 25830s  58,910,637,200 steps   301494 feasible sets         0 orders tried  current cost 3
    W_14: 25845s  58,945,623,200 steps   301673 feasible sets         0 orders tried  current cost 10
    W_14: 25860s  58,980,377,200 steps   301872 feasible sets         0 orders tried  current cost 2
    W_14: 25875s  59,015,219,800 steps   302017 feasible sets         0 orders tried  current cost 3
    W_14: 25890s  59,049,880,800 steps   302209 feasible sets         0 orders tried  current cost 16
    W_14: 25905s  59,084,619,000 steps   302410 feasible sets         0 orders tried  current cost 4
    W_14: 25920s  59,119,308,200 steps   302576 feasible sets         0 orders tried  current cost 3
    W_14: 25935s  59,153,831,000 steps   302788 feasible sets         0 orders tried  current cost 5
    W_14: 25950s  59,188,789,000 steps   303007 feasible sets         0 orders tried  current cost 6
    W_14: 25965s  59,223,183,600 steps   303235 feasible sets         0 orders tried  current cost 10
    W_14: 25980s  59,258,043,200 steps   303401 feasible sets         0 orders tried  current cost 10
    W_14: 25995s  59,292,596,400 steps   303626 feasible sets         0 orders tried  current cost 1
    W_14: 26010s  59,327,469,800 steps   303854 feasible sets         0 orders tried  current cost 7
    W_14: 26025s  59,362,321,400 steps   304025 feasible sets         0 orders tried  current cost 14
    W_14: 26040s  59,396,931,800 steps   304207 feasible sets         0 orders tried  current cost 2
    W_14: 26055s  59,431,611,200 steps   304325 feasible sets         0 orders tried  current cost 5
    W_14: 26070s  59,466,137,800 steps   304524 feasible sets         0 orders tried  current cost 4
    W_14: 26085s  59,500,856,800 steps   304710 feasible sets         0 orders tried  current cost 5
    W_14: 26100s  59,535,593,200 steps   304919 feasible sets         0 orders tried  current cost 3
    W_14: 26115s  59,569,976,800 steps   305096 feasible sets         0 orders tried  current cost 3
    W_14: 26130s  59,604,620,800 steps   305244 feasible sets         0 orders tried  current cost 10
    W_14: 26145s  59,639,352,400 steps   305404 feasible sets         0 orders tried  current cost 3
    W_14: 26160s  59,674,045,400 steps   305574 feasible sets         0 orders tried  current cost 8
    W_14: 26175s  59,708,498,000 steps   305723 feasible sets         0 orders tried  current cost 4
    W_14: 26190s  59,742,954,600 steps   305898 feasible sets         0 orders tried  current cost 4
    W_14: 26205s  59,777,701,400 steps   306103 feasible sets         0 orders tried  current cost 8
    W_14: 26220s  59,811,924,400 steps   306277 feasible sets         0 orders tried  current cost 9
    W_14: 26235s  59,846,000,400 steps   306407 feasible sets         0 orders tried  current cost 14
    W_14: 26250s  59,880,068,200 steps   306588 feasible sets         0 orders tried  current cost 5
    W_14: 26265s  59,914,125,000 steps   306782 feasible sets         0 orders tried  current cost 7
    W_14: 26280s  59,948,084,400 steps   307009 feasible sets         0 orders tried  current cost 15
    W_14: 26295s  59,982,165,800 steps   307158 feasible sets         0 orders tried  current cost 5
    W_14: 26310s  60,016,234,600 steps   307366 feasible sets         0 orders tried  current cost 3
    W_14: 26325s  60,049,890,800 steps   307560 feasible sets         0 orders tried  current cost 3
    W_14: 26340s  60,083,861,200 steps   307684 feasible sets         0 orders tried  current cost 13
    W_14: 26355s  60,117,916,400 steps   307843 feasible sets         0 orders tried  current cost 4
    W_14: 26370s  60,151,781,800 steps   308027 feasible sets         0 orders tried  current cost 19
    W_14: 26385s  60,186,012,600 steps   308172 feasible sets         0 orders tried  current cost 4
    W_14: 26400s  60,219,955,200 steps   308358 feasible sets         0 orders tried  current cost 2
    W_14: 26415s  60,254,231,600 steps   308541 feasible sets         0 orders tried  current cost 3
    W_14: 26430s  60,288,496,000 steps   308699 feasible sets         0 orders tried  current cost 3
    W_14: 26445s  60,322,325,800 steps   308884 feasible sets         0 orders tried  current cost 7
    W_14: 26460s  60,356,617,600 steps   309020 feasible sets         0 orders tried  current cost 3
    W_14: 26475s  60,390,630,000 steps   309206 feasible sets         0 orders tried  current cost 4
    W_14: 26490s  60,424,744,400 steps   309394 feasible sets         0 orders tried  current cost 9
    W_14: 26505s  60,459,031,600 steps   309566 feasible sets         0 orders tried  current cost 4
    W_14: 26520s  60,493,264,600 steps   309727 feasible sets         0 orders tried  current cost 6
    W_14: 26535s  60,525,262,600 steps   309864 feasible sets         0 orders tried  current cost 10
    W_14: 26550s  60,552,719,000 steps   309959 feasible sets         0 orders tried  current cost 2
    W_14: 26565s  60,581,489,000 steps   310097 feasible sets         0 orders tried  current cost 5
    W_14: 26580s  60,615,806,400 steps   310260 feasible sets         0 orders tried  current cost 6
    W_14: 26595s  60,650,282,000 steps   310443 feasible sets         0 orders tried  current cost 13
    W_14: 26610s  60,684,111,000 steps   310600 feasible sets         0 orders tried  current cost 5
    W_14: 26625s  60,718,357,400 steps   310766 feasible sets         0 orders tried  current cost 3
    W_14: 26640s  60,752,442,400 steps   310936 feasible sets         0 orders tried  current cost 16
    W_14: 26655s  60,786,502,400 steps   311137 feasible sets         0 orders tried  current cost 12
    W_14: 26670s  60,820,495,800 steps   311287 feasible sets         0 orders tried  current cost 3
    W_14: 26685s  60,854,678,800 steps   311496 feasible sets         0 orders tried  current cost 2
    W_14: 26700s  60,888,733,400 steps   311673 feasible sets         0 orders tried  current cost 5
    W_14: 26715s  60,923,045,200 steps   311843 feasible sets         0 orders tried  current cost 10
    W_14: 26730s  60,957,433,400 steps   312019 feasible sets         0 orders tried  current cost 2
    W_14: 26745s  60,991,415,000 steps   312200 feasible sets         0 orders tried  current cost 2
    W_14: 26760s  61,025,565,200 steps   312370 feasible sets         0 orders tried  current cost 9
    W_14: 26775s  61,059,853,000 steps   312524 feasible sets         0 orders tried  current cost 3
    W_14: 26790s  61,094,022,600 steps   312692 feasible sets         0 orders tried  current cost 9
    W_14: 26805s  61,128,330,000 steps   312842 feasible sets         0 orders tried  current cost 5
    W_14: 26820s  61,162,541,400 steps   313005 feasible sets         0 orders tried  current cost 12
    W_14: 26835s  61,196,410,600 steps   313195 feasible sets         0 orders tried  current cost 3
    W_14: 26850s  61,230,393,200 steps   313355 feasible sets         0 orders tried  current cost 2
    W_14: 26865s  61,264,631,000 steps   313508 feasible sets         0 orders tried  current cost 3
    W_14: 26880s  61,296,438,400 steps   313653 feasible sets         0 orders tried  current cost 3
    W_14: 26895s  61,328,793,000 steps   313813 feasible sets         0 orders tried  current cost 3
    W_14: 26910s  61,346,895,000 steps   313901 feasible sets         0 orders tried  current cost 1
    W_14: 26925s  61,380,955,400 steps   314088 feasible sets         0 orders tried  current cost 3
    W_14: 26940s  61,415,086,000 steps   314247 feasible sets         0 orders tried  current cost 11
    W_14: 26955s  61,449,747,800 steps   314400 feasible sets         0 orders tried  current cost 5
    W_14: 26970s  61,484,173,400 steps   314525 feasible sets         0 orders tried  current cost 3
    W_14: 26985s  61,518,962,000 steps   314683 feasible sets         0 orders tried  current cost 9
    W_14: 27000s  61,553,628,400 steps   314867 feasible sets         0 orders tried  current cost 7
    W_14: 27015s  61,588,506,200 steps   315035 feasible sets         0 orders tried  current cost 9
    W_14: 27030s  61,623,233,600 steps   315220 feasible sets         0 orders tried  current cost 2
    W_14: 27045s  61,657,744,000 steps   315402 feasible sets         0 orders tried  current cost 13
    W_14: 27060s  61,692,053,600 steps   315573 feasible sets         0 orders tried  current cost 3
    W_14: 27075s  61,726,713,000 steps   315771 feasible sets         0 orders tried  current cost 3
    W_14: 27090s  61,761,422,600 steps   315962 feasible sets         0 orders tried  current cost 16
    W_14: 27105s  61,796,121,400 steps   316112 feasible sets         0 orders tried  current cost 20
    W_14: 27120s  61,830,799,600 steps   316304 feasible sets         0 orders tried  current cost 2
    W_14: 27135s  61,865,542,400 steps   316514 feasible sets         0 orders tried  current cost 14
    W_14: 27150s  61,900,291,400 steps   316693 feasible sets         0 orders tried  current cost 5
    W_14: 27165s  61,935,056,200 steps   316861 feasible sets         0 orders tried  current cost 2
    W_14: 27180s  61,969,683,800 steps   317030 feasible sets         0 orders tried  current cost 7
    W_14: 27195s  62,004,270,800 steps   317167 feasible sets         0 orders tried  current cost 4
    W_14: 27210s  62,039,044,000 steps   317350 feasible sets         0 orders tried  current cost 5
    W_14: 27225s  62,074,013,400 steps   317528 feasible sets         0 orders tried  current cost 3
    W_14: 27240s  62,108,882,400 steps   317700 feasible sets         0 orders tried  current cost 12
    W_14: 27255s  62,143,562,800 steps   317908 feasible sets         0 orders tried  current cost 9
    W_14: 27270s  62,178,276,000 steps   318070 feasible sets         0 orders tried  current cost 3
    W_14: 27285s  62,213,092,800 steps   318253 feasible sets         0 orders tried  current cost 4
    W_14: 27300s  62,248,013,200 steps   318468 feasible sets         0 orders tried  current cost 3
    W_14: 27315s  62,282,430,200 steps   318638 feasible sets         0 orders tried  current cost 1
    W_14: 27330s  62,317,466,400 steps   318865 feasible sets         0 orders tried  current cost 8
    W_14: 27345s  62,352,429,800 steps   319041 feasible sets         0 orders tried  current cost 4
    W_14: 27360s  62,387,006,000 steps   319242 feasible sets         0 orders tried  current cost 6
    W_14: 27375s  62,422,067,200 steps   319409 feasible sets         0 orders tried  current cost 3
    W_14: 27390s  62,456,781,000 steps   319590 feasible sets         0 orders tried  current cost 11
    W_14: 27405s  62,491,631,000 steps   319754 feasible sets         0 orders tried  current cost 4
    W_14: 27420s  62,526,266,000 steps   319955 feasible sets         0 orders tried  current cost 8
    W_14: 27435s  62,560,923,200 steps   320154 feasible sets         0 orders tried  current cost 8
    W_14: 27450s  62,595,147,000 steps   320341 feasible sets         0 orders tried  current cost 7
    W_14: 27465s  62,629,776,200 steps   320480 feasible sets         0 orders tried  current cost 4
    W_14: 27480s  62,664,448,000 steps   320668 feasible sets         0 orders tried  current cost 5
    W_14: 27495s  62,698,810,600 steps   320845 feasible sets         0 orders tried  current cost 6
    W_14: 27510s  62,733,750,800 steps   321023 feasible sets         0 orders tried  current cost 5
    W_14: 27525s  62,768,562,200 steps   321213 feasible sets         0 orders tried  current cost 11
    W_14: 27540s  62,803,198,000 steps   321368 feasible sets         0 orders tried  current cost 1
    W_14: 27555s  62,838,252,600 steps   321523 feasible sets         0 orders tried  current cost 1
    W_14: 27570s  62,872,952,000 steps   321677 feasible sets         0 orders tried  current cost 3
    W_14: 27585s  62,907,236,200 steps   321867 feasible sets         0 orders tried  current cost 2
    W_14: 27600s  62,941,757,800 steps   322062 feasible sets         0 orders tried  current cost 3
    W_14: 27615s  62,976,658,600 steps   322240 feasible sets         0 orders tried  current cost 3
    W_14: 27630s  63,011,502,000 steps   322390 feasible sets         0 orders tried  current cost 11
    W_14: 27645s  63,046,176,000 steps   322549 feasible sets         0 orders tried  current cost 1
    W_14: 27660s  63,081,177,200 steps   322753 feasible sets         0 orders tried  current cost 3
    W_14: 27675s  63,115,741,200 steps   322915 feasible sets         0 orders tried  current cost 14
    W_14: 27690s  63,150,328,600 steps   323100 feasible sets         0 orders tried  current cost 5
    W_14: 27705s  63,185,125,600 steps   323275 feasible sets         0 orders tried  current cost 9
    W_14: 27720s  63,220,194,600 steps   323454 feasible sets         0 orders tried  current cost 2
    W_14: 27735s  63,254,950,400 steps   323608 feasible sets         0 orders tried  current cost 2
    W_14: 27750s  63,289,594,800 steps   323804 feasible sets         0 orders tried  current cost 2
    W_14: 27765s  63,324,299,000 steps   323981 feasible sets         0 orders tried  current cost 4
    W_14: 27780s  63,358,515,000 steps   324176 feasible sets         0 orders tried  current cost 5
    W_14: 27795s  63,393,243,800 steps   324405 feasible sets         0 orders tried  current cost 10
    W_14: 27810s  63,427,883,000 steps   324570 feasible sets         0 orders tried  current cost 11
    W_14: 27825s  63,462,667,000 steps   324766 feasible sets         0 orders tried  current cost 4
    W_14: 27840s  63,497,375,200 steps   324957 feasible sets         0 orders tried  current cost 1
    W_14: 27855s  63,531,784,000 steps   325103 feasible sets         0 orders tried  current cost 9
    W_14: 27870s  63,566,576,000 steps   325301 feasible sets         0 orders tried  current cost 1
    W_14: 27885s  63,601,558,800 steps   325479 feasible sets         0 orders tried  current cost 2
    W_14: 27900s  63,636,242,000 steps   325674 feasible sets         0 orders tried  current cost 8
    W_14: 27915s  63,670,998,800 steps   325831 feasible sets         0 orders tried  current cost 4
    W_14: 27930s  63,705,373,200 steps   326025 feasible sets         0 orders tried  current cost 1
    W_14: 27945s  63,739,583,800 steps   326227 feasible sets         0 orders tried  current cost 10
    W_14: 27960s  63,774,147,000 steps   326420 feasible sets         0 orders tried  current cost 10
    W_14: 27975s  63,808,914,000 steps   326575 feasible sets         0 orders tried  current cost 2
    W_14: 27990s  63,843,847,400 steps   326749 feasible sets         0 orders tried  current cost 4
    W_14: 28005s  63,878,220,000 steps   326965 feasible sets         0 orders tried  current cost 3
    W_14: 28020s  63,912,758,800 steps   327166 feasible sets         0 orders tried  current cost 2
    W_14: 28035s  63,947,878,600 steps   327299 feasible sets         0 orders tried  current cost 1
    W_14: 28050s  63,982,457,200 steps   327464 feasible sets         0 orders tried  current cost 1
    W_14: 28065s  64,016,764,800 steps   327642 feasible sets         0 orders tried  current cost 9
    W_14: 28080s  64,051,438,400 steps   327813 feasible sets         0 orders tried  current cost 4
    W_14: 28095s  64,086,166,000 steps   327979 feasible sets         0 orders tried  current cost 7
    W_14: 28110s  64,120,592,800 steps   328166 feasible sets         0 orders tried  current cost 4
    W_14: 28125s  64,155,472,400 steps   328336 feasible sets         0 orders tried  current cost 3
    W_14: 28140s  64,189,954,200 steps   328534 feasible sets         0 orders tried  current cost 3
    W_14: 28155s  64,224,794,600 steps   328677 feasible sets         0 orders tried  current cost 4
    W_14: 28170s  64,259,826,800 steps   328861 feasible sets         0 orders tried  current cost 8
    W_14: 28185s  64,294,229,400 steps   328996 feasible sets         0 orders tried  current cost 3
    W_14: 28200s  64,329,014,200 steps   329144 feasible sets         0 orders tried  current cost 1
    W_14: 28215s  64,364,009,200 steps   329319 feasible sets         0 orders tried  current cost 7
    W_14: 28230s  64,399,060,200 steps   329544 feasible sets         0 orders tried  current cost 18
    W_14: 28245s  64,433,527,200 steps   329741 feasible sets         0 orders tried  current cost 9
    W_14: 28260s  64,468,369,800 steps   329926 feasible sets         0 orders tried  current cost 1
    W_14: 28275s  64,502,874,800 steps   330085 feasible sets         0 orders tried  current cost 2
    W_14: 28290s  64,537,283,600 steps   330289 feasible sets         0 orders tried  current cost 7
    W_14: 28305s  64,572,260,400 steps   330496 feasible sets         0 orders tried  current cost 14
    W_14: 28320s  64,606,896,600 steps   330697 feasible sets         0 orders tried  current cost 3
    W_14: 28335s  64,641,642,600 steps   330887 feasible sets         0 orders tried  current cost 9
    W_14: 28350s  64,676,490,400 steps   331071 feasible sets         0 orders tried  current cost 3
    W_14: 28365s  64,711,212,600 steps   331253 feasible sets         0 orders tried  current cost 4
    W_14: 28380s  64,745,882,200 steps   331422 feasible sets         0 orders tried  current cost 11
    W_14: 28395s  64,780,378,600 steps   331590 feasible sets         0 orders tried  current cost 3
    W_14: 28410s  64,815,129,000 steps   331764 feasible sets         0 orders tried  current cost 3
    W_14: 28425s  64,849,701,000 steps   331935 feasible sets         0 orders tried  current cost 10
    W_14: 28440s  64,884,108,000 steps   332147 feasible sets         0 orders tried  current cost 7
    W_14: 28455s  64,918,993,800 steps   332300 feasible sets         0 orders tried  current cost 1
    W_14: 28470s  64,953,611,000 steps   332521 feasible sets         0 orders tried  current cost 3
    W_14: 28485s  64,988,551,000 steps   332733 feasible sets         0 orders tried  current cost 4
    W_14: 28500s  65,023,205,600 steps   332887 feasible sets         0 orders tried  current cost 10
    W_14: 28515s  65,057,729,800 steps   333058 feasible sets         0 orders tried  current cost 3
    W_14: 28530s  65,092,729,000 steps   333219 feasible sets         0 orders tried  current cost 5
    W_14: 28545s  65,127,659,400 steps   333410 feasible sets         0 orders tried  current cost 3
    W_14: 28560s  65,162,676,600 steps   333551 feasible sets         0 orders tried  current cost 3
    W_14: 28575s  65,197,138,800 steps   333746 feasible sets         0 orders tried  current cost 3
    W_14: 28590s  65,231,870,000 steps   333915 feasible sets         0 orders tried  current cost 5
    W_14: 28605s  65,266,759,200 steps   334126 feasible sets         0 orders tried  current cost 1
    W_14: 28620s  65,301,343,800 steps   334305 feasible sets         0 orders tried  current cost 11
    W_14: 28635s  65,335,982,000 steps   334476 feasible sets         0 orders tried  current cost 14
    W_14: 28650s  65,370,366,400 steps   334672 feasible sets         0 orders tried  current cost 4
    W_14: 28665s  65,405,147,200 steps   334856 feasible sets         0 orders tried  current cost 9
    W_14: 28680s  65,440,023,600 steps   335039 feasible sets         0 orders tried  current cost 12
    W_14: 28695s  65,474,667,400 steps   335229 feasible sets         0 orders tried  current cost 8
    W_14: 28710s  65,509,574,000 steps   335386 feasible sets         0 orders tried  current cost 5
    W_14: 28725s  65,544,240,600 steps   335588 feasible sets         0 orders tried  current cost 12
    W_14: 28740s  65,578,955,000 steps   335728 feasible sets         0 orders tried  current cost 4
    W_14: 28755s  65,613,345,400 steps   335944 feasible sets         0 orders tried  current cost 9
    W_14: 28770s  65,648,461,000 steps   336100 feasible sets         0 orders tried  current cost 10
    W_14: 28785s  65,683,621,600 steps   336281 feasible sets         0 orders tried  current cost 15
    W_14: 28800s  65,718,380,800 steps   336488 feasible sets         0 orders tried  current cost 11
    W_14: 28815s  65,752,778,600 steps   336649 feasible sets         0 orders tried  current cost 1
    W_14: 28830s  65,786,898,200 steps   336802 feasible sets         0 orders tried  current cost 4
    W_14: 28845s  65,821,443,400 steps   336989 feasible sets         0 orders tried  current cost 11
    W_14: 28860s  65,856,151,000 steps   337178 feasible sets         0 orders tried  current cost 5
    W_14: 28875s  65,890,654,400 steps   337349 feasible sets         0 orders tried  current cost 3
    W_14: 28890s  65,925,478,600 steps   337517 feasible sets         0 orders tried  current cost 2
    W_14: 28905s  65,960,197,800 steps   337689 feasible sets         0 orders tried  current cost 3
    W_14: 28920s  65,994,731,200 steps   337843 feasible sets         0 orders tried  current cost 5
    W_14: 28935s  66,029,518,600 steps   338023 feasible sets         0 orders tried  current cost 2
    W_14: 28950s  66,064,014,600 steps   338198 feasible sets         0 orders tried  current cost 2
    W_14: 28965s  66,098,965,600 steps   338354 feasible sets         0 orders tried  current cost 5
    W_14: 28980s  66,133,866,200 steps   338562 feasible sets         0 orders tried  current cost 10
    W_14: 28995s  66,168,751,400 steps   338707 feasible sets         0 orders tried  current cost 3
    W_14: 29010s  66,203,394,200 steps   338861 feasible sets         0 orders tried  current cost 4
    W_14: 29025s  66,238,007,600 steps   339060 feasible sets         0 orders tried  current cost 3
    W_14: 29040s  66,272,757,000 steps   339244 feasible sets         0 orders tried  current cost 4
    W_14: 29055s  66,307,293,400 steps   339427 feasible sets         0 orders tried  current cost 5
    W_14: 29070s  66,341,909,400 steps   339584 feasible sets         0 orders tried  current cost 3
    W_14: 29085s  66,376,194,400 steps   339740 feasible sets         0 orders tried  current cost 3
    W_14: 29100s  66,411,037,400 steps   339895 feasible sets         0 orders tried  current cost 1
    W_14: 29115s  66,445,835,000 steps   340068 feasible sets         0 orders tried  current cost 4
    W_14: 29130s  66,480,412,800 steps   340287 feasible sets         0 orders tried  current cost 3
    W_14: 29145s  66,515,032,800 steps   340450 feasible sets         0 orders tried  current cost 3
    W_14: 29160s  66,549,512,800 steps   340647 feasible sets         0 orders tried  current cost 4
    W_14: 29175s  66,584,485,800 steps   340834 feasible sets         0 orders tried  current cost 13
    W_14: 29190s  66,618,870,600 steps   341026 feasible sets         0 orders tried  current cost 3
    W_14: 29205s  66,653,536,800 steps   341200 feasible sets         0 orders tried  current cost 3
    W_14: 29220s  66,688,764,800 steps   341378 feasible sets         0 orders tried  current cost 7
    W_14: 29235s  66,723,425,000 steps   341572 feasible sets         0 orders tried  current cost 8
    W_14: 29250s  66,758,097,600 steps   341778 feasible sets         0 orders tried  current cost 3
    W_14: 29265s  66,792,740,200 steps   341893 feasible sets         0 orders tried  current cost 16
    W_14: 29280s  66,827,339,800 steps   342047 feasible sets         0 orders tried  current cost 2
    W_14: 29295s  66,862,293,600 steps   342229 feasible sets         0 orders tried  current cost 4
    W_14: 29310s  66,896,930,800 steps   342370 feasible sets         0 orders tried  current cost 5
    W_14: 29325s  66,931,681,800 steps   342526 feasible sets         0 orders tried  current cost 12
    W_14: 29340s  66,966,390,200 steps   342677 feasible sets         0 orders tried  current cost 5
    W_14: 29355s  67,000,927,600 steps   342883 feasible sets         0 orders tried  current cost 6
    W_14: 29370s  67,035,735,600 steps   343027 feasible sets         0 orders tried  current cost 4
    W_14: 29385s  67,070,071,800 steps   343160 feasible sets         0 orders tried  current cost 3
    W_14: 29400s  67,102,852,200 steps   343323 feasible sets         0 orders tried  current cost 3
    W_14: 29415s  67,137,467,000 steps   343521 feasible sets         0 orders tried  current cost 6
    W_14: 29430s  67,171,734,400 steps   343697 feasible sets         0 orders tried  current cost 3
    W_14: 29445s  67,206,305,200 steps   343908 feasible sets         0 orders tried  current cost 6
    W_14: 29460s  67,241,080,400 steps   344067 feasible sets         0 orders tried  current cost 15
    W_14: 29475s  67,275,646,600 steps   344233 feasible sets         0 orders tried  current cost 7
    W_14: 29490s  67,310,300,800 steps   344437 feasible sets         0 orders tried  current cost 11
    W_14: 29505s  67,345,074,000 steps   344589 feasible sets         0 orders tried  current cost 1
    W_14: 29520s  67,378,854,000 steps   344783 feasible sets         0 orders tried  current cost 3
    W_14: 29535s  67,413,596,400 steps   344954 feasible sets         0 orders tried  current cost 4
    W_14: 29550s  67,448,445,800 steps   345140 feasible sets         0 orders tried  current cost 6
    W_14: 29565s  67,482,488,400 steps   345313 feasible sets         0 orders tried  current cost 4
    W_14: 29580s  67,515,354,200 steps   345458 feasible sets         0 orders tried  current cost 3
    W_14: 29595s  67,540,312,600 steps   345594 feasible sets         0 orders tried  current cost 4
    W_14: 29610s  67,564,535,400 steps   345729 feasible sets         0 orders tried  current cost 2
    W_14: 29625s  67,598,793,200 steps   345907 feasible sets         0 orders tried  current cost 3
    W_14: 29640s  67,632,757,800 steps   346093 feasible sets         0 orders tried  current cost 4
    W_14: 29655s  67,664,861,400 steps   346254 feasible sets         0 orders tried  current cost 8
    W_14: 29670s  67,691,436,400 steps   346428 feasible sets         0 orders tried  current cost 2
    W_14: 29685s  67,706,573,200 steps   346532 feasible sets         0 orders tried  current cost 4
    W_14: 29700s  67,741,731,000 steps   346669 feasible sets         0 orders tried  current cost 1
    W_14: 29715s  67,773,018,000 steps   346824 feasible sets         0 orders tried  current cost 4
    W_14: 29730s  67,802,810,800 steps   346981 feasible sets         0 orders tried  current cost 3
    W_14: 29745s  67,821,981,400 steps   347095 feasible sets         0 orders tried  current cost 14
    W_14: 29760s  67,852,238,200 steps   347254 feasible sets         0 orders tried  current cost 1
    W_14: 29775s  67,883,136,600 steps   347413 feasible sets         0 orders tried  current cost 3
    W_14: 29790s  67,917,067,800 steps   347610 feasible sets         0 orders tried  current cost 7
    W_14: 29805s  67,951,490,800 steps   347765 feasible sets         0 orders tried  current cost 4
    W_14: 29820s  67,985,464,800 steps   347911 feasible sets         0 orders tried  current cost 14
    W_14: 29835s  68,019,543,200 steps   348074 feasible sets         0 orders tried  current cost 10
    W_14: 29850s  68,054,471,600 steps   348291 feasible sets         0 orders tried  current cost 3
    W_14: 29865s  68,089,339,400 steps   348523 feasible sets         0 orders tried  current cost 3
    W_14: 29880s  68,122,775,800 steps   348704 feasible sets         0 orders tried  current cost 3
    W_14: 29895s  68,156,283,000 steps   348873 feasible sets         0 orders tried  current cost 6
    W_14: 29910s  68,190,782,000 steps   349046 feasible sets         0 orders tried  current cost 13
    W_14: 29925s  68,225,100,800 steps   349208 feasible sets         0 orders tried  current cost 9
    W_14: 29940s  68,259,225,200 steps   349364 feasible sets         0 orders tried  current cost 7
    W_14: 29955s  68,293,999,000 steps   349595 feasible sets         0 orders tried  current cost 2
    W_14: 29970s  68,328,543,000 steps   349793 feasible sets         0 orders tried  current cost 13
    W_14: 29985s  68,362,855,800 steps   349953 feasible sets         0 orders tried  current cost 3
    W_14: 30000s  68,397,741,200 steps   350126 feasible sets         0 orders tried  current cost 16
    W_14: 30015s  68,432,460,200 steps   350270 feasible sets         0 orders tried  current cost 12
    W_14: 30030s  68,464,785,200 steps   350434 feasible sets         0 orders tried  current cost 7
    W_14: 30045s  68,498,947,800 steps   350644 feasible sets         0 orders tried  current cost 5
    W_14: 30060s  68,533,683,400 steps   350820 feasible sets         0 orders tried  current cost 11
    W_14: 30075s  68,567,292,200 steps   350969 feasible sets         0 orders tried  current cost 3
    W_14: 30090s  68,601,438,200 steps   351143 feasible sets         0 orders tried  current cost 4
    W_14: 30105s  68,634,173,800 steps   351318 feasible sets         0 orders tried  current cost 2
    W_14: 30120s  68,667,935,000 steps   351495 feasible sets         0 orders tried  current cost 4
    W_14: 30135s  68,702,408,600 steps   351665 feasible sets         0 orders tried  current cost 6
    W_14: 30150s  68,736,500,400 steps   351834 feasible sets         0 orders tried  current cost 10
    W_14: 30165s  68,770,566,400 steps   351991 feasible sets         0 orders tried  current cost 12
    W_14: 30180s  68,803,544,000 steps   352128 feasible sets         0 orders tried  current cost 8
    W_14: 30195s  68,836,169,000 steps   352306 feasible sets         0 orders tried  current cost 5
    W_14: 30210s  68,870,199,600 steps   352511 feasible sets         0 orders tried  current cost 2
    W_14: 30225s  68,902,526,400 steps   352661 feasible sets         0 orders tried  current cost 6
    W_14: 30240s  68,935,817,800 steps   352862 feasible sets         0 orders tried  current cost 2
    W_14: 30255s  68,967,664,000 steps   353017 feasible sets         0 orders tried  current cost 10
    W_14: 30270s  69,000,448,000 steps   353177 feasible sets         0 orders tried  current cost 7
    W_14: 30285s  69,035,455,200 steps   353353 feasible sets         0 orders tried  current cost 3
    W_14: 30300s  69,068,255,600 steps   353512 feasible sets         0 orders tried  current cost 4
    W_14: 30315s  69,098,330,400 steps   353641 feasible sets         0 orders tried  current cost 2
    W_14: 30330s  69,129,541,000 steps   353836 feasible sets         0 orders tried  current cost 17
    W_14: 30345s  69,161,044,600 steps   353989 feasible sets         0 orders tried  current cost 10
    W_14: 30360s  69,192,496,600 steps   354122 feasible sets         0 orders tried  current cost 3
    W_14: 30375s  69,223,746,800 steps   354269 feasible sets         0 orders tried  current cost 7
    W_14: 30390s  69,255,149,800 steps   354400 feasible sets         0 orders tried  current cost 5
    W_14: 30405s  69,286,456,600 steps   354534 feasible sets         0 orders tried  current cost 4
    W_14: 30420s  69,317,504,400 steps   354687 feasible sets         0 orders tried  current cost 11
    W_14: 30435s  69,349,118,800 steps   354829 feasible sets         0 orders tried  current cost 2
    W_14: 30450s  69,380,713,200 steps   354951 feasible sets         0 orders tried  current cost 2
    W_14: 30465s  69,412,214,600 steps   355140 feasible sets         0 orders tried  current cost 3
    W_14: 30480s  69,443,646,400 steps   355282 feasible sets         0 orders tried  current cost 6
    W_14: 30495s  69,475,062,200 steps   355450 feasible sets         0 orders tried  current cost 12
    W_14: 30510s  69,507,222,400 steps   355580 feasible sets         0 orders tried  current cost 8
    W_14: 30525s  69,538,876,400 steps   355773 feasible sets         0 orders tried  current cost 1
    W_14: 30540s  69,570,451,600 steps   355969 feasible sets         0 orders tried  current cost 2
    W_14: 30555s  69,602,201,800 steps   356134 feasible sets         0 orders tried  current cost 9
    W_14: 30570s  69,633,944,400 steps   356299 feasible sets         0 orders tried  current cost 7
    W_14: 30585s  69,665,724,000 steps   356425 feasible sets         0 orders tried  current cost 9
    W_14: 30600s  69,696,859,600 steps   356591 feasible sets         0 orders tried  current cost 4
    W_14: 30615s  69,728,109,800 steps   356732 feasible sets         0 orders tried  current cost 4
    W_14: 30630s  69,759,934,600 steps   356909 feasible sets         0 orders tried  current cost 2
    W_14: 30645s  69,791,974,200 steps   357111 feasible sets         0 orders tried  current cost 4
    W_14: 30660s  69,823,631,400 steps   357285 feasible sets         0 orders tried  current cost 4
    W_14: 30675s  69,855,676,000 steps   357413 feasible sets         0 orders tried  current cost 1
    W_14: 30690s  69,887,741,800 steps   357587 feasible sets         0 orders tried  current cost 7
    W_14: 30705s  69,919,618,000 steps   357768 feasible sets         0 orders tried  current cost 4
    W_14: 30720s  69,951,371,800 steps   357916 feasible sets         0 orders tried  current cost 1
    W_14: 30735s  69,982,884,400 steps   358092 feasible sets         0 orders tried  current cost 5
    W_14: 30750s  70,014,598,000 steps   358249 feasible sets         0 orders tried  current cost 3
    W_14: 30765s  70,046,611,600 steps   358427 feasible sets         0 orders tried  current cost 3
    W_14: 30780s  70,078,437,400 steps   358583 feasible sets         0 orders tried  current cost 2
    W_14: 30795s  70,110,073,600 steps   358709 feasible sets         0 orders tried  current cost 3
    W_14: 30810s  70,141,448,400 steps   358876 feasible sets         0 orders tried  current cost 7
    W_14: 30825s  70,171,228,600 steps   359033 feasible sets         0 orders tried  current cost 4
    W_14: 30840s  70,203,325,000 steps   359195 feasible sets         0 orders tried  current cost 10
    W_14: 30855s  70,237,608,600 steps   359375 feasible sets         0 orders tried  current cost 5
    W_14: 30870s  70,269,834,400 steps   359525 feasible sets         0 orders tried  current cost 3
    W_14: 30885s  70,301,114,400 steps   359693 feasible sets         0 orders tried  current cost 4
    W_14: 30900s  70,332,266,600 steps   359843 feasible sets         0 orders tried  current cost 9
    W_14: 30915s  70,363,631,800 steps   360013 feasible sets         0 orders tried  current cost 4
    W_14: 30930s  70,395,602,600 steps   360185 feasible sets         0 orders tried  current cost 12
    W_14: 30945s  70,427,619,800 steps   360346 feasible sets         0 orders tried  current cost 4
    W_14: 30960s  70,459,446,200 steps   360489 feasible sets         0 orders tried  current cost 5
    W_14: 30975s  70,491,376,200 steps   360621 feasible sets         0 orders tried  current cost 3
    W_14: 30990s  70,525,029,000 steps   360756 feasible sets         0 orders tried  current cost 5
    W_14: 31005s  70,559,842,800 steps   360929 feasible sets         0 orders tried  current cost 8
    W_14: 31020s  70,594,745,200 steps   361137 feasible sets         0 orders tried  current cost 10
    W_14: 31035s  70,629,176,400 steps   361332 feasible sets         0 orders tried  current cost 1
    W_14: 31050s  70,663,468,400 steps   361503 feasible sets         0 orders tried  current cost 6
    W_14: 31065s  70,697,652,200 steps   361672 feasible sets         0 orders tried  current cost 4
    W_14: 31080s  70,732,315,000 steps   361850 feasible sets         0 orders tried  current cost 3
    W_14: 31095s  70,766,883,600 steps   362021 feasible sets         0 orders tried  current cost 17
    W_14: 31110s  70,801,125,400 steps   362182 feasible sets         0 orders tried  current cost 7
    W_14: 31125s  70,835,354,600 steps   362353 feasible sets         0 orders tried  current cost 4
    W_14: 31140s  70,869,578,600 steps   362547 feasible sets         0 orders tried  current cost 5
    W_14: 31155s  70,902,848,200 steps   362713 feasible sets         0 orders tried  current cost 10
    W_14: 31170s  70,937,211,400 steps   362891 feasible sets         0 orders tried  current cost 6
    W_14: 31185s  70,971,011,000 steps   363081 feasible sets         0 orders tried  current cost 3
    W_14: 31200s  71,003,330,600 steps   363251 feasible sets         0 orders tried  current cost 4
    W_14: 31215s  71,037,343,000 steps   363415 feasible sets         0 orders tried  current cost 10
    W_14: 31230s  71,071,754,200 steps   363571 feasible sets         0 orders tried  current cost 3
    W_14: 31245s  71,105,851,800 steps   363752 feasible sets         0 orders tried  current cost 4
    W_14: 31260s  71,140,060,600 steps   363922 feasible sets         0 orders tried  current cost 14
    W_14: 31275s  71,174,287,400 steps   364093 feasible sets         0 orders tried  current cost 6
    W_14: 31290s  71,208,212,400 steps   364267 feasible sets         0 orders tried  current cost 2
    W_14: 31305s  71,242,844,400 steps   364423 feasible sets         0 orders tried  current cost 8
    W_14: 31320s  71,275,736,000 steps   364588 feasible sets         0 orders tried  current cost 3
    W_14: 31335s  71,309,949,400 steps   364769 feasible sets         0 orders tried  current cost 3
    W_14: 31350s  71,344,553,400 steps   364944 feasible sets         0 orders tried  current cost 2
    W_14: 31365s  71,379,168,200 steps   365138 feasible sets         0 orders tried  current cost 5
    W_14: 31380s  71,413,553,800 steps   365281 feasible sets         0 orders tried  current cost 1
    W_14: 31395s  71,447,718,600 steps   365458 feasible sets         0 orders tried  current cost 4
    W_14: 31410s  71,482,185,800 steps   365632 feasible sets         0 orders tried  current cost 13
    W_14: 31425s  71,516,768,800 steps   365804 feasible sets         0 orders tried  current cost 5
    W_14: 31440s  71,550,774,200 steps   365961 feasible sets         0 orders tried  current cost 3
    W_14: 31455s  71,585,204,000 steps   366144 feasible sets         0 orders tried  current cost 11
    W_14: 31470s  71,619,310,800 steps   366302 feasible sets         0 orders tried  current cost 4
    W_14: 31485s  71,653,542,000 steps   366467 feasible sets         0 orders tried  current cost 12
    W_14: 31500s  71,688,002,000 steps   366667 feasible sets         0 orders tried  current cost 8
    W_14: 31515s  71,722,295,000 steps   366862 feasible sets         0 orders tried  current cost 3
    W_14: 31530s  71,756,990,000 steps   367027 feasible sets         0 orders tried  current cost 4
    W_14: 31545s  71,790,938,200 steps   367243 feasible sets         0 orders tried  current cost 3
    W_14: 31560s  71,825,165,000 steps   367389 feasible sets         0 orders tried  current cost 3
    W_14: 31575s  71,859,416,200 steps   367567 feasible sets         0 orders tried  current cost 5
    W_14: 31590s  71,892,448,200 steps   367722 feasible sets         0 orders tried  current cost 5
    W_14: 31605s  71,926,639,600 steps   367895 feasible sets         0 orders tried  current cost 3
    W_14: 31620s  71,961,041,000 steps   368091 feasible sets         0 orders tried  current cost 9
    W_14: 31635s  71,995,561,600 steps   368273 feasible sets         0 orders tried  current cost 12
    W_14: 31650s  72,027,969,600 steps   368426 feasible sets         0 orders tried  current cost 6
    W_14: 31665s  72,062,044,000 steps   368599 feasible sets         0 orders tried  current cost 13
    W_14: 31680s  72,096,407,400 steps   368745 feasible sets         0 orders tried  current cost 6
    W_14: 31695s  72,130,807,000 steps   368940 feasible sets         0 orders tried  current cost 5
    W_14: 31710s  72,164,957,000 steps   369100 feasible sets         0 orders tried  current cost 3
    W_14: 31725s  72,199,524,800 steps   369271 feasible sets         0 orders tried  current cost 8
    W_14: 31740s  72,233,688,600 steps   369425 feasible sets         0 orders tried  current cost 4
    W_14: 31755s  72,268,091,400 steps   369621 feasible sets         0 orders tried  current cost 6
    W_14: 31770s  72,302,348,800 steps   369784 feasible sets         0 orders tried  current cost 4
    W_14: 31785s  72,336,410,000 steps   369975 feasible sets         0 orders tried  current cost 4
    W_14: 31800s  72,370,620,800 steps   370191 feasible sets         0 orders tried  current cost 11
    W_14: 31815s  72,405,246,600 steps   370378 feasible sets         0 orders tried  current cost 4
    W_14: 31830s  72,439,983,200 steps   370569 feasible sets         0 orders tried  current cost 10
    W_14: 31845s  72,474,641,400 steps   370748 feasible sets         0 orders tried  current cost 14
    W_14: 31860s  72,509,275,200 steps   370935 feasible sets         0 orders tried  current cost 4
    W_14: 31875s  72,544,083,000 steps   371094 feasible sets         0 orders tried  current cost 12
    W_14: 31890s  72,578,456,800 steps   371269 feasible sets         0 orders tried  current cost 2
    W_14: 31905s  72,608,399,800 steps   371417 feasible sets         0 orders tried  current cost 1
    W_14: 31920s  72,640,821,800 steps   371585 feasible sets         0 orders tried  current cost 15
    W_14: 31935s  72,672,899,200 steps   371752 feasible sets         0 orders tried  current cost 1
    W_14: 31950s  72,705,760,400 steps   371927 feasible sets         0 orders tried  current cost 14
    W_14: 31965s  72,739,705,200 steps   372121 feasible sets         0 orders tried  current cost 9
    W_14: 31980s  72,774,037,600 steps   372291 feasible sets         0 orders tried  current cost 3
    W_14: 31995s  72,808,849,800 steps   372487 feasible sets         0 orders tried  current cost 3
    W_14: 32010s  72,843,615,400 steps   372664 feasible sets         0 orders tried  current cost 1
    W_14: 32025s  72,878,265,200 steps   372842 feasible sets         0 orders tried  current cost 8
    W_14: 32040s  72,912,644,800 steps   373015 feasible sets         0 orders tried  current cost 8
    W_14: 32055s  72,946,868,200 steps   373185 feasible sets         0 orders tried  current cost 6
    W_14: 32070s  72,981,173,400 steps   373334 feasible sets         0 orders tried  current cost 3
    W_14: 32085s  73,016,107,800 steps   373517 feasible sets         0 orders tried  current cost 4
    W_14: 32100s  73,050,432,200 steps   373695 feasible sets         0 orders tried  current cost 3
    W_14: 32115s  73,085,146,000 steps   373880 feasible sets         0 orders tried  current cost 13
    W_14: 32130s  73,119,838,000 steps   374048 feasible sets         0 orders tried  current cost 2
    W_14: 32145s  73,154,245,200 steps   374223 feasible sets         0 orders tried  current cost 12
    W_14: 32160s  73,188,768,400 steps   374381 feasible sets         0 orders tried  current cost 5
    W_14: 32175s  73,223,488,600 steps   374546 feasible sets         0 orders tried  current cost 6
    W_14: 32190s  73,257,599,200 steps   374719 feasible sets         0 orders tried  current cost 5
    W_14: 32205s  73,292,409,600 steps   374912 feasible sets         0 orders tried  current cost 5
    W_14: 32220s  73,326,889,000 steps   375031 feasible sets         0 orders tried  current cost 7
    W_14: 32235s  73,361,777,800 steps   375250 feasible sets         0 orders tried  current cost 1
    W_14: 32250s  73,396,073,200 steps   375444 feasible sets         0 orders tried  current cost 2
    W_14: 32265s  73,430,733,200 steps   375618 feasible sets         0 orders tried  current cost 4
    W_14: 32280s  73,465,608,800 steps   375780 feasible sets         0 orders tried  current cost 4
    W_14: 32295s  73,499,921,200 steps   375988 feasible sets         0 orders tried  current cost 10
    W_14: 32310s  73,534,462,800 steps   376174 feasible sets         0 orders tried  current cost 10
    W_14: 32325s  73,569,316,200 steps   376336 feasible sets         0 orders tried  current cost 5
    W_14: 32340s  73,603,690,600 steps   376475 feasible sets         0 orders tried  current cost 3
    W_14: 32355s  73,638,480,000 steps   376653 feasible sets         0 orders tried  current cost 1
    W_14: 32370s  73,672,548,200 steps   376829 feasible sets         0 orders tried  current cost 6
    W_14: 32385s  73,706,730,200 steps   376984 feasible sets         0 orders tried  current cost 3
    W_14: 32400s  73,740,445,200 steps   377140 feasible sets         0 orders tried  current cost 7
    W_14: 32415s  73,774,170,000 steps   377289 feasible sets         0 orders tried  current cost 4
    W_14: 32430s  73,808,692,400 steps   377450 feasible sets         0 orders tried  current cost 3
    W_14: 32445s  73,843,431,000 steps   377673 feasible sets         0 orders tried  current cost 4
    W_14: 32460s  73,876,246,800 steps   377809 feasible sets         0 orders tried  current cost 6
    W_14: 32475s  73,909,591,000 steps   377957 feasible sets         0 orders tried  current cost 4
    W_14: 32490s  73,942,053,200 steps   378141 feasible sets         0 orders tried  current cost 4
    W_14: 32505s  73,974,812,400 steps   378271 feasible sets         0 orders tried  current cost 3
    W_14: 32520s  74,007,002,400 steps   378481 feasible sets         0 orders tried  current cost 13
    W_14: 32535s  74,040,611,400 steps   378644 feasible sets         0 orders tried  current cost 4
    W_14: 32550s  74,072,766,600 steps   378835 feasible sets         0 orders tried  current cost 4
    W_14: 32565s  74,105,927,000 steps   379038 feasible sets         0 orders tried  current cost 2
    W_14: 32580s  74,140,112,800 steps   379238 feasible sets         0 orders tried  current cost 3
    W_14: 32595s  74,174,691,000 steps   379436 feasible sets         0 orders tried  current cost 3
    W_14: 32610s  74,208,905,200 steps   379578 feasible sets         0 orders tried  current cost 7
    W_14: 32625s  74,241,471,400 steps   379749 feasible sets         0 orders tried  current cost 5
    W_14: 32640s  74,274,915,800 steps   379915 feasible sets         0 orders tried  current cost 3
    W_14: 32655s  74,309,063,800 steps   380081 feasible sets         0 orders tried  current cost 8
    W_14: 32670s  74,343,262,800 steps   380260 feasible sets         0 orders tried  current cost 7
    W_14: 32685s  74,377,029,600 steps   380411 feasible sets         0 orders tried  current cost 2
    W_14: 32700s  74,408,200,600 steps   380569 feasible sets         0 orders tried  current cost 10
    W_14: 32715s  74,440,635,600 steps   380780 feasible sets         0 orders tried  current cost 4
    W_14: 32730s  74,474,941,600 steps   380948 feasible sets         0 orders tried  current cost 12
    W_14: 32745s  74,507,941,000 steps   381107 feasible sets         0 orders tried  current cost 13
    W_14: 32760s  74,539,743,400 steps   381263 feasible sets         0 orders tried  current cost 13
    W_14: 32775s  74,573,199,000 steps   381423 feasible sets         0 orders tried  current cost 4
    W_14: 32790s  74,607,045,800 steps   381573 feasible sets         0 orders tried  current cost 9
    W_14: 32805s  74,638,512,800 steps   381740 feasible sets         0 orders tried  current cost 2
    W_14: 32820s  74,672,641,400 steps   381923 feasible sets         0 orders tried  current cost 12
    W_14: 32835s  74,706,079,400 steps   382080 feasible sets         0 orders tried  current cost 4
    W_14: 32850s  74,740,211,400 steps   382213 feasible sets         0 orders tried  current cost 3
    W_14: 32865s  74,772,959,200 steps   382414 feasible sets         0 orders tried  current cost 4
    W_14: 32880s  74,806,544,600 steps   382620 feasible sets         0 orders tried  current cost 13
    W_14: 32895s  74,840,564,000 steps   382788 feasible sets         0 orders tried  current cost 12
    W_14: 32910s  74,873,587,400 steps   382965 feasible sets         0 orders tried  current cost 8
    W_14: 32925s  74,907,548,200 steps   383170 feasible sets         0 orders tried  current cost 7
    W_14: 32940s  74,939,190,200 steps   383363 feasible sets         0 orders tried  current cost 5
    W_14: 32955s  74,970,503,000 steps   383508 feasible sets         0 orders tried  current cost 11
    W_14: 32970s  75,002,868,800 steps   383675 feasible sets         0 orders tried  current cost 8
    W_14: 32985s  75,036,705,600 steps   383891 feasible sets         0 orders tried  current cost 9
    W_14: 33000s  75,068,521,400 steps   384037 feasible sets         0 orders tried  current cost 9
    W_14: 33015s  75,099,225,600 steps   384216 feasible sets         0 orders tried  current cost 8
    W_14: 33030s  75,130,832,200 steps   384415 feasible sets         0 orders tried  current cost 2
    W_14: 33045s  75,160,532,800 steps   384568 feasible sets         0 orders tried  current cost 2
    W_14: 33060s  75,192,383,800 steps   384706 feasible sets         0 orders tried  current cost 12
    W_14: 33075s  75,226,219,000 steps   384907 feasible sets         0 orders tried  current cost 3
    W_14: 33090s  75,260,288,400 steps   385066 feasible sets         0 orders tried  current cost 6
    W_14: 33105s  75,294,661,400 steps   385252 feasible sets         0 orders tried  current cost 12
    W_14: 33120s  75,329,311,600 steps   385449 feasible sets         0 orders tried  current cost 3
    W_14: 33135s  75,363,837,400 steps   385600 feasible sets         0 orders tried  current cost 2
    W_14: 33150s  75,398,443,600 steps   385772 feasible sets         0 orders tried  current cost 9
    W_14: 33165s  75,432,321,800 steps   385941 feasible sets         0 orders tried  current cost 11
    W_14: 33180s  75,466,728,200 steps   386129 feasible sets         0 orders tried  current cost 4
    W_14: 33195s  75,501,258,000 steps   386327 feasible sets         0 orders tried  current cost 4
    W_14: 33210s  75,533,399,200 steps   386498 feasible sets         0 orders tried  current cost 2
    W_14: 33225s  75,567,039,600 steps   386668 feasible sets         0 orders tried  current cost 2
    W_14: 33240s  75,600,980,400 steps   386835 feasible sets         0 orders tried  current cost 14
    W_14: 33255s  75,635,452,600 steps   387032 feasible sets         0 orders tried  current cost 1
    W_14: 33270s  75,669,676,800 steps   387171 feasible sets         0 orders tried  current cost 3
    W_14: 33285s  75,703,884,400 steps   387368 feasible sets         0 orders tried  current cost 6
    W_14: 33300s  75,738,343,800 steps   387546 feasible sets         0 orders tried  current cost 11
    W_14: 33315s  75,772,114,800 steps   387770 feasible sets         0 orders tried  current cost 3
    W_14: 33330s  75,806,233,000 steps   387980 feasible sets         0 orders tried  current cost 3
    W_14: 33345s  75,840,712,600 steps   388124 feasible sets         0 orders tried  current cost 2
    W_14: 33360s  75,874,856,600 steps   388255 feasible sets         0 orders tried  current cost 4
    W_14: 33375s  75,909,207,600 steps   388376 feasible sets         0 orders tried  current cost 6
    W_14: 33390s  75,943,076,000 steps   388533 feasible sets         0 orders tried  current cost 3
    W_14: 33405s  75,977,171,000 steps   388700 feasible sets         0 orders tried  current cost 3
    W_14: 33420s  76,011,375,000 steps   388892 feasible sets         0 orders tried  current cost 1
    W_14: 33435s  76,045,325,200 steps   389059 feasible sets         0 orders tried  current cost 8
    W_14: 33450s  76,079,657,000 steps   389235 feasible sets         0 orders tried  current cost 4
    W_14: 33465s  76,113,607,000 steps   389433 feasible sets         0 orders tried  current cost 3
    W_14: 33480s  76,147,466,200 steps   389599 feasible sets         0 orders tried  current cost 6
    W_14: 33495s  76,181,309,400 steps   389743 feasible sets         0 orders tried  current cost 5
    W_14: 33510s  76,215,040,400 steps   389966 feasible sets         0 orders tried  current cost 10
    W_14: 33525s  76,248,945,000 steps   390176 feasible sets         0 orders tried  current cost 10
    W_14: 33540s  76,282,950,400 steps   390337 feasible sets         0 orders tried  current cost 5
    W_14: 33555s  76,317,326,600 steps   390517 feasible sets         0 orders tried  current cost 7
    W_14: 33570s  76,351,270,800 steps   390653 feasible sets         0 orders tried  current cost 6
    W_14: 33585s  76,384,916,600 steps   390830 feasible sets         0 orders tried  current cost 3
    W_14: 33600s  76,417,923,800 steps   390991 feasible sets         0 orders tried  current cost 11
    W_14: 33615s  76,451,362,400 steps   391178 feasible sets         0 orders tried  current cost 9
    W_14: 33630s  76,484,798,200 steps   391380 feasible sets         0 orders tried  current cost 3
    W_14: 33645s  76,518,651,400 steps   391550 feasible sets         0 orders tried  current cost 4
    W_14: 33660s  76,551,114,400 steps   391757 feasible sets         0 orders tried  current cost 2
    W_14: 33675s  76,584,083,600 steps   391969 feasible sets         0 orders tried  current cost 14
    W_14: 33690s  76,617,367,200 steps   392176 feasible sets         0 orders tried  current cost 8
    W_14: 33705s  76,650,825,000 steps   392369 feasible sets         0 orders tried  current cost 9
    W_14: 33720s  76,683,047,400 steps   392545 feasible sets         0 orders tried  current cost 7
    W_14: 33735s  76,715,905,200 steps   392739 feasible sets         0 orders tried  current cost 10
    W_14: 33750s  76,749,886,800 steps   392956 feasible sets         0 orders tried  current cost 6
    W_14: 33765s  76,782,900,400 steps   393120 feasible sets         0 orders tried  current cost 12
    W_14: 33780s  76,816,726,000 steps   393252 feasible sets         0 orders tried  current cost 6
    W_14: 33795s  76,850,380,200 steps   393431 feasible sets         0 orders tried  current cost 16
    W_14: 33810s  76,884,111,400 steps   393564 feasible sets         0 orders tried  current cost 4
    W_14: 33825s  76,916,410,400 steps   393724 feasible sets         0 orders tried  current cost 3
    W_14: 33840s  76,948,729,400 steps   393863 feasible sets         0 orders tried  current cost 4
    W_14: 33855s  76,981,273,200 steps   394048 feasible sets         0 orders tried  current cost 3
    W_14: 33870s  77,014,004,800 steps   394237 feasible sets         0 orders tried  current cost 10
    W_14: 33885s  77,046,548,800 steps   394398 feasible sets         0 orders tried  current cost 3
    W_14: 33900s  77,078,227,200 steps   394537 feasible sets         0 orders tried  current cost 5
    W_14: 33915s  77,110,843,600 steps   394701 feasible sets         0 orders tried  current cost 9
    W_14: 33930s  77,142,863,800 steps   394854 feasible sets         0 orders tried  current cost 7
    W_14: 33945s  77,175,153,200 steps   394994 feasible sets         0 orders tried  current cost 4
    W_14: 33960s  77,208,162,200 steps   395156 feasible sets         0 orders tried  current cost 11
    W_14: 33975s  77,241,439,600 steps   395297 feasible sets         0 orders tried  current cost 3
    W_14: 33990s  77,274,968,600 steps   395496 feasible sets         0 orders tried  current cost 6
    W_14: 34005s  77,308,500,600 steps   395718 feasible sets         0 orders tried  current cost 19
    W_14: 34020s  77,341,348,200 steps   395845 feasible sets         0 orders tried  current cost 7
    W_14: 34035s  77,374,205,000 steps   396043 feasible sets         0 orders tried  current cost 9
    W_14: 34050s  77,407,023,400 steps   396230 feasible sets         0 orders tried  current cost 12
    W_14: 34065s  77,440,672,200 steps   396363 feasible sets         0 orders tried  current cost 3
    W_14: 34080s  77,474,420,200 steps   396551 feasible sets         0 orders tried  current cost 9
    W_14: 34095s  77,508,563,800 steps   396711 feasible sets         0 orders tried  current cost 6
    W_14: 34110s  77,541,627,800 steps   396881 feasible sets         0 orders tried  current cost 8
    W_14: 34125s  77,574,260,600 steps   397032 feasible sets         0 orders tried  current cost 23
    W_14: 34140s  77,607,252,000 steps   397203 feasible sets         0 orders tried  current cost 3
    W_14: 34155s  77,640,787,000 steps   397402 feasible sets         0 orders tried  current cost 8
    W_14: 34170s  77,673,887,600 steps   397567 feasible sets         0 orders tried  current cost 4
    W_14: 34185s  77,706,088,200 steps   397732 feasible sets         0 orders tried  current cost 9
    W_14: 34200s  77,739,717,200 steps   397867 feasible sets         0 orders tried  current cost 2
    W_14: 34215s  77,772,346,600 steps   398035 feasible sets         0 orders tried  current cost 5
    W_14: 34230s  77,805,475,600 steps   398198 feasible sets         0 orders tried  current cost 4
    W_14: 34245s  77,838,752,400 steps   398386 feasible sets         0 orders tried  current cost 4
    W_14: 34260s  77,871,280,400 steps   398586 feasible sets         0 orders tried  current cost 13
    W_14: 34275s  77,904,132,200 steps   398745 feasible sets         0 orders tried  current cost 4
    W_14: 34290s  77,936,769,600 steps   398882 feasible sets         0 orders tried  current cost 2
    W_14: 34305s  77,968,448,600 steps   399070 feasible sets         0 orders tried  current cost 3
    W_14: 34320s  77,999,643,400 steps   399209 feasible sets         0 orders tried  current cost 12
    W_14: 34335s  78,030,867,800 steps   399350 feasible sets         0 orders tried  current cost 5
    W_14: 34350s  78,062,028,600 steps   399529 feasible sets         0 orders tried  current cost 4
    W_14: 34365s  78,093,130,000 steps   399648 feasible sets         0 orders tried  current cost 4
    W_14: 34380s  78,124,249,200 steps   399840 feasible sets         0 orders tried  current cost 6
    W_14: 34395s  78,155,389,600 steps   399961 feasible sets         0 orders tried  current cost 1
    W_14: 34410s  78,186,740,200 steps   400120 feasible sets         0 orders tried  current cost 20
    W_14: 34425s  78,217,944,000 steps   400262 feasible sets         0 orders tried  current cost 8
    W_14: 34440s  78,249,170,000 steps   400424 feasible sets         0 orders tried  current cost 7
    W_14: 34455s  78,280,844,600 steps   400602 feasible sets         0 orders tried  current cost 11
    W_14: 34470s  78,312,254,000 steps   400754 feasible sets         0 orders tried  current cost 4
    W_14: 34485s  78,342,864,400 steps   400932 feasible sets         0 orders tried  current cost 6
    W_14: 34500s  78,374,112,000 steps   401082 feasible sets         0 orders tried  current cost 2
    W_14: 34515s  78,405,399,800 steps   401214 feasible sets         0 orders tried  current cost 2
    W_14: 34530s  78,437,052,000 steps   401347 feasible sets         0 orders tried  current cost 3
    W_14: 34545s  78,468,692,400 steps   401486 feasible sets         0 orders tried  current cost 4
    W_14: 34560s  78,500,305,400 steps   401653 feasible sets         0 orders tried  current cost 9
    W_14: 34575s  78,532,154,600 steps   401758 feasible sets         0 orders tried  current cost 3
    W_14: 34590s  78,563,923,400 steps   401908 feasible sets         0 orders tried  current cost 16
    W_14: 34605s  78,594,979,800 steps   402056 feasible sets         0 orders tried  current cost 3
    W_14: 34620s  78,625,330,200 steps   402223 feasible sets         0 orders tried  current cost 3
    W_14: 34635s  78,656,843,800 steps   402382 feasible sets         0 orders tried  current cost 11
    W_14: 34650s  78,688,909,000 steps   402563 feasible sets         0 orders tried  current cost 3
    W_14: 34665s  78,720,753,800 steps   402758 feasible sets         0 orders tried  current cost 4
    W_14: 34680s  78,752,129,800 steps   402921 feasible sets         0 orders tried  current cost 1
    W_14: 34695s  78,783,790,000 steps   403087 feasible sets         0 orders tried  current cost 4
    W_14: 34710s  78,815,427,000 steps   403229 feasible sets         0 orders tried  current cost 8
    W_14: 34725s  78,847,242,600 steps   403346 feasible sets         0 orders tried  current cost 10
    W_14: 34740s  78,878,756,600 steps   403564 feasible sets         0 orders tried  current cost 3
    W_14: 34755s  78,910,352,400 steps   403740 feasible sets         0 orders tried  current cost 3
    W_14: 34770s  78,941,947,000 steps   403861 feasible sets         0 orders tried  current cost 6
    W_14: 34785s  78,973,689,800 steps   404023 feasible sets         0 orders tried  current cost 4
    W_14: 34800s  79,005,245,400 steps   404143 feasible sets         0 orders tried  current cost 8
    W_14: 34815s  79,036,843,600 steps   404336 feasible sets         0 orders tried  current cost 9
    W_14: 34830s  79,068,788,200 steps   404500 feasible sets         0 orders tried  current cost 4
    W_14: 34845s  79,100,564,200 steps   404631 feasible sets         0 orders tried  current cost 10
    W_14: 34860s  79,132,247,400 steps   404782 feasible sets         0 orders tried  current cost 5
    W_14: 34875s  79,163,812,200 steps   404931 feasible sets         0 orders tried  current cost 2
    W_14: 34890s  79,195,402,800 steps   405066 feasible sets         0 orders tried  current cost 12
    W_14: 34905s  79,226,431,600 steps   405233 feasible sets         0 orders tried  current cost 6
    W_14: 34920s  79,258,359,600 steps   405411 feasible sets         0 orders tried  current cost 2
    W_14: 34935s  79,289,887,800 steps   405589 feasible sets         0 orders tried  current cost 7
    W_14: 34950s  79,321,577,200 steps   405767 feasible sets         0 orders tried  current cost 3
    W_14: 34965s  79,352,831,600 steps   405895 feasible sets         0 orders tried  current cost 3
    W_14: 34980s  79,384,166,600 steps   406068 feasible sets         0 orders tried  current cost 8
    W_14: 34995s  79,415,165,000 steps   406230 feasible sets         0 orders tried  current cost 10
    W_14: 35010s  79,447,123,400 steps   406364 feasible sets         0 orders tried  current cost 8
    W_14: 35025s  79,478,507,000 steps   406476 feasible sets         0 orders tried  current cost 9
    W_14: 35040s  79,510,635,400 steps   406650 feasible sets         0 orders tried  current cost 3
    W_14: 35055s  79,542,975,600 steps   406778 feasible sets         0 orders tried  current cost 3
    W_14: 35070s  79,574,392,600 steps   406948 feasible sets         0 orders tried  current cost 5
    W_14: 35085s  79,605,837,000 steps   407098 feasible sets         0 orders tried  current cost 4
    W_14: 35100s  79,637,690,600 steps   407264 feasible sets         0 orders tried  current cost 3
    W_14: 35115s  79,669,540,800 steps   407436 feasible sets         0 orders tried  current cost 15
    W_14: 35130s  79,701,044,600 steps   407598 feasible sets         0 orders tried  current cost 8
    W_14: 35145s  79,732,385,400 steps   407754 feasible sets         0 orders tried  current cost 5
    W_14: 35160s  79,763,811,200 steps   407918 feasible sets         0 orders tried  current cost 3
    W_14: 35175s  79,795,187,000 steps   408092 feasible sets         0 orders tried  current cost 7
    W_14: 35190s  79,826,823,200 steps   408251 feasible sets         0 orders tried  current cost 10
    W_14: 35205s  79,858,191,000 steps   408437 feasible sets         0 orders tried  current cost 6
    W_14: 35220s  79,889,690,600 steps   408583 feasible sets         0 orders tried  current cost 6
    W_14: 35235s  79,920,961,000 steps   408735 feasible sets         0 orders tried  current cost 11
    W_14: 35250s  79,952,727,000 steps   408907 feasible sets         0 orders tried  current cost 5
    W_14: 35265s  79,984,422,800 steps   409048 feasible sets         0 orders tried  current cost 15
    W_14: 35280s  80,016,560,600 steps   409204 feasible sets         0 orders tried  current cost 15
    W_14: 35295s  80,048,234,000 steps   409369 feasible sets         0 orders tried  current cost 2
    W_14: 35310s  80,080,156,800 steps   409513 feasible sets         0 orders tried  current cost 2
    W_14: 35325s  80,111,401,200 steps   409695 feasible sets         0 orders tried  current cost 11
    W_14: 35340s  80,142,890,000 steps   409835 feasible sets         0 orders tried  current cost 4
    W_14: 35355s  80,174,725,200 steps   410005 feasible sets         0 orders tried  current cost 8
    W_14: 35370s  80,206,741,200 steps   410173 feasible sets         0 orders tried  current cost 12
    W_14: 35385s  80,238,895,400 steps   410368 feasible sets         0 orders tried  current cost 5
    W_14: 35400s  80,271,181,600 steps   410561 feasible sets         0 orders tried  current cost 7
    W_14: 35415s  80,303,169,000 steps   410707 feasible sets         0 orders tried  current cost 8
    W_14: 35430s  80,335,234,200 steps   410883 feasible sets         0 orders tried  current cost 3
    W_14: 35445s  80,367,390,000 steps   411045 feasible sets         0 orders tried  current cost 5
    W_14: 35460s  80,398,405,400 steps   411199 feasible sets         0 orders tried  current cost 6
    W_14: 35475s  80,430,031,600 steps   411326 feasible sets         0 orders tried  current cost 4
    W_14: 35490s  80,461,668,600 steps   411509 feasible sets         0 orders tried  current cost 2
    W_14: 35505s  80,493,521,800 steps   411674 feasible sets         0 orders tried  current cost 11
    W_14: 35520s  80,525,727,800 steps   411805 feasible sets         0 orders tried  current cost 7
    W_14: 35535s  80,557,872,600 steps   411954 feasible sets         0 orders tried  current cost 2
    W_14: 35550s  80,590,255,800 steps   412133 feasible sets         0 orders tried  current cost 2
    W_14: 35565s  80,622,685,000 steps   412266 feasible sets         0 orders tried  current cost 14
    W_14: 35580s  80,654,890,200 steps   412423 feasible sets         0 orders tried  current cost 3
    W_14: 35595s  80,686,960,000 steps   412597 feasible sets         0 orders tried  current cost 3
    W_14: 35610s  80,719,624,200 steps   412756 feasible sets         0 orders tried  current cost 12
    W_14: 35625s  80,752,211,000 steps   412944 feasible sets         0 orders tried  current cost 4
    W_14: 35640s  80,784,460,000 steps   413086 feasible sets         0 orders tried  current cost 3
    W_14: 35655s  80,816,636,200 steps   413250 feasible sets         0 orders tried  current cost 4
    W_14: 35670s  80,848,944,200 steps   413430 feasible sets         0 orders tried  current cost 5
    W_14: 35685s  80,881,145,800 steps   413605 feasible sets         0 orders tried  current cost 10
    W_14: 35700s  80,913,575,800 steps   413785 feasible sets         0 orders tried  current cost 3
    W_14: 35715s  80,945,587,800 steps   413956 feasible sets         0 orders tried  current cost 7
    W_14: 35730s  80,977,713,400 steps   414095 feasible sets         0 orders tried  current cost 2
    W_14: 35745s  81,009,779,200 steps   414281 feasible sets         0 orders tried  current cost 3
    W_14: 35760s  81,042,138,200 steps   414417 feasible sets         0 orders tried  current cost 2
    W_14: 35775s  81,074,341,600 steps   414584 feasible sets         0 orders tried  current cost 8
    W_14: 35790s  81,106,581,000 steps   414750 feasible sets         0 orders tried  current cost 15
    W_14: 35805s  81,138,873,800 steps   414907 feasible sets         0 orders tried  current cost 3
    W_14: 35820s  81,170,872,400 steps   415039 feasible sets         0 orders tried  current cost 5
    W_14: 35835s  81,202,959,800 steps   415171 feasible sets         0 orders tried  current cost 3
    W_14: 35850s  81,234,834,200 steps   415315 feasible sets         0 orders tried  current cost 1
    W_14: 35865s  81,267,429,800 steps   415487 feasible sets         0 orders tried  current cost 5
    W_14: 35880s  81,300,265,400 steps   415626 feasible sets         0 orders tried  current cost 9
    W_14: 35895s  81,333,006,800 steps   415791 feasible sets         0 orders tried  current cost 6
    W_14: 35910s  81,365,970,000 steps   415958 feasible sets         0 orders tried  current cost 5
    W_14: 35925s  81,398,839,600 steps   416124 feasible sets         0 orders tried  current cost 3
    W_14: 35940s  81,431,450,600 steps   416284 feasible sets         0 orders tried  current cost 4
    W_14: 35955s  81,464,067,000 steps   416414 feasible sets         0 orders tried  current cost 5
    W_14: 35970s  81,497,277,800 steps   416582 feasible sets         0 orders tried  current cost 1
    W_14: 35985s  81,530,008,800 steps   416734 feasible sets         0 orders tried  current cost 3
    W_14: 36000s  81,562,997,800 steps   416972 feasible sets         0 orders tried  current cost 3
    W_14: 36015s  81,595,622,000 steps   417143 feasible sets         0 orders tried  current cost 16
    W_14: 36030s  81,628,267,000 steps   417317 feasible sets         0 orders tried  current cost 9
    W_14: 36045s  81,661,266,400 steps   417492 feasible sets         0 orders tried  current cost 6
    W_14: 36060s  81,693,977,200 steps   417656 feasible sets         0 orders tried  current cost 4
    W_14: 36075s  81,726,773,000 steps   417815 feasible sets         0 orders tried  current cost 2
    W_14: 36090s  81,759,335,600 steps   418005 feasible sets         0 orders tried  current cost 3
    W_14: 36105s  81,791,931,800 steps   418153 feasible sets         0 orders tried  current cost 4
    W_14: 36120s  81,824,644,000 steps   418339 feasible sets         0 orders tried  current cost 9
    W_14: 36135s  81,857,535,200 steps   418484 feasible sets         0 orders tried  current cost 2
    W_14: 36150s  81,890,437,800 steps   418642 feasible sets         0 orders tried  current cost 2
    W_14: 36165s  81,923,319,000 steps   418810 feasible sets         0 orders tried  current cost 1
    W_14: 36180s  81,956,423,200 steps   418984 feasible sets         0 orders tried  current cost 8
    W_14: 36195s  81,988,918,800 steps   419113 feasible sets         0 orders tried  current cost 1
    W_14: 36210s  82,021,471,800 steps   419264 feasible sets         0 orders tried  current cost 5
    W_14: 36225s  82,053,754,600 steps   419422 feasible sets         0 orders tried  current cost 3
    W_14: 36240s  82,086,340,800 steps   419598 feasible sets         0 orders tried  current cost 13
    W_14: 36255s  82,119,484,800 steps   419771 feasible sets         0 orders tried  current cost 6
    W_14: 36270s  82,151,973,000 steps   419950 feasible sets         0 orders tried  current cost 1
    W_14: 36285s  82,184,911,600 steps   420148 feasible sets         0 orders tried  current cost 4
    W_14: 36300s  82,217,838,400 steps   420318 feasible sets         0 orders tried  current cost 4
    W_14: 36315s  82,249,970,600 steps   420497 feasible sets         0 orders tried  current cost 3
    W_14: 36330s  82,282,615,200 steps   420629 feasible sets         0 orders tried  current cost 2
    W_14: 36345s  82,315,338,400 steps   420770 feasible sets         0 orders tried  current cost 3
    W_14: 36360s  82,348,056,400 steps   420940 feasible sets         0 orders tried  current cost 3
    W_14: 36375s  82,381,160,600 steps   421065 feasible sets         0 orders tried  current cost 23
    W_14: 36390s  82,413,927,400 steps   421215 feasible sets         0 orders tried  current cost 5
    W_14: 36405s  82,446,788,400 steps   421386 feasible sets         0 orders tried  current cost 6
    W_14: 36420s  82,479,861,400 steps   421572 feasible sets         0 orders tried  current cost 16
    W_14: 36435s  82,512,523,000 steps   421736 feasible sets         0 orders tried  current cost 9
    W_14: 36450s  82,545,313,000 steps   421907 feasible sets         0 orders tried  current cost 3
    W_14: 36465s  82,578,374,400 steps   422131 feasible sets         0 orders tried  current cost 4
    W_14: 36480s  82,610,708,400 steps   422296 feasible sets         0 orders tried  current cost 4
    W_14: 36495s  82,643,129,800 steps   422491 feasible sets         0 orders tried  current cost 5
    W_14: 36510s  82,675,922,400 steps   422634 feasible sets         0 orders tried  current cost 14
    W_14: 36525s  82,708,656,800 steps   422801 feasible sets         0 orders tried  current cost 3
    W_14: 36540s  82,741,563,000 steps   422959 feasible sets         0 orders tried  current cost 14
    W_14: 36555s  82,774,591,200 steps   423128 feasible sets         0 orders tried  current cost 5
    W_14: 36570s  82,807,404,800 steps   423288 feasible sets         0 orders tried  current cost 10
    W_14: 36585s  82,840,143,000 steps   423467 feasible sets         0 orders tried  current cost 7
    W_14: 36600s  82,873,267,200 steps   423639 feasible sets         0 orders tried  current cost 7
    W_14: 36615s  82,906,244,000 steps   423805 feasible sets         0 orders tried  current cost 13
    W_14: 36630s  82,938,507,600 steps   423942 feasible sets         0 orders tried  current cost 4
    W_14: 36645s  82,971,260,200 steps   424134 feasible sets         0 orders tried  current cost 14
    W_14: 36660s  83,004,292,800 steps   424353 feasible sets         0 orders tried  current cost 3
    W_14: 36675s  83,036,982,200 steps   424492 feasible sets         0 orders tried  current cost 10
    W_14: 36690s  83,069,591,800 steps   424705 feasible sets         0 orders tried  current cost 4
    W_14: 36705s  83,102,605,400 steps   424836 feasible sets         0 orders tried  current cost 10
    W_14: 36720s  83,135,357,800 steps   425003 feasible sets         0 orders tried  current cost 4
    W_14: 36735s  83,168,143,600 steps   425202 feasible sets         0 orders tried  current cost 10
    W_14: 36750s  83,201,033,400 steps   425403 feasible sets         0 orders tried  current cost 2
    W_14: 36765s  83,233,674,200 steps   425571 feasible sets         0 orders tried  current cost 4
    W_14: 36780s  83,266,559,400 steps   425758 feasible sets         0 orders tried  current cost 3
    W_14: 36795s  83,299,251,600 steps   425971 feasible sets         0 orders tried  current cost 2
    W_14: 36810s  83,332,084,800 steps   426180 feasible sets         0 orders tried  current cost 9
    W_14: 36825s  83,364,781,600 steps   426351 feasible sets         0 orders tried  current cost 14
    W_14: 36840s  83,397,482,200 steps   426526 feasible sets         0 orders tried  current cost 17
    W_14: 36855s  83,430,008,600 steps   426712 feasible sets         0 orders tried  current cost 6
    W_14: 36870s  83,462,621,600 steps   426886 feasible sets         0 orders tried  current cost 11
    W_14: 36885s  83,495,166,000 steps   427028 feasible sets         0 orders tried  current cost 5
    W_14: 36900s  83,527,843,800 steps   427183 feasible sets         0 orders tried  current cost 8
    W_14: 36915s  83,560,477,600 steps   427350 feasible sets         0 orders tried  current cost 3
    W_14: 36930s  83,593,043,800 steps   427484 feasible sets         0 orders tried  current cost 8
    W_14: 36945s  83,625,763,400 steps   427625 feasible sets         0 orders tried  current cost 10
    W_14: 36960s  83,658,305,600 steps   427771 feasible sets         0 orders tried  current cost 5
    W_14: 36975s  83,691,032,400 steps   427937 feasible sets         0 orders tried  current cost 3
    W_14: 36990s  83,723,594,800 steps   428123 feasible sets         0 orders tried  current cost 2
    W_14: 37005s  83,756,248,800 steps   428255 feasible sets         0 orders tried  current cost 4
    W_14: 37020s  83,788,910,200 steps   428460 feasible sets         0 orders tried  current cost 3
    W_14: 37035s  83,821,538,400 steps   428607 feasible sets         0 orders tried  current cost 1
    W_14: 37050s  83,853,647,600 steps   428750 feasible sets         0 orders tried  current cost 6
    W_14: 37065s  83,885,514,200 steps   428902 feasible sets         0 orders tried  current cost 4
    W_14: 37080s  83,917,733,000 steps   429039 feasible sets         0 orders tried  current cost 4
    W_14: 37095s  83,949,777,600 steps   429229 feasible sets         0 orders tried  current cost 4
    W_14: 37110s  83,981,985,800 steps   429401 feasible sets         0 orders tried  current cost 5
    W_14: 37125s  84,014,009,200 steps   429544 feasible sets         0 orders tried  current cost 7
    W_14: 37140s  84,045,838,000 steps   429710 feasible sets         0 orders tried  current cost 3
    W_14: 37155s  84,077,978,600 steps   429873 feasible sets         0 orders tried  current cost 4
    W_14: 37170s  84,110,110,400 steps   430022 feasible sets         0 orders tried  current cost 1
    W_14: 37185s  84,141,911,000 steps   430173 feasible sets         0 orders tried  current cost 3
    W_14: 37200s  84,174,072,600 steps   430323 feasible sets         0 orders tried  current cost 3
    W_14: 37215s  84,206,089,800 steps   430505 feasible sets         0 orders tried  current cost 3
    W_14: 37230s  84,238,096,200 steps   430670 feasible sets         0 orders tried  current cost 3
    W_14: 37245s  84,270,118,200 steps   430808 feasible sets         0 orders tried  current cost 4
    W_14: 37260s  84,302,093,200 steps   430972 feasible sets         0 orders tried  current cost 4
    W_14: 37275s  84,334,147,800 steps   431127 feasible sets         0 orders tried  current cost 7
    W_14: 37290s  84,365,804,400 steps   431272 feasible sets         0 orders tried  current cost 9
    W_14: 37305s  84,397,761,000 steps   431447 feasible sets         0 orders tried  current cost 12
    W_14: 37320s  84,429,753,000 steps   431598 feasible sets         0 orders tried  current cost 2
    W_14: 37335s  84,461,847,400 steps   431758 feasible sets         0 orders tried  current cost 5
    W_14: 37350s  84,492,171,400 steps   431904 feasible sets         0 orders tried  current cost 4
    W_14: 37365s  84,523,920,600 steps   432067 feasible sets         0 orders tried  current cost 9
    W_14: 37380s  84,536,116,000 steps   432137 feasible sets         0 orders tried  current cost 3
    W_14: 37395s  84,545,204,400 steps   432183 feasible sets         0 orders tried  current cost 9
    W_14: 37410s  84,576,583,200 steps   432387 feasible sets         0 orders tried  current cost 9
    W_14: 37425s  84,609,171,200 steps   432550 feasible sets         0 orders tried  current cost 2
    W_14: 37440s  84,641,844,400 steps   432695 feasible sets         0 orders tried  current cost 8
    W_14: 37455s  84,675,091,000 steps   432822 feasible sets         0 orders tried  current cost 3
    W_14: 37470s  84,707,837,600 steps   432975 feasible sets         0 orders tried  current cost 3
    W_14: 37485s  84,740,830,200 steps   433119 feasible sets         0 orders tried  current cost 3
    W_14: 37500s  84,773,446,000 steps   433264 feasible sets         0 orders tried  current cost 7
    W_14: 37515s  84,806,389,000 steps   433418 feasible sets         0 orders tried  current cost 8
    W_14: 37530s  84,839,689,200 steps   433622 feasible sets         0 orders tried  current cost 3
    W_14: 37545s  84,872,905,200 steps   433845 feasible sets         0 orders tried  current cost 6
    W_14: 37560s  84,905,860,200 steps   434026 feasible sets         0 orders tried  current cost 15
    W_14: 37575s  84,938,297,200 steps   434212 feasible sets         0 orders tried  current cost 1
    W_14: 37590s  84,970,528,200 steps   434356 feasible sets         0 orders tried  current cost 5
    W_14: 37605s  85,003,250,200 steps   434499 feasible sets         0 orders tried  current cost 5
    W_14: 37620s  85,036,084,600 steps   434673 feasible sets         0 orders tried  current cost 7
    W_14: 37635s  85,069,170,400 steps   434898 feasible sets         0 orders tried  current cost 7
    W_14: 37650s  85,102,225,200 steps   435072 feasible sets         0 orders tried  current cost 6
    W_14: 37665s  85,135,009,600 steps   435245 feasible sets         0 orders tried  current cost 4
    W_14: 37680s  85,168,030,600 steps   435402 feasible sets         0 orders tried  current cost 5
    W_14: 37695s  85,200,844,000 steps   435586 feasible sets         0 orders tried  current cost 13
    W_14: 37710s  85,233,771,800 steps   435756 feasible sets         0 orders tried  current cost 4
    W_14: 37725s  85,266,332,800 steps   435918 feasible sets         0 orders tried  current cost 4
    W_14: 37740s  85,299,013,600 steps   436135 feasible sets         0 orders tried  current cost 5
    W_14: 37755s  85,331,679,800 steps   436322 feasible sets         0 orders tried  current cost 3
    W_14: 37770s  85,364,486,200 steps   436513 feasible sets         0 orders tried  current cost 5
    W_14: 37785s  85,397,157,800 steps   436695 feasible sets         0 orders tried  current cost 2
    W_14: 37800s  85,430,259,400 steps   436897 feasible sets         0 orders tried  current cost 4
    W_14: 37815s  85,462,827,200 steps   437058 feasible sets         0 orders tried  current cost 4
    W_14: 37830s  85,496,189,800 steps   437223 feasible sets         0 orders tried  current cost 4
    W_14: 37845s  85,528,799,200 steps   437403 feasible sets         0 orders tried  current cost 2
    W_14: 37860s  85,561,444,000 steps   437564 feasible sets         0 orders tried  current cost 8
    W_14: 37875s  85,594,227,600 steps   437736 feasible sets         0 orders tried  current cost 5
    W_14: 37890s  85,627,261,600 steps   437886 feasible sets         0 orders tried  current cost 14
    W_14: 37905s  85,660,398,800 steps   438056 feasible sets         0 orders tried  current cost 2
    W_14: 37920s  85,693,298,600 steps   438206 feasible sets         0 orders tried  current cost 4
    W_14: 37935s  85,726,492,000 steps   438349 feasible sets         0 orders tried  current cost 4
    W_14: 37950s  85,758,999,000 steps   438541 feasible sets         0 orders tried  current cost 5
    W_14: 37965s  85,790,199,600 steps   438692 feasible sets         0 orders tried  current cost 4
    W_14: 37980s  85,819,380,000 steps   438825 feasible sets         0 orders tried  current cost 2
    W_14: 37995s  85,848,462,000 steps   438979 feasible sets         0 orders tried  current cost 12
    W_14: 38010s  85,878,824,600 steps   439109 feasible sets         0 orders tried  current cost 8
    W_14: 38025s  85,912,119,800 steps   439231 feasible sets         0 orders tried  current cost 2
    W_14: 38040s  85,946,225,000 steps   439414 feasible sets         0 orders tried  current cost 11
    W_14: 38055s  85,980,465,000 steps   439572 feasible sets         0 orders tried  current cost 7
    W_14: 38070s  86,014,841,400 steps   439769 feasible sets         0 orders tried  current cost 14
    W_14: 38085s  86,048,963,800 steps   439938 feasible sets         0 orders tried  current cost 17
    W_14: 38100s  86,083,494,600 steps   440116 feasible sets         0 orders tried  current cost 1
    W_14: 38115s  86,117,917,400 steps   440275 feasible sets         0 orders tried  current cost 3
    W_14: 38130s  86,152,208,200 steps   440458 feasible sets         0 orders tried  current cost 7
    W_14: 38145s  86,186,502,200 steps   440585 feasible sets         0 orders tried  current cost 9
    W_14: 38160s  86,221,188,200 steps   440758 feasible sets         0 orders tried  current cost 8
    W_14: 38175s  86,255,689,000 steps   440911 feasible sets         0 orders tried  current cost 4
    W_14: 38190s  86,290,460,600 steps   441107 feasible sets         0 orders tried  current cost 16
    W_14: 38205s  86,325,058,800 steps   441266 feasible sets         0 orders tried  current cost 1
    W_14: 38220s  86,359,263,600 steps   441409 feasible sets         0 orders tried  current cost 6
    W_14: 38235s  86,393,934,600 steps   441593 feasible sets         0 orders tried  current cost 3
    W_14: 38250s  86,429,077,000 steps   441777 feasible sets         0 orders tried  current cost 2
    W_14: 38265s  86,463,549,000 steps   441948 feasible sets         0 orders tried  current cost 7
    W_14: 38280s  86,498,270,400 steps   442129 feasible sets         0 orders tried  current cost 5
    W_14: 38295s  86,532,938,200 steps   442314 feasible sets         0 orders tried  current cost 4
    W_14: 38310s  86,567,311,600 steps   442506 feasible sets         0 orders tried  current cost 3
    W_14: 38325s  86,602,049,600 steps   442708 feasible sets         0 orders tried  current cost 4
    W_14: 38340s  86,636,468,400 steps   442905 feasible sets         0 orders tried  current cost 3
    W_14: 38355s  86,671,124,200 steps   443063 feasible sets         0 orders tried  current cost 13
    W_14: 38370s  86,705,938,200 steps   443217 feasible sets         0 orders tried  current cost 3
    W_14: 38385s  86,740,765,400 steps   443427 feasible sets         0 orders tried  current cost 4
    W_14: 38400s  86,775,159,400 steps   443604 feasible sets         0 orders tried  current cost 2
    W_14: 38415s  86,810,023,200 steps   443770 feasible sets         0 orders tried  current cost 10
    W_14: 38430s  86,844,718,000 steps   443955 feasible sets         0 orders tried  current cost 2
    W_14: 38445s  86,879,554,800 steps   444141 feasible sets         0 orders tried  current cost 2
    W_14: 38460s  86,914,238,200 steps   444276 feasible sets         0 orders tried  current cost 3
    W_14: 38475s  86,949,026,200 steps   444494 feasible sets         0 orders tried  current cost 8
    W_14: 38490s  86,983,819,000 steps   444664 feasible sets         0 orders tried  current cost 2
    W_14: 38505s  87,018,007,800 steps   444835 feasible sets         0 orders tried  current cost 7
    W_14: 38520s  87,052,704,000 steps   445022 feasible sets         0 orders tried  current cost 11
    W_14: 38535s  87,087,074,400 steps   445203 feasible sets         0 orders tried  current cost 1
    W_14: 38550s  87,122,202,400 steps   445368 feasible sets         0 orders tried  current cost 12
    W_14: 38565s  87,156,569,600 steps   445543 feasible sets         0 orders tried  current cost 4
    W_14: 38580s  87,191,565,800 steps   445703 feasible sets         0 orders tried  current cost 9
    W_14: 38595s  87,225,868,000 steps   445879 feasible sets         0 orders tried  current cost 6
    W_14: 38610s  87,260,512,400 steps   446052 feasible sets         0 orders tried  current cost 2
    W_14: 38625s  87,295,257,600 steps   446224 feasible sets         0 orders tried  current cost 1
    W_14: 38640s  87,329,773,600 steps   446373 feasible sets         0 orders tried  current cost 3
    W_14: 38655s  87,363,808,000 steps   446541 feasible sets         0 orders tried  current cost 5
    W_14: 38670s  87,398,815,600 steps   446766 feasible sets         0 orders tried  current cost 3
    W_14: 38685s  87,432,766,600 steps   446938 feasible sets         0 orders tried  current cost 9
    W_14: 38700s  87,466,943,600 steps   447120 feasible sets         0 orders tried  current cost 7
    W_14: 38715s  87,501,389,400 steps   447312 feasible sets         0 orders tried  current cost 4
    W_14: 38730s  87,535,697,200 steps   447470 feasible sets         0 orders tried  current cost 4
    W_14: 38745s  87,570,474,200 steps   447625 feasible sets         0 orders tried  current cost 4
    W_14: 38760s  87,604,921,200 steps   447772 feasible sets         0 orders tried  current cost 13
    W_14: 38775s  87,639,567,800 steps   447999 feasible sets         0 orders tried  current cost 4
    W_14: 38790s  87,674,085,800 steps   448177 feasible sets         0 orders tried  current cost 6
    W_14: 38805s  87,708,679,800 steps   448363 feasible sets         0 orders tried  current cost 3
    W_14: 38820s  87,743,707,600 steps   448521 feasible sets         0 orders tried  current cost 8
    W_14: 38835s  87,778,327,200 steps   448661 feasible sets         0 orders tried  current cost 5
    W_14: 38850s  87,813,245,800 steps   448844 feasible sets         0 orders tried  current cost 8
    W_14: 38865s  87,847,628,600 steps   449033 feasible sets         0 orders tried  current cost 4
    W_14: 38880s  87,882,371,400 steps   449215 feasible sets         0 orders tried  current cost 6
    W_14: 38895s  87,916,998,600 steps   449368 feasible sets         0 orders tried  current cost 1
    W_14: 38910s  87,949,951,000 steps   449544 feasible sets         0 orders tried  current cost 5
    W_14: 38925s  87,985,056,000 steps   449738 feasible sets         0 orders tried  current cost 2
    W_14: 38940s  88,019,934,200 steps   449932 feasible sets         0 orders tried  current cost 3
    W_14: 38955s  88,055,045,000 steps   450111 feasible sets         0 orders tried  current cost 7
    W_14: 38970s  88,089,821,000 steps   450266 feasible sets         0 orders tried  current cost 10
    W_14: 38985s  88,124,305,200 steps   450486 feasible sets         0 orders tried  current cost 5
    W_14: 39000s  88,158,786,400 steps   450663 feasible sets         0 orders tried  current cost 5
    W_14: 39015s  88,193,157,000 steps   450837 feasible sets         0 orders tried  current cost 2
    W_14: 39030s  88,227,837,600 steps   450993 feasible sets         0 orders tried  current cost 3
    W_14: 39045s  88,262,669,800 steps   451162 feasible sets         0 orders tried  current cost 5
    W_14: 39060s  88,297,286,200 steps   451343 feasible sets         0 orders tried  current cost 8
    W_14: 39075s  88,332,209,000 steps   451558 feasible sets         0 orders tried  current cost 4
    W_14: 39090s  88,367,020,000 steps   451738 feasible sets         0 orders tried  current cost 5
    W_14: 39105s  88,401,324,800 steps   451896 feasible sets         0 orders tried  current cost 9
    W_14: 39120s  88,435,754,200 steps   452065 feasible sets         0 orders tried  current cost 3
    W_14: 39135s  88,470,475,400 steps   452294 feasible sets         0 orders tried  current cost 2
    W_14: 39150s  88,504,667,000 steps   452477 feasible sets         0 orders tried  current cost 4
    W_14: 39165s  88,539,064,200 steps   452657 feasible sets         0 orders tried  current cost 9
    W_14: 39180s  88,573,921,800 steps   452786 feasible sets         0 orders tried  current cost 14
    W_14: 39195s  88,608,563,200 steps   452967 feasible sets         0 orders tried  current cost 6
    W_14: 39210s  88,643,194,800 steps   453139 feasible sets         0 orders tried  current cost 4
    W_14: 39225s  88,677,888,400 steps   453274 feasible sets         0 orders tried  current cost 6
    W_14: 39240s  88,712,831,600 steps   453423 feasible sets         0 orders tried  current cost 2
    W_14: 39255s  88,747,847,200 steps   453632 feasible sets         0 orders tried  current cost 5
    W_14: 39270s  88,782,599,800 steps   453781 feasible sets         0 orders tried  current cost 3
    W_14: 39285s  88,817,495,200 steps   453918 feasible sets         0 orders tried  current cost 3
    W_14: 39300s  88,852,711,200 steps   454064 feasible sets         0 orders tried  current cost 4
    W_14: 39315s  88,886,843,400 steps   454203 feasible sets         0 orders tried  current cost 10
    W_14: 39330s  88,921,531,200 steps   454360 feasible sets         0 orders tried  current cost 2
    W_14: 39345s  88,956,319,400 steps   454545 feasible sets         0 orders tried  current cost 3
    W_14: 39360s  88,990,989,000 steps   454732 feasible sets         0 orders tried  current cost 5
    W_14: 39375s  89,025,613,400 steps   454906 feasible sets         0 orders tried  current cost 4
    W_14: 39390s  89,060,228,200 steps   455093 feasible sets         0 orders tried  current cost 8
    W_14: 39405s  89,094,723,400 steps   455298 feasible sets         0 orders tried  current cost 11
    W_14: 39420s  89,129,495,200 steps   455485 feasible sets         0 orders tried  current cost 1
    W_14: 39435s  89,163,351,600 steps   455656 feasible sets         0 orders tried  current cost 5
    W_14: 39450s  89,197,079,400 steps   455844 feasible sets         0 orders tried  current cost 2
    W_14: 39465s  89,231,936,200 steps   455995 feasible sets         0 orders tried  current cost 3
    W_14: 39480s  89,266,853,200 steps   456157 feasible sets         0 orders tried  current cost 4
    W_14: 39495s  89,301,529,800 steps   456315 feasible sets         0 orders tried  current cost 6
    W_14: 39510s  89,336,429,800 steps   456480 feasible sets         0 orders tried  current cost 2
    W_14: 39525s  89,371,036,000 steps   456620 feasible sets         0 orders tried  current cost 4
    W_14: 39540s  89,405,811,600 steps   456815 feasible sets         0 orders tried  current cost 2
    W_14: 39555s  89,440,430,000 steps   457001 feasible sets         0 orders tried  current cost 3
    W_14: 39570s  89,474,940,800 steps   457191 feasible sets         0 orders tried  current cost 14
    W_14: 39585s  89,509,572,800 steps   457368 feasible sets         0 orders tried  current cost 5
    W_14: 39600s  89,544,451,000 steps   457541 feasible sets         0 orders tried  current cost 5
    W_14: 39615s  89,578,830,800 steps   457654 feasible sets         0 orders tried  current cost 2
    W_14: 39630s  89,613,173,800 steps   457836 feasible sets         0 orders tried  current cost 1
    W_14: 39645s  89,647,703,800 steps   457971 feasible sets         0 orders tried  current cost 9
    W_14: 39660s  89,682,939,200 steps   458141 feasible sets         0 orders tried  current cost 3
    W_14: 39675s  89,717,262,800 steps   458336 feasible sets         0 orders tried  current cost 7
    W_14: 39690s  89,752,149,000 steps   458516 feasible sets         0 orders tried  current cost 5
    W_14: 39705s  89,787,027,400 steps   458715 feasible sets         0 orders tried  current cost 5
    W_14: 39720s  89,821,825,000 steps   458915 feasible sets         0 orders tried  current cost 7
    W_14: 39735s  89,856,819,400 steps   459061 feasible sets         0 orders tried  current cost 4
    W_14: 39750s  89,891,149,800 steps   459245 feasible sets         0 orders tried  current cost 4
    W_14: 39765s  89,925,747,600 steps   459467 feasible sets         0 orders tried  current cost 6
    W_14: 39780s  89,960,006,200 steps   459647 feasible sets         0 orders tried  current cost 7
    W_14: 39795s  89,994,357,200 steps   459858 feasible sets         0 orders tried  current cost 4
    W_14: 39810s  90,028,592,200 steps   460019 feasible sets         0 orders tried  current cost 3
    W_14: 39825s  90,063,005,800 steps   460217 feasible sets         0 orders tried  current cost 6
    W_14: 39840s  90,097,003,400 steps   460372 feasible sets         0 orders tried  current cost 11
    W_14: 39855s  90,131,336,200 steps   460552 feasible sets         0 orders tried  current cost 3
    W_14: 39870s  90,165,828,400 steps   460753 feasible sets         0 orders tried  current cost 3
    W_14: 39885s  90,200,331,200 steps   460961 feasible sets         0 orders tried  current cost 5
    W_14: 39900s  90,235,085,400 steps   461151 feasible sets         0 orders tried  current cost 11
    W_14: 39915s  90,269,808,800 steps   461362 feasible sets         0 orders tried  current cost 6
    W_14: 39930s  90,304,722,600 steps   461519 feasible sets         0 orders tried  current cost 10
    W_14: 39945s  90,339,296,800 steps   461706 feasible sets         0 orders tried  current cost 4
    W_14: 39960s  90,374,208,200 steps   461873 feasible sets         0 orders tried  current cost 3
    W_14: 39975s  90,409,131,800 steps   462051 feasible sets         0 orders tried  current cost 1
    W_14: 39990s  90,443,754,600 steps   462242 feasible sets         0 orders tried  current cost 4
    W_14: 40005s  90,478,162,200 steps   462442 feasible sets         0 orders tried  current cost 11
    W_14: 40020s  90,512,417,800 steps   462610 feasible sets         0 orders tried  current cost 3
    W_14: 40035s  90,546,932,800 steps   462774 feasible sets         0 orders tried  current cost 5
    W_14: 40050s  90,580,941,600 steps   462947 feasible sets         0 orders tried  current cost 11
    W_14: 40065s  90,615,728,200 steps   463107 feasible sets         0 orders tried  current cost 4
    W_14: 40080s  90,650,793,600 steps   463256 feasible sets         0 orders tried  current cost 4
    W_14: 40095s  90,685,274,000 steps   463394 feasible sets         0 orders tried  current cost 3
    W_14: 40110s  90,719,720,000 steps   463559 feasible sets         0 orders tried  current cost 1
    W_14: 40125s  90,754,136,800 steps   463745 feasible sets         0 orders tried  current cost 2
    W_14: 40140s  90,788,579,400 steps   463886 feasible sets         0 orders tried  current cost 3
    W_14: 40155s  90,823,399,200 steps   464042 feasible sets         0 orders tried  current cost 2
    W_14: 40170s  90,857,877,800 steps   464237 feasible sets         0 orders tried  current cost 2
    W_14: 40185s  90,892,705,000 steps   464421 feasible sets         0 orders tried  current cost 9
    W_14: 40200s  90,927,007,400 steps   464607 feasible sets         0 orders tried  current cost 6
    W_14: 40215s  90,962,006,600 steps   464788 feasible sets         0 orders tried  current cost 7
    W_14: 40230s  90,996,422,400 steps   464966 feasible sets         0 orders tried  current cost 8
    W_14: 40245s  91,030,831,800 steps   465127 feasible sets         0 orders tried  current cost 4
    W_14: 40260s  91,065,356,600 steps   465268 feasible sets         0 orders tried  current cost 1
    W_14: 40275s  91,099,885,200 steps   465493 feasible sets         0 orders tried  current cost 5
    W_14: 40290s  91,134,165,000 steps   465666 feasible sets         0 orders tried  current cost 11
    W_14: 40305s  91,168,311,800 steps   465813 feasible sets         0 orders tried  current cost 3
    W_14: 40320s  91,202,839,400 steps   465976 feasible sets         0 orders tried  current cost 2
    W_14: 40335s  91,237,593,200 steps   466147 feasible sets         0 orders tried  current cost 2
    W_14: 40350s  91,272,195,000 steps   466303 feasible sets         0 orders tried  current cost 5
    W_14: 40365s  91,306,152,200 steps   466491 feasible sets         0 orders tried  current cost 2
    W_14: 40380s  91,341,239,600 steps   466674 feasible sets         0 orders tried  current cost 3
    W_14: 40395s  91,376,290,800 steps   466846 feasible sets         0 orders tried  current cost 4
    W_14: 40410s  91,410,921,600 steps   467019 feasible sets         0 orders tried  current cost 13
    W_14: 40425s  91,445,307,000 steps   467199 feasible sets         0 orders tried  current cost 8
    W_14: 40440s  91,479,922,000 steps   467387 feasible sets         0 orders tried  current cost 13
    W_14: 40455s  91,514,469,000 steps   467556 feasible sets         0 orders tried  current cost 7
    W_14: 40470s  91,548,806,800 steps   467747 feasible sets         0 orders tried  current cost 5
    W_14: 40485s  91,583,427,400 steps   467946 feasible sets         0 orders tried  current cost 6
    W_14: 40500s  91,617,836,400 steps   468093 feasible sets         0 orders tried  current cost 2
    W_14: 40515s  91,652,796,000 steps   468279 feasible sets         0 orders tried  current cost 4
    W_14: 40530s  91,687,074,400 steps   468455 feasible sets         0 orders tried  current cost 2
    W_14: 40545s  91,721,466,000 steps   468627 feasible sets         0 orders tried  current cost 10
    W_14: 40560s  91,756,014,000 steps   468831 feasible sets         0 orders tried  current cost 6
    W_14: 40575s  91,790,228,800 steps   469032 feasible sets         0 orders tried  current cost 5
    W_14: 40590s  91,824,683,800 steps   469194 feasible sets         0 orders tried  current cost 17
    W_14: 40605s  91,858,607,200 steps   469384 feasible sets         0 orders tried  current cost 12
    W_14: 40620s  91,892,730,400 steps   469579 feasible sets         0 orders tried  current cost 2
    W_14: 40635s  91,927,509,800 steps   469747 feasible sets         0 orders tried  current cost 4
    W_14: 40650s  91,961,581,600 steps   469898 feasible sets         0 orders tried  current cost 12
    W_14: 40665s  91,996,015,600 steps   470050 feasible sets         0 orders tried  current cost 3
    W_14: 40680s  92,030,368,800 steps   470254 feasible sets         0 orders tried  current cost 6
    W_14: 40695s  92,065,051,000 steps   470423 feasible sets         0 orders tried  current cost 5
    W_14: 40710s  92,099,422,000 steps   470567 feasible sets         0 orders tried  current cost 17
    W_14: 40725s  92,133,439,000 steps   470719 feasible sets         0 orders tried  current cost 2
    W_14: 40740s  92,167,479,000 steps   470901 feasible sets         0 orders tried  current cost 2
    W_14: 40755s  92,201,784,000 steps   471047 feasible sets         0 orders tried  current cost 10
    W_14: 40770s  92,235,836,800 steps   471223 feasible sets         0 orders tried  current cost 4
    W_14: 40785s  92,270,237,600 steps   471412 feasible sets         0 orders tried  current cost 3
    W_14: 40800s  92,304,983,000 steps   471582 feasible sets         0 orders tried  current cost 12
    W_14: 40815s  92,339,896,400 steps   471777 feasible sets         0 orders tried  current cost 4
    W_14: 40830s  92,374,328,600 steps   471967 feasible sets         0 orders tried  current cost 3
    W_14: 40845s  92,409,135,000 steps   472117 feasible sets         0 orders tried  current cost 3
    W_14: 40860s  92,443,597,400 steps   472284 feasible sets         0 orders tried  current cost 4
    W_14: 40875s  92,477,926,000 steps   472415 feasible sets         0 orders tried  current cost 10
    W_14: 40890s  92,512,535,400 steps   472609 feasible sets         0 orders tried  current cost 3
    W_14: 40905s  92,546,769,000 steps   472780 feasible sets         0 orders tried  current cost 3
    W_14: 40920s  92,581,283,000 steps   472929 feasible sets         0 orders tried  current cost 10
    W_14: 40935s  92,615,992,000 steps   473102 feasible sets         0 orders tried  current cost 8
    W_14: 40950s  92,650,832,000 steps   473322 feasible sets         0 orders tried  current cost 2
    W_14: 40965s  92,685,339,400 steps   473492 feasible sets         0 orders tried  current cost 4
    W_14: 40980s  92,719,688,200 steps   473641 feasible sets         0 orders tried  current cost 5
    W_14: 40995s  92,754,133,800 steps   473879 feasible sets         0 orders tried  current cost 4
    W_14: 41010s  92,788,281,000 steps   474055 feasible sets         0 orders tried  current cost 10
    W_14: 41025s  92,822,985,800 steps   474262 feasible sets         0 orders tried  current cost 11
    W_14: 41040s  92,858,078,400 steps   474430 feasible sets         0 orders tried  current cost 3
    W_14: 41055s  92,892,595,600 steps   474607 feasible sets         0 orders tried  current cost 2
    W_14: 41070s  92,927,795,200 steps   474797 feasible sets         0 orders tried  current cost 4
    W_14: 41085s  92,962,518,200 steps   474975 feasible sets         0 orders tried  current cost 4
    W_14: 41100s  92,997,264,600 steps   475197 feasible sets         0 orders tried  current cost 9
    W_14: 41115s  93,031,680,200 steps   475391 feasible sets         0 orders tried  current cost 12
    W_14: 41130s  93,066,200,800 steps   475590 feasible sets         0 orders tried  current cost 10
    W_14: 41145s  93,101,048,000 steps   475796 feasible sets         0 orders tried  current cost 2
    W_14: 41160s  93,135,504,200 steps   475990 feasible sets         0 orders tried  current cost 9
    W_14: 41175s  93,170,009,600 steps   476153 feasible sets         0 orders tried  current cost 5
    W_14: 41190s  93,204,832,000 steps   476337 feasible sets         0 orders tried  current cost 3
    W_14: 41205s  93,238,977,600 steps   476549 feasible sets         0 orders tried  current cost 4
    W_14: 41220s  93,273,484,800 steps   476757 feasible sets         0 orders tried  current cost 9
    W_14: 41235s  93,308,026,000 steps   476958 feasible sets         0 orders tried  current cost 10
    W_14: 41250s  93,342,289,400 steps   477129 feasible sets         0 orders tried  current cost 4
    W_14: 41265s  93,376,770,600 steps   477289 feasible sets         0 orders tried  current cost 4
    W_14: 41280s  93,410,453,400 steps   477476 feasible sets         0 orders tried  current cost 5
    W_14: 41295s  93,442,537,400 steps   477639 feasible sets         0 orders tried  current cost 4
    W_14: 41310s  93,476,541,800 steps   477794 feasible sets         0 orders tried  current cost 16
    W_14: 41325s  93,510,960,200 steps   477981 feasible sets         0 orders tried  current cost 15
    W_14: 41340s  93,545,433,600 steps   478164 feasible sets         0 orders tried  current cost 4
    W_14: 41355s  93,579,716,800 steps   478362 feasible sets         0 orders tried  current cost 2
    W_14: 41370s  93,613,922,600 steps   478497 feasible sets         0 orders tried  current cost 10
    W_14: 41385s  93,648,356,600 steps   478649 feasible sets         0 orders tried  current cost 3
    W_14: 41400s  93,682,454,000 steps   478828 feasible sets         0 orders tried  current cost 4
    W_14: 41415s  93,716,870,400 steps   479029 feasible sets         0 orders tried  current cost 4
    W_14: 41430s  93,751,371,400 steps   479194 feasible sets         0 orders tried  current cost 5
    W_14: 41445s  93,785,941,400 steps   479357 feasible sets         0 orders tried  current cost 13
    W_14: 41460s  93,820,390,800 steps   479548 feasible sets         0 orders tried  current cost 5
    W_14: 41475s  93,854,885,000 steps   479671 feasible sets         0 orders tried  current cost 8
    W_14: 41490s  93,889,082,400 steps   479848 feasible sets         0 orders tried  current cost 13
    W_14: 41505s  93,924,006,200 steps   480019 feasible sets         0 orders tried  current cost 7
    W_14: 41520s  93,958,665,800 steps   480177 feasible sets         0 orders tried  current cost 13
    W_14: 41535s  93,993,268,600 steps   480386 feasible sets         0 orders tried  current cost 3
    W_14: 41550s  94,027,712,400 steps   480585 feasible sets         0 orders tried  current cost 3
    W_14: 41565s  94,061,917,800 steps   480754 feasible sets         0 orders tried  current cost 4
    W_14: 41580s  94,096,463,600 steps   480917 feasible sets         0 orders tried  current cost 12
    W_14: 41595s  94,131,270,000 steps   481084 feasible sets         0 orders tried  current cost 6
    W_14: 41610s  94,166,049,800 steps   481267 feasible sets         0 orders tried  current cost 4
    W_14: 41625s  94,200,785,000 steps   481406 feasible sets         0 orders tried  current cost 10
    W_14: 41640s  94,235,164,400 steps   481615 feasible sets         0 orders tried  current cost 4
    W_14: 41655s  94,269,711,800 steps   481804 feasible sets         0 orders tried  current cost 3
    W_14: 41670s  94,304,206,000 steps   481954 feasible sets         0 orders tried  current cost 8
    W_14: 41685s  94,339,064,600 steps   482142 feasible sets         0 orders tried  current cost 10
    W_14: 41700s  94,373,258,800 steps   482299 feasible sets         0 orders tried  current cost 1
    W_14: 41715s  94,407,623,400 steps   482490 feasible sets         0 orders tried  current cost 15
    W_14: 41730s  94,442,185,600 steps   482667 feasible sets         0 orders tried  current cost 10
    W_14: 41745s  94,476,639,800 steps   482805 feasible sets         0 orders tried  current cost 3
    W_14: 41760s  94,511,254,600 steps   482938 feasible sets         0 orders tried  current cost 3
    W_14: 41775s  94,545,760,400 steps   483110 feasible sets         0 orders tried  current cost 9
    W_14: 41790s  94,580,186,800 steps   483274 feasible sets         0 orders tried  current cost 6
    W_14: 41805s  94,614,775,200 steps   483458 feasible sets         0 orders tried  current cost 4
    W_14: 41820s  94,649,768,400 steps   483638 feasible sets         0 orders tried  current cost 8
    W_14: 41835s  94,684,635,000 steps   483857 feasible sets         0 orders tried  current cost 3
    W_14: 41850s  94,719,144,000 steps   484031 feasible sets         0 orders tried  current cost 10
    W_14: 41865s  94,753,804,600 steps   484197 feasible sets         0 orders tried  current cost 7
    W_14: 41880s  94,787,967,000 steps   484423 feasible sets         0 orders tried  current cost 6
    W_14: 41895s  94,821,973,600 steps   484584 feasible sets         0 orders tried  current cost 4
    W_14: 41910s  94,856,107,200 steps   484729 feasible sets         0 orders tried  current cost 6
    W_14: 41925s  94,890,450,800 steps   484916 feasible sets         0 orders tried  current cost 2
    W_14: 41940s  94,924,647,200 steps   485114 feasible sets         0 orders tried  current cost 6
    W_14: 41955s  94,959,707,200 steps   485311 feasible sets         0 orders tried  current cost 7
    W_14: 41970s  94,993,814,000 steps   485528 feasible sets         0 orders tried  current cost 1
    W_14: 41985s  95,028,172,800 steps   485712 feasible sets         0 orders tried  current cost 1
    W_14: 42000s  95,062,816,000 steps   485884 feasible sets         0 orders tried  current cost 6
    W_14: 42015s  95,097,194,200 steps   486073 feasible sets         0 orders tried  current cost 4
    W_14: 42030s  95,131,521,000 steps   486243 feasible sets         0 orders tried  current cost 15
    W_14: 42045s  95,166,127,200 steps   486388 feasible sets         0 orders tried  current cost 9
    W_14: 42060s  95,200,655,000 steps   486539 feasible sets         0 orders tried  current cost 3
    W_14: 42075s  95,234,628,600 steps   486736 feasible sets         0 orders tried  current cost 2
    W_14: 42090s  95,268,846,000 steps   486901 feasible sets         0 orders tried  current cost 7
    W_14: 42105s  95,303,292,600 steps   487104 feasible sets         0 orders tried  current cost 5
    W_14: 42120s  95,337,467,000 steps   487299 feasible sets         0 orders tried  current cost 8
    W_14: 42135s  95,371,880,400 steps   487481 feasible sets         0 orders tried  current cost 17
    W_14: 42150s  95,406,292,000 steps   487663 feasible sets         0 orders tried  current cost 2
    W_14: 42165s  95,440,729,000 steps   487831 feasible sets         0 orders tried  current cost 6
    W_14: 42180s  95,475,300,800 steps   488004 feasible sets         0 orders tried  current cost 20
    W_14: 42195s  95,509,974,000 steps   488198 feasible sets         0 orders tried  current cost 4
    W_14: 42210s  95,544,705,800 steps   488393 feasible sets         0 orders tried  current cost 7
    W_14: 42225s  95,579,216,800 steps   488556 feasible sets         0 orders tried  current cost 3
    W_14: 42240s  95,613,672,000 steps   488705 feasible sets         0 orders tried  current cost 3
    W_14: 42255s  95,648,221,400 steps   488852 feasible sets         0 orders tried  current cost 18
    W_14: 42270s  95,682,773,200 steps   489066 feasible sets         0 orders tried  current cost 4
    W_14: 42285s  95,717,516,600 steps   489206 feasible sets         0 orders tried  current cost 3
    W_14: 42300s  95,752,405,000 steps   489396 feasible sets         0 orders tried  current cost 7
    W_14: 42315s  95,787,361,800 steps   489574 feasible sets         0 orders tried  current cost 11
    W_14: 42330s  95,822,081,200 steps   489787 feasible sets         0 orders tried  current cost 15
    W_14: 42345s  95,856,728,200 steps   489967 feasible sets         0 orders tried  current cost 5
    W_14: 42360s  95,891,139,600 steps   490137 feasible sets         0 orders tried  current cost 3
    W_14: 42375s  95,925,474,200 steps   490325 feasible sets         0 orders tried  current cost 4
    W_14: 42390s  95,960,224,200 steps   490526 feasible sets         0 orders tried  current cost 7
    W_14: 42405s  95,994,593,200 steps   490719 feasible sets         0 orders tried  current cost 3
    W_14: 42420s  96,028,775,000 steps   490899 feasible sets         0 orders tried  current cost 5
    W_14: 42435s  96,063,654,000 steps   491082 feasible sets         0 orders tried  current cost 3
    W_14: 42450s  96,098,067,400 steps   491256 feasible sets         0 orders tried  current cost 9
    W_14: 42465s  96,132,152,800 steps   491453 feasible sets         0 orders tried  current cost 3
    W_14: 42480s  96,166,486,400 steps   491644 feasible sets         0 orders tried  current cost 7
    W_14: 42495s  96,200,638,600 steps   491832 feasible sets         0 orders tried  current cost 4
    W_14: 42510s  96,234,840,000 steps   491976 feasible sets         0 orders tried  current cost 3
    W_14: 42525s  96,269,531,200 steps   492131 feasible sets         0 orders tried  current cost 4
    W_14: 42540s  96,304,102,800 steps   492320 feasible sets         0 orders tried  current cost 7
    W_14: 42555s  96,338,575,800 steps   492481 feasible sets         0 orders tried  current cost 2
    W_14: 42570s  96,373,124,000 steps   492671 feasible sets         0 orders tried  current cost 11
    W_14: 42585s  96,406,470,200 steps   492848 feasible sets         0 orders tried  current cost 2
    W_14: 42600s  96,440,970,400 steps   493061 feasible sets         0 orders tried  current cost 5
    W_14: 42615s  96,475,533,600 steps   493276 feasible sets         0 orders tried  current cost 2
    W_14: 42630s  96,509,805,200 steps   493427 feasible sets         0 orders tried  current cost 10
    W_14: 42645s  96,544,105,000 steps   493612 feasible sets         0 orders tried  current cost 10
    W_14: 42660s  96,578,450,800 steps   493800 feasible sets         0 orders tried  current cost 4
    W_14: 42675s  96,612,529,600 steps   493972 feasible sets         0 orders tried  current cost 3
    W_14: 42690s  96,647,165,600 steps   494132 feasible sets         0 orders tried  current cost 12
    W_14: 42705s  96,681,859,000 steps   494307 feasible sets         0 orders tried  current cost 2
    W_14: 42720s  96,716,478,800 steps   494476 feasible sets         0 orders tried  current cost 3
    W_14: 42735s  96,750,882,200 steps   494667 feasible sets         0 orders tried  current cost 13
    W_14: 42750s  96,784,903,800 steps   494823 feasible sets         0 orders tried  current cost 10
    W_14: 42765s  96,819,391,000 steps   495034 feasible sets         0 orders tried  current cost 5
    W_14: 42780s  96,853,984,800 steps   495220 feasible sets         0 orders tried  current cost 8
    W_14: 42795s  96,888,495,400 steps   495389 feasible sets         0 orders tried  current cost 4
    W_14: 42810s  96,922,846,600 steps   495538 feasible sets         0 orders tried  current cost 10
    W_14: 42825s  96,957,328,800 steps   495707 feasible sets         0 orders tried  current cost 5
    W_14: 42840s  96,991,997,800 steps   495861 feasible sets         0 orders tried  current cost 1
    W_14: 42855s  97,026,054,200 steps   496024 feasible sets         0 orders tried  current cost 3
    W_14: 42870s  97,060,499,800 steps   496197 feasible sets         0 orders tried  current cost 1
    W_14: 42885s  97,094,662,200 steps   496346 feasible sets         0 orders tried  current cost 10
    W_14: 42900s  97,129,258,600 steps   496545 feasible sets         0 orders tried  current cost 2
    W_14: 42915s  97,163,542,800 steps   496721 feasible sets         0 orders tried  current cost 11
    W_14: 42930s  97,197,846,400 steps   496908 feasible sets         0 orders tried  current cost 4
    W_14: 42945s  97,232,872,000 steps   497091 feasible sets         0 orders tried  current cost 3
    W_14: 42960s  97,267,281,000 steps   497277 feasible sets         0 orders tried  current cost 13
    W_14: 42975s  97,301,998,800 steps   497452 feasible sets         0 orders tried  current cost 3
    W_14: 42990s  97,336,812,600 steps   497603 feasible sets         0 orders tried  current cost 3
    W_14: 43005s  97,371,644,800 steps   497816 feasible sets         0 orders tried  current cost 6
    W_14: 43020s  97,406,375,400 steps   497987 feasible sets         0 orders tried  current cost 3
    W_14: 43035s  97,441,008,600 steps   498190 feasible sets         0 orders tried  current cost 8
    W_14: 43050s  97,475,468,800 steps   498368 feasible sets         0 orders tried  current cost 4
    W_14: 43065s  97,509,585,400 steps   498564 feasible sets         0 orders tried  current cost 9
    W_14: 43080s  97,543,712,600 steps   498770 feasible sets         0 orders tried  current cost 4
    W_14: 43095s  97,578,508,000 steps   498948 feasible sets         0 orders tried  current cost 3
    W_14: 43110s  97,613,067,800 steps   499112 feasible sets         0 orders tried  current cost 5
    W_14: 43125s  97,647,719,000 steps   499290 feasible sets         0 orders tried  current cost 3
    W_14: 43140s  97,682,326,600 steps   499462 feasible sets         0 orders tried  current cost 8
    W_14: 43155s  97,716,776,600 steps   499670 feasible sets         0 orders tried  current cost 2
    W_14: 43170s  97,751,312,400 steps   499869 feasible sets         0 orders tried  current cost 5
    W_14: 43185s  97,785,776,000 steps   500029 feasible sets         0 orders tried  current cost 3
    W_14: 43200s  97,820,475,200 steps   500201 feasible sets         0 orders tried  current cost 2
    W_14: 43215s  97,854,573,400 steps   500353 feasible sets         0 orders tried  current cost 2
    W_14: 43230s  97,889,535,000 steps   500528 feasible sets         0 orders tried  current cost 3
    W_14: 43245s  97,924,002,000 steps   500702 feasible sets         0 orders tried  current cost 12
    W_14: 43260s  97,958,493,400 steps   500881 feasible sets         0 orders tried  current cost 3
    W_14: 43275s  97,993,005,200 steps   501056 feasible sets         0 orders tried  current cost 9
    W_14: 43290s  98,027,659,800 steps   501218 feasible sets         0 orders tried  current cost 4
    W_14: 43305s  98,062,744,400 steps   501427 feasible sets         0 orders tried  current cost 13
    W_14: 43320s  98,097,040,200 steps   501602 feasible sets         0 orders tried  current cost 15
    W_14: 43335s  98,131,430,000 steps   501778 feasible sets         0 orders tried  current cost 5
    W_14: 43350s  98,165,843,000 steps   501977 feasible sets         0 orders tried  current cost 10
    W_14: 43365s  98,200,321,400 steps   502160 feasible sets         0 orders tried  current cost 15
    W_14: 43380s  98,234,616,000 steps   502334 feasible sets         0 orders tried  current cost 3
    W_14: 43395s  98,269,359,600 steps   502458 feasible sets         0 orders tried  current cost 3
    W_14: 43410s  98,303,779,200 steps   502619 feasible sets         0 orders tried  current cost 4
    W_14: 43425s  98,338,314,200 steps   502768 feasible sets         0 orders tried  current cost 4
    W_14: 43440s  98,372,728,200 steps   502946 feasible sets         0 orders tried  current cost 6
    W_14: 43455s  98,406,960,400 steps   503111 feasible sets         0 orders tried  current cost 14
    W_14: 43470s  98,441,626,600 steps   503312 feasible sets         0 orders tried  current cost 8
    W_14: 43485s  98,475,556,600 steps   503491 feasible sets         0 orders tried  current cost 3
    W_14: 43500s  98,510,223,000 steps   503678 feasible sets         0 orders tried  current cost 10
    W_14: 43515s  98,544,716,200 steps   503869 feasible sets         0 orders tried  current cost 1
    W_14: 43530s  98,579,094,800 steps   504038 feasible sets         0 orders tried  current cost 4
    W_14: 43545s  98,613,672,000 steps   504207 feasible sets         0 orders tried  current cost 1
    W_14: 43560s  98,647,878,600 steps   504376 feasible sets         0 orders tried  current cost 3
    W_14: 43575s  98,682,525,200 steps   504572 feasible sets         0 orders tried  current cost 5
    W_14: 43590s  98,717,049,000 steps   504723 feasible sets         0 orders tried  current cost 6
    W_14: 43605s  98,751,831,800 steps   504864 feasible sets         0 orders tried  current cost 1
    W_14: 43620s  98,786,150,200 steps   505046 feasible sets         0 orders tried  current cost 3
    W_14: 43635s  98,820,347,200 steps   505228 feasible sets         0 orders tried  current cost 8
    W_14: 43650s  98,854,502,600 steps   505376 feasible sets         0 orders tried  current cost 12
    W_14: 43665s  98,889,243,600 steps   505534 feasible sets         0 orders tried  current cost 10
    W_14: 43680s  98,924,008,800 steps   505704 feasible sets         0 orders tried  current cost 5
    W_14: 43695s  98,958,950,400 steps   505884 feasible sets         0 orders tried  current cost 4
    W_14: 43710s  98,993,425,600 steps   506064 feasible sets         0 orders tried  current cost 8
    W_14: 43725s  99,027,853,000 steps   506251 feasible sets         0 orders tried  current cost 4
    W_14: 43740s  99,062,304,200 steps   506413 feasible sets         0 orders tried  current cost 7
    W_14: 43755s  99,096,355,200 steps   506595 feasible sets         0 orders tried  current cost 3
    W_14: 43770s  99,131,207,800 steps   506767 feasible sets         0 orders tried  current cost 6
    W_14: 43785s  99,165,704,800 steps   506923 feasible sets         0 orders tried  current cost 8
    W_14: 43800s  99,200,144,400 steps   507075 feasible sets         0 orders tried  current cost 6
    W_14: 43815s  99,234,798,800 steps   507260 feasible sets         0 orders tried  current cost 3
    W_14: 43830s  99,269,440,400 steps   507460 feasible sets         0 orders tried  current cost 11
    W_14: 43845s  99,304,242,600 steps   507608 feasible sets         0 orders tried  current cost 13
    W_14: 43860s  99,339,058,000 steps   507780 feasible sets         0 orders tried  current cost 3
    W_14: 43875s  99,373,838,400 steps   507946 feasible sets         0 orders tried  current cost 3
    W_14: 43890s  99,408,215,400 steps   508115 feasible sets         0 orders tried  current cost 3
    W_14: 43905s  99,442,767,800 steps   508269 feasible sets         0 orders tried  current cost 9
    W_14: 43920s  99,477,203,400 steps   508448 feasible sets         0 orders tried  current cost 19
    W_14: 43935s  99,511,979,000 steps   508650 feasible sets         0 orders tried  current cost 3
    W_14: 43950s  99,546,601,800 steps   508840 feasible sets         0 orders tried  current cost 7
    W_14: 43965s  99,581,445,400 steps   509047 feasible sets         0 orders tried  current cost 10
    W_14: 43980s  99,616,316,800 steps   509229 feasible sets         0 orders tried  current cost 1
    W_14: 43995s  99,651,190,400 steps   509385 feasible sets         0 orders tried  current cost 3
    W_14: 44010s  99,685,947,000 steps   509589 feasible sets         0 orders tried  current cost 8
    W_14: 44025s  99,720,396,400 steps   509812 feasible sets         0 orders tried  current cost 4
    W_14: 44040s  99,755,243,600 steps   510012 feasible sets         0 orders tried  current cost 10
    W_14: 44055s  99,789,678,400 steps   510220 feasible sets         0 orders tried  current cost 2
    W_14: 44070s  99,824,491,200 steps   510390 feasible sets         0 orders tried  current cost 5
    W_14: 44085s  99,859,146,600 steps   510566 feasible sets         0 orders tried  current cost 6
    W_14: 44100s  99,893,750,200 steps   510722 feasible sets         0 orders tried  current cost 6
    W_14: 44115s  99,928,335,800 steps   510886 feasible sets         0 orders tried  current cost 2
    W_14: 44130s  99,962,253,800 steps   511065 feasible sets         0 orders tried  current cost 3
    W_14: 44145s  99,995,404,600 steps   511228 feasible sets         0 orders tried  current cost 8
    W_14: 44160s  100,029,478,200 steps   511423 feasible sets         0 orders tried  current cost 2
    W_14: 44175s  100,063,573,800 steps   511594 feasible sets         0 orders tried  current cost 2
    W_14: 44190s  100,098,393,800 steps   511754 feasible sets         0 orders tried  current cost 5
    W_14: 44205s  100,133,056,600 steps   511954 feasible sets         0 orders tried  current cost 3
    W_14: 44220s  100,167,449,800 steps   512174 feasible sets         0 orders tried  current cost 3
    W_14: 44235s  100,202,400,200 steps   512319 feasible sets         0 orders tried  current cost 17
    W_14: 44250s  100,236,601,600 steps   512466 feasible sets         0 orders tried  current cost 14
    W_14: 44265s  100,270,965,600 steps   512641 feasible sets         0 orders tried  current cost 10
    W_14: 44280s  100,305,371,600 steps   512852 feasible sets         0 orders tried  current cost 4
    W_14: 44295s  100,340,051,600 steps   513037 feasible sets         0 orders tried  current cost 2
    W_14: 44310s  100,374,964,800 steps   513193 feasible sets         0 orders tried  current cost 9
    W_14: 44325s  100,409,789,600 steps   513354 feasible sets         0 orders tried  current cost 5
    W_14: 44340s  100,443,885,000 steps   513513 feasible sets         0 orders tried  current cost 9
    W_14: 44355s  100,477,717,400 steps   513668 feasible sets         0 orders tried  current cost 2
    W_14: 44370s  100,511,984,600 steps   513845 feasible sets         0 orders tried  current cost 11
    W_14: 44385s  100,546,746,400 steps   514053 feasible sets         0 orders tried  current cost 6
    W_14: 44400s  100,581,062,000 steps   514192 feasible sets         0 orders tried  current cost 11
    W_14: 44415s  100,615,499,800 steps   514360 feasible sets         0 orders tried  current cost 1
    W_14: 44430s  100,649,895,400 steps   514522 feasible sets         0 orders tried  current cost 1
    W_14: 44445s  100,684,357,400 steps   514744 feasible sets         0 orders tried  current cost 4
    W_14: 44460s  100,719,295,000 steps   514941 feasible sets         0 orders tried  current cost 4
    W_14: 44475s  100,753,678,400 steps   515126 feasible sets         0 orders tried  current cost 3
    W_14: 44490s  100,788,170,600 steps   515265 feasible sets         0 orders tried  current cost 6
    W_14: 44505s  100,822,799,200 steps   515405 feasible sets         0 orders tried  current cost 4
    W_14: 44520s  100,857,446,600 steps   515625 feasible sets         0 orders tried  current cost 7
    W_14: 44535s  100,891,708,400 steps   515801 feasible sets         0 orders tried  current cost 4
    W_14: 44550s  100,926,003,400 steps   515990 feasible sets         0 orders tried  current cost 11
    W_14: 44565s  100,960,669,200 steps   516140 feasible sets         0 orders tried  current cost 6
    W_14: 44580s  100,994,947,800 steps   516260 feasible sets         0 orders tried  current cost 6
    W_14: 44595s  101,029,588,800 steps   516417 feasible sets         0 orders tried  current cost 1
    W_14: 44610s  101,063,830,400 steps   516603 feasible sets         0 orders tried  current cost 6
    W_14: 44625s  101,098,412,000 steps   516763 feasible sets         0 orders tried  current cost 3
    W_14: 44640s  101,132,721,200 steps   516923 feasible sets         0 orders tried  current cost 10
    W_14: 44655s  101,167,516,200 steps   517120 feasible sets         0 orders tried  current cost 3
    W_14: 44670s  101,201,721,200 steps   517306 feasible sets         0 orders tried  current cost 19
    W_14: 44685s  101,236,266,800 steps   517520 feasible sets         0 orders tried  current cost 8
    W_14: 44700s  101,270,723,000 steps   517694 feasible sets         0 orders tried  current cost 9
    W_14: 44715s  101,305,065,800 steps   517888 feasible sets         0 orders tried  current cost 7
    W_14: 44730s  101,339,536,200 steps   518068 feasible sets         0 orders tried  current cost 2
    W_14: 44745s  101,374,343,400 steps   518224 feasible sets         0 orders tried  current cost 11
    W_14: 44760s  101,408,289,800 steps   518418 feasible sets         0 orders tried  current cost 3
    W_14: 44775s  101,442,610,000 steps   518614 feasible sets         0 orders tried  current cost 9
    W_14: 44790s  101,476,932,400 steps   518790 feasible sets         0 orders tried  current cost 4
    W_14: 44805s  101,511,419,400 steps   518995 feasible sets         0 orders tried  current cost 3
    W_14: 44820s  101,546,444,800 steps   519193 feasible sets         0 orders tried  current cost 8
    W_14: 44835s  101,580,794,800 steps   519359 feasible sets         0 orders tried  current cost 1
    W_14: 44850s  101,615,230,800 steps   519520 feasible sets         0 orders tried  current cost 5
    W_14: 44865s  101,649,447,600 steps   519699 feasible sets         0 orders tried  current cost 6
    W_14: 44880s  101,684,077,200 steps   519897 feasible sets         0 orders tried  current cost 5
    W_14: 44895s  101,718,214,600 steps   520043 feasible sets         0 orders tried  current cost 5
    W_14: 44910s  101,752,547,000 steps   520243 feasible sets         0 orders tried  current cost 8
    W_14: 44925s  101,787,210,200 steps   520438 feasible sets         0 orders tried  current cost 5
    W_14: 44940s  101,821,329,800 steps   520637 feasible sets         0 orders tried  current cost 3
    W_14: 44955s  101,855,966,600 steps   520826 feasible sets         0 orders tried  current cost 10
    W_14: 44970s  101,890,395,000 steps   521022 feasible sets         0 orders tried  current cost 1
    W_14: 44985s  101,924,609,200 steps   521231 feasible sets         0 orders tried  current cost 5
    W_14: 45000s  101,959,251,400 steps   521397 feasible sets         0 orders tried  current cost 5
    W_14: 45015s  101,993,983,200 steps   521546 feasible sets         0 orders tried  current cost 9
    W_14: 45030s  102,028,558,000 steps   521714 feasible sets         0 orders tried  current cost 3
    W_14: 45045s  102,062,691,600 steps   521862 feasible sets         0 orders tried  current cost 6
    W_14: 45060s  102,097,414,200 steps   522013 feasible sets         0 orders tried  current cost 3
    W_14: 45075s  102,131,808,200 steps   522208 feasible sets         0 orders tried  current cost 8
    W_14: 45090s  102,166,512,000 steps   522351 feasible sets         0 orders tried  current cost 1
    W_14: 45105s  102,200,993,000 steps   522539 feasible sets         0 orders tried  current cost 7
    W_14: 45120s  102,235,380,400 steps   522692 feasible sets         0 orders tried  current cost 14
    W_14: 45135s  102,269,562,600 steps   522917 feasible sets         0 orders tried  current cost 11
    W_14: 45150s  102,303,960,600 steps   523053 feasible sets         0 orders tried  current cost 19
    W_14: 45165s  102,338,607,400 steps   523221 feasible sets         0 orders tried  current cost 2
    W_14: 45180s  102,373,047,600 steps   523419 feasible sets         0 orders tried  current cost 5
    W_14: 45195s  102,407,120,200 steps   523593 feasible sets         0 orders tried  current cost 8
    W_14: 45210s  102,441,389,600 steps   523744 feasible sets         0 orders tried  current cost 3
    W_14: 45225s  102,475,468,600 steps   523929 feasible sets         0 orders tried  current cost 7
    W_14: 45240s  102,509,629,200 steps   524109 feasible sets         0 orders tried  current cost 5
    W_14: 45255s  102,544,145,800 steps   524284 feasible sets         0 orders tried  current cost 4
    W_14: 45270s  102,578,362,600 steps   524452 feasible sets         0 orders tried  current cost 13
    W_14: 45285s  102,613,221,400 steps   524633 feasible sets         0 orders tried  current cost 10
    W_14: 45300s  102,647,644,800 steps   524786 feasible sets         0 orders tried  current cost 8
    W_14: 45315s  102,682,376,000 steps   525028 feasible sets         0 orders tried  current cost 3
    W_14: 45330s  102,716,804,600 steps   525218 feasible sets         0 orders tried  current cost 6
    W_14: 45345s  102,751,131,400 steps   525385 feasible sets         0 orders tried  current cost 1
    W_14: 45360s  102,785,929,600 steps   525582 feasible sets         0 orders tried  current cost 3
    W_14: 45375s  102,820,808,400 steps   525755 feasible sets         0 orders tried  current cost 7
    W_14: 45390s  102,855,346,600 steps   525933 feasible sets         0 orders tried  current cost 8
    W_14: 45405s  102,890,030,400 steps   526105 feasible sets         0 orders tried  current cost 3
    W_14: 45420s  102,924,485,000 steps   526312 feasible sets         0 orders tried  current cost 10
    W_14: 45435s  102,958,695,000 steps   526485 feasible sets         0 orders tried  current cost 3
    W_14: 45450s  102,993,356,000 steps   526641 feasible sets         0 orders tried  current cost 3
    W_14: 45465s  103,027,984,600 steps   526808 feasible sets         0 orders tried  current cost 9
    W_14: 45480s  103,062,784,000 steps   527023 feasible sets         0 orders tried  current cost 11
    W_14: 45495s  103,097,294,800 steps   527194 feasible sets         0 orders tried  current cost 4
    W_14: 45510s  103,132,103,800 steps   527402 feasible sets         0 orders tried  current cost 11
    W_14: 45525s  103,166,618,000 steps   527592 feasible sets         0 orders tried  current cost 4
    W_14: 45540s  103,201,124,400 steps   527773 feasible sets         0 orders tried  current cost 11
    W_14: 45555s  103,235,666,400 steps   527929 feasible sets         0 orders tried  current cost 10
    W_14: 45570s  103,270,076,400 steps   528084 feasible sets         0 orders tried  current cost 4
    W_14: 45585s  103,304,562,800 steps   528268 feasible sets         0 orders tried  current cost 15
    W_14: 45600s  103,339,154,800 steps   528452 feasible sets         0 orders tried  current cost 2
    W_14: 45615s  103,373,914,400 steps   528659 feasible sets         0 orders tried  current cost 4
    W_14: 45630s  103,408,349,000 steps   528835 feasible sets         0 orders tried  current cost 4
    W_14: 45645s  103,442,591,800 steps   528992 feasible sets         0 orders tried  current cost 3
    W_14: 45660s  103,477,633,000 steps   529197 feasible sets         0 orders tried  current cost 4
    W_14: 45675s  103,512,011,000 steps   529384 feasible sets         0 orders tried  current cost 4
    W_14: 45690s  103,546,660,600 steps   529586 feasible sets         0 orders tried  current cost 14
    W_14: 45705s  103,581,247,400 steps   529750 feasible sets         0 orders tried  current cost 5
    W_14: 45720s  103,615,271,000 steps   529919 feasible sets         0 orders tried  current cost 4
    W_14: 45735s  103,649,690,400 steps   530110 feasible sets         0 orders tried  current cost 7
    W_14: 45750s  103,684,184,400 steps   530289 feasible sets         0 orders tried  current cost 9
    W_14: 45765s  103,718,190,200 steps   530493 feasible sets         0 orders tried  current cost 6
    W_14: 45780s  103,753,007,800 steps   530689 feasible sets         0 orders tried  current cost 10
    W_14: 45795s  103,787,045,000 steps   530853 feasible sets         0 orders tried  current cost 9
    W_14: 45810s  103,821,536,000 steps   531020 feasible sets         0 orders tried  current cost 2
    W_14: 45825s  103,856,388,600 steps   531212 feasible sets         0 orders tried  current cost 9
    W_14: 45840s  103,891,263,600 steps   531375 feasible sets         0 orders tried  current cost 9
    W_14: 45855s  103,926,274,600 steps   531511 feasible sets         0 orders tried  current cost 1
    W_14: 45870s  103,960,675,800 steps   531648 feasible sets         0 orders tried  current cost 3
    W_14: 45885s  103,994,988,200 steps   531829 feasible sets         0 orders tried  current cost 5
    W_14: 45900s  104,029,294,400 steps   532010 feasible sets         0 orders tried  current cost 4
    W_14: 45915s  104,063,549,000 steps   532166 feasible sets         0 orders tried  current cost 4
    W_14: 45930s  104,097,248,200 steps   532359 feasible sets         0 orders tried  current cost 2
    W_14: 45945s  104,131,792,800 steps   532582 feasible sets         0 orders tried  current cost 2
    W_14: 45960s  104,166,272,400 steps   532746 feasible sets         0 orders tried  current cost 1
    W_14: 45975s  104,200,707,800 steps   532906 feasible sets         0 orders tried  current cost 7
    W_14: 45990s  104,235,578,200 steps   533041 feasible sets         0 orders tried  current cost 2
    W_14: 46005s  104,270,650,800 steps   533237 feasible sets         0 orders tried  current cost 4
    W_14: 46020s  104,305,305,400 steps   533430 feasible sets         0 orders tried  current cost 6
    W_14: 46035s  104,340,374,600 steps   533574 feasible sets         0 orders tried  current cost 2
    W_14: 46050s  104,374,837,200 steps   533767 feasible sets         0 orders tried  current cost 1
    W_14: 46065s  104,409,269,800 steps   533937 feasible sets         0 orders tried  current cost 5
    W_14: 46080s  104,443,794,800 steps   534149 feasible sets         0 orders tried  current cost 2
    W_14: 46095s  104,478,420,200 steps   534333 feasible sets         0 orders tried  current cost 9
    W_14: 46110s  104,512,477,800 steps   534479 feasible sets         0 orders tried  current cost 3
    W_14: 46125s  104,547,288,600 steps   534668 feasible sets         0 orders tried  current cost 9
    W_14: 46140s  104,582,138,200 steps   534868 feasible sets         0 orders tried  current cost 1
    W_14: 46155s  104,616,751,600 steps   535071 feasible sets         0 orders tried  current cost 5
    W_14: 46170s  104,651,539,600 steps   535261 feasible sets         0 orders tried  current cost 2
    W_14: 46185s  104,686,225,800 steps   535492 feasible sets         0 orders tried  current cost 9
    W_14: 46200s  104,721,237,800 steps   535635 feasible sets         0 orders tried  current cost 3
    W_14: 46215s  104,755,768,600 steps   535809 feasible sets         0 orders tried  current cost 4
    W_14: 46230s  104,790,360,600 steps   536005 feasible sets         0 orders tried  current cost 9
    W_14: 46245s  104,825,003,000 steps   536187 feasible sets         0 orders tried  current cost 8
    W_14: 46260s  104,859,822,200 steps   536365 feasible sets         0 orders tried  current cost 10
    W_14: 46275s  104,894,069,400 steps   536521 feasible sets         0 orders tried  current cost 4
    W_14: 46290s  104,928,372,800 steps   536689 feasible sets         0 orders tried  current cost 4
    W_14: 46305s  104,963,041,600 steps   536843 feasible sets         0 orders tried  current cost 7
    W_14: 46320s  104,997,812,000 steps   537036 feasible sets         0 orders tried  current cost 2
    W_14: 46335s  105,032,406,600 steps   537230 feasible sets         0 orders tried  current cost 6
    W_14: 46350s  105,066,480,800 steps   537399 feasible sets         0 orders tried  current cost 15
    W_14: 46365s  105,100,902,600 steps   537554 feasible sets         0 orders tried  current cost 9
    W_14: 46380s  105,134,905,400 steps   537721 feasible sets         0 orders tried  current cost 6
    W_14: 46395s  105,169,801,200 steps   537917 feasible sets         0 orders tried  current cost 12
    W_14: 46410s  105,204,549,800 steps   538099 feasible sets         0 orders tried  current cost 3
    W_14: 46425s  105,239,222,200 steps   538330 feasible sets         0 orders tried  current cost 11
    W_14: 46440s  105,274,044,000 steps   538497 feasible sets         0 orders tried  current cost 9
    W_14: 46455s  105,309,077,400 steps   538661 feasible sets         0 orders tried  current cost 3
    W_14: 46470s  105,343,950,000 steps   538829 feasible sets         0 orders tried  current cost 3
    W_14: 46485s  105,378,904,800 steps   539026 feasible sets         0 orders tried  current cost 4
    W_14: 46500s  105,413,852,600 steps   539186 feasible sets         0 orders tried  current cost 4
    W_14: 46515s  105,448,423,400 steps   539338 feasible sets         0 orders tried  current cost 14
    W_14: 46530s  105,483,068,800 steps   539526 feasible sets         0 orders tried  current cost 6
    W_14: 46545s  105,517,773,400 steps   539676 feasible sets         0 orders tried  current cost 1
    W_14: 46560s  105,552,584,600 steps   539831 feasible sets         0 orders tried  current cost 10
    W_14: 46575s  105,587,319,400 steps   539969 feasible sets         0 orders tried  current cost 3
    W_14: 46590s  105,621,571,000 steps   540137 feasible sets         0 orders tried  current cost 2
    W_14: 46605s  105,656,102,200 steps   540320 feasible sets         0 orders tried  current cost 15
    W_14: 46620s  105,690,402,200 steps   540485 feasible sets         0 orders tried  current cost 12
    W_14: 46635s  105,724,861,200 steps   540664 feasible sets         0 orders tried  current cost 13
    W_14: 46650s  105,759,242,200 steps   540846 feasible sets         0 orders tried  current cost 9
    W_14: 46665s  105,794,046,000 steps   541030 feasible sets         0 orders tried  current cost 7
    W_14: 46680s  105,828,532,200 steps   541251 feasible sets         0 orders tried  current cost 4
    W_14: 46695s  105,863,310,600 steps   541400 feasible sets         0 orders tried  current cost 6
    W_14: 46710s  105,898,037,000 steps   541567 feasible sets         0 orders tried  current cost 1
    W_14: 46725s  105,932,666,800 steps   541721 feasible sets         0 orders tried  current cost 10
    W_14: 46740s  105,967,663,800 steps   541885 feasible sets         0 orders tried  current cost 7
    W_14: 46755s  106,002,223,400 steps   542089 feasible sets         0 orders tried  current cost 12
    W_14: 46770s  106,036,730,400 steps   542288 feasible sets         0 orders tried  current cost 5
    W_14: 46785s  106,071,660,000 steps   542471 feasible sets         0 orders tried  current cost 3
    W_14: 46800s  106,106,415,200 steps   542675 feasible sets         0 orders tried  current cost 3
    W_14: 46815s  106,141,076,800 steps   542889 feasible sets         0 orders tried  current cost 3
    W_14: 46830s  106,176,046,800 steps   543092 feasible sets         0 orders tried  current cost 10
    W_14: 46845s  106,211,117,000 steps   543231 feasible sets         0 orders tried  current cost 1
    W_14: 46860s  106,245,739,200 steps   543424 feasible sets         0 orders tried  current cost 3
    W_14: 46875s  106,280,882,800 steps   543590 feasible sets         0 orders tried  current cost 13
    W_14: 46890s  106,315,856,000 steps   543798 feasible sets         0 orders tried  current cost 3
    W_14: 46905s  106,350,617,000 steps   543950 feasible sets         0 orders tried  current cost 1
    W_14: 46920s  106,384,986,600 steps   544100 feasible sets         0 orders tried  current cost 6
    W_14: 46935s  106,419,551,200 steps   544303 feasible sets         0 orders tried  current cost 3
    W_14: 46950s  106,454,067,200 steps   544496 feasible sets         0 orders tried  current cost 3
    W_14: 46965s  106,488,710,200 steps   544651 feasible sets         0 orders tried  current cost 6
    W_14: 46980s  106,523,412,800 steps   544824 feasible sets         0 orders tried  current cost 1
    W_14: 46995s  106,558,631,400 steps   544980 feasible sets         0 orders tried  current cost 4
    W_14: 47010s  106,593,181,200 steps   545155 feasible sets         0 orders tried  current cost 11
    W_14: 47025s  106,628,007,000 steps   545332 feasible sets         0 orders tried  current cost 4
    W_14: 47040s  106,662,637,200 steps   545502 feasible sets         0 orders tried  current cost 3
    W_14: 47055s  106,696,838,800 steps   545644 feasible sets         0 orders tried  current cost 3
    W_14: 47070s  106,731,241,400 steps   545810 feasible sets         0 orders tried  current cost 17
    W_14: 47085s  106,765,653,000 steps   545964 feasible sets         0 orders tried  current cost 5
    W_14: 47100s  106,800,047,800 steps   546143 feasible sets         0 orders tried  current cost 3
    W_14: 47115s  106,834,581,800 steps   546322 feasible sets         0 orders tried  current cost 11
    W_14: 47130s  106,869,266,200 steps   546494 feasible sets         0 orders tried  current cost 7
    W_14: 47145s  106,903,919,000 steps   546713 feasible sets         0 orders tried  current cost 3
    W_14: 47160s  106,938,733,800 steps   546910 feasible sets         0 orders tried  current cost 2
    W_14: 47175s  106,973,455,400 steps   547095 feasible sets         0 orders tried  current cost 2
    W_14: 47190s  107,008,056,800 steps   547267 feasible sets         0 orders tried  current cost 3
    W_14: 47205s  107,042,779,200 steps   547447 feasible sets         0 orders tried  current cost 1
    W_14: 47220s  107,077,503,200 steps   547651 feasible sets         0 orders tried  current cost 10
    W_14: 47235s  107,112,206,600 steps   547821 feasible sets         0 orders tried  current cost 9
    W_14: 47250s  107,146,885,600 steps   547985 feasible sets         0 orders tried  current cost 9
    W_14: 47265s  107,181,458,000 steps   548158 feasible sets         0 orders tried  current cost 2
    W_14: 47280s  107,216,257,800 steps   548339 feasible sets         0 orders tried  current cost 4
    W_14: 47295s  107,250,725,400 steps   548512 feasible sets         0 orders tried  current cost 8
    W_14: 47310s  107,285,727,000 steps   548662 feasible sets         0 orders tried  current cost 8
    W_14: 47325s  107,320,401,800 steps   548815 feasible sets         0 orders tried  current cost 16
    W_14: 47340s  107,355,031,800 steps   549000 feasible sets         0 orders tried  current cost 2
    W_14: 47355s  107,389,463,600 steps   549146 feasible sets         0 orders tried  current cost 11
    W_14: 47370s  107,424,087,800 steps   549294 feasible sets         0 orders tried  current cost 4
    W_14: 47385s  107,458,655,200 steps   549464 feasible sets         0 orders tried  current cost 2
    W_14: 47400s  107,493,301,600 steps   549651 feasible sets         0 orders tried  current cost 12
    W_14: 47415s  107,527,676,200 steps   549800 feasible sets         0 orders tried  current cost 5
    W_14: 47430s  107,561,781,000 steps   549949 feasible sets         0 orders tried  current cost 17
    W_14: 47445s  107,595,794,000 steps   550120 feasible sets         0 orders tried  current cost 4
    W_14: 47460s  107,629,665,200 steps   550285 feasible sets         0 orders tried  current cost 9
    W_14: 47475s  107,663,780,800 steps   550460 feasible sets         0 orders tried  current cost 13
    W_14: 47490s  107,698,209,400 steps   550634 feasible sets         0 orders tried  current cost 3
    W_14: 47505s  107,732,040,400 steps   550795 feasible sets         0 orders tried  current cost 13
    W_14: 47520s  107,765,990,200 steps   550932 feasible sets         0 orders tried  current cost 7
    W_14: 47535s  107,800,071,400 steps   551102 feasible sets         0 orders tried  current cost 3
    W_14: 47550s  107,833,960,800 steps   551292 feasible sets         0 orders tried  current cost 14
    W_14: 47565s  107,867,979,400 steps   551472 feasible sets         0 orders tried  current cost 2
    W_14: 47580s  107,901,773,200 steps   551649 feasible sets         0 orders tried  current cost 3
    W_14: 47595s  107,935,648,400 steps   551813 feasible sets         0 orders tried  current cost 6
    W_14: 47610s  107,969,324,000 steps   551966 feasible sets         0 orders tried  current cost 9
    W_14: 47625s  108,003,235,200 steps   552155 feasible sets         0 orders tried  current cost 3
    W_14: 47640s  108,037,250,200 steps   552308 feasible sets         0 orders tried  current cost 4
    W_14: 47655s  108,071,556,200 steps   552487 feasible sets         0 orders tried  current cost 5
    W_14: 47670s  108,105,502,000 steps   552639 feasible sets         0 orders tried  current cost 10
    W_14: 47685s  108,139,650,800 steps   552811 feasible sets         0 orders tried  current cost 5
    W_14: 47700s  108,173,411,000 steps   552944 feasible sets         0 orders tried  current cost 6
    W_14: 47715s  108,207,529,200 steps   553131 feasible sets         0 orders tried  current cost 4
    W_14: 47730s  108,241,431,800 steps   553356 feasible sets         0 orders tried  current cost 4
    W_14: 47745s  108,273,503,800 steps   553504 feasible sets         0 orders tried  current cost 13
    W_14: 47760s  108,307,266,800 steps   553694 feasible sets         0 orders tried  current cost 9
    W_14: 47775s  108,325,949,200 steps   553803 feasible sets         0 orders tried  current cost 5
    W_14: 47790s  108,360,130,800 steps   553965 feasible sets         0 orders tried  current cost 5
    W_14: 47805s  108,394,299,000 steps   554109 feasible sets         0 orders tried  current cost 2
    W_14: 47820s  108,428,514,800 steps   554288 feasible sets         0 orders tried  current cost 2
    W_14: 47835s  108,462,890,400 steps   554502 feasible sets         0 orders tried  current cost 4
    W_14: 47850s  108,497,284,800 steps   554639 feasible sets         0 orders tried  current cost 12
    W_14: 47865s  108,531,446,400 steps   554806 feasible sets         0 orders tried  current cost 7
    W_14: 47880s  108,565,153,400 steps   554961 feasible sets         0 orders tried  current cost 2
    W_14: 47895s  108,599,036,600 steps   555155 feasible sets         0 orders tried  current cost 4
    W_14: 47910s  108,633,132,600 steps   555353 feasible sets         0 orders tried  current cost 3
    W_14: 47925s  108,667,370,400 steps   555519 feasible sets         0 orders tried  current cost 5
    W_14: 47940s  108,701,515,800 steps   555678 feasible sets         0 orders tried  current cost 2
    W_14: 47955s  108,735,511,000 steps   555821 feasible sets         0 orders tried  current cost 3
    W_14: 47970s  108,769,569,400 steps   556013 feasible sets         0 orders tried  current cost 4
    W_14: 47985s  108,803,960,200 steps   556204 feasible sets         0 orders tried  current cost 11
    W_14: 48000s  108,838,011,800 steps   556359 feasible sets         0 orders tried  current cost 3
    W_14: 48015s  108,872,243,400 steps   556490 feasible sets         0 orders tried  current cost 11
    W_14: 48030s  108,906,120,400 steps   556692 feasible sets         0 orders tried  current cost 10
    W_14: 48045s  108,940,121,200 steps   556845 feasible sets         0 orders tried  current cost 15
    W_14: 48060s  108,973,725,200 steps   557032 feasible sets         0 orders tried  current cost 8
    W_14: 48075s  109,007,513,200 steps   557175 feasible sets         0 orders tried  current cost 3
    W_14: 48090s  109,041,607,000 steps   557310 feasible sets         0 orders tried  current cost 7
    W_14: 48105s  109,073,836,600 steps   557473 feasible sets         0 orders tried  current cost 2
    W_14: 48120s  109,096,854,000 steps   557610 feasible sets         0 orders tried  current cost 3
    W_14: 48135s  109,130,105,600 steps   557787 feasible sets         0 orders tried  current cost 9
    W_14: 48150s  109,164,187,000 steps   557932 feasible sets         0 orders tried  current cost 6
    W_14: 48165s  109,198,570,400 steps   558078 feasible sets         0 orders tried  current cost 5
    W_14: 48180s  109,233,327,600 steps   558273 feasible sets         0 orders tried  current cost 6
    W_14: 48195s  109,267,966,400 steps   558452 feasible sets         0 orders tried  current cost 7
    W_14: 48210s  109,302,586,200 steps   558608 feasible sets         0 orders tried  current cost 10
    W_14: 48225s  109,337,248,600 steps   558764 feasible sets         0 orders tried  current cost 5
    W_14: 48240s  109,372,078,800 steps   558948 feasible sets         0 orders tried  current cost 3
    W_14: 48255s  109,406,683,600 steps   559146 feasible sets         0 orders tried  current cost 9
    W_14: 48270s  109,441,547,200 steps   559298 feasible sets         0 orders tried  current cost 6
    W_14: 48285s  109,476,229,600 steps   559489 feasible sets         0 orders tried  current cost 6
    W_14: 48300s  109,511,130,200 steps   559659 feasible sets         0 orders tried  current cost 5
    W_14: 48315s  109,546,114,600 steps   559883 feasible sets         0 orders tried  current cost 1
    W_14: 48330s  109,580,944,000 steps   560033 feasible sets         0 orders tried  current cost 6
    W_14: 48345s  109,615,707,600 steps   560230 feasible sets         0 orders tried  current cost 7
    W_14: 48360s  109,650,603,600 steps   560426 feasible sets         0 orders tried  current cost 11
    W_14: 48375s  109,684,973,200 steps   560618 feasible sets         0 orders tried  current cost 2
    W_14: 48390s  109,719,971,400 steps   560775 feasible sets         0 orders tried  current cost 4
    W_14: 48405s  109,754,575,000 steps   560943 feasible sets         0 orders tried  current cost 4
    W_14: 48420s  109,789,519,600 steps   561166 feasible sets         0 orders tried  current cost 1
    W_14: 48435s  109,824,674,000 steps   561347 feasible sets         0 orders tried  current cost 5
    W_14: 48450s  109,859,373,600 steps   561533 feasible sets         0 orders tried  current cost 4
    W_14: 48465s  109,894,294,400 steps   561714 feasible sets         0 orders tried  current cost 4
    W_14: 48480s  109,928,950,200 steps   561900 feasible sets         0 orders tried  current cost 6
    W_14: 48495s  109,963,727,200 steps   562044 feasible sets         0 orders tried  current cost 6
    W_14: 48510s  109,998,568,200 steps   562235 feasible sets         0 orders tried  current cost 2
    W_14: 48525s  110,033,135,000 steps   562401 feasible sets         0 orders tried  current cost 3
    W_14: 48540s  110,068,034,200 steps   562586 feasible sets         0 orders tried  current cost 3
    W_14: 48555s  110,102,792,400 steps   562753 feasible sets         0 orders tried  current cost 4
    W_14: 48570s  110,137,515,600 steps   562939 feasible sets         0 orders tried  current cost 1
    W_14: 48585s  110,172,450,400 steps   563157 feasible sets         0 orders tried  current cost 5
    W_14: 48600s  110,206,855,400 steps   563317 feasible sets         0 orders tried  current cost 1
    W_14: 48615s  110,241,744,200 steps   563520 feasible sets         0 orders tried  current cost 11
    W_14: 48630s  110,276,940,800 steps   563722 feasible sets         0 orders tried  current cost 10
    W_14: 48645s  110,312,209,600 steps   563878 feasible sets         0 orders tried  current cost 5
    W_14: 48660s  110,346,878,400 steps   564061 feasible sets         0 orders tried  current cost 3
    W_14: 48675s  110,381,720,000 steps   564240 feasible sets         0 orders tried  current cost 2
    W_14: 48690s  110,416,513,400 steps   564412 feasible sets         0 orders tried  current cost 4
    W_14: 48705s  110,451,042,600 steps   564595 feasible sets         0 orders tried  current cost 13
    W_14: 48720s  110,485,393,800 steps   564754 feasible sets         0 orders tried  current cost 4
    W_14: 48735s  110,520,192,400 steps   564941 feasible sets         0 orders tried  current cost 2
    W_14: 48750s  110,555,070,800 steps   565167 feasible sets         0 orders tried  current cost 5
    W_14: 48765s  110,589,579,000 steps   565331 feasible sets         0 orders tried  current cost 3
    W_14: 48780s  110,624,815,400 steps   565551 feasible sets         0 orders tried  current cost 3
    W_14: 48795s  110,659,933,200 steps   565767 feasible sets         0 orders tried  current cost 3
    W_14: 48810s  110,694,914,400 steps   565937 feasible sets         0 orders tried  current cost 4
    W_14: 48825s  110,729,777,400 steps   566110 feasible sets         0 orders tried  current cost 2
    W_14: 48840s  110,764,595,200 steps   566320 feasible sets         0 orders tried  current cost 3
    W_14: 48855s  110,799,593,200 steps   566534 feasible sets         0 orders tried  current cost 3
    W_14: 48870s  110,833,792,200 steps   566684 feasible sets         0 orders tried  current cost 6
    W_14: 48885s  110,868,351,000 steps   566873 feasible sets         0 orders tried  current cost 4
    W_14: 48900s  110,903,231,000 steps   567050 feasible sets         0 orders tried  current cost 5
    W_14: 48915s  110,938,005,200 steps   567184 feasible sets         0 orders tried  current cost 9
    W_14: 48930s  110,972,688,800 steps   567378 feasible sets         0 orders tried  current cost 5
    W_14: 48945s  111,007,841,400 steps   567566 feasible sets         0 orders tried  current cost 16
    W_14: 48960s  111,043,080,800 steps   567745 feasible sets         0 orders tried  current cost 9
    W_14: 48975s  111,078,059,400 steps   567910 feasible sets         0 orders tried  current cost 3
    W_14: 48990s  111,112,725,600 steps   568084 feasible sets         0 orders tried  current cost 7
    W_14: 49005s  111,147,317,600 steps   568256 feasible sets         0 orders tried  current cost 3
    W_14: 49020s  111,181,584,800 steps   568394 feasible sets         0 orders tried  current cost 10
    W_14: 49035s  111,216,448,400 steps   568550 feasible sets         0 orders tried  current cost 4
    W_14: 49050s  111,251,278,600 steps   568705 feasible sets         0 orders tried  current cost 2
    W_14: 49065s  111,286,620,000 steps   568908 feasible sets         0 orders tried  current cost 4
    W_14: 49080s  111,321,406,000 steps   569057 feasible sets         0 orders tried  current cost 8
    W_14: 49095s  111,356,283,600 steps   569247 feasible sets         0 orders tried  current cost 11
    W_14: 49110s  111,391,185,600 steps   569418 feasible sets         0 orders tried  current cost 9
    W_14: 49125s  111,426,041,000 steps   569610 feasible sets         0 orders tried  current cost 11
    W_14: 49140s  111,460,710,000 steps   569795 feasible sets         0 orders tried  current cost 6
    W_14: 49155s  111,495,696,200 steps   569980 feasible sets         0 orders tried  current cost 3
    W_14: 49170s  111,530,349,600 steps   570165 feasible sets         0 orders tried  current cost 6
    W_14: 49185s  111,564,832,000 steps   570332 feasible sets         0 orders tried  current cost 4
    W_14: 49200s  111,599,398,600 steps   570508 feasible sets         0 orders tried  current cost 4
    W_14: 49215s  111,634,159,400 steps   570726 feasible sets         0 orders tried  current cost 2
    W_14: 49230s  111,668,887,400 steps   570931 feasible sets         0 orders tried  current cost 5
    W_14: 49245s  111,703,602,400 steps   571076 feasible sets         0 orders tried  current cost 13
    W_14: 49260s  111,738,370,400 steps   571279 feasible sets         0 orders tried  current cost 3
    W_14: 49275s  111,773,010,800 steps   571459 feasible sets         0 orders tried  current cost 3
    W_14: 49290s  111,807,786,800 steps   571609 feasible sets         0 orders tried  current cost 5
    W_14: 49305s  111,842,702,000 steps   571828 feasible sets         0 orders tried  current cost 13
    W_14: 49320s  111,877,716,800 steps   572001 feasible sets         0 orders tried  current cost 3
    W_14: 49335s  111,911,493,600 steps   572186 feasible sets         0 orders tried  current cost 2
    W_14: 49350s  111,945,916,800 steps   572344 feasible sets         0 orders tried  current cost 3
    W_14: 49365s  111,980,341,200 steps   572495 feasible sets         0 orders tried  current cost 10
    W_14: 49380s  112,014,780,600 steps   572661 feasible sets         0 orders tried  current cost 13
    W_14: 49395s  112,049,314,600 steps   572845 feasible sets         0 orders tried  current cost 5
    W_14: 49410s  112,083,705,600 steps   573012 feasible sets         0 orders tried  current cost 8
    W_14: 49425s  112,117,894,800 steps   573181 feasible sets         0 orders tried  current cost 4
    W_14: 49440s  112,152,466,800 steps   573326 feasible sets         0 orders tried  current cost 8
    W_14: 49455s  112,186,877,600 steps   573477 feasible sets         0 orders tried  current cost 3
    W_14: 49470s  112,221,430,400 steps   573636 feasible sets         0 orders tried  current cost 4
    W_14: 49485s  112,255,493,200 steps   573789 feasible sets         0 orders tried  current cost 3
    W_14: 49500s  112,290,136,200 steps   573989 feasible sets         0 orders tried  current cost 1
    W_14: 49515s  112,324,627,800 steps   574143 feasible sets         0 orders tried  current cost 3
    W_14: 49530s  112,359,251,600 steps   574341 feasible sets         0 orders tried  current cost 2
    W_14: 49545s  112,393,530,800 steps   574539 feasible sets         0 orders tried  current cost 4
    W_14: 49560s  112,428,410,000 steps   574708 feasible sets         0 orders tried  current cost 5
    W_14: 49575s  112,462,640,600 steps   574878 feasible sets         0 orders tried  current cost 12
    W_14: 49590s  112,497,033,400 steps   575046 feasible sets         0 orders tried  current cost 4
    W_14: 49605s  112,531,745,800 steps   575232 feasible sets         0 orders tried  current cost 9
    W_14: 49620s  112,566,543,600 steps   575421 feasible sets         0 orders tried  current cost 7
    W_14: 49635s  112,601,367,800 steps   575592 feasible sets         0 orders tried  current cost 8
    W_14: 49650s  112,635,677,800 steps   575799 feasible sets         0 orders tried  current cost 2
    W_14: 49665s  112,670,041,200 steps   575994 feasible sets         0 orders tried  current cost 7
    W_14: 49680s  112,704,358,000 steps   576185 feasible sets         0 orders tried  current cost 2
    W_14: 49695s  112,738,682,600 steps   576399 feasible sets         0 orders tried  current cost 9
    W_14: 49710s  112,773,231,200 steps   576619 feasible sets         0 orders tried  current cost 5
    W_14: 49725s  112,807,697,400 steps   576790 feasible sets         0 orders tried  current cost 2
    W_14: 49740s  112,842,191,600 steps   576985 feasible sets         0 orders tried  current cost 1
    W_14: 49755s  112,876,544,800 steps   577158 feasible sets         0 orders tried  current cost 10
    W_14: 49770s  112,910,550,000 steps   577340 feasible sets         0 orders tried  current cost 3
    W_14: 49785s  112,945,281,800 steps   577518 feasible sets         0 orders tried  current cost 14
    W_14: 49800s  112,979,812,800 steps   577706 feasible sets         0 orders tried  current cost 4
    W_14: 49815s  113,014,437,400 steps   577881 feasible sets         0 orders tried  current cost 3
    W_14: 49830s  113,048,851,600 steps   578044 feasible sets         0 orders tried  current cost 3
    W_14: 49845s  113,082,981,600 steps   578191 feasible sets         0 orders tried  current cost 11
    W_14: 49860s  113,117,383,400 steps   578315 feasible sets         0 orders tried  current cost 11
    W_14: 49875s  113,151,963,600 steps   578501 feasible sets         0 orders tried  current cost 8
    W_14: 49890s  113,186,637,400 steps   578711 feasible sets         0 orders tried  current cost 4
    W_14: 49905s  113,220,702,400 steps   578901 feasible sets         0 orders tried  current cost 10
    W_14: 49920s  113,255,290,200 steps   579076 feasible sets         0 orders tried  current cost 3
    W_14: 49935s  113,290,009,400 steps   579237 feasible sets         0 orders tried  current cost 3
    W_14: 49950s  113,324,506,000 steps   579375 feasible sets         0 orders tried  current cost 6
    W_14: 49965s  113,359,069,400 steps   579565 feasible sets         0 orders tried  current cost 4
    W_14: 49980s  113,393,296,600 steps   579737 feasible sets         0 orders tried  current cost 2
    W_14: 49995s  113,427,400,000 steps   579918 feasible sets         0 orders tried  current cost 8
    W_14: 50010s  113,462,410,400 steps   580094 feasible sets         0 orders tried  current cost 4
    W_14: 50025s  113,497,248,000 steps   580254 feasible sets         0 orders tried  current cost 6
    W_14: 50040s  113,531,904,600 steps   580444 feasible sets         0 orders tried  current cost 12
    W_14: 50055s  113,566,495,000 steps   580636 feasible sets         0 orders tried  current cost 2
    W_14: 50070s  113,601,254,800 steps   580815 feasible sets         0 orders tried  current cost 4
    W_14: 50085s  113,635,666,200 steps   580971 feasible sets         0 orders tried  current cost 6
    W_14: 50100s  113,670,207,600 steps   581181 feasible sets         0 orders tried  current cost 9
    W_14: 50115s  113,704,432,800 steps   581343 feasible sets         0 orders tried  current cost 2
    W_14: 50130s  113,739,072,800 steps   581517 feasible sets         0 orders tried  current cost 3
    W_14: 50145s  113,773,376,600 steps   581703 feasible sets         0 orders tried  current cost 2
    W_14: 50160s  113,808,046,200 steps   581865 feasible sets         0 orders tried  current cost 13
    W_14: 50175s  113,842,442,400 steps   582035 feasible sets         0 orders tried  current cost 14
    W_14: 50190s  113,876,491,000 steps   582202 feasible sets         0 orders tried  current cost 2
    W_14: 50205s  113,911,510,600 steps   582347 feasible sets         0 orders tried  current cost 5
    W_14: 50220s  113,946,402,800 steps   582521 feasible sets         0 orders tried  current cost 13
    W_14: 50235s  113,981,256,400 steps   582678 feasible sets         0 orders tried  current cost 5
    W_14: 50250s  114,016,146,400 steps   582877 feasible sets         0 orders tried  current cost 5
    W_14: 50265s  114,051,132,800 steps   583029 feasible sets         0 orders tried  current cost 3
    W_14: 50280s  114,086,079,200 steps   583194 feasible sets         0 orders tried  current cost 1
    W_14: 50295s  114,120,830,800 steps   583384 feasible sets         0 orders tried  current cost 5
    W_14: 50310s  114,155,467,200 steps   583498 feasible sets         0 orders tried  current cost 5
    W_14: 50325s  114,190,264,200 steps   583670 feasible sets         0 orders tried  current cost 11
    W_14: 50340s  114,224,910,000 steps   583846 feasible sets         0 orders tried  current cost 2
    W_14: 50355s  114,259,447,400 steps   584019 feasible sets         0 orders tried  current cost 6
    W_14: 50370s  114,293,984,800 steps   584221 feasible sets         0 orders tried  current cost 7
    W_14: 50385s  114,328,628,600 steps   584399 feasible sets         0 orders tried  current cost 6
    W_14: 50400s  114,363,394,200 steps   584625 feasible sets         0 orders tried  current cost 4
    W_14: 50415s  114,398,545,000 steps   584804 feasible sets         0 orders tried  current cost 9
    W_14: 50430s  114,433,374,800 steps   584970 feasible sets         0 orders tried  current cost 4
    W_14: 50445s  114,468,354,600 steps   585170 feasible sets         0 orders tried  current cost 4
    W_14: 50460s  114,503,173,400 steps   585387 feasible sets         0 orders tried  current cost 2
    W_14: 50475s  114,538,112,000 steps   585582 feasible sets         0 orders tried  current cost 4
    W_14: 50490s  114,572,743,800 steps   585765 feasible sets         0 orders tried  current cost 10
    W_14: 50505s  114,607,313,600 steps   585933 feasible sets         0 orders tried  current cost 3
    W_14: 50520s  114,642,066,800 steps   586137 feasible sets         0 orders tried  current cost 5
    W_14: 50535s  114,676,447,800 steps   586342 feasible sets         0 orders tried  current cost 6
    W_14: 50550s  114,710,982,600 steps   586500 feasible sets         0 orders tried  current cost 13
    W_14: 50565s  114,745,671,400 steps   586673 feasible sets         0 orders tried  current cost 4
    W_14: 50580s  114,780,064,400 steps   586799 feasible sets         0 orders tried  current cost 10
    W_14: 50595s  114,814,880,800 steps   586993 feasible sets         0 orders tried  current cost 16
    W_14: 50610s  114,849,411,200 steps   587174 feasible sets         0 orders tried  current cost 4
    W_14: 50625s  114,883,921,400 steps   587335 feasible sets         0 orders tried  current cost 9
    W_14: 50640s  114,918,340,200 steps   587516 feasible sets         0 orders tried  current cost 13
    W_14: 50655s  114,952,976,400 steps   587700 feasible sets         0 orders tried  current cost 2
    W_14: 50670s  114,987,356,200 steps   587873 feasible sets         0 orders tried  current cost 3
    W_14: 50685s  115,021,963,600 steps   588066 feasible sets         0 orders tried  current cost 14
    W_14: 50700s  115,056,867,800 steps   588245 feasible sets         0 orders tried  current cost 4
    W_14: 50715s  115,091,225,200 steps   588402 feasible sets         0 orders tried  current cost 9
    W_14: 50730s  115,125,677,400 steps   588540 feasible sets         0 orders tried  current cost 5
    W_14: 50745s  115,160,323,200 steps   588729 feasible sets         0 orders tried  current cost 9
    W_14: 50760s  115,194,802,200 steps   588939 feasible sets         0 orders tried  current cost 10
    W_14: 50775s  115,229,212,200 steps   589129 feasible sets         0 orders tried  current cost 3
    W_14: 50790s  115,263,880,600 steps   589358 feasible sets         0 orders tried  current cost 21
    W_14: 50805s  115,298,895,400 steps   589592 feasible sets         0 orders tried  current cost 3
    W_14: 50820s  115,333,678,800 steps   589764 feasible sets         0 orders tried  current cost 4
    W_14: 50835s  115,368,323,000 steps   589904 feasible sets         0 orders tried  current cost 6
    W_14: 50850s  115,403,442,600 steps   590073 feasible sets         0 orders tried  current cost 12
    W_14: 50865s  115,437,985,800 steps   590217 feasible sets         0 orders tried  current cost 7
    W_14: 50880s  115,472,457,200 steps   590399 feasible sets         0 orders tried  current cost 3
    W_14: 50895s  115,506,890,200 steps   590560 feasible sets         0 orders tried  current cost 4
    W_14: 50910s  115,541,526,200 steps   590743 feasible sets         0 orders tried  current cost 5
    W_14: 50925s  115,576,544,000 steps   590939 feasible sets         0 orders tried  current cost 9
    W_14: 50940s  115,611,663,200 steps   591129 feasible sets         0 orders tried  current cost 9
    W_14: 50955s  115,646,326,000 steps   591319 feasible sets         0 orders tried  current cost 6
    W_14: 50970s  115,680,987,800 steps   591458 feasible sets         0 orders tried  current cost 2
    W_14: 50985s  115,715,687,000 steps   591641 feasible sets         0 orders tried  current cost 4
    W_14: 51000s  115,750,370,200 steps   591858 feasible sets         0 orders tried  current cost 5
    W_14: 51015s  115,784,839,000 steps   592006 feasible sets         0 orders tried  current cost 2
    W_14: 51030s  115,819,546,600 steps   592155 feasible sets         0 orders tried  current cost 6
    W_14: 51045s  115,854,054,000 steps   592325 feasible sets         0 orders tried  current cost 3
    W_14: 51060s  115,888,351,200 steps   592508 feasible sets         0 orders tried  current cost 4
    W_14: 51075s  115,922,922,000 steps   592691 feasible sets         0 orders tried  current cost 9
    W_14: 51090s  115,957,679,000 steps   592914 feasible sets         0 orders tried  current cost 4
    W_14: 51105s  115,992,538,400 steps   593080 feasible sets         0 orders tried  current cost 5
    W_14: 51120s  116,027,357,000 steps   593254 feasible sets         0 orders tried  current cost 2
    W_14: 51135s  116,061,880,400 steps   593442 feasible sets         0 orders tried  current cost 13
    W_14: 51150s  116,096,240,400 steps   593611 feasible sets         0 orders tried  current cost 19
    W_14: 51165s  116,130,909,400 steps   593801 feasible sets         0 orders tried  current cost 1
    W_14: 51180s  116,165,533,400 steps   594010 feasible sets         0 orders tried  current cost 2
    W_14: 51195s  116,200,220,200 steps   594198 feasible sets         0 orders tried  current cost 21
    W_14: 51210s  116,234,843,600 steps   594331 feasible sets         0 orders tried  current cost 11
    W_14: 51225s  116,269,182,200 steps   594479 feasible sets         0 orders tried  current cost 9
    W_14: 51240s  116,303,729,200 steps   594669 feasible sets         0 orders tried  current cost 2
    W_14: 51255s  116,338,497,000 steps   594880 feasible sets         0 orders tried  current cost 1
    W_14: 51270s  116,373,247,600 steps   595053 feasible sets         0 orders tried  current cost 6
    W_14: 51285s  116,408,218,200 steps   595213 feasible sets         0 orders tried  current cost 3
    W_14: 51300s  116,442,902,400 steps   595405 feasible sets         0 orders tried  current cost 9
    W_14: 51315s  116,477,580,600 steps   595553 feasible sets         0 orders tried  current cost 12
    W_14: 51330s  116,511,830,000 steps   595677 feasible sets         0 orders tried  current cost 2
    W_14: 51345s  116,546,818,000 steps   595858 feasible sets         0 orders tried  current cost 4
    W_14: 51360s  116,581,856,800 steps   596042 feasible sets         0 orders tried  current cost 4
    W_14: 51375s  116,616,491,600 steps   596212 feasible sets         0 orders tried  current cost 1
    W_14: 51390s  116,651,484,000 steps   596370 feasible sets         0 orders tried  current cost 12
    W_14: 51405s  116,686,214,000 steps   596576 feasible sets         0 orders tried  current cost 2
    W_14: 51420s  116,721,033,600 steps   596754 feasible sets         0 orders tried  current cost 1
    W_14: 51435s  116,755,413,600 steps   596913 feasible sets         0 orders tried  current cost 4
    W_14: 51450s  116,789,810,600 steps   597090 feasible sets         0 orders tried  current cost 4
    W_14: 51465s  116,824,294,400 steps   597279 feasible sets         0 orders tried  current cost 3
    W_14: 51480s  116,858,966,200 steps   597444 feasible sets         0 orders tried  current cost 7
    W_14: 51495s  116,893,645,600 steps   597604 feasible sets         0 orders tried  current cost 11
    W_14: 51510s  116,928,063,600 steps   597801 feasible sets         0 orders tried  current cost 10
    W_14: 51525s  116,962,720,000 steps   597972 feasible sets         0 orders tried  current cost 5
    W_14: 51540s  116,997,615,600 steps   598128 feasible sets         0 orders tried  current cost 2
    W_14: 51555s  117,031,846,800 steps   598317 feasible sets         0 orders tried  current cost 5
    W_14: 51570s  117,066,213,200 steps   598484 feasible sets         0 orders tried  current cost 5
    W_14: 51585s  117,100,806,000 steps   598673 feasible sets         0 orders tried  current cost 7
    W_14: 51600s  117,135,256,200 steps   598856 feasible sets         0 orders tried  current cost 4
    W_14: 51615s  117,169,770,200 steps   599040 feasible sets         0 orders tried  current cost 4
    W_14: 51630s  117,204,705,800 steps   599206 feasible sets         0 orders tried  current cost 10
    W_14: 51645s  117,239,271,600 steps   599389 feasible sets         0 orders tried  current cost 1
    W_14: 51660s  117,273,887,600 steps   599569 feasible sets         0 orders tried  current cost 8
    W_14: 51675s  117,308,481,400 steps   599757 feasible sets         0 orders tried  current cost 17
    W_14: 51690s  117,342,553,000 steps   599933 feasible sets         0 orders tried  current cost 5
    W_14: 51705s  117,377,027,600 steps   600142 feasible sets         0 orders tried  current cost 6
    W_14: 51720s  117,411,544,000 steps   600310 feasible sets         0 orders tried  current cost 11
    W_14: 51735s  117,445,877,200 steps   600451 feasible sets         0 orders tried  current cost 3
    W_14: 51750s  117,480,892,000 steps   600650 feasible sets         0 orders tried  current cost 5
    W_14: 51765s  117,515,917,800 steps   600864 feasible sets         0 orders tried  current cost 2
    W_14: 51780s  117,550,635,200 steps   601076 feasible sets         0 orders tried  current cost 5
    W_14: 51795s  117,585,492,000 steps   601236 feasible sets         0 orders tried  current cost 4
    W_14: 51810s  117,620,595,600 steps   601415 feasible sets         0 orders tried  current cost 16
    W_14: 51825s  117,655,254,000 steps   601584 feasible sets         0 orders tried  current cost 3
    W_14: 51840s  117,689,830,000 steps   601753 feasible sets         0 orders tried  current cost 4
    W_14: 51855s  117,724,544,800 steps   601959 feasible sets         0 orders tried  current cost 6
    W_14: 51870s  117,759,359,000 steps   602141 feasible sets         0 orders tried  current cost 1
    W_14: 51885s  117,793,761,200 steps   602307 feasible sets         0 orders tried  current cost 16
    W_14: 51900s  117,828,729,400 steps   602483 feasible sets         0 orders tried  current cost 2
    W_14: 51915s  117,863,435,200 steps   602686 feasible sets         0 orders tried  current cost 4
    W_14: 51930s  117,898,525,800 steps   602882 feasible sets         0 orders tried  current cost 10
    W_14: 51945s  117,933,726,400 steps   603063 feasible sets         0 orders tried  current cost 8
    W_14: 51960s  117,968,610,400 steps   603257 feasible sets         0 orders tried  current cost 3
    W_14: 51975s  118,002,891,200 steps   603433 feasible sets         0 orders tried  current cost 3
    W_14: 51990s  118,038,078,400 steps   603622 feasible sets         0 orders tried  current cost 3
    W_14: 52005s  118,072,379,000 steps   603780 feasible sets         0 orders tried  current cost 2
    W_14: 52020s  118,107,495,600 steps   603974 feasible sets         0 orders tried  current cost 3
    W_14: 52035s  118,141,921,400 steps   604146 feasible sets         0 orders tried  current cost 9
    W_14: 52050s  118,176,920,800 steps   604328 feasible sets         0 orders tried  current cost 10
    W_14: 52065s  118,211,964,400 steps   604543 feasible sets         0 orders tried  current cost 6
    W_14: 52080s  118,246,588,400 steps   604748 feasible sets         0 orders tried  current cost 5
    W_14: 52095s  118,280,851,000 steps   604909 feasible sets         0 orders tried  current cost 5
    W_14: 52110s  118,315,525,600 steps   605106 feasible sets         0 orders tried  current cost 7
    W_14: 52125s  118,350,170,800 steps   605265 feasible sets         0 orders tried  current cost 3
    W_14: 52140s  118,385,064,200 steps   605447 feasible sets         0 orders tried  current cost 8
    W_14: 52155s  118,419,648,600 steps   605595 feasible sets         0 orders tried  current cost 6
    W_14: 52170s  118,453,894,800 steps   605738 feasible sets         0 orders tried  current cost 2
    W_14: 52185s  118,488,552,400 steps   605927 feasible sets         0 orders tried  current cost 3
    W_14: 52200s  118,523,181,800 steps   606099 feasible sets         0 orders tried  current cost 13
    W_14: 52215s  118,557,595,400 steps   606289 feasible sets         0 orders tried  current cost 3
    W_14: 52230s  118,592,289,400 steps   606496 feasible sets         0 orders tried  current cost 4
    W_14: 52245s  118,627,100,800 steps   606639 feasible sets         0 orders tried  current cost 12
    W_14: 52260s  118,662,004,400 steps   606848 feasible sets         0 orders tried  current cost 14
    W_14: 52275s  118,697,302,600 steps   607010 feasible sets         0 orders tried  current cost 9
    W_14: 52290s  118,732,178,600 steps   607200 feasible sets         0 orders tried  current cost 4
    W_14: 52305s  118,767,115,600 steps   607365 feasible sets         0 orders tried  current cost 1
    W_14: 52320s  118,801,867,400 steps   607551 feasible sets         0 orders tried  current cost 4
    W_14: 52335s  118,836,377,200 steps   607729 feasible sets         0 orders tried  current cost 3
    W_14: 52350s  118,871,408,400 steps   607894 feasible sets         0 orders tried  current cost 6
    W_14: 52365s  118,906,250,200 steps   608054 feasible sets         0 orders tried  current cost 3
    W_14: 52380s  118,941,385,200 steps   608215 feasible sets         0 orders tried  current cost 7
    W_14: 52395s  118,976,320,000 steps   608394 feasible sets         0 orders tried  current cost 2
    W_14: 52410s  119,010,670,200 steps   608555 feasible sets         0 orders tried  current cost 3
    W_14: 52425s  119,045,490,800 steps   608754 feasible sets         0 orders tried  current cost 6
    W_14: 52440s  119,080,576,600 steps   608927 feasible sets         0 orders tried  current cost 4
    W_14: 52455s  119,115,550,800 steps   609083 feasible sets         0 orders tried  current cost 4
    W_14: 52470s  119,150,209,000 steps   609230 feasible sets         0 orders tried  current cost 5
    W_14: 52485s  119,185,227,600 steps   609369 feasible sets         0 orders tried  current cost 8
    W_14: 52500s  119,219,795,800 steps   609551 feasible sets         0 orders tried  current cost 4
    W_14: 52515s  119,254,394,400 steps   609696 feasible sets         0 orders tried  current cost 4
    W_14: 52530s  119,289,234,200 steps   609898 feasible sets         0 orders tried  current cost 1
    W_14: 52545s  119,323,882,400 steps   610108 feasible sets         0 orders tried  current cost 10
    W_14: 52560s  119,358,703,200 steps   610275 feasible sets         0 orders tried  current cost 13
    W_14: 52575s  119,393,679,800 steps   610478 feasible sets         0 orders tried  current cost 1
    W_14: 52590s  119,428,015,800 steps   610630 feasible sets         0 orders tried  current cost 3
    W_14: 52605s  119,462,689,800 steps   610769 feasible sets         0 orders tried  current cost 4
    W_14: 52620s  119,497,494,600 steps   610914 feasible sets         0 orders tried  current cost 3
    W_14: 52635s  119,532,381,600 steps   611073 feasible sets         0 orders tried  current cost 9
    W_14: 52650s  119,567,203,400 steps   611235 feasible sets         0 orders tried  current cost 12
    W_14: 52665s  119,601,819,400 steps   611458 feasible sets         0 orders tried  current cost 3
    W_14: 52680s  119,636,706,600 steps   611638 feasible sets         0 orders tried  current cost 8
    W_14: 52695s  119,671,287,200 steps   611801 feasible sets         0 orders tried  current cost 10
    W_14: 52710s  119,706,129,200 steps   611986 feasible sets         0 orders tried  current cost 4
    W_14: 52725s  119,740,747,400 steps   612164 feasible sets         0 orders tried  current cost 7
    W_14: 52740s  119,775,867,400 steps   612348 feasible sets         0 orders tried  current cost 4
    W_14: 52755s  119,810,696,600 steps   612532 feasible sets         0 orders tried  current cost 3
    W_14: 52770s  119,845,768,200 steps   612718 feasible sets         0 orders tried  current cost 3
    W_14: 52785s  119,880,881,200 steps   612912 feasible sets         0 orders tried  current cost 11
    W_14: 52800s  119,915,754,000 steps   613081 feasible sets         0 orders tried  current cost 5
    W_14: 52815s  119,950,526,400 steps   613225 feasible sets         0 orders tried  current cost 4
    W_14: 52830s  119,984,593,000 steps   613403 feasible sets         0 orders tried  current cost 3
    W_14: 52845s  120,019,260,200 steps   613553 feasible sets         0 orders tried  current cost 16
    W_14: 52860s  120,053,785,400 steps   613716 feasible sets         0 orders tried  current cost 7
    W_14: 52875s  120,088,475,400 steps   613882 feasible sets         0 orders tried  current cost 5
    W_14: 52890s  120,123,110,000 steps   614116 feasible sets         0 orders tried  current cost 4
    W_14: 52905s  120,158,330,200 steps   614271 feasible sets         0 orders tried  current cost 4
    W_14: 52920s  120,193,032,400 steps   614432 feasible sets         0 orders tried  current cost 3
    W_14: 52935s  120,227,819,400 steps   614589 feasible sets         0 orders tried  current cost 3
    W_14: 52950s  120,262,542,800 steps   614819 feasible sets         0 orders tried  current cost 11
    W_14: 52965s  120,297,452,000 steps   614975 feasible sets         0 orders tried  current cost 3
    W_14: 52980s  120,332,037,000 steps   615123 feasible sets         0 orders tried  current cost 3
    W_14: 52995s  120,366,641,600 steps   615274 feasible sets         0 orders tried  current cost 18
    W_14: 53010s  120,401,430,200 steps   615447 feasible sets         0 orders tried  current cost 4
    W_14: 53025s  120,436,577,000 steps   615585 feasible sets         0 orders tried  current cost 2
    W_14: 53040s  120,471,473,000 steps   615770 feasible sets         0 orders tried  current cost 4
    W_14: 53055s  120,506,411,800 steps   615939 feasible sets         0 orders tried  current cost 3
    W_14: 53070s  120,541,482,600 steps   616105 feasible sets         0 orders tried  current cost 10
    W_14: 53085s  120,576,483,600 steps   616284 feasible sets         0 orders tried  current cost 10
    W_14: 53100s  120,611,381,000 steps   616476 feasible sets         0 orders tried  current cost 8
    W_14: 53115s  120,646,368,400 steps   616644 feasible sets         0 orders tried  current cost 7
    W_14: 53130s  120,680,822,400 steps   616825 feasible sets         0 orders tried  current cost 10
    W_14: 53145s  120,715,327,600 steps   617006 feasible sets         0 orders tried  current cost 5
    W_14: 53160s  120,750,372,800 steps   617219 feasible sets         0 orders tried  current cost 3
    W_14: 53175s  120,784,934,800 steps   617432 feasible sets         0 orders tried  current cost 3
    W_14: 53190s  120,819,460,800 steps   617577 feasible sets         0 orders tried  current cost 16
    W_14: 53205s  120,854,311,400 steps   617749 feasible sets         0 orders tried  current cost 5
    W_14: 53220s  120,888,819,600 steps   617951 feasible sets         0 orders tried  current cost 3
    W_14: 53235s  120,923,969,400 steps   618124 feasible sets         0 orders tried  current cost 3
    W_14: 53250s  120,958,872,600 steps   618362 feasible sets         0 orders tried  current cost 4
    W_14: 53265s  120,994,119,200 steps   618513 feasible sets         0 orders tried  current cost 2
    W_14: 53280s  121,028,772,400 steps   618694 feasible sets         0 orders tried  current cost 2
    W_14: 53295s  121,063,575,600 steps   618898 feasible sets         0 orders tried  current cost 4
    W_14: 53310s  121,097,882,200 steps   619033 feasible sets         0 orders tried  current cost 14
    W_14: 53325s  121,132,759,200 steps   619221 feasible sets         0 orders tried  current cost 4
    W_14: 53340s  121,167,535,200 steps   619392 feasible sets         0 orders tried  current cost 3
    W_14: 53355s  121,202,295,800 steps   619554 feasible sets         0 orders tried  current cost 3
    W_14: 53370s  121,237,025,200 steps   619710 feasible sets         0 orders tried  current cost 9
    W_14: 53385s  121,271,329,400 steps   619901 feasible sets         0 orders tried  current cost 5
    W_14: 53400s  121,305,915,400 steps   620047 feasible sets         0 orders tried  current cost 4
    W_14: 53415s  121,340,637,000 steps   620236 feasible sets         0 orders tried  current cost 5
    W_14: 53430s  121,375,350,800 steps   620403 feasible sets         0 orders tried  current cost 5
    W_14: 53445s  121,410,172,800 steps   620567 feasible sets         0 orders tried  current cost 4
    W_14: 53460s  121,444,769,600 steps   620752 feasible sets         0 orders tried  current cost 3
    W_14: 53475s  121,479,324,400 steps   620911 feasible sets         0 orders tried  current cost 9
    W_14: 53490s  121,513,796,600 steps   621090 feasible sets         0 orders tried  current cost 2
    W_14: 53505s  121,548,464,600 steps   621293 feasible sets         0 orders tried  current cost 13
    W_14: 53520s  121,583,290,200 steps   621435 feasible sets         0 orders tried  current cost 4
    W_14: 53535s  121,618,268,600 steps   621668 feasible sets         0 orders tried  current cost 2
    W_14: 53550s  121,653,216,800 steps   621873 feasible sets         0 orders tried  current cost 1
    W_14: 53565s  121,687,919,000 steps   622054 feasible sets         0 orders tried  current cost 4
    W_14: 53580s  121,722,820,400 steps   622248 feasible sets         0 orders tried  current cost 11
    W_14: 53595s  121,757,881,200 steps   622456 feasible sets         0 orders tried  current cost 14
    W_14: 53610s  121,792,522,600 steps   622660 feasible sets         0 orders tried  current cost 14
    W_14: 53625s  121,827,169,000 steps   622820 feasible sets         0 orders tried  current cost 5
    W_14: 53640s  121,861,282,600 steps   622989 feasible sets         0 orders tried  current cost 10
    W_14: 53655s  121,895,759,800 steps   623161 feasible sets         0 orders tried  current cost 1
    W_14: 53670s  121,930,427,400 steps   623365 feasible sets         0 orders tried  current cost 5
    W_14: 53685s  121,965,254,800 steps   623525 feasible sets         0 orders tried  current cost 4
    W_14: 53700s  122,000,015,000 steps   623715 feasible sets         0 orders tried  current cost 4
    W_14: 53715s  122,034,843,400 steps   623863 feasible sets         0 orders tried  current cost 14
    W_14: 53730s  122,069,795,600 steps   624027 feasible sets         0 orders tried  current cost 5
    W_14: 53745s  122,104,901,200 steps   624201 feasible sets         0 orders tried  current cost 11
    W_14: 53760s  122,139,256,800 steps   624401 feasible sets         0 orders tried  current cost 2
    W_14: 53775s  122,174,495,400 steps   624607 feasible sets         0 orders tried  current cost 1
    W_14: 53790s  122,207,306,600 steps   624765 feasible sets         0 orders tried  current cost 9
    W_14: 53805s  122,241,764,200 steps   624933 feasible sets         0 orders tried  current cost 7
    W_14: 53820s  122,276,369,800 steps   625121 feasible sets         0 orders tried  current cost 6
    W_14: 53835s  122,310,716,200 steps   625321 feasible sets         0 orders tried  current cost 3
    W_14: 53850s  122,344,750,000 steps   625476 feasible sets         0 orders tried  current cost 3
    W_14: 53865s  122,379,515,000 steps   625667 feasible sets         0 orders tried  current cost 5
    W_14: 53880s  122,413,932,000 steps   625843 feasible sets         0 orders tried  current cost 3
    W_14: 53895s  122,448,784,800 steps   626036 feasible sets         0 orders tried  current cost 7
    W_14: 53910s  122,482,708,400 steps   626219 feasible sets         0 orders tried  current cost 8
    W_14: 53925s  122,517,100,800 steps   626412 feasible sets         0 orders tried  current cost 15
    W_14: 53940s  122,551,535,000 steps   626586 feasible sets         0 orders tried  current cost 3
    W_14: 53955s  122,586,666,000 steps   626785 feasible sets         0 orders tried  current cost 6
    W_14: 53970s  122,621,271,200 steps   626949 feasible sets         0 orders tried  current cost 4
    W_14: 53985s  122,654,953,000 steps   627139 feasible sets         0 orders tried  current cost 2
    W_14: 54000s  122,689,762,000 steps   627306 feasible sets         0 orders tried  current cost 9
    W_14: 54015s  122,724,058,600 steps   627446 feasible sets         0 orders tried  current cost 1
    W_14: 54030s  122,758,249,000 steps   627613 feasible sets         0 orders tried  current cost 4
    W_14: 54045s  122,792,796,200 steps   627775 feasible sets         0 orders tried  current cost 3
    W_14: 54060s  122,826,510,800 steps   627960 feasible sets         0 orders tried  current cost 3
    W_14: 54075s  122,858,704,800 steps   628107 feasible sets         0 orders tried  current cost 12
    W_14: 54090s  122,892,626,800 steps   628295 feasible sets         0 orders tried  current cost 9
    W_14: 54105s  122,926,269,000 steps   628462 feasible sets         0 orders tried  current cost 5
    W_14: 54120s  122,961,099,000 steps   628640 feasible sets         0 orders tried  current cost 2
    W_14: 54135s  122,995,594,800 steps   628805 feasible sets         0 orders tried  current cost 4
    W_14: 54150s  123,029,834,600 steps   628998 feasible sets         0 orders tried  current cost 4
    W_14: 54165s  123,064,417,600 steps   629205 feasible sets         0 orders tried  current cost 2
    W_14: 54180s  123,098,872,600 steps   629393 feasible sets         0 orders tried  current cost 3
    W_14: 54195s  123,133,774,200 steps   629553 feasible sets         0 orders tried  current cost 3
    W_14: 54210s  123,168,287,200 steps   629723 feasible sets         0 orders tried  current cost 6
    W_14: 54225s  123,202,799,000 steps   629945 feasible sets         0 orders tried  current cost 1
    W_14: 54240s  123,236,975,600 steps   630116 feasible sets         0 orders tried  current cost 5
    W_14: 54255s  123,271,070,000 steps   630282 feasible sets         0 orders tried  current cost 3
    W_14: 54270s  123,305,071,600 steps   630467 feasible sets         0 orders tried  current cost 2
    W_14: 54285s  123,339,653,400 steps   630654 feasible sets         0 orders tried  current cost 5
    W_14: 54300s  123,373,290,000 steps   630851 feasible sets         0 orders tried  current cost 5
    W_14: 54315s  123,407,698,200 steps   631020 feasible sets         0 orders tried  current cost 3
    W_14: 54330s  123,441,263,600 steps   631225 feasible sets         0 orders tried  current cost 7
    W_14: 54345s  123,475,662,800 steps   631417 feasible sets         0 orders tried  current cost 10
    W_14: 54360s  123,509,348,600 steps   631617 feasible sets         0 orders tried  current cost 5
    W_14: 54375s  123,540,922,600 steps   631771 feasible sets         0 orders tried  current cost 17
    W_14: 54390s  123,574,555,200 steps   631894 feasible sets         0 orders tried  current cost 4
    W_14: 54405s  123,608,827,800 steps   632099 feasible sets         0 orders tried  current cost 4
    W_14: 54420s  123,643,004,600 steps   632266 feasible sets         0 orders tried  current cost 10
    W_14: 54435s  123,677,258,000 steps   632485 feasible sets         0 orders tried  current cost 4
    W_14: 54450s  123,711,734,000 steps   632657 feasible sets         0 orders tried  current cost 3
    W_14: 54465s  123,746,184,400 steps   632845 feasible sets         0 orders tried  current cost 6
    W_14: 54480s  123,780,259,200 steps   633009 feasible sets         0 orders tried  current cost 3
    W_14: 54495s  123,814,925,000 steps   633202 feasible sets         0 orders tried  current cost 10
    W_14: 54510s  123,849,568,000 steps   633385 feasible sets         0 orders tried  current cost 5
    W_14: 54525s  123,884,124,200 steps   633539 feasible sets         0 orders tried  current cost 8
    W_14: 54540s  123,918,472,200 steps   633715 feasible sets         0 orders tried  current cost 4
    W_14: 54555s  123,953,197,800 steps   633934 feasible sets         0 orders tried  current cost 2
    W_14: 54570s  123,987,667,600 steps   634113 feasible sets         0 orders tried  current cost 5
    W_14: 54585s  124,022,082,600 steps   634276 feasible sets         0 orders tried  current cost 14
    W_14: 54600s  124,056,201,000 steps   634435 feasible sets         0 orders tried  current cost 10
    W_14: 54615s  124,090,057,200 steps   634615 feasible sets         0 orders tried  current cost 2
    W_14: 54630s  124,124,440,600 steps   634824 feasible sets         0 orders tried  current cost 16
    W_14: 54645s  124,158,861,400 steps   635048 feasible sets         0 orders tried  current cost 8
    W_14: 54660s  124,193,058,400 steps   635223 feasible sets         0 orders tried  current cost 1
    W_14: 54675s  124,227,108,800 steps   635398 feasible sets         0 orders tried  current cost 5
    W_14: 54690s  124,261,214,800 steps   635580 feasible sets         0 orders tried  current cost 1
    W_14: 54705s  124,296,010,600 steps   635733 feasible sets         0 orders tried  current cost 4
    W_14: 54720s  124,330,430,800 steps   635918 feasible sets         0 orders tried  current cost 6
    W_14: 54735s  124,364,101,000 steps   636108 feasible sets         0 orders tried  current cost 12
    W_14: 54750s  124,398,530,400 steps   636281 feasible sets         0 orders tried  current cost 3
    W_14: 54765s  124,432,047,000 steps   636472 feasible sets         0 orders tried  current cost 8
    W_14: 54780s  124,463,178,800 steps   636652 feasible sets         0 orders tried  current cost 4
    W_14: 54795s  124,496,724,800 steps   636806 feasible sets         0 orders tried  current cost 8
    W_14: 54810s  124,530,841,800 steps   636975 feasible sets         0 orders tried  current cost 11
    W_14: 54825s  124,565,025,400 steps   637162 feasible sets         0 orders tried  current cost 14
    W_14: 54840s  124,599,384,000 steps   637353 feasible sets         0 orders tried  current cost 13
    W_14: 54855s  124,633,436,200 steps   637531 feasible sets         0 orders tried  current cost 1
    W_14: 54870s  124,667,648,200 steps   637685 feasible sets         0 orders tried  current cost 6
    W_14: 54885s  124,701,468,200 steps   637865 feasible sets         0 orders tried  current cost 5
    W_14: 54900s  124,736,023,000 steps   638029 feasible sets         0 orders tried  current cost 15
    W_14: 54915s  124,770,314,400 steps   638198 feasible sets         0 orders tried  current cost 2
    W_14: 54930s  124,804,965,000 steps   638325 feasible sets         0 orders tried  current cost 9
    W_14: 54945s  124,838,572,200 steps   638450 feasible sets         0 orders tried  current cost 3
    W_14: 54960s  124,872,042,200 steps   638616 feasible sets         0 orders tried  current cost 13
    W_14: 54975s  124,905,810,800 steps   638786 feasible sets         0 orders tried  current cost 4
    W_14: 54990s  124,938,542,000 steps   638925 feasible sets         0 orders tried  current cost 10
    W_14: 55005s  124,968,846,400 steps   639087 feasible sets         0 orders tried  current cost 7
    W_14: 55020s  125,000,071,000 steps   639223 feasible sets         0 orders tried  current cost 5
    W_14: 55035s  125,033,511,800 steps   639402 feasible sets         0 orders tried  current cost 5
    W_14: 55050s  125,067,559,800 steps   639579 feasible sets         0 orders tried  current cost 1
    W_14: 55065s  125,101,737,000 steps   639767 feasible sets         0 orders tried  current cost 3
    W_14: 55080s  125,135,910,800 steps   639948 feasible sets         0 orders tried  current cost 3
    W_14: 55095s  125,169,907,400 steps   640113 feasible sets         0 orders tried  current cost 8
    W_14: 55110s  125,204,311,600 steps   640255 feasible sets         0 orders tried  current cost 3
    W_14: 55125s  125,238,202,000 steps   640401 feasible sets         0 orders tried  current cost 15
    W_14: 55140s  125,271,860,400 steps   640589 feasible sets         0 orders tried  current cost 9
    W_14: 55155s  125,304,863,600 steps   640776 feasible sets         0 orders tried  current cost 7
    W_14: 55170s  125,340,193,800 steps   640942 feasible sets         0 orders tried  current cost 3
    W_14: 55185s  125,375,174,000 steps   641089 feasible sets         0 orders tried  current cost 3
    W_14: 55200s  125,410,258,600 steps   641282 feasible sets         0 orders tried  current cost 3
    W_14: 55215s  125,445,791,600 steps   641476 feasible sets         0 orders tried  current cost 5
    W_14: 55230s  125,480,765,800 steps   641651 feasible sets         0 orders tried  current cost 6
    W_14: 55245s  125,516,008,800 steps   641803 feasible sets         0 orders tried  current cost 6
    W_14: 55260s  125,551,166,400 steps   641993 feasible sets         0 orders tried  current cost 9
    W_14: 55275s  125,586,409,200 steps   642187 feasible sets         0 orders tried  current cost 3
    W_14: 55290s  125,621,604,000 steps   642338 feasible sets         0 orders tried  current cost 8
    W_14: 55305s  125,656,692,000 steps   642510 feasible sets         0 orders tried  current cost 3
    W_14: 55320s  125,692,453,800 steps   642678 feasible sets         0 orders tried  current cost 4
    W_14: 55335s  125,727,697,400 steps   642869 feasible sets         0 orders tried  current cost 1
    W_14: 55350s  125,763,134,600 steps   643038 feasible sets         0 orders tried  current cost 2
    W_14: 55365s  125,798,030,600 steps   643214 feasible sets         0 orders tried  current cost 1
    W_14: 55380s  125,833,251,000 steps   643429 feasible sets         0 orders tried  current cost 4
    W_14: 55395s  125,868,228,400 steps   643582 feasible sets         0 orders tried  current cost 7
    W_14: 55410s  125,903,227,800 steps   643738 feasible sets         0 orders tried  current cost 4
    W_14: 55425s  125,938,113,000 steps   643876 feasible sets         0 orders tried  current cost 2
    W_14: 55440s  125,973,280,800 steps   644060 feasible sets         0 orders tried  current cost 11
    W_14: 55455s  126,008,692,600 steps   644239 feasible sets         0 orders tried  current cost 4
    W_14: 55470s  126,043,872,400 steps   644435 feasible sets         0 orders tried  current cost 3
    W_14: 55485s  126,079,269,800 steps   644629 feasible sets         0 orders tried  current cost 6
    W_14: 55500s  126,114,372,200 steps   644783 feasible sets         0 orders tried  current cost 4
    W_14: 55515s  126,148,781,200 steps   644966 feasible sets         0 orders tried  current cost 11
    W_14: 55530s  126,183,851,600 steps   645138 feasible sets         0 orders tried  current cost 3
    W_14: 55545s  126,218,931,200 steps   645301 feasible sets         0 orders tried  current cost 3
    W_14: 55560s  126,253,900,000 steps   645481 feasible sets         0 orders tried  current cost 1
    W_14: 55575s  126,289,558,600 steps   645683 feasible sets         0 orders tried  current cost 4
    W_14: 55590s  126,324,901,200 steps   645858 feasible sets         0 orders tried  current cost 12
    W_14: 55605s  126,360,142,600 steps   646015 feasible sets         0 orders tried  current cost 12
    W_14: 55620s  126,394,673,200 steps   646190 feasible sets         0 orders tried  current cost 3
    W_14: 55635s  126,429,632,000 steps   646350 feasible sets         0 orders tried  current cost 1
    W_14: 55650s  126,464,698,800 steps   646550 feasible sets         0 orders tried  current cost 4
    W_14: 55665s  126,499,682,400 steps   646737 feasible sets         0 orders tried  current cost 12
    W_14: 55680s  126,534,903,600 steps   646914 feasible sets         0 orders tried  current cost 10
    W_14: 55695s  126,569,627,200 steps   647074 feasible sets         0 orders tried  current cost 6
    W_14: 55710s  126,604,768,000 steps   647237 feasible sets         0 orders tried  current cost 4
    W_14: 55725s  126,639,949,800 steps   647427 feasible sets         0 orders tried  current cost 4
    W_14: 55740s  126,675,003,600 steps   647589 feasible sets         0 orders tried  current cost 14
    W_14: 55755s  126,710,139,000 steps   647798 feasible sets         0 orders tried  current cost 1
    W_14: 55770s  126,745,452,600 steps   647998 feasible sets         0 orders tried  current cost 3
    W_14: 55785s  126,780,467,400 steps   648192 feasible sets         0 orders tried  current cost 5
    W_14: 55800s  126,815,747,400 steps   648387 feasible sets         0 orders tried  current cost 5
    W_14: 55815s  126,851,145,600 steps   648590 feasible sets         0 orders tried  current cost 10
    W_14: 55830s  126,886,032,800 steps   648751 feasible sets         0 orders tried  current cost 4
    W_14: 55845s  126,920,719,200 steps   648932 feasible sets         0 orders tried  current cost 3
    W_14: 55860s  126,955,728,000 steps   649106 feasible sets         0 orders tried  current cost 6
    W_14: 55875s  126,990,575,400 steps   649290 feasible sets         0 orders tried  current cost 5
    W_14: 55890s  127,025,540,400 steps   649473 feasible sets         0 orders tried  current cost 12
    W_14: 55905s  127,060,822,000 steps   649632 feasible sets         0 orders tried  current cost 11
    W_14: 55920s  127,095,920,200 steps   649774 feasible sets         0 orders tried  current cost 13
    W_14: 55935s  127,130,971,000 steps   649973 feasible sets         0 orders tried  current cost 4
    W_14: 55950s  127,165,699,800 steps   650158 feasible sets         0 orders tried  current cost 4
    W_14: 55965s  127,200,827,200 steps   650355 feasible sets         0 orders tried  current cost 7
    W_14: 55980s  127,235,899,800 steps   650533 feasible sets         0 orders tried  current cost 4
    W_14: 55995s  127,271,002,400 steps   650691 feasible sets         0 orders tried  current cost 15
    W_14: 56010s  127,305,861,800 steps   650865 feasible sets         0 orders tried  current cost 8
    W_14: 56025s  127,340,762,800 steps   651027 feasible sets         0 orders tried  current cost 9
    W_14: 56040s  127,375,334,000 steps   651233 feasible sets         0 orders tried  current cost 3
    W_14: 56055s  127,410,680,400 steps   651408 feasible sets         0 orders tried  current cost 12
    W_14: 56070s  127,445,877,200 steps   651556 feasible sets         0 orders tried  current cost 4
    W_14: 56085s  127,480,809,200 steps   651750 feasible sets         0 orders tried  current cost 6
    W_14: 56100s  127,516,186,000 steps   651900 feasible sets         0 orders tried  current cost 7
    W_14: 56115s  127,551,410,400 steps   652093 feasible sets         0 orders tried  current cost 3
    W_14: 56130s  127,586,205,600 steps   652269 feasible sets         0 orders tried  current cost 7
    W_14: 56145s  127,621,289,800 steps   652449 feasible sets         0 orders tried  current cost 8
    W_14: 56160s  127,656,141,200 steps   652640 feasible sets         0 orders tried  current cost 9
    W_14: 56175s  127,691,091,400 steps   652801 feasible sets         0 orders tried  current cost 6
    W_14: 56190s  127,725,937,000 steps   652994 feasible sets         0 orders tried  current cost 3
    W_14: 56205s  127,761,024,400 steps   653206 feasible sets         0 orders tried  current cost 8
    W_14: 56220s  127,795,965,200 steps   653384 feasible sets         0 orders tried  current cost 10
    W_14: 56235s  127,830,924,600 steps   653593 feasible sets         0 orders tried  current cost 11
    W_14: 56250s  127,865,799,400 steps   653737 feasible sets         0 orders tried  current cost 3
    W_14: 56265s  127,900,622,400 steps   653939 feasible sets         0 orders tried  current cost 13
    W_14: 56280s  127,935,485,200 steps   654084 feasible sets         0 orders tried  current cost 9
    W_14: 56295s  127,970,250,200 steps   654262 feasible sets         0 orders tried  current cost 4
    W_14: 56310s  128,005,406,800 steps   654453 feasible sets         0 orders tried  current cost 7
    W_14: 56325s  128,040,522,000 steps   654625 feasible sets         0 orders tried  current cost 9
    W_14: 56340s  128,075,756,000 steps   654810 feasible sets         0 orders tried  current cost 4
    W_14: 56355s  128,111,329,200 steps   654998 feasible sets         0 orders tried  current cost 6
    W_14: 56370s  128,147,031,200 steps   655173 feasible sets         0 orders tried  current cost 2
    W_14: 56385s  128,181,565,800 steps   655320 feasible sets         0 orders tried  current cost 8
    W_14: 56400s  128,217,383,400 steps   655470 feasible sets         0 orders tried  current cost 8
    W_14: 56415s  128,252,827,000 steps   655631 feasible sets         0 orders tried  current cost 6
    W_14: 56430s  128,287,844,000 steps   655815 feasible sets         0 orders tried  current cost 7
    W_14: 56445s  128,323,027,200 steps   656004 feasible sets         0 orders tried  current cost 6
    W_14: 56460s  128,358,075,600 steps   656171 feasible sets         0 orders tried  current cost 2
    W_14: 56475s  128,393,109,600 steps   656344 feasible sets         0 orders tried  current cost 4
    W_14: 56490s  128,428,236,200 steps   656539 feasible sets         0 orders tried  current cost 3
    W_14: 56505s  128,463,539,000 steps   656729 feasible sets         0 orders tried  current cost 1
    W_14: 56520s  128,498,463,400 steps   656843 feasible sets         0 orders tried  current cost 12
    W_14: 56535s  128,533,616,800 steps   657034 feasible sets         0 orders tried  current cost 3
    W_14: 56550s  128,568,748,400 steps   657199 feasible sets         0 orders tried  current cost 4
    W_14: 56565s  128,604,069,200 steps   657376 feasible sets         0 orders tried  current cost 5
    W_14: 56580s  128,639,482,600 steps   657558 feasible sets         0 orders tried  current cost 13
    W_14: 56595s  128,675,323,200 steps   657718 feasible sets         0 orders tried  current cost 7
    W_14: 56610s  128,710,174,400 steps   657881 feasible sets         0 orders tried  current cost 3
    W_14: 56625s  128,745,217,400 steps   658062 feasible sets         0 orders tried  current cost 4
    W_14: 56640s  128,780,321,000 steps   658266 feasible sets         0 orders tried  current cost 11
    W_14: 56655s  128,815,272,400 steps   658485 feasible sets         0 orders tried  current cost 2
    W_14: 56670s  128,850,453,400 steps   658673 feasible sets         0 orders tried  current cost 5
    W_14: 56685s  128,885,234,800 steps   658809 feasible sets         0 orders tried  current cost 3
    W_14: 56700s  128,920,269,600 steps   658980 feasible sets         0 orders tried  current cost 3
    W_14: 56715s  128,955,531,000 steps   659165 feasible sets         0 orders tried  current cost 1
    W_14: 56730s  128,990,643,800 steps   659340 feasible sets         0 orders tried  current cost 15
    W_14: 56745s  129,025,828,200 steps   659543 feasible sets         0 orders tried  current cost 4
    W_14: 56760s  129,060,683,800 steps   659769 feasible sets         0 orders tried  current cost 6
    W_14: 56775s  129,095,634,000 steps   659992 feasible sets         0 orders tried  current cost 4
    W_14: 56790s  129,130,648,800 steps   660148 feasible sets         0 orders tried  current cost 5
    W_14: 56805s  129,165,424,600 steps   660317 feasible sets         0 orders tried  current cost 8
    W_14: 56820s  129,200,597,000 steps   660457 feasible sets         0 orders tried  current cost 4
    W_14: 56835s  129,235,950,000 steps   660639 feasible sets         0 orders tried  current cost 4
    W_14: 56850s  129,270,611,800 steps   660780 feasible sets         0 orders tried  current cost 3
    W_14: 56865s  129,305,425,200 steps   660922 feasible sets         0 orders tried  current cost 12
    W_14: 56880s  129,340,485,800 steps   661127 feasible sets         0 orders tried  current cost 10
    W_14: 56895s  129,375,663,400 steps   661280 feasible sets         0 orders tried  current cost 12
    W_14: 56910s  129,410,975,600 steps   661467 feasible sets         0 orders tried  current cost 2
    W_14: 56925s  129,446,218,000 steps   661636 feasible sets         0 orders tried  current cost 4
    W_14: 56940s  129,481,409,600 steps   661810 feasible sets         0 orders tried  current cost 6
    W_14: 56955s  129,516,305,600 steps   661982 feasible sets         0 orders tried  current cost 8
    W_14: 56970s  129,551,097,000 steps   662193 feasible sets         0 orders tried  current cost 4
    W_14: 56985s  129,586,407,200 steps   662382 feasible sets         0 orders tried  current cost 7
    W_14: 57000s  129,621,352,600 steps   662584 feasible sets         0 orders tried  current cost 2
    W_14: 57015s  129,656,531,600 steps   662738 feasible sets         0 orders tried  current cost 3
    W_14: 57030s  129,691,629,400 steps   662948 feasible sets         0 orders tried  current cost 5
    W_14: 57045s  129,726,989,800 steps   663124 feasible sets         0 orders tried  current cost 4
    W_14: 57060s  129,762,011,600 steps   663325 feasible sets         0 orders tried  current cost 2
    W_14: 57075s  129,797,069,000 steps   663499 feasible sets         0 orders tried  current cost 8
    W_14: 57090s  129,832,002,400 steps   663699 feasible sets         0 orders tried  current cost 9
    W_14: 57105s  129,867,587,800 steps   663902 feasible sets         0 orders tried  current cost 7
    W_14: 57120s  129,902,766,400 steps   664094 feasible sets         0 orders tried  current cost 9
    W_14: 57135s  129,937,711,200 steps   664212 feasible sets         0 orders tried  current cost 5
    W_14: 57150s  129,972,511,600 steps   664394 feasible sets         0 orders tried  current cost 4
    W_14: 57165s  130,008,086,000 steps   664577 feasible sets         0 orders tried  current cost 8
    W_14: 57180s  130,043,201,400 steps   664760 feasible sets         0 orders tried  current cost 21
    W_14: 57195s  130,078,233,400 steps   664934 feasible sets         0 orders tried  current cost 2
    W_14: 57210s  130,113,481,200 steps   665151 feasible sets         0 orders tried  current cost 17
    W_14: 57225s  130,148,960,600 steps   665305 feasible sets         0 orders tried  current cost 15
    W_14: 57240s  130,184,447,200 steps   665509 feasible sets         0 orders tried  current cost 5
    W_14: 57255s  130,219,171,200 steps   665697 feasible sets         0 orders tried  current cost 4
    W_14: 57270s  130,253,996,000 steps   665857 feasible sets         0 orders tried  current cost 3
    W_14: 57285s  130,288,782,600 steps   666000 feasible sets         0 orders tried  current cost 14
    W_14: 57300s  130,323,822,400 steps   666191 feasible sets         0 orders tried  current cost 12
    W_14: 57315s  130,359,066,200 steps   666394 feasible sets         0 orders tried  current cost 5
    W_14: 57330s  130,394,397,600 steps   666601 feasible sets         0 orders tried  current cost 4
    W_14: 57345s  130,429,664,800 steps   666786 feasible sets         0 orders tried  current cost 10
    W_14: 57360s  130,464,887,400 steps   666963 feasible sets         0 orders tried  current cost 5
    W_14: 57375s  130,500,109,600 steps   667152 feasible sets         0 orders tried  current cost 5
    W_14: 57390s  130,535,406,400 steps   667329 feasible sets         0 orders tried  current cost 7
    W_14: 57405s  130,570,488,800 steps   667497 feasible sets         0 orders tried  current cost 7
    W_14: 57420s  130,605,935,200 steps   667689 feasible sets         0 orders tried  current cost 1
    W_14: 57435s  130,641,044,000 steps   667886 feasible sets         0 orders tried  current cost 6
    W_14: 57450s  130,676,190,000 steps   668044 feasible sets         0 orders tried  current cost 5
    W_14: 57465s  130,711,784,600 steps   668214 feasible sets         0 orders tried  current cost 8
    W_14: 57480s  130,746,667,800 steps   668382 feasible sets         0 orders tried  current cost 5
    W_14: 57495s  130,781,771,600 steps   668588 feasible sets         0 orders tried  current cost 4
    W_14: 57510s  130,816,588,000 steps   668775 feasible sets         0 orders tried  current cost 4
    W_14: 57525s  130,851,792,400 steps   668990 feasible sets         0 orders tried  current cost 1
    W_14: 57540s  130,887,219,000 steps   669226 feasible sets         0 orders tried  current cost 2
    W_14: 57555s  130,922,413,000 steps   669413 feasible sets         0 orders tried  current cost 4
    W_14: 57570s  130,957,798,400 steps   669548 feasible sets         0 orders tried  current cost 2
    W_14: 57585s  130,992,681,400 steps   669678 feasible sets         0 orders tried  current cost 13
    W_14: 57600s  131,027,611,800 steps   669874 feasible sets         0 orders tried  current cost 3
    W_14: 57615s  131,063,034,400 steps   670021 feasible sets         0 orders tried  current cost 3
    W_14: 57630s  131,098,374,000 steps   670209 feasible sets         0 orders tried  current cost 3
    W_14: 57645s  131,133,454,000 steps   670429 feasible sets         0 orders tried  current cost 1
    W_14: 57660s  131,168,618,600 steps   670650 feasible sets         0 orders tried  current cost 3
    W_14: 57675s  131,204,134,000 steps   670855 feasible sets         0 orders tried  current cost 3
    W_14: 57690s  131,239,191,000 steps   671014 feasible sets         0 orders tried  current cost 3
    W_14: 57705s  131,274,172,000 steps   671189 feasible sets         0 orders tried  current cost 4
    W_14: 57720s  131,309,232,000 steps   671344 feasible sets         0 orders tried  current cost 2
    W_14: 57735s  131,343,987,200 steps   671506 feasible sets         0 orders tried  current cost 7
    W_14: 57750s  131,378,641,800 steps   671673 feasible sets         0 orders tried  current cost 12
    W_14: 57765s  131,413,927,600 steps   671827 feasible sets         0 orders tried  current cost 6
    W_14: 57780s  131,448,807,200 steps   672045 feasible sets         0 orders tried  current cost 6
    W_14: 57795s  131,483,454,400 steps   672212 feasible sets         0 orders tried  current cost 2
    W_14: 57810s  131,518,491,200 steps   672375 feasible sets         0 orders tried  current cost 2
    W_14: 57825s  131,553,811,000 steps   672556 feasible sets         0 orders tried  current cost 3
    W_14: 57840s  131,589,353,600 steps   672727 feasible sets         0 orders tried  current cost 7
    W_14: 57855s  131,624,388,200 steps   672904 feasible sets         0 orders tried  current cost 4
    W_14: 57870s  131,659,359,200 steps   673089 feasible sets         0 orders tried  current cost 4
    W_14: 57885s  131,694,320,000 steps   673266 feasible sets         0 orders tried  current cost 2
    W_14: 57900s  131,729,793,800 steps   673448 feasible sets         0 orders tried  current cost 2
    W_14: 57915s  131,764,866,200 steps   673652 feasible sets         0 orders tried  current cost 7
    W_14: 57930s  131,800,151,200 steps   673818 feasible sets         0 orders tried  current cost 1
    W_14: 57945s  131,835,170,600 steps   674005 feasible sets         0 orders tried  current cost 6
    W_14: 57960s  131,870,453,800 steps   674174 feasible sets         0 orders tried  current cost 5
    W_14: 57975s  131,905,428,800 steps   674347 feasible sets         0 orders tried  current cost 3
    W_14: 57990s  131,940,412,200 steps   674535 feasible sets         0 orders tried  current cost 3
    W_14: 58005s  131,975,310,200 steps   674697 feasible sets         0 orders tried  current cost 5
    W_14: 58020s  132,010,456,200 steps   674865 feasible sets         0 orders tried  current cost 3
    W_14: 58035s  132,045,880,400 steps   675085 feasible sets         0 orders tried  current cost 12
    W_14: 58050s  132,081,384,200 steps   675263 feasible sets         0 orders tried  current cost 12
    W_14: 58065s  132,116,690,200 steps   675433 feasible sets         0 orders tried  current cost 4
    W_14: 58080s  132,151,461,000 steps   675584 feasible sets         0 orders tried  current cost 17
    W_14: 58095s  132,186,618,800 steps   675793 feasible sets         0 orders tried  current cost 4
    W_14: 58110s  132,221,338,000 steps   675965 feasible sets         0 orders tried  current cost 2
    W_14: 58125s  132,255,989,200 steps   676142 feasible sets         0 orders tried  current cost 7
    W_14: 58140s  132,291,165,600 steps   676299 feasible sets         0 orders tried  current cost 6
    W_14: 58155s  132,326,158,600 steps   676525 feasible sets         0 orders tried  current cost 1
    W_14: 58170s  132,360,106,000 steps   676697 feasible sets         0 orders tried  current cost 7
    W_14: 58185s  132,394,806,800 steps   676841 feasible sets         0 orders tried  current cost 9
    W_14: 58200s  132,429,335,000 steps   677002 feasible sets         0 orders tried  current cost 3
    W_14: 58215s  132,464,317,000 steps   677155 feasible sets         0 orders tried  current cost 4
    W_14: 58230s  132,498,941,800 steps   677373 feasible sets         0 orders tried  current cost 10
    W_14: 58245s  132,533,525,200 steps   677557 feasible sets         0 orders tried  current cost 7
    W_14: 58260s  132,568,244,400 steps   677752 feasible sets         0 orders tried  current cost 13
    W_14: 58275s  132,603,503,400 steps   677952 feasible sets         0 orders tried  current cost 11
    W_14: 58290s  132,637,938,000 steps   678095 feasible sets         0 orders tried  current cost 2
    W_14: 58305s  132,672,415,000 steps   678248 feasible sets         0 orders tried  current cost 4
    W_14: 58320s  132,707,236,800 steps   678431 feasible sets         0 orders tried  current cost 2
    W_14: 58335s  132,741,936,800 steps   678594 feasible sets         0 orders tried  current cost 1
    W_14: 58350s  132,776,716,000 steps   678772 feasible sets         0 orders tried  current cost 4
    W_14: 58365s  132,811,526,000 steps   678961 feasible sets         0 orders tried  current cost 6
    W_14: 58380s  132,843,866,600 steps   679147 feasible sets         0 orders tried  current cost 6
    W_14: 58395s  132,875,962,200 steps   679327 feasible sets         0 orders tried  current cost 18
    W_14: 58410s  132,898,724,800 steps   679454 feasible sets         0 orders tried  current cost 8
    W_14: 58425s  132,933,266,000 steps   679673 feasible sets         0 orders tried  current cost 7
    W_14: 58440s  132,968,098,000 steps   679836 feasible sets         0 orders tried  current cost 1
    W_14: 58455s  133,003,453,800 steps   680020 feasible sets         0 orders tried  current cost 4
    W_14: 58470s  133,038,358,200 steps   680167 feasible sets         0 orders tried  current cost 4
    W_14: 58485s  133,073,197,800 steps   680339 feasible sets         0 orders tried  current cost 3
    W_14: 58500s  133,108,136,200 steps   680552 feasible sets         0 orders tried  current cost 4
    W_14: 58515s  133,142,974,600 steps   680727 feasible sets         0 orders tried  current cost 4
    W_14: 58530s  133,177,554,800 steps   680878 feasible sets         0 orders tried  current cost 4
    W_14: 58545s  133,212,429,600 steps   681098 feasible sets         0 orders tried  current cost 6
    W_14: 58560s  133,247,406,400 steps   681302 feasible sets         0 orders tried  current cost 10
    W_14: 58575s  133,282,589,000 steps   681472 feasible sets         0 orders tried  current cost 2
    W_14: 58590s  133,317,514,400 steps   681636 feasible sets         0 orders tried  current cost 3
    W_14: 58605s  133,352,597,800 steps   681873 feasible sets         0 orders tried  current cost 3
    W_14: 58620s  133,387,686,800 steps   682050 feasible sets         0 orders tried  current cost 8
    W_14: 58635s  133,422,784,400 steps   682215 feasible sets         0 orders tried  current cost 11
    W_14: 58650s  133,457,734,800 steps   682418 feasible sets         0 orders tried  current cost 3
    W_14: 58665s  133,492,651,800 steps   682593 feasible sets         0 orders tried  current cost 2
    W_14: 58680s  133,527,539,400 steps   682765 feasible sets         0 orders tried  current cost 5
    W_14: 58695s  133,562,624,200 steps   682952 feasible sets         0 orders tried  current cost 13
    W_14: 58710s  133,597,634,800 steps   683127 feasible sets         0 orders tried  current cost 3
    W_14: 58725s  133,632,765,800 steps   683308 feasible sets         0 orders tried  current cost 6
    W_14: 58740s  133,667,994,800 steps   683512 feasible sets         0 orders tried  current cost 5
    W_14: 58755s  133,703,144,400 steps   683693 feasible sets         0 orders tried  current cost 11
    W_14: 58770s  133,738,068,200 steps   683857 feasible sets         0 orders tried  current cost 6
    W_14: 58785s  133,773,059,000 steps   684038 feasible sets         0 orders tried  current cost 4
    W_14: 58800s  133,808,255,200 steps   684237 feasible sets         0 orders tried  current cost 3
    W_14: 58815s  133,843,296,800 steps   684423 feasible sets         0 orders tried  current cost 5
    W_14: 58830s  133,878,342,800 steps   684578 feasible sets         0 orders tried  current cost 13
    W_14: 58845s  133,913,072,000 steps   684753 feasible sets         0 orders tried  current cost 4
    W_14: 58860s  133,947,851,000 steps   684933 feasible sets         0 orders tried  current cost 1
    W_14: 58875s  133,982,980,200 steps   685148 feasible sets         0 orders tried  current cost 11
    W_14: 58890s  134,018,090,200 steps   685337 feasible sets         0 orders tried  current cost 3
    W_14: 58905s  134,053,334,800 steps   685561 feasible sets         0 orders tried  current cost 3
    W_14: 58920s  134,088,402,000 steps   685719 feasible sets         0 orders tried  current cost 12
    W_14: 58935s  134,123,041,600 steps   685859 feasible sets         0 orders tried  current cost 13
    W_14: 58950s  134,158,380,600 steps   686066 feasible sets         0 orders tried  current cost 10
    W_14: 58965s  134,193,189,200 steps   686227 feasible sets         0 orders tried  current cost 6
    W_14: 58980s  134,228,106,600 steps   686425 feasible sets         0 orders tried  current cost 8
    W_14: 58995s  134,263,540,400 steps   686574 feasible sets         0 orders tried  current cost 13
    W_14: 59010s  134,298,447,200 steps   686726 feasible sets         0 orders tried  current cost 5
    W_14: 59025s  134,333,948,800 steps   686913 feasible sets         0 orders tried  current cost 8
    W_14: 59040s  134,369,083,600 steps   687117 feasible sets         0 orders tried  current cost 10
    W_14: 59055s  134,404,055,200 steps   687280 feasible sets         0 orders tried  current cost 5
    W_14: 59070s  134,439,150,000 steps   687442 feasible sets         0 orders tried  current cost 4
    W_14: 59085s  134,474,596,800 steps   687608 feasible sets         0 orders tried  current cost 2
    W_14: 59100s  134,509,794,000 steps   687762 feasible sets         0 orders tried  current cost 3
    W_14: 59115s  134,545,024,400 steps   687924 feasible sets         0 orders tried  current cost 11
    W_14: 59130s  134,580,359,400 steps   688100 feasible sets         0 orders tried  current cost 2
    W_14: 59145s  134,615,424,800 steps   688287 feasible sets         0 orders tried  current cost 9
    W_14: 59160s  134,650,429,000 steps   688467 feasible sets         0 orders tried  current cost 6
    W_14: 59175s  134,685,615,000 steps   688655 feasible sets         0 orders tried  current cost 2
    W_14: 59190s  134,720,297,600 steps   688825 feasible sets         0 orders tried  current cost 3
    W_14: 59205s  134,755,871,600 steps   689042 feasible sets         0 orders tried  current cost 3
    W_14: 59220s  134,790,967,200 steps   689186 feasible sets         0 orders tried  current cost 10
    W_14: 59235s  134,825,717,000 steps   689347 feasible sets         0 orders tried  current cost 4
    W_14: 59250s  134,860,706,800 steps   689534 feasible sets         0 orders tried  current cost 5
    W_14: 59265s  134,895,540,200 steps   689687 feasible sets         0 orders tried  current cost 11
    W_14: 59280s  134,929,362,800 steps   689838 feasible sets         0 orders tried  current cost 11
    W_14: 59295s  134,964,006,000 steps   690009 feasible sets         0 orders tried  current cost 9
    W_14: 59310s  134,998,903,600 steps   690207 feasible sets         0 orders tried  current cost 13
    W_14: 59325s  135,033,750,600 steps   690419 feasible sets         0 orders tried  current cost 4
    W_14: 59340s  135,068,565,200 steps   690627 feasible sets         0 orders tried  current cost 9
    W_14: 59355s  135,103,267,800 steps   690799 feasible sets         0 orders tried  current cost 5
    W_14: 59370s  135,138,451,800 steps   691014 feasible sets         0 orders tried  current cost 4
    W_14: 59385s  135,173,313,200 steps   691226 feasible sets         0 orders tried  current cost 3
    W_14: 59400s  135,208,384,400 steps   691418 feasible sets         0 orders tried  current cost 10
    W_14: 59415s  135,243,649,800 steps   691590 feasible sets         0 orders tried  current cost 5
    W_14: 59430s  135,278,510,000 steps   691773 feasible sets         0 orders tried  current cost 6
    W_14: 59445s  135,313,720,000 steps   691939 feasible sets         0 orders tried  current cost 2
    W_14: 59460s  135,348,605,600 steps   692079 feasible sets         0 orders tried  current cost 8
    W_14: 59475s  135,383,319,400 steps   692243 feasible sets         0 orders tried  current cost 6
    W_14: 59490s  135,418,398,400 steps   692405 feasible sets         0 orders tried  current cost 2
    W_14: 59505s  135,453,011,400 steps   692564 feasible sets         0 orders tried  current cost 6
    W_14: 59520s  135,487,463,600 steps   692751 feasible sets         0 orders tried  current cost 14
    W_14: 59535s  135,522,385,200 steps   692895 feasible sets         0 orders tried  current cost 5
    W_14: 59550s  135,557,367,200 steps   693059 feasible sets         0 orders tried  current cost 8
    W_14: 59565s  135,592,587,800 steps   693227 feasible sets         0 orders tried  current cost 9
    W_14: 59580s  135,627,172,600 steps   693424 feasible sets         0 orders tried  current cost 3
    W_14: 59595s  135,661,724,600 steps   693622 feasible sets         0 orders tried  current cost 16
    W_14: 59610s  135,696,552,200 steps   693782 feasible sets         0 orders tried  current cost 3
    W_14: 59625s  135,731,967,400 steps   693990 feasible sets         0 orders tried  current cost 7
    W_14: 59640s  135,766,933,000 steps   694175 feasible sets         0 orders tried  current cost 4
    W_14: 59655s  135,801,668,000 steps   694342 feasible sets         0 orders tried  current cost 6
    W_14: 59670s  135,836,940,400 steps   694518 feasible sets         0 orders tried  current cost 23
    W_14: 59685s  135,871,907,800 steps   694660 feasible sets         0 orders tried  current cost 4
    W_14: 59700s  135,906,480,800 steps   694833 feasible sets         0 orders tried  current cost 18
    W_14: 59715s  135,941,345,000 steps   694997 feasible sets         0 orders tried  current cost 8
    W_14: 59730s  135,976,395,000 steps   695159 feasible sets         0 orders tried  current cost 3
    W_14: 59745s  136,011,252,400 steps   695349 feasible sets         0 orders tried  current cost 4
    W_14: 59760s  136,046,229,400 steps   695521 feasible sets         0 orders tried  current cost 3
    W_14: 59775s  136,081,499,200 steps   695726 feasible sets         0 orders tried  current cost 4
    W_14: 59790s  136,116,253,600 steps   695919 feasible sets         0 orders tried  current cost 3
    W_14: 59805s  136,150,896,200 steps   696154 feasible sets         0 orders tried  current cost 3
    W_14: 59820s  136,186,003,000 steps   696321 feasible sets         0 orders tried  current cost 10
    W_14: 59835s  136,221,057,200 steps   696476 feasible sets         0 orders tried  current cost 3
    W_14: 59850s  136,255,982,200 steps   696687 feasible sets         0 orders tried  current cost 15
    W_14: 59865s  136,290,747,600 steps   696854 feasible sets         0 orders tried  current cost 4
    W_14: 59880s  136,326,004,400 steps   697021 feasible sets         0 orders tried  current cost 10
    W_14: 59895s  136,361,265,600 steps   697176 feasible sets         0 orders tried  current cost 8
    W_14: 59910s  136,396,132,800 steps   697362 feasible sets         0 orders tried  current cost 4
    W_14: 59925s  136,430,858,000 steps   697541 feasible sets         0 orders tried  current cost 4
    W_14: 59940s  136,466,076,600 steps   697708 feasible sets         0 orders tried  current cost 3
    W_14: 59955s  136,501,608,400 steps   697901 feasible sets         0 orders tried  current cost 5
    W_14: 59970s  136,536,572,000 steps   698082 feasible sets         0 orders tried  current cost 4
    W_14: 59985s  136,571,468,400 steps   698243 feasible sets         0 orders tried  current cost 6
    W_14: 60000s  136,606,703,800 steps   698426 feasible sets         0 orders tried  current cost 6
    W_14: 60015s  136,641,641,600 steps   698578 feasible sets         0 orders tried  current cost 12
    W_14: 60030s  136,676,741,600 steps   698803 feasible sets         0 orders tried  current cost 15
    W_14: 60045s  136,711,442,000 steps   698969 feasible sets         0 orders tried  current cost 15
    W_14: 60060s  136,746,392,800 steps   699136 feasible sets         0 orders tried  current cost 4
    W_14: 60075s  136,781,115,200 steps   699341 feasible sets         0 orders tried  current cost 3
    W_14: 60090s  136,816,124,400 steps   699570 feasible sets         0 orders tried  current cost 6
    W_14: 60105s  136,851,110,400 steps   699749 feasible sets         0 orders tried  current cost 6
    W_14: 60120s  136,886,598,600 steps   699951 feasible sets         0 orders tried  current cost 4
    W_14: 60135s  136,921,114,800 steps   700091 feasible sets         0 orders tried  current cost 4
    W_14: 60150s  136,956,283,600 steps   700279 feasible sets         0 orders tried  current cost 10
    W_14: 60165s  136,991,362,200 steps   700473 feasible sets         0 orders tried  current cost 7
    W_14: 60180s  137,026,416,600 steps   700662 feasible sets         0 orders tried  current cost 2
    W_14: 60195s  137,061,388,600 steps   700838 feasible sets         0 orders tried  current cost 5
    W_14: 60210s  137,096,619,000 steps   701024 feasible sets         0 orders tried  current cost 3
    W_14: 60225s  137,131,680,200 steps   701205 feasible sets         0 orders tried  current cost 12
    W_14: 60240s  137,167,100,200 steps   701375 feasible sets         0 orders tried  current cost 11
    W_14: 60255s  137,202,208,000 steps   701548 feasible sets         0 orders tried  current cost 6
    W_14: 60270s  137,237,053,400 steps   701724 feasible sets         0 orders tried  current cost 3
    W_14: 60285s  137,272,369,800 steps   701944 feasible sets         0 orders tried  current cost 3
    W_14: 60300s  137,307,199,600 steps   702110 feasible sets         0 orders tried  current cost 1
    W_14: 60315s  137,342,193,600 steps   702272 feasible sets         0 orders tried  current cost 2
    W_14: 60330s  137,377,088,400 steps   702456 feasible sets         0 orders tried  current cost 6
    W_14: 60345s  137,412,276,800 steps   702638 feasible sets         0 orders tried  current cost 4
    W_14: 60360s  137,447,110,000 steps   702821 feasible sets         0 orders tried  current cost 4
    W_14: 60375s  137,481,612,000 steps   702968 feasible sets         0 orders tried  current cost 3
    W_14: 60390s  137,516,437,400 steps   703134 feasible sets         0 orders tried  current cost 3
    W_14: 60405s  137,551,841,800 steps   703323 feasible sets         0 orders tried  current cost 7
    W_14: 60420s  137,586,535,600 steps   703466 feasible sets         0 orders tried  current cost 3
    W_14: 60435s  137,621,530,400 steps   703657 feasible sets         0 orders tried  current cost 5
    W_14: 60450s  137,656,665,600 steps   703838 feasible sets         0 orders tried  current cost 6
    W_14: 60465s  137,691,167,800 steps   704007 feasible sets         0 orders tried  current cost 5
    W_14: 60480s  137,726,324,200 steps   704194 feasible sets         0 orders tried  current cost 8
    W_14: 60495s  137,761,360,400 steps   704372 feasible sets         0 orders tried  current cost 15
    W_14: 60510s  137,796,561,200 steps   704542 feasible sets         0 orders tried  current cost 13
    W_14: 60525s  137,831,223,600 steps   704736 feasible sets         0 orders tried  current cost 13
    W_14: 60540s  137,866,480,000 steps   704893 feasible sets         0 orders tried  current cost 4
    W_14: 60555s  137,901,539,600 steps   705046 feasible sets         0 orders tried  current cost 3
    W_14: 60570s  137,936,014,400 steps   705202 feasible sets         0 orders tried  current cost 4
    W_14: 60585s  137,970,624,000 steps   705401 feasible sets         0 orders tried  current cost 9
    W_14: 60600s  138,005,830,200 steps   705560 feasible sets         0 orders tried  current cost 4
    W_14: 60615s  138,040,419,400 steps   705756 feasible sets         0 orders tried  current cost 4
    W_14: 60630s  138,075,125,000 steps   705925 feasible sets         0 orders tried  current cost 10
    W_14: 60645s  138,109,917,200 steps   706096 feasible sets         0 orders tried  current cost 3
    W_14: 60660s  138,144,738,600 steps   706240 feasible sets         0 orders tried  current cost 3
    W_14: 60675s  138,179,985,600 steps   706458 feasible sets         0 orders tried  current cost 8
    W_14: 60690s  138,215,317,200 steps   706618 feasible sets         0 orders tried  current cost 2
    W_14: 60705s  138,250,325,200 steps   706804 feasible sets         0 orders tried  current cost 11
    W_14: 60720s  138,285,095,000 steps   706986 feasible sets         0 orders tried  current cost 3
    W_14: 60735s  138,320,102,600 steps   707136 feasible sets         0 orders tried  current cost 9
    W_14: 60750s  138,355,078,600 steps   707317 feasible sets         0 orders tried  current cost 2
    W_14: 60765s  138,390,045,200 steps   707492 feasible sets         0 orders tried  current cost 9
    W_14: 60780s  138,425,067,000 steps   707676 feasible sets         0 orders tried  current cost 8
    W_14: 60795s  138,460,068,000 steps   707843 feasible sets         0 orders tried  current cost 5
    W_14: 60810s  138,491,905,000 steps   708017 feasible sets         0 orders tried  current cost 12
    W_14: 60825s  138,524,831,000 steps   708156 feasible sets         0 orders tried  current cost 2
    W_14: 60840s  138,560,037,000 steps   708309 feasible sets         0 orders tried  current cost 2
    W_14: 60855s  138,594,767,600 steps   708480 feasible sets         0 orders tried  current cost 6
    W_14: 60870s  138,629,945,400 steps   708654 feasible sets         0 orders tried  current cost 6
    W_14: 60885s  138,664,974,800 steps   708843 feasible sets         0 orders tried  current cost 3
    W_14: 60900s  138,700,281,000 steps   708977 feasible sets         0 orders tried  current cost 14
    W_14: 60915s  138,735,331,800 steps   709187 feasible sets         0 orders tried  current cost 5
    W_14: 60930s  138,770,022,400 steps   709391 feasible sets         0 orders tried  current cost 7
    W_14: 60945s  138,805,509,400 steps   709578 feasible sets         0 orders tried  current cost 4
    W_14: 60960s  138,840,518,800 steps   709756 feasible sets         0 orders tried  current cost 3
    W_14: 60975s  138,875,271,000 steps   709934 feasible sets         0 orders tried  current cost 5
    W_14: 60990s  138,910,212,200 steps   710118 feasible sets         0 orders tried  current cost 3
    W_14: 61005s  138,945,447,800 steps   710314 feasible sets         0 orders tried  current cost 5
    W_14: 61020s  138,980,553,800 steps   710513 feasible sets         0 orders tried  current cost 2
    W_14: 61035s  139,015,940,600 steps   710679 feasible sets         0 orders tried  current cost 12
    W_14: 61050s  139,051,221,600 steps   710850 feasible sets         0 orders tried  current cost 14
    W_14: 61065s  139,086,685,800 steps   711033 feasible sets         0 orders tried  current cost 7
    W_14: 61080s  139,121,547,400 steps   711197 feasible sets         0 orders tried  current cost 6
    W_14: 61095s  139,156,721,800 steps   711371 feasible sets         0 orders tried  current cost 11
    W_14: 61110s  139,191,497,800 steps   711555 feasible sets         0 orders tried  current cost 3
    W_14: 61125s  139,226,258,000 steps   711735 feasible sets         0 orders tried  current cost 2
    W_14: 61140s  139,260,817,000 steps   711870 feasible sets         0 orders tried  current cost 4
    W_14: 61155s  139,296,165,400 steps   712029 feasible sets         0 orders tried  current cost 9
    W_14: 61170s  139,331,451,400 steps   712251 feasible sets         0 orders tried  current cost 1
    W_14: 61185s  139,366,762,400 steps   712432 feasible sets         0 orders tried  current cost 10
    W_14: 61200s  139,401,861,800 steps   712616 feasible sets         0 orders tried  current cost 13
    W_14: 61215s  139,437,101,600 steps   712781 feasible sets         0 orders tried  current cost 14
    W_14: 61230s  139,472,492,600 steps   712994 feasible sets         0 orders tried  current cost 4
    W_14: 61245s  139,507,650,000 steps   713189 feasible sets         0 orders tried  current cost 4
    W_14: 61260s  139,543,322,600 steps   713363 feasible sets         0 orders tried  current cost 9
    W_14: 61275s  139,578,831,000 steps   713525 feasible sets         0 orders tried  current cost 5
    W_14: 61290s  139,613,776,600 steps   713670 feasible sets         0 orders tried  current cost 2
    W_14: 61305s  139,648,869,600 steps   713869 feasible sets         0 orders tried  current cost 4
    W_14: 61320s  139,683,881,200 steps   714046 feasible sets         0 orders tried  current cost 8
    W_14: 61335s  139,718,931,600 steps   714268 feasible sets         0 orders tried  current cost 3
    W_14: 61350s  139,753,877,200 steps   714449 feasible sets         0 orders tried  current cost 2
    W_14: 61365s  139,788,583,400 steps   714636 feasible sets         0 orders tried  current cost 11
    W_14: 61380s  139,823,181,000 steps   714801 feasible sets         0 orders tried  current cost 9
    W_14: 61395s  139,858,162,600 steps   714960 feasible sets         0 orders tried  current cost 14
    W_14: 61410s  139,893,041,600 steps   715121 feasible sets         0 orders tried  current cost 12
    W_14: 61425s  139,928,476,200 steps   715303 feasible sets         0 orders tried  current cost 5
    W_14: 61440s  139,963,118,600 steps   715512 feasible sets         0 orders tried  current cost 3
    W_14: 61455s  139,998,431,200 steps   715696 feasible sets         0 orders tried  current cost 2
    W_14: 61470s  140,033,664,600 steps   715853 feasible sets         0 orders tried  current cost 7
    W_14: 61485s  140,068,823,400 steps   716053 feasible sets         0 orders tried  current cost 10
    W_14: 61500s  140,103,765,200 steps   716242 feasible sets         0 orders tried  current cost 8
    W_14: 61515s  140,138,446,600 steps   716410 feasible sets         0 orders tried  current cost 9
    W_14: 61530s  140,173,405,000 steps   716579 feasible sets         0 orders tried  current cost 8
    W_14: 61545s  140,208,112,800 steps   716759 feasible sets         0 orders tried  current cost 4
    W_14: 61560s  140,242,862,600 steps   716926 feasible sets         0 orders tried  current cost 17
    W_14: 61575s  140,278,188,200 steps   717098 feasible sets         0 orders tried  current cost 7
    W_14: 61590s  140,313,715,600 steps   717248 feasible sets         0 orders tried  current cost 1
    W_14: 61605s  140,348,855,600 steps   717443 feasible sets         0 orders tried  current cost 4
    W_14: 61620s  140,383,644,200 steps   717624 feasible sets         0 orders tried  current cost 11
    W_14: 61635s  140,419,157,000 steps   717786 feasible sets         0 orders tried  current cost 4
    W_14: 61650s  140,454,163,400 steps   717991 feasible sets         0 orders tried  current cost 10
    W_14: 61665s  140,489,553,200 steps   718193 feasible sets         0 orders tried  current cost 3
    W_14: 61680s  140,524,257,400 steps   718361 feasible sets         0 orders tried  current cost 4
    W_14: 61695s  140,559,202,200 steps   718537 feasible sets         0 orders tried  current cost 10
    W_14: 61710s  140,594,166,000 steps   718706 feasible sets         0 orders tried  current cost 8
    W_14: 61725s  140,629,185,400 steps   718856 feasible sets         0 orders tried  current cost 6
    W_14: 61740s  140,664,434,400 steps   719034 feasible sets         0 orders tried  current cost 2
    W_14: 61755s  140,699,460,200 steps   719204 feasible sets         0 orders tried  current cost 28
    W_14: 61770s  140,734,528,000 steps   719392 feasible sets         0 orders tried  current cost 6
    W_14: 61785s  140,769,367,600 steps   719589 feasible sets         0 orders tried  current cost 4
    W_14: 61800s  140,804,531,600 steps   719761 feasible sets         0 orders tried  current cost 3
    W_14: 61815s  140,839,498,400 steps   719958 feasible sets         0 orders tried  current cost 4
    W_14: 61830s  140,874,493,000 steps   720123 feasible sets         0 orders tried  current cost 1
    W_14: 61845s  140,909,721,600 steps   720300 feasible sets         0 orders tried  current cost 10
    W_14: 61860s  140,944,902,400 steps   720478 feasible sets         0 orders tried  current cost 11
    W_14: 61875s  140,979,876,400 steps   720654 feasible sets         0 orders tried  current cost 4
    W_14: 61890s  141,014,817,000 steps   720828 feasible sets         0 orders tried  current cost 5
    W_14: 61905s  141,049,803,800 steps   721039 feasible sets         0 orders tried  current cost 12
    W_14: 61920s  141,084,896,000 steps   721215 feasible sets         0 orders tried  current cost 3
    W_14: 61935s  141,120,295,800 steps   721385 feasible sets         0 orders tried  current cost 3
    W_14: 61950s  141,155,471,600 steps   721588 feasible sets         0 orders tried  current cost 4
    W_14: 61965s  141,190,447,200 steps   721738 feasible sets         0 orders tried  current cost 4
    W_14: 61980s  141,225,334,000 steps   721891 feasible sets         0 orders tried  current cost 5
    W_14: 61995s  141,260,684,800 steps   722073 feasible sets         0 orders tried  current cost 10
    W_14: 62010s  141,295,472,800 steps   722258 feasible sets         0 orders tried  current cost 5
    W_14: 62025s  141,330,278,800 steps   722391 feasible sets         0 orders tried  current cost 2
    W_14: 62040s  141,365,237,400 steps   722564 feasible sets         0 orders tried  current cost 4
    W_14: 62055s  141,400,260,800 steps   722742 feasible sets         0 orders tried  current cost 12
    W_14: 62070s  141,435,284,000 steps   722941 feasible sets         0 orders tried  current cost 7
    W_14: 62085s  141,470,693,000 steps   723122 feasible sets         0 orders tried  current cost 3
    W_14: 62100s  141,505,945,800 steps   723345 feasible sets         0 orders tried  current cost 6
    W_14: 62115s  141,541,187,200 steps   723525 feasible sets         0 orders tried  current cost 4
    W_14: 62130s  141,576,551,400 steps   723730 feasible sets         0 orders tried  current cost 3
    W_14: 62145s  141,612,044,200 steps   723910 feasible sets         0 orders tried  current cost 5
    W_14: 62160s  141,647,270,200 steps   724095 feasible sets         0 orders tried  current cost 4
    W_14: 62175s  141,682,558,200 steps   724247 feasible sets         0 orders tried  current cost 1
    W_14: 62190s  141,717,812,000 steps   724469 feasible sets         0 orders tried  current cost 4
    W_14: 62205s  141,753,342,400 steps   724650 feasible sets         0 orders tried  current cost 9
    W_14: 62220s  141,788,421,800 steps   724847 feasible sets         0 orders tried  current cost 8
    W_14: 62235s  141,823,642,200 steps   725026 feasible sets         0 orders tried  current cost 7
    W_14: 62250s  141,858,823,800 steps   725207 feasible sets         0 orders tried  current cost 12
    W_14: 62265s  141,894,016,200 steps   725391 feasible sets         0 orders tried  current cost 4
    W_14: 62280s  141,929,650,400 steps   725622 feasible sets         0 orders tried  current cost 4
    W_14: 62295s  141,964,395,200 steps   725809 feasible sets         0 orders tried  current cost 2
    W_14: 62310s  141,999,402,600 steps   725943 feasible sets         0 orders tried  current cost 6
    W_14: 62325s  142,034,551,200 steps   726112 feasible sets         0 orders tried  current cost 4
    W_14: 62340s  142,069,893,200 steps   726273 feasible sets         0 orders tried  current cost 5
    W_14: 62355s  142,104,904,600 steps   726417 feasible sets         0 orders tried  current cost 7
    W_14: 62370s  142,140,477,600 steps   726599 feasible sets         0 orders tried  current cost 1
    W_14: 62385s  142,175,962,600 steps   726780 feasible sets         0 orders tried  current cost 6
    W_14: 62400s  142,210,687,200 steps   726934 feasible sets         0 orders tried  current cost 6
    W_14: 62415s  142,246,019,200 steps   727072 feasible sets         0 orders tried  current cost 4
    W_14: 62430s  142,280,893,000 steps   727245 feasible sets         0 orders tried  current cost 5
    W_14: 62445s  142,316,410,800 steps   727433 feasible sets         0 orders tried  current cost 5
    W_14: 62460s  142,351,439,600 steps   727581 feasible sets         0 orders tried  current cost 2
    W_14: 62475s  142,386,586,400 steps   727734 feasible sets         0 orders tried  current cost 12
    W_14: 62490s  142,421,773,400 steps   727950 feasible sets         0 orders tried  current cost 4
    W_14: 62505s  142,457,488,400 steps   728153 feasible sets         0 orders tried  current cost 7
    W_14: 62520s  142,492,799,600 steps   728344 feasible sets         0 orders tried  current cost 2
    W_14: 62535s  142,527,782,400 steps   728503 feasible sets         0 orders tried  current cost 14
    W_14: 62550s  142,563,015,600 steps   728678 feasible sets         0 orders tried  current cost 3
    W_14: 62565s  142,597,977,800 steps   728841 feasible sets         0 orders tried  current cost 4
    W_14: 62580s  142,633,225,600 steps   729035 feasible sets         0 orders tried  current cost 8
    W_14: 62595s  142,668,565,600 steps   729168 feasible sets         0 orders tried  current cost 6
    W_14: 62610s  142,703,709,000 steps   729369 feasible sets         0 orders tried  current cost 6
    W_14: 62625s  142,738,899,600 steps   729547 feasible sets         0 orders tried  current cost 3
    W_14: 62640s  142,774,515,000 steps   729692 feasible sets         0 orders tried  current cost 3
    W_14: 62655s  142,809,589,000 steps   729858 feasible sets         0 orders tried  current cost 5
    W_14: 62670s  142,845,159,400 steps   730024 feasible sets         0 orders tried  current cost 2
    W_14: 62685s  142,880,449,000 steps   730177 feasible sets         0 orders tried  current cost 4
    W_14: 62700s  142,915,384,800 steps   730356 feasible sets         0 orders tried  current cost 10
    W_14: 62715s  142,950,082,000 steps   730518 feasible sets         0 orders tried  current cost 7
    W_14: 62730s  142,985,162,200 steps   730684 feasible sets         0 orders tried  current cost 8
    W_14: 62745s  143,020,119,200 steps   730863 feasible sets         0 orders tried  current cost 1
    W_14: 62760s  143,055,238,000 steps   731044 feasible sets         0 orders tried  current cost 2
    W_14: 62775s  143,090,332,400 steps   731276 feasible sets         0 orders tried  current cost 4
    W_14: 62790s  143,125,590,600 steps   731451 feasible sets         0 orders tried  current cost 3
    W_14: 62805s  143,160,538,800 steps   731616 feasible sets         0 orders tried  current cost 3
    W_14: 62820s  143,195,277,800 steps   731815 feasible sets         0 orders tried  current cost 2
    W_14: 62835s  143,230,219,000 steps   731999 feasible sets         0 orders tried  current cost 3
    W_14: 62850s  143,265,259,400 steps   732207 feasible sets         0 orders tried  current cost 3
    W_14: 62865s  143,300,272,600 steps   732411 feasible sets         0 orders tried  current cost 4
    W_14: 62880s  143,334,831,800 steps   732591 feasible sets         0 orders tried  current cost 4
    W_14: 62895s  143,369,540,000 steps   732754 feasible sets         0 orders tried  current cost 3
    W_14: 62910s  143,404,663,200 steps   732937 feasible sets         0 orders tried  current cost 12
    W_14: 62925s  143,439,698,400 steps   733087 feasible sets         0 orders tried  current cost 3
    W_14: 62940s  143,474,894,800 steps   733264 feasible sets         0 orders tried  current cost 4
    W_14: 62955s  143,510,041,200 steps   733447 feasible sets         0 orders tried  current cost 18
    W_14: 62970s  143,545,318,800 steps   733588 feasible sets         0 orders tried  current cost 4
    W_14: 62985s  143,580,409,000 steps   733796 feasible sets         0 orders tried  current cost 5
    W_14: 63000s  143,615,399,400 steps   733976 feasible sets         0 orders tried  current cost 4
    W_14: 63015s  143,650,434,800 steps   734171 feasible sets         0 orders tried  current cost 2
    W_14: 63030s  143,685,629,600 steps   734337 feasible sets         0 orders tried  current cost 4
    W_14: 63045s  143,720,353,200 steps   734516 feasible sets         0 orders tried  current cost 4
    W_14: 63060s  143,755,352,000 steps   734702 feasible sets         0 orders tried  current cost 2
    W_14: 63075s  143,788,929,800 steps   734856 feasible sets         0 orders tried  current cost 5
    W_14: 63090s  143,822,916,000 steps   735022 feasible sets         0 orders tried  current cost 3
    W_14: 63105s  143,856,905,000 steps   735177 feasible sets         0 orders tried  current cost 10
    W_14: 63120s  143,890,755,200 steps   735361 feasible sets         0 orders tried  current cost 3
    W_14: 63135s  143,924,366,000 steps   735561 feasible sets         0 orders tried  current cost 8
    W_14: 63150s  143,958,234,200 steps   735727 feasible sets         0 orders tried  current cost 2
    W_14: 63165s  143,992,649,800 steps   735892 feasible sets         0 orders tried  current cost 3
    W_14: 63180s  144,026,700,600 steps   736067 feasible sets         0 orders tried  current cost 18
    W_14: 63195s  144,060,867,600 steps   736250 feasible sets         0 orders tried  current cost 7
    W_14: 63210s  144,095,522,400 steps   736408 feasible sets         0 orders tried  current cost 13
    W_14: 63225s  144,129,517,600 steps   736567 feasible sets         0 orders tried  current cost 1
    W_14: 63240s  144,163,923,200 steps   736734 feasible sets         0 orders tried  current cost 12
    W_14: 63255s  144,198,179,800 steps   736923 feasible sets         0 orders tried  current cost 4
    W_14: 63270s  144,230,652,800 steps   737079 feasible sets         0 orders tried  current cost 6
    W_14: 63285s  144,264,831,600 steps   737242 feasible sets         0 orders tried  current cost 4
    W_14: 63300s  144,298,152,400 steps   737425 feasible sets         0 orders tried  current cost 3
    W_14: 63315s  144,332,839,800 steps   737631 feasible sets         0 orders tried  current cost 3
    W_14: 63330s  144,368,067,200 steps   737822 feasible sets         0 orders tried  current cost 2
    W_14: 63345s  144,403,066,200 steps   738024 feasible sets         0 orders tried  current cost 6
    W_14: 63360s  144,438,083,400 steps   738189 feasible sets         0 orders tried  current cost 11
    W_14: 63375s  144,472,497,000 steps   738356 feasible sets         0 orders tried  current cost 1
    W_14: 63390s  144,506,856,400 steps   738546 feasible sets         0 orders tried  current cost 4
    W_14: 63405s  144,541,247,000 steps   738720 feasible sets         0 orders tried  current cost 8
    W_14: 63420s  144,575,979,800 steps   738921 feasible sets         0 orders tried  current cost 1
    W_14: 63435s  144,610,885,400 steps   739064 feasible sets         0 orders tried  current cost 8
    W_14: 63450s  144,645,950,800 steps   739231 feasible sets         0 orders tried  current cost 5
    W_14: 63465s  144,680,862,000 steps   739412 feasible sets         0 orders tried  current cost 10
    W_14: 63480s  144,716,206,200 steps   739593 feasible sets         0 orders tried  current cost 7
    W_14: 63495s  144,751,319,000 steps   739756 feasible sets         0 orders tried  current cost 4
    W_14: 63510s  144,786,321,800 steps   739934 feasible sets         0 orders tried  current cost 17
    W_14: 63525s  144,821,389,400 steps   740119 feasible sets         0 orders tried  current cost 4
    W_14: 63540s  144,856,446,000 steps   740282 feasible sets         0 orders tried  current cost 9
    W_14: 63555s  144,891,399,000 steps   740461 feasible sets         0 orders tried  current cost 2
    W_14: 63570s  144,926,520,400 steps   740630 feasible sets         0 orders tried  current cost 12
    W_14: 63585s  144,961,668,400 steps   740798 feasible sets         0 orders tried  current cost 7
    W_14: 63600s  144,996,057,400 steps   740990 feasible sets         0 orders tried  current cost 2
    W_14: 63615s  145,031,118,600 steps   741127 feasible sets         0 orders tried  current cost 1
    W_14: 63630s  145,066,196,800 steps   741304 feasible sets         0 orders tried  current cost 1
    W_14: 63645s  145,100,723,000 steps   741484 feasible sets         0 orders tried  current cost 14
    W_14: 63660s  145,135,189,200 steps   741670 feasible sets         0 orders tried  current cost 3
    W_14: 63675s  145,170,337,000 steps   741839 feasible sets         0 orders tried  current cost 3
    W_14: 63690s  145,204,839,600 steps   741981 feasible sets         0 orders tried  current cost 5
    W_14: 63705s  145,239,572,600 steps   742152 feasible sets         0 orders tried  current cost 4
    W_14: 63720s  145,274,219,800 steps   742339 feasible sets         0 orders tried  current cost 2
    W_14: 63735s  145,309,038,800 steps   742529 feasible sets         0 orders tried  current cost 3
    W_14: 63750s  145,344,082,000 steps   742717 feasible sets         0 orders tried  current cost 12
    W_14: 63765s  145,379,479,800 steps   742963 feasible sets         0 orders tried  current cost 6
    W_14: 63780s  145,414,899,000 steps   743116 feasible sets         0 orders tried  current cost 2
    W_14: 63795s  145,449,858,800 steps   743330 feasible sets         0 orders tried  current cost 3
    W_14: 63810s  145,485,027,600 steps   743512 feasible sets         0 orders tried  current cost 8
    W_14: 63825s  145,520,213,400 steps   743668 feasible sets         0 orders tried  current cost 2
    W_14: 63840s  145,555,718,200 steps   743839 feasible sets         0 orders tried  current cost 4
    W_14: 63855s  145,590,454,800 steps   744022 feasible sets         0 orders tried  current cost 2
    W_14: 63870s  145,625,278,800 steps   744233 feasible sets         0 orders tried  current cost 4
    W_14: 63885s  145,659,810,800 steps   744418 feasible sets         0 orders tried  current cost 4
    W_14: 63900s  145,694,598,600 steps   744590 feasible sets         0 orders tried  current cost 3
    W_14: 63915s  145,729,400,200 steps   744786 feasible sets         0 orders tried  current cost 12
    W_14: 63930s  145,764,575,800 steps   744913 feasible sets         0 orders tried  current cost 4
    W_14: 63945s  145,799,110,800 steps   745097 feasible sets         0 orders tried  current cost 4
    W_14: 63960s  145,833,810,800 steps   745257 feasible sets         0 orders tried  current cost 4
    W_14: 63975s  145,868,836,600 steps   745421 feasible sets         0 orders tried  current cost 4
    W_14: 63990s  145,903,583,600 steps   745617 feasible sets         0 orders tried  current cost 7
    W_14: 64005s  145,938,296,000 steps   745785 feasible sets         0 orders tried  current cost 3
    W_14: 64020s  145,972,145,600 steps   745934 feasible sets         0 orders tried  current cost 7
    W_14: 64035s  146,007,111,800 steps   746114 feasible sets         0 orders tried  current cost 4
    W_14: 64050s  146,041,923,400 steps   746286 feasible sets         0 orders tried  current cost 11
    W_14: 64065s  146,077,570,200 steps   746476 feasible sets         0 orders tried  current cost 6
    W_14: 64080s  146,112,127,200 steps   746651 feasible sets         0 orders tried  current cost 6
    W_14: 64095s  146,146,620,600 steps   746822 feasible sets         0 orders tried  current cost 17
    W_14: 64110s  146,181,673,800 steps   746973 feasible sets         0 orders tried  current cost 2
    W_14: 64125s  146,216,565,000 steps   747138 feasible sets         0 orders tried  current cost 4
    W_14: 64140s  146,251,906,000 steps   747326 feasible sets         0 orders tried  current cost 8
    W_14: 64155s  146,286,878,200 steps   747479 feasible sets         0 orders tried  current cost 3
    W_14: 64170s  146,321,394,400 steps   747635 feasible sets         0 orders tried  current cost 4
    W_14: 64185s  146,356,187,000 steps   747819 feasible sets         0 orders tried  current cost 8
    W_14: 64200s  146,390,851,200 steps   747967 feasible sets         0 orders tried  current cost 2
    W_14: 64215s  146,425,672,600 steps   748114 feasible sets         0 orders tried  current cost 4
    W_14: 64230s  146,460,699,800 steps   748285 feasible sets         0 orders tried  current cost 4
    W_14: 64245s  146,495,202,200 steps   748455 feasible sets         0 orders tried  current cost 10
    W_14: 64260s  146,529,984,000 steps   748634 feasible sets         0 orders tried  current cost 5
    W_14: 64275s  146,564,493,400 steps   748818 feasible sets         0 orders tried  current cost 4
    W_14: 64290s  146,599,200,600 steps   749004 feasible sets         0 orders tried  current cost 19
    W_14: 64305s  146,633,983,600 steps   749203 feasible sets         0 orders tried  current cost 9
    W_14: 64320s  146,668,168,800 steps   749364 feasible sets         0 orders tried  current cost 8
    W_14: 64335s  146,702,451,200 steps   749586 feasible sets         0 orders tried  current cost 6
    W_14: 64350s  146,735,392,000 steps   749745 feasible sets         0 orders tried  current cost 3
    W_14: 64365s  146,768,447,400 steps   749918 feasible sets         0 orders tried  current cost 3
    W_14: 64380s  146,801,888,600 steps   750067 feasible sets         0 orders tried  current cost 4
    W_14: 64395s  146,835,360,400 steps   750210 feasible sets         0 orders tried  current cost 15
    W_14: 64410s  146,869,815,200 steps   750366 feasible sets         0 orders tried  current cost 3
    W_14: 64425s  146,903,755,800 steps   750553 feasible sets         0 orders tried  current cost 1
    W_14: 64440s  146,936,912,200 steps   750741 feasible sets         0 orders tried  current cost 2
    W_14: 64455s  146,970,508,000 steps   750936 feasible sets         0 orders tried  current cost 6
    W_14: 64470s  147,004,365,800 steps   751152 feasible sets         0 orders tried  current cost 13
    W_14: 64485s  147,038,655,800 steps   751320 feasible sets         0 orders tried  current cost 3
    W_14: 64500s  147,072,604,000 steps   751501 feasible sets         0 orders tried  current cost 11
    W_14: 64515s  147,106,701,800 steps   751697 feasible sets         0 orders tried  current cost 11
    W_14: 64530s  147,140,865,600 steps   751860 feasible sets         0 orders tried  current cost 4
    W_14: 64545s  147,174,782,200 steps   752038 feasible sets         0 orders tried  current cost 12
    W_14: 64560s  147,208,624,200 steps   752233 feasible sets         0 orders tried  current cost 7
    W_14: 64575s  147,242,480,200 steps   752395 feasible sets         0 orders tried  current cost 18
    W_14: 64590s  147,276,725,000 steps   752559 feasible sets         0 orders tried  current cost 8
    W_14: 64605s  147,311,764,200 steps   752738 feasible sets         0 orders tried  current cost 8
    W_14: 64620s  147,346,241,000 steps   752877 feasible sets         0 orders tried  current cost 13
    W_14: 64635s  147,378,553,600 steps   753050 feasible sets         0 orders tried  current cost 3
    W_14: 64650s  147,412,704,400 steps   753217 feasible sets         0 orders tried  current cost 5
    W_14: 64665s  147,447,161,400 steps   753373 feasible sets         0 orders tried  current cost 11
    W_14: 64680s  147,481,092,800 steps   753546 feasible sets         0 orders tried  current cost 5
    W_14: 64695s  147,515,523,400 steps   753739 feasible sets         0 orders tried  current cost 12
    W_14: 64710s  147,550,490,600 steps   753923 feasible sets         0 orders tried  current cost 4
    W_14: 64725s  147,584,843,000 steps   754120 feasible sets         0 orders tried  current cost 12
    W_14: 64740s  147,619,135,400 steps   754325 feasible sets         0 orders tried  current cost 1
    W_14: 64755s  147,653,970,600 steps   754470 feasible sets         0 orders tried  current cost 3
    W_14: 64770s  147,688,324,400 steps   754627 feasible sets         0 orders tried  current cost 8
    W_14: 64785s  147,722,386,000 steps   754787 feasible sets         0 orders tried  current cost 7
seed=3, time limit 64800s per wheel

W_14  not found   64800s, 754964 feasible sets, 0 orders tried

0/1 wheels solved and independently verified.
A wheel not solved here is undecided, not shown to be impossible: this search is incomplete by design.
