    W_14:    15s  34,277,800 steps      171 feasible sets         0 orders tried  current cost 4
    W_14:    30s  68,800,800 steps      359 feasible sets         0 orders tried  current cost 11
    W_14:    45s  103,461,400 steps      560 feasible sets         0 orders tried  current cost 11
    W_14:    60s  137,748,600 steps      730 feasible sets         0 orders tried  current cost 2
    W_14:    75s  171,691,400 steps      945 feasible sets         0 orders tried  current cost 4
    W_14:    90s  205,934,400 steps     1093 feasible sets         0 orders tried  current cost 1
    W_14:   105s  240,011,000 steps     1313 feasible sets         0 orders tried  current cost 3
    W_14:   120s  273,646,200 steps     1466 feasible sets         0 orders tried  current cost 6
    W_14:   135s  304,583,000 steps     1638 feasible sets         0 orders tried  current cost 13
    W_14:   150s  322,993,600 steps     1731 feasible sets         0 orders tried  current cost 5
    W_14:   165s  356,957,000 steps     1914 feasible sets         0 orders tried  current cost 5
    W_14:   180s  390,874,400 steps     2088 feasible sets         0 orders tried  current cost 1
    W_14:   195s  425,141,800 steps     2251 feasible sets         0 orders tried  current cost 8
    W_14:   210s  459,291,400 steps     2395 feasible sets         0 orders tried  current cost 3
    W_14:   225s  493,296,200 steps     2594 feasible sets         0 orders tried  current cost 1
    W_14:   240s  527,733,800 steps     2759 feasible sets         0 orders tried  current cost 3
    W_14:   255s  561,804,400 steps     2940 feasible sets         0 orders tried  current cost 9
    W_14:   270s  596,317,400 steps     3100 feasible sets         0 orders tried  current cost 1
    W_14:   285s  630,805,400 steps     3287 feasible sets         0 orders tried  current cost 7
    W_14:   300s  665,046,200 steps     3427 feasible sets         0 orders tried  current cost 7
    W_14:   315s  699,631,200 steps     3604 feasible sets         0 orders tried  current cost 3
    W_14:   330s  734,129,200 steps     3789 feasible sets         0 orders tried  current cost 6
    W_14:   345s  768,177,400 steps     3965 feasible sets         0 orders tried  current cost 2
    W_14:   360s  802,077,000 steps     4111 feasible sets         0 orders tried  current cost 1
    W_14:   375s  836,403,000 steps     4293 feasible sets         0 orders tried  current cost 10
    W_14:   390s  870,546,600 steps     4472 feasible sets         0 orders tried  current cost 7
    W_14:   405s  904,736,400 steps     4618 feasible sets         0 orders tried  current cost 3
    W_14:   420s  939,065,400 steps     4784 feasible sets         0 orders tried  current cost 7
    W_14:   435s  973,322,000 steps     4930 feasible sets         0 orders tried  current cost 11
    W_14:   450s  1,007,478,800 steps     5115 feasible sets         0 orders tried  current cost 3
    W_14:   465s  1,041,710,000 steps     5338 feasible sets         0 orders tried  current cost 4
    W_14:   480s  1,075,512,000 steps     5510 feasible sets         0 orders tried  current cost 2
    W_14:   495s  1,109,864,600 steps     5702 feasible sets         0 orders tried  current cost 9
    W_14:   510s  1,144,258,600 steps     5878 feasible sets         0 orders tried  current cost 2
    W_14:   525s  1,178,404,800 steps     6087 feasible sets         0 orders tried  current cost 9
    W_14:   540s  1,212,660,800 steps     6305 feasible sets         0 orders tried  current cost 14
    W_14:   555s  1,247,195,000 steps     6470 feasible sets         0 orders tried  current cost 4
    W_14:   570s  1,281,517,800 steps     6649 feasible sets         0 orders tried  current cost 3
    W_14:   585s  1,315,111,400 steps     6816 feasible sets         0 orders tried  current cost 1
    W_14:   600s  1,349,413,000 steps     6993 feasible sets         0 orders tried  current cost 3
    W_14:   615s  1,383,498,600 steps     7160 feasible sets         0 orders tried  current cost 3
    W_14:   630s  1,417,950,200 steps     7366 feasible sets         0 orders tried  current cost 5
    W_14:   645s  1,452,498,200 steps     7555 feasible sets         0 orders tried  current cost 4
    W_14:   660s  1,486,685,000 steps     7707 feasible sets         0 orders tried  current cost 7
    W_14:   675s  1,520,542,600 steps     7836 feasible sets         0 orders tried  current cost 17
    W_14:   690s  1,554,840,000 steps     8005 feasible sets         0 orders tried  current cost 3
    W_14:   705s  1,588,906,400 steps     8153 feasible sets         0 orders tried  current cost 7
    W_14:   720s  1,622,995,600 steps     8311 feasible sets         0 orders tried  current cost 4
    W_14:   735s  1,657,281,200 steps     8513 feasible sets         0 orders tried  current cost 19
    W_14:   750s  1,691,796,800 steps     8685 feasible sets         0 orders tried  current cost 2
    W_14:   765s  1,725,760,600 steps     8877 feasible sets         0 orders tried  current cost 14
    W_14:   780s  1,759,771,000 steps     9058 feasible sets         0 orders tried  current cost 6
    W_14:   795s  1,793,870,000 steps     9234 feasible sets         0 orders tried  current cost 3
    W_14:   810s  1,828,229,600 steps     9369 feasible sets         0 orders tried  current cost 5
    W_14:   825s  1,853,284,000 steps     9501 feasible sets         0 orders tried  current cost 9
    W_14:   840s  1,872,680,200 steps     9626 feasible sets         0 orders tried  current cost 10
    W_14:   855s  1,906,616,800 steps     9853 feasible sets         0 orders tried  current cost 3
    W_14:   870s  1,940,762,800 steps    10065 feasible sets         0 orders tried  current cost 8
    W_14:   885s  1,975,072,600 steps    10282 feasible sets         0 orders tried  current cost 2
    W_14:   900s  2,009,539,000 steps    10489 feasible sets         0 orders tried  current cost 2
    W_14:   915s  2,043,779,400 steps    10621 feasible sets         0 orders tried  current cost 1
    W_14:   930s  2,078,129,600 steps    10820 feasible sets         0 orders tried  current cost 5
    W_14:   945s  2,111,969,200 steps    10985 feasible sets         0 orders tried  current cost 6
    W_14:   960s  2,145,956,400 steps    11182 feasible sets         0 orders tried  current cost 1
    W_14:   975s  2,180,158,000 steps    11375 feasible sets         0 orders tried  current cost 3
    W_14:   990s  2,214,561,200 steps    11532 feasible sets         0 orders tried  current cost 10
    W_14:  1005s  2,248,790,800 steps    11720 feasible sets         0 orders tried  current cost 2
    W_14:  1020s  2,282,757,200 steps    11920 feasible sets         0 orders tried  current cost 4
    W_14:  1035s  2,317,287,200 steps    12103 feasible sets         0 orders tried  current cost 6
    W_14:  1050s  2,351,524,400 steps    12299 feasible sets         0 orders tried  current cost 3
    W_14:  1065s  2,385,473,000 steps    12461 feasible sets         0 orders tried  current cost 3
    W_14:  1080s  2,419,446,600 steps    12686 feasible sets         0 orders tried  current cost 7
    W_14:  1095s  2,453,979,600 steps    12870 feasible sets         0 orders tried  current cost 3
    W_14:  1110s  2,488,309,600 steps    13062 feasible sets         0 orders tried  current cost 5
    W_14:  1125s  2,522,726,800 steps    13210 feasible sets         0 orders tried  current cost 4
    W_14:  1140s  2,556,747,000 steps    13375 feasible sets         0 orders tried  current cost 6
    W_14:  1155s  2,590,810,000 steps    13575 feasible sets         0 orders tried  current cost 4
    W_14:  1170s  2,625,105,600 steps    13722 feasible sets         0 orders tried  current cost 8
    W_14:  1185s  2,659,265,600 steps    13889 feasible sets         0 orders tried  current cost 10
    W_14:  1200s  2,693,678,400 steps    14049 feasible sets         0 orders tried  current cost 2
    W_14:  1215s  2,727,692,600 steps    14219 feasible sets         0 orders tried  current cost 5
    W_14:  1230s  2,761,769,600 steps    14409 feasible sets         0 orders tried  current cost 5
    W_14:  1245s  2,796,187,800 steps    14586 feasible sets         0 orders tried  current cost 4
    W_14:  1260s  2,830,489,600 steps    14731 feasible sets         0 orders tried  current cost 4
    W_14:  1275s  2,864,624,400 steps    14887 feasible sets         0 orders tried  current cost 12
    W_14:  1290s  2,899,019,800 steps    15047 feasible sets         0 orders tried  current cost 1
    W_14:  1305s  2,933,121,000 steps    15216 feasible sets         0 orders tried  current cost 15
    W_14:  1320s  2,967,272,200 steps    15391 feasible sets         0 orders tried  current cost 6
    W_14:  1335s  3,001,263,800 steps    15544 feasible sets         0 orders tried  current cost 9
    W_14:  1350s  3,033,427,800 steps    15718 feasible sets         0 orders tried  current cost 6
    W_14:  1365s  3,065,962,400 steps    15898 feasible sets         0 orders tried  current cost 10
    W_14:  1380s  3,099,836,400 steps    16113 feasible sets         0 orders tried  current cost 4
    W_14:  1395s  3,133,759,200 steps    16300 feasible sets         0 orders tried  current cost 3
    W_14:  1410s  3,167,863,200 steps    16467 feasible sets         0 orders tried  current cost 11
    W_14:  1425s  3,200,373,400 steps    16656 feasible sets         0 orders tried  current cost 4
    W_14:  1440s  3,233,824,000 steps    16812 feasible sets         0 orders tried  current cost 12
    W_14:  1455s  3,268,105,800 steps    16976 feasible sets         0 orders tried  current cost 5
    W_14:  1470s  3,302,290,400 steps    17232 feasible sets         0 orders tried  current cost 3
    W_14:  1485s  3,336,424,200 steps    17436 feasible sets         0 orders tried  current cost 11
    W_14:  1500s  3,370,171,600 steps    17594 feasible sets         0 orders tried  current cost 3
    W_14:  1515s  3,399,384,800 steps    17728 feasible sets         0 orders tried  current cost 10
    W_14:  1530s  3,420,427,200 steps    17818 feasible sets         0 orders tried  current cost 5
    W_14:  1545s  3,454,396,600 steps    18018 feasible sets         0 orders tried  current cost 3
    W_14:  1560s  3,488,499,600 steps    18201 feasible sets         0 orders tried  current cost 3
    W_14:  1575s  3,522,542,000 steps    18396 feasible sets         0 orders tried  current cost 12
    W_14:  1590s  3,557,061,600 steps    18564 feasible sets         0 orders tried  current cost 11
    W_14:  1605s  3,591,763,200 steps    18740 feasible sets         0 orders tried  current cost 9
    W_14:  1620s  3,625,849,800 steps    18934 feasible sets         0 orders tried  current cost 5
    W_14:  1635s  3,659,859,600 steps    19133 feasible sets         0 orders tried  current cost 3
    W_14:  1650s  3,693,827,200 steps    19348 feasible sets         0 orders tried  current cost 8
    W_14:  1665s  3,727,851,800 steps    19527 feasible sets         0 orders tried  current cost 1
    W_14:  1680s  3,761,729,800 steps    19714 feasible sets         0 orders tried  current cost 6
    W_14:  1695s  3,795,973,600 steps    19885 feasible sets         0 orders tried  current cost 4
    W_14:  1710s  3,830,201,200 steps    20045 feasible sets         0 orders tried  current cost 14
    W_14:  1725s  3,864,610,400 steps    20256 feasible sets         0 orders tried  current cost 5
    W_14:  1740s  3,898,564,000 steps    20423 feasible sets         0 orders tried  current cost 8
    W_14:  1755s  3,933,322,400 steps    20616 feasible sets         0 orders tried  current cost 11
    W_14:  1770s  3,967,506,800 steps    20792 feasible sets         0 orders tried  current cost 8
    W_14:  1785s  4,001,728,400 steps    20982 feasible sets         0 orders tried  current cost 5
    W_14:  1800s  4,035,745,800 steps    21162 feasible sets         0 orders tried  current cost 9
    W_14:  1815s  4,069,660,800 steps    21297 feasible sets         0 orders tried  current cost 17
    W_14:  1830s  4,103,649,200 steps    21484 feasible sets         0 orders tried  current cost 8
    W_14:  1845s  4,137,733,200 steps    21732 feasible sets         0 orders tried  current cost 1
    W_14:  1860s  4,172,189,400 steps    21913 feasible sets         0 orders tried  current cost 3
    W_14:  1875s  4,206,294,400 steps    22110 feasible sets         0 orders tried  current cost 3
    W_14:  1890s  4,240,472,400 steps    22279 feasible sets         0 orders tried  current cost 6
    W_14:  1905s  4,274,715,600 steps    22454 feasible sets         0 orders tried  current cost 2
    W_14:  1920s  4,308,922,200 steps    22594 feasible sets         0 orders tried  current cost 17
    W_14:  1935s  4,343,085,600 steps    22740 feasible sets         0 orders tried  current cost 4
    W_14:  1950s  4,377,072,400 steps    22932 feasible sets         0 orders tried  current cost 3
    W_14:  1965s  4,411,287,400 steps    23091 feasible sets         0 orders tried  current cost 6
    W_14:  1980s  4,445,817,000 steps    23250 feasible sets         0 orders tried  current cost 3
    W_14:  1995s  4,479,986,200 steps    23405 feasible sets         0 orders tried  current cost 9
    W_14:  2010s  4,514,149,600 steps    23580 feasible sets         0 orders tried  current cost 5
    W_14:  2025s  4,548,579,000 steps    23747 feasible sets         0 orders tried  current cost 3
    W_14:  2040s  4,582,893,000 steps    23935 feasible sets         0 orders tried  current cost 5
    W_14:  2055s  4,616,819,000 steps    24117 feasible sets         0 orders tried  current cost 1
    W_14:  2070s  4,650,742,000 steps    24271 feasible sets         0 orders tried  current cost 12
    W_14:  2085s  4,684,832,200 steps    24447 feasible sets         0 orders tried  current cost 4
    W_14:  2100s  4,719,168,800 steps    24626 feasible sets         0 orders tried  current cost 3
    W_14:  2115s  4,753,516,800 steps    24777 feasible sets         0 orders tried  current cost 3
    W_14:  2130s  4,787,887,800 steps    24989 feasible sets         0 orders tried  current cost 6
    W_14:  2145s  4,822,270,200 steps    25192 feasible sets         0 orders tried  current cost 2
    W_14:  2160s  4,856,412,000 steps    25328 feasible sets         0 orders tried  current cost 3
    W_14:  2175s  4,890,421,200 steps    25513 feasible sets         0 orders tried  current cost 12
    W_14:  2190s  4,923,643,400 steps    25674 feasible sets         0 orders tried  current cost 12
    W_14:  2205s  4,956,170,600 steps    25870 feasible sets         0 orders tried  current cost 3
    W_14:  2220s  4,965,582,600 steps    25923 feasible sets         0 orders tried  current cost 8
    W_14:  2235s  4,998,423,000 steps    26062 feasible sets         0 orders tried  current cost 11
    W_14:  2250s  5,032,972,200 steps    26201 feasible sets         0 orders tried  current cost 3
    W_14:  2265s  5,067,616,200 steps    26376 feasible sets         0 orders tried  current cost 3
    W_14:  2280s  5,102,192,200 steps    26576 feasible sets         0 orders tried  current cost 4
    W_14:  2295s  5,136,653,200 steps    26710 feasible sets         0 orders tried  current cost 4
    W_14:  2310s  5,170,704,400 steps    26884 feasible sets         0 orders tried  current cost 9
    W_14:  2325s  5,205,030,400 steps    27055 feasible sets         0 orders tried  current cost 5
    W_14:  2340s  5,239,343,200 steps    27272 feasible sets         0 orders tried  current cost 14
    W_14:  2355s  5,273,515,000 steps    27447 feasible sets         0 orders tried  current cost 2
    W_14:  2370s  5,307,936,600 steps    27626 feasible sets         0 orders tried  current cost 2
    W_14:  2385s  5,342,357,000 steps    27818 feasible sets         0 orders tried  current cost 4
    W_14:  2400s  5,376,437,200 steps    28027 feasible sets         0 orders tried  current cost 2
    W_14:  2415s  5,410,791,800 steps    28192 feasible sets         0 orders tried  current cost 2
    W_14:  2430s  5,444,764,800 steps    28358 feasible sets         0 orders tried  current cost 10
    W_14:  2445s  5,478,912,400 steps    28552 feasible sets         0 orders tried  current cost 4
    W_14:  2460s  5,513,263,400 steps    28713 feasible sets         0 orders tried  current cost 8
    W_14:  2475s  5,547,444,000 steps    28931 feasible sets         0 orders tried  current cost 11
    W_14:  2490s  5,581,265,200 steps    29069 feasible sets         0 orders tried  current cost 9
    W_14:  2505s  5,615,675,200 steps    29214 feasible sets         0 orders tried  current cost 3
    W_14:  2520s  5,649,807,200 steps    29351 feasible sets         0 orders tried  current cost 7
    W_14:  2535s  5,683,927,400 steps    29549 feasible sets         0 orders tried  current cost 4
    W_14:  2550s  5,718,092,000 steps    29771 feasible sets         0 orders tried  current cost 5
    W_14:  2565s  5,752,229,200 steps    29948 feasible sets         0 orders tried  current cost 4
    W_14:  2580s  5,786,304,800 steps    30118 feasible sets         0 orders tried  current cost 6
    W_14:  2595s  5,820,512,400 steps    30285 feasible sets         0 orders tried  current cost 2
    W_14:  2610s  5,854,712,000 steps    30464 feasible sets         0 orders tried  current cost 3
    W_14:  2625s  5,888,990,400 steps    30640 feasible sets         0 orders tried  current cost 5
    W_14:  2640s  5,923,202,600 steps    30832 feasible sets         0 orders tried  current cost 4
    W_14:  2655s  5,957,482,800 steps    30984 feasible sets         0 orders tried  current cost 12
    W_14:  2670s  5,991,718,000 steps    31140 feasible sets         0 orders tried  current cost 3
    W_14:  2685s  6,025,422,400 steps    31294 feasible sets         0 orders tried  current cost 7
    W_14:  2700s  6,059,332,800 steps    31455 feasible sets         0 orders tried  current cost 4
    W_14:  2715s  6,093,277,800 steps    31641 feasible sets         0 orders tried  current cost 3
    W_14:  2730s  6,127,147,000 steps    31870 feasible sets         0 orders tried  current cost 4
    W_14:  2745s  6,161,420,600 steps    32002 feasible sets         0 orders tried  current cost 20
    W_14:  2760s  6,195,306,400 steps    32175 feasible sets         0 orders tried  current cost 7
    W_14:  2775s  6,229,367,000 steps    32342 feasible sets         0 orders tried  current cost 6
    W_14:  2790s  6,263,811,800 steps    32504 feasible sets         0 orders tried  current cost 3
    W_14:  2805s  6,297,765,400 steps    32720 feasible sets         0 orders tried  current cost 10
    W_14:  2820s  6,332,428,000 steps    32893 feasible sets         0 orders tried  current cost 3
    W_14:  2835s  6,366,797,200 steps    33043 feasible sets         0 orders tried  current cost 4
    W_14:  2850s  6,401,209,200 steps    33245 feasible sets         0 orders tried  current cost 3
    W_14:  2865s  6,435,358,600 steps    33383 feasible sets         0 orders tried  current cost 2
    W_14:  2880s  6,469,727,000 steps    33581 feasible sets         0 orders tried  current cost 5
    W_14:  2895s  6,504,138,000 steps    33757 feasible sets         0 orders tried  current cost 3
    W_14:  2910s  6,538,330,600 steps    33920 feasible sets         0 orders tried  current cost 2
    W_14:  2925s  6,572,347,000 steps    34096 feasible sets         0 orders tried  current cost 6
    W_14:  2940s  6,606,644,400 steps    34281 feasible sets         0 orders tried  current cost 10
    W_14:  2955s  6,640,958,400 steps    34437 feasible sets         0 orders tried  current cost 1
    W_14:  2970s  6,675,400,000 steps    34598 feasible sets         0 orders tried  current cost 2
    W_14:  2985s  6,709,968,200 steps    34749 feasible sets         0 orders tried  current cost 4
    W_14:  3000s  6,744,144,000 steps    34928 feasible sets         0 orders tried  current cost 7
    W_14:  3015s  6,778,657,000 steps    35112 feasible sets         0 orders tried  current cost 2
    W_14:  3030s  6,812,983,800 steps    35277 feasible sets         0 orders tried  current cost 15
    W_14:  3045s  6,847,360,200 steps    35446 feasible sets         0 orders tried  current cost 15
    W_14:  3060s  6,881,487,600 steps    35602 feasible sets         0 orders tried  current cost 6
    W_14:  3075s  6,915,691,000 steps    35801 feasible sets         0 orders tried  current cost 3
    W_14:  3090s  6,949,806,200 steps    35943 feasible sets         0 orders tried  current cost 8
    W_14:  3105s  6,983,972,200 steps    36099 feasible sets         0 orders tried  current cost 3
    W_14:  3120s  7,018,342,600 steps    36296 feasible sets         0 orders tried  current cost 10
    W_14:  3135s  7,052,585,200 steps    36462 feasible sets         0 orders tried  current cost 6
    W_14:  3150s  7,086,975,000 steps    36636 feasible sets         0 orders tried  current cost 3
    W_14:  3165s  7,121,152,600 steps    36836 feasible sets         0 orders tried  current cost 5
    W_14:  3180s  7,155,294,800 steps    37005 feasible sets         0 orders tried  current cost 4
    W_14:  3195s  7,189,483,600 steps    37163 feasible sets         0 orders tried  current cost 8
    W_14:  3210s  7,223,837,400 steps    37324 feasible sets         0 orders tried  current cost 1
    W_14:  3225s  7,257,987,400 steps    37474 feasible sets         0 orders tried  current cost 6
    W_14:  3240s  7,292,309,200 steps    37655 feasible sets         0 orders tried  current cost 6
    W_14:  3255s  7,326,360,800 steps    37812 feasible sets         0 orders tried  current cost 15
    W_14:  3270s  7,360,648,000 steps    37968 feasible sets         0 orders tried  current cost 6
    W_14:  3285s  7,394,776,000 steps    38164 feasible sets         0 orders tried  current cost 3
    W_14:  3300s  7,429,029,200 steps    38332 feasible sets         0 orders tried  current cost 5
    W_14:  3315s  7,463,427,800 steps    38544 feasible sets         0 orders tried  current cost 5
    W_14:  3330s  7,497,944,800 steps    38697 feasible sets         0 orders tried  current cost 12
    W_14:  3345s  7,531,937,600 steps    38851 feasible sets         0 orders tried  current cost 3
    W_14:  3360s  7,564,901,200 steps    39039 feasible sets         0 orders tried  current cost 12
    W_14:  3375s  7,583,697,600 steps    39119 feasible sets         0 orders tried  current cost 3
    W_14:  3390s  7,616,454,000 steps    39314 feasible sets         0 orders tried  current cost 4
    W_14:  3405s  7,650,099,200 steps    39493 feasible sets         0 orders tried  current cost 2
    W_14:  3420s  7,684,146,000 steps    39685 feasible sets         0 orders tried  current cost 7
    W_14:  3435s  7,718,760,800 steps    39864 feasible sets         0 orders tried  current cost 16
    W_14:  3450s  7,753,416,000 steps    40058 feasible sets         0 orders tried  current cost 4
    W_14:  3465s  7,787,425,400 steps    40276 feasible sets         0 orders tried  current cost 8
    W_14:  3480s  7,821,791,200 steps    40430 feasible sets         0 orders tried  current cost 4
    W_14:  3495s  7,856,421,000 steps    40619 feasible sets         0 orders tried  current cost 15
    W_14:  3510s  7,890,421,000 steps    40781 feasible sets         0 orders tried  current cost 12
    W_14:  3525s  7,924,116,200 steps    40950 feasible sets         0 orders tried  current cost 1
    W_14:  3540s  7,958,497,000 steps    41120 feasible sets         0 orders tried  current cost 4
    W_14:  3555s  7,992,761,600 steps    41260 feasible sets         0 orders tried  current cost 18
    W_14:  3570s  8,026,870,400 steps    41455 feasible sets         0 orders tried  current cost 6
    W_14:  3585s  8,061,312,000 steps    41630 feasible sets         0 orders tried  current cost 4
    W_14:  3600s  8,095,505,800 steps    41829 feasible sets         0 orders tried  current cost 8
    W_14:  3615s  8,129,535,600 steps    41990 feasible sets         0 orders tried  current cost 2
    W_14:  3630s  8,163,496,800 steps    42144 feasible sets         0 orders tried  current cost 2
    W_14:  3645s  8,197,946,200 steps    42336 feasible sets         0 orders tried  current cost 8
    W_14:  3660s  8,232,292,400 steps    42538 feasible sets         0 orders tried  current cost 3
    W_14:  3675s  8,266,588,400 steps    42729 feasible sets         0 orders tried  current cost 7
    W_14:  3690s  8,300,996,800 steps    42919 feasible sets         0 orders tried  current cost 3
    W_14:  3705s  8,335,184,800 steps    43090 feasible sets         0 orders tried  current cost 10
    W_14:  3720s  8,369,551,200 steps    43258 feasible sets         0 orders tried  current cost 4
    W_14:  3735s  8,403,478,800 steps    43444 feasible sets         0 orders tried  current cost 1
    W_14:  3750s  8,438,121,800 steps    43631 feasible sets         0 orders tried  current cost 8
    W_14:  3765s  8,472,380,800 steps    43780 feasible sets         0 orders tried  current cost 10
    W_14:  3780s  8,506,493,200 steps    43938 feasible sets         0 orders tried  current cost 2
    W_14:  3795s  8,540,845,800 steps    44127 feasible sets         0 orders tried  current cost 9
    W_14:  3810s  8,575,437,400 steps    44328 feasible sets         0 orders tried  current cost 4
    W_14:  3825s  8,609,780,000 steps    44511 feasible sets         0 orders tried  current cost 6
    W_14:  3840s  8,643,791,800 steps    44663 feasible sets         0 orders tried  current cost 1
    W_14:  3855s  8,677,874,600 steps    44811 feasible sets         0 orders tried  current cost 5
    W_14:  3870s  8,712,269,200 steps    44981 feasible sets         0 orders tried  current cost 3
    W_14:  3885s  8,746,475,600 steps    45145 feasible sets         0 orders tried  current cost 5
    W_14:  3900s  8,781,008,400 steps    45352 feasible sets         0 orders tried  current cost 5
    W_14:  3915s  8,815,305,000 steps    45526 feasible sets         0 orders tried  current cost 9
    W_14:  3930s  8,849,473,600 steps    45674 feasible sets         0 orders tried  current cost 3
    W_14:  3945s  8,883,821,200 steps    45875 feasible sets         0 orders tried  current cost 10
    W_14:  3960s  8,917,903,800 steps    46056 feasible sets         0 orders tried  current cost 6
    W_14:  3975s  8,951,957,000 steps    46199 feasible sets         0 orders tried  current cost 2
    W_14:  3990s  8,986,014,800 steps    46370 feasible sets         0 orders tried  current cost 3
    W_14:  4005s  9,020,477,000 steps    46536 feasible sets         0 orders tried  current cost 4
    W_14:  4020s  9,054,776,600 steps    46703 feasible sets         0 orders tried  current cost 3
    W_14:  4035s  9,088,836,600 steps    46872 feasible sets         0 orders tried  current cost 2
    W_14:  4050s  9,123,066,800 steps    47028 feasible sets         0 orders tried  current cost 8
    W_14:  4065s  9,157,387,400 steps    47245 feasible sets         0 orders tried  current cost 7
    W_14:  4080s  9,191,580,200 steps    47479 feasible sets         0 orders tried  current cost 12
    W_14:  4095s  9,225,767,000 steps    47659 feasible sets         0 orders tried  current cost 7
    W_14:  4110s  9,260,018,400 steps    47805 feasible sets         0 orders tried  current cost 2
    W_14:  4125s  9,294,252,000 steps    47961 feasible sets         0 orders tried  current cost 6
    W_14:  4140s  9,328,673,400 steps    48150 feasible sets         0 orders tried  current cost 3
    W_14:  4155s  9,362,895,000 steps    48296 feasible sets         0 orders tried  current cost 3
    W_14:  4170s  9,396,985,200 steps    48466 feasible sets         0 orders tried  current cost 10
    W_14:  4185s  9,431,060,000 steps    48646 feasible sets         0 orders tried  current cost 2
    W_14:  4200s  9,465,355,000 steps    48812 feasible sets         0 orders tried  current cost 4
    W_14:  4215s  9,499,453,000 steps    48986 feasible sets         0 orders tried  current cost 3
    W_14:  4230s  9,533,300,200 steps    49152 feasible sets         0 orders tried  current cost 11
    W_14:  4245s  9,567,737,800 steps    49331 feasible sets         0 orders tried  current cost 3
    W_14:  4260s  9,602,318,200 steps    49490 feasible sets         0 orders tried  current cost 2
    W_14:  4275s  9,636,415,000 steps    49677 feasible sets         0 orders tried  current cost 3
    W_14:  4290s  9,670,637,000 steps    49854 feasible sets         0 orders tried  current cost 4
    W_14:  4305s  9,704,792,200 steps    50013 feasible sets         0 orders tried  current cost 2
    W_14:  4320s  9,739,122,200 steps    50164 feasible sets         0 orders tried  current cost 10
    W_14:  4335s  9,773,724,000 steps    50331 feasible sets         0 orders tried  current cost 11
    W_14:  4350s  9,807,905,600 steps    50515 feasible sets         0 orders tried  current cost 11
    W_14:  4365s  9,841,992,400 steps    50682 feasible sets         0 orders tried  current cost 3
    W_14:  4380s  9,876,125,000 steps    50860 feasible sets         0 orders tried  current cost 8
    W_14:  4395s  9,910,570,400 steps    51031 feasible sets         0 orders tried  current cost 3
    W_14:  4410s  9,944,743,800 steps    51206 feasible sets         0 orders tried  current cost 11
    W_14:  4425s  9,979,119,600 steps    51382 feasible sets         0 orders tried  current cost 3
    W_14:  4440s  10,013,349,600 steps    51547 feasible sets         0 orders tried  current cost 4
    W_14:  4455s  10,047,729,400 steps    51750 feasible sets         0 orders tried  current cost 4
    W_14:  4470s  10,082,015,800 steps    51936 feasible sets         0 orders tried  current cost 1
    W_14:  4485s  10,115,248,000 steps    52093 feasible sets         0 orders tried  current cost 3
    W_14:  4500s  10,149,662,800 steps    52263 feasible sets         0 orders tried  current cost 13
    W_14:  4515s  10,183,700,200 steps    52444 feasible sets         0 orders tried  current cost 15
    W_14:  4530s  10,200,223,800 steps    52530 feasible sets         0 orders tried  current cost 10
    W_14:  4545s  10,233,645,200 steps    52698 feasible sets         0 orders tried  current cost 7
    W_14:  4560s  10,268,055,400 steps    52862 feasible sets         0 orders tried  current cost 4
    W_14:  4575s  10,302,417,400 steps    53014 feasible sets         0 orders tried  current cost 1
    W_14:  4590s  10,337,033,000 steps    53172 feasible sets         0 orders tried  current cost 1
    W_14:  4605s  10,371,234,200 steps    53324 feasible sets         0 orders tried  current cost 3
    W_14:  4620s  10,405,812,000 steps    53484 feasible sets         0 orders tried  current cost 1
    W_14:  4635s  10,440,199,400 steps    53659 feasible sets         0 orders tried  current cost 2
    W_14:  4650s  10,474,609,200 steps    53837 feasible sets         0 orders tried  current cost 5
    W_14:  4665s  10,508,710,400 steps    54020 feasible sets         0 orders tried  current cost 3
    W_14:  4680s  10,542,940,400 steps    54162 feasible sets         0 orders tried  current cost 19
    W_14:  4695s  10,576,726,000 steps    54327 feasible sets         0 orders tried  current cost 6
    W_14:  4710s  10,611,226,800 steps    54473 feasible sets         0 orders tried  current cost 9
    W_14:  4725s  10,645,350,400 steps    54612 feasible sets         0 orders tried  current cost 3
    W_14:  4740s  10,679,303,600 steps    54736 feasible sets         0 orders tried  current cost 7
    W_14:  4755s  10,713,646,000 steps    54896 feasible sets         0 orders tried  current cost 9
    W_14:  4770s  10,748,183,600 steps    55086 feasible sets         0 orders tried  current cost 8
    W_14:  4785s  10,782,567,400 steps    55271 feasible sets         0 orders tried  current cost 6
    W_14:  4800s  10,816,698,600 steps    55457 feasible sets         0 orders tried  current cost 3
    W_14:  4815s  10,850,890,200 steps    55622 feasible sets         0 orders tried  current cost 5
    W_14:  4830s  10,885,545,600 steps    55784 feasible sets         0 orders tried  current cost 7
    W_14:  4845s  10,920,038,800 steps    55926 feasible sets         0 orders tried  current cost 4
    W_14:  4860s  10,953,917,800 steps    56107 feasible sets         0 orders tried  current cost 1
    W_14:  4875s  10,987,942,200 steps    56259 feasible sets         0 orders tried  current cost 9
    W_14:  4890s  11,022,239,800 steps    56458 feasible sets         0 orders tried  current cost 4
    W_14:  4905s  11,056,930,600 steps    56640 feasible sets         0 orders tried  current cost 2
    W_14:  4920s  11,091,114,400 steps    56815 feasible sets         0 orders tried  current cost 4
    W_14:  4935s  11,125,420,600 steps    56988 feasible sets         0 orders tried  current cost 15
    W_14:  4950s  11,159,784,800 steps    57179 feasible sets         0 orders tried  current cost 9
    W_14:  4965s  11,193,749,000 steps    57350 feasible sets         0 orders tried  current cost 7
    W_14:  4980s  11,228,035,000 steps    57552 feasible sets         0 orders tried  current cost 1
    W_14:  4995s  11,262,588,200 steps    57711 feasible sets         0 orders tried  current cost 6
    W_14:  5010s  11,296,871,000 steps    57874 feasible sets         0 orders tried  current cost 5
    W_14:  5025s  11,331,014,200 steps    58066 feasible sets         0 orders tried  current cost 2
    W_14:  5040s  11,365,396,800 steps    58252 feasible sets         0 orders tried  current cost 2
    W_14:  5055s  11,399,842,200 steps    58416 feasible sets         0 orders tried  current cost 15
    W_14:  5070s  11,434,094,600 steps    58596 feasible sets         0 orders tried  current cost 4
    W_14:  5085s  11,468,333,600 steps    58769 feasible sets         0 orders tried  current cost 4
    W_14:  5100s  11,502,781,400 steps    58915 feasible sets         0 orders tried  current cost 14
    W_14:  5115s  11,537,063,800 steps    59067 feasible sets         0 orders tried  current cost 9
    W_14:  5130s  11,571,429,000 steps    59216 feasible sets         0 orders tried  current cost 3
    W_14:  5145s  11,605,468,200 steps    59433 feasible sets         0 orders tried  current cost 3
    W_14:  5160s  11,639,597,200 steps    59583 feasible sets         0 orders tried  current cost 3
    W_14:  5175s  11,673,984,200 steps    59736 feasible sets         0 orders tried  current cost 13
    W_14:  5190s  11,708,266,400 steps    59928 feasible sets         0 orders tried  current cost 9
    W_14:  5205s  11,742,566,000 steps    60108 feasible sets         0 orders tried  current cost 8
    W_14:  5220s  11,777,093,000 steps    60266 feasible sets         0 orders tried  current cost 2
    W_14:  5235s  11,810,830,000 steps    60405 feasible sets         0 orders tried  current cost 5
    W_14:  5250s  11,844,841,800 steps    60590 feasible sets         0 orders tried  current cost 12
    W_14:  5265s  11,879,240,200 steps    60742 feasible sets         0 orders tried  current cost 12
    W_14:  5280s  11,913,212,600 steps    60946 feasible sets         0 orders tried  current cost 6
    W_14:  5295s  11,947,135,200 steps    61117 feasible sets         0 orders tried  current cost 4
    W_14:  5310s  11,981,645,800 steps    61292 feasible sets         0 orders tried  current cost 6
    W_14:  5325s  12,016,175,400 steps    61483 feasible sets         0 orders tried  current cost 2
    W_14:  5340s  12,050,069,600 steps    61686 feasible sets         0 orders tried  current cost 2
    W_14:  5355s  12,084,405,800 steps    61854 feasible sets         0 orders tried  current cost 11
    W_14:  5370s  12,118,707,400 steps    61981 feasible sets         0 orders tried  current cost 6
    W_14:  5385s  12,152,831,800 steps    62139 feasible sets         0 orders tried  current cost 4
    W_14:  5400s  12,187,118,800 steps    62361 feasible sets         0 orders tried  current cost 4
    W_14:  5415s  12,221,741,200 steps    62514 feasible sets         0 orders tried  current cost 19
    W_14:  5430s  12,255,779,400 steps    62725 feasible sets         0 orders tried  current cost 4
    W_14:  5445s  12,289,848,200 steps    62923 feasible sets         0 orders tried  current cost 4
    W_14:  5460s  12,324,083,400 steps    63112 feasible sets         0 orders tried  current cost 8
    W_14:  5475s  12,358,216,400 steps    63270 feasible sets         0 orders tried  current cost 4
    W_14:  5490s  12,392,245,200 steps    63451 feasible sets         0 orders tried  current cost 12
    W_14:  5505s  12,426,378,600 steps    63624 feasible sets         0 orders tried  current cost 3
    W_14:  5520s  12,460,429,000 steps    63789 feasible sets         0 orders tried  current cost 5
    W_14:  5535s  12,494,529,200 steps    63977 feasible sets         0 orders tried  current cost 2
    W_14:  5550s  12,528,831,600 steps    64156 feasible sets         0 orders tried  current cost 2
    W_14:  5565s  12,563,233,000 steps    64352 feasible sets         0 orders tried  current cost 1
    W_14:  5580s  12,597,490,800 steps    64533 feasible sets         0 orders tried  current cost 3
    W_14:  5595s  12,628,537,200 steps    64707 feasible sets         0 orders tried  current cost 3
    W_14:  5610s  12,657,047,800 steps    64849 feasible sets         0 orders tried  current cost 6
    W_14:  5625s  12,687,902,400 steps    65003 feasible sets         0 orders tried  current cost 18
    W_14:  5640s  12,719,406,800 steps    65179 feasible sets         0 orders tried  current cost 7
    W_14:  5655s  12,752,894,800 steps    65371 feasible sets         0 orders tried  current cost 4
    W_14:  5670s  12,784,123,400 steps    65534 feasible sets         0 orders tried  current cost 11
    W_14:  5685s  12,807,784,600 steps    65662 feasible sets         0 orders tried  current cost 8
    W_14:  5700s  12,813,054,200 steps    65684 feasible sets         0 orders tried  current cost 6
    W_14:  5715s  12,845,297,600 steps    65827 feasible sets         0 orders tried  current cost 4
    W_14:  5730s  12,880,039,000 steps    66027 feasible sets         0 orders tried  current cost 2
    W_14:  5745s  12,914,351,400 steps    66177 feasible sets         0 orders tried  current cost 3
    W_14:  5760s  12,947,142,000 steps    66342 feasible sets         0 orders tried  current cost 15
    W_14:  5775s  12,978,511,400 steps    66510 feasible sets         0 orders tried  current cost 1
    W_14:  5790s  13,008,943,000 steps    66645 feasible sets         0 orders tried  current cost 14
    W_14:  5805s  13,039,688,000 steps    66783 feasible sets         0 orders tried  current cost 5
    W_14:  5820s  13,072,577,400 steps    66939 feasible sets         0 orders tried  current cost 3
    W_14:  5835s  13,106,054,200 steps    67093 feasible sets         0 orders tried  current cost 3
    W_14:  5850s  13,139,515,400 steps    67264 feasible sets         0 orders tried  current cost 2
    W_14:  5865s  13,172,711,000 steps    67412 feasible sets         0 orders tried  current cost 2
    W_14:  5880s  13,206,380,400 steps    67581 feasible sets         0 orders tried  current cost 12
    W_14:  5895s  13,239,539,400 steps    67740 feasible sets         0 orders tried  current cost 1
    W_14:  5910s  13,273,820,200 steps    67903 feasible sets         0 orders tried  current cost 16
    W_14:  5925s  13,307,559,800 steps    68080 feasible sets         0 orders tried  current cost 1
    W_14:  5940s  13,342,069,800 steps    68235 feasible sets         0 orders tried  current cost 1
    W_14:  5955s  13,376,118,200 steps    68392 feasible sets         0 orders tried  current cost 1
    W_14:  5970s  13,410,124,800 steps    68594 feasible sets         0 orders tried  current cost 10
    W_14:  5985s  13,444,252,800 steps    68717 feasible sets         0 orders tried  current cost 1
    W_14:  6000s  13,478,657,400 steps    68898 feasible sets         0 orders tried  current cost 3
    W_14:  6015s  13,513,013,400 steps    69042 feasible sets         0 orders tried  current cost 5
    W_14:  6030s  13,547,288,200 steps    69194 feasible sets         0 orders tried  current cost 5
    W_14:  6045s  13,581,303,800 steps    69359 feasible sets         0 orders tried  current cost 9
    W_14:  6060s  13,615,668,200 steps    69572 feasible sets         0 orders tried  current cost 7
    W_14:  6075s  13,649,723,400 steps    69711 feasible sets         0 orders tried  current cost 9
    W_14:  6090s  13,684,232,600 steps    69895 feasible sets         0 orders tried  current cost 4
    W_14:  6105s  13,718,531,400 steps    70069 feasible sets         0 orders tried  current cost 5
    W_14:  6120s  13,752,771,800 steps    70243 feasible sets         0 orders tried  current cost 2
    W_14:  6135s  13,787,279,200 steps    70397 feasible sets         0 orders tried  current cost 3
    W_14:  6150s  13,821,599,200 steps    70556 feasible sets         0 orders tried  current cost 3
    W_14:  6165s  13,855,927,600 steps    70750 feasible sets         0 orders tried  current cost 3
    W_14:  6180s  13,890,208,800 steps    70867 feasible sets         0 orders tried  current cost 6
    W_14:  6195s  13,924,284,800 steps    71041 feasible sets         0 orders tried  current cost 9
    W_14:  6210s  13,958,996,000 steps    71257 feasible sets         0 orders tried  current cost 1
    W_14:  6225s  13,993,616,400 steps    71410 feasible sets         0 orders tried  current cost 5
    W_14:  6240s  14,028,085,800 steps    71639 feasible sets         0 orders tried  current cost 6
    W_14:  6255s  14,062,651,800 steps    71815 feasible sets         0 orders tried  current cost 4
    W_14:  6270s  14,096,650,200 steps    71982 feasible sets         0 orders tried  current cost 3
    W_14:  6285s  14,130,742,000 steps    72174 feasible sets         0 orders tried  current cost 10
    W_14:  6300s  14,165,335,400 steps    72363 feasible sets         0 orders tried  current cost 2
    W_14:  6315s  14,199,856,600 steps    72570 feasible sets         0 orders tried  current cost 3
    W_14:  6330s  14,233,986,800 steps    72716 feasible sets         0 orders tried  current cost 1
    W_14:  6345s  14,267,745,600 steps    72911 feasible sets         0 orders tried  current cost 5
    W_14:  6360s  14,302,025,600 steps    73083 feasible sets         0 orders tried  current cost 9
    W_14:  6375s  14,336,175,600 steps    73269 feasible sets         0 orders tried  current cost 1
    W_14:  6390s  14,370,823,200 steps    73425 feasible sets         0 orders tried  current cost 7
    W_14:  6405s  14,405,471,200 steps    73578 feasible sets         0 orders tried  current cost 2
    W_14:  6420s  14,439,743,200 steps    73820 feasible sets         0 orders tried  current cost 15
    W_14:  6435s  14,474,098,800 steps    73947 feasible sets         0 orders tried  current cost 2
    W_14:  6450s  14,508,522,800 steps    74103 feasible sets         0 orders tried  current cost 10
    W_14:  6465s  14,542,935,800 steps    74274 feasible sets         0 orders tried  current cost 2
    W_14:  6480s  14,577,428,400 steps    74447 feasible sets         0 orders tried  current cost 7
    W_14:  6495s  14,611,691,000 steps    74619 feasible sets         0 orders tried  current cost 3
    W_14:  6510s  14,645,956,000 steps    74801 feasible sets         0 orders tried  current cost 3
    W_14:  6525s  14,680,111,000 steps    74950 feasible sets         0 orders tried  current cost 5
    W_14:  6540s  14,714,398,400 steps    75137 feasible sets         0 orders tried  current cost 2
    W_14:  6555s  14,748,707,400 steps    75319 feasible sets         0 orders tried  current cost 7
    W_14:  6570s  14,783,073,000 steps    75512 feasible sets         0 orders tried  current cost 5
    W_14:  6585s  14,817,477,000 steps    75719 feasible sets         0 orders tried  current cost 3
    W_14:  6600s  14,852,037,000 steps    75905 feasible sets         0 orders tried  current cost 3
    W_14:  6615s  14,886,751,800 steps    76044 feasible sets         0 orders tried  current cost 3
    W_14:  6630s  14,920,952,400 steps    76259 feasible sets         0 orders tried  current cost 1
    W_14:  6645s  14,955,538,200 steps    76405 feasible sets         0 orders tried  current cost 3
    W_14:  6660s  14,987,586,400 steps    76552 feasible sets         0 orders tried  current cost 3
    W_14:  6675s  15,019,288,400 steps    76680 feasible sets         0 orders tried  current cost 5
    W_14:  6690s  15,050,752,200 steps    76860 feasible sets         0 orders tried  current cost 4
    W_14:  6705s  15,083,051,800 steps    77053 feasible sets         0 orders tried  current cost 2
    W_14:  6720s  15,117,552,000 steps    77255 feasible sets         0 orders tried  current cost 4
    W_14:  6735s  15,151,896,600 steps    77444 feasible sets         0 orders tried  current cost 4
    W_14:  6750s  15,186,114,800 steps    77646 feasible sets         0 orders tried  current cost 2
    W_14:  6765s  15,219,169,600 steps    77815 feasible sets         0 orders tried  current cost 6
    W_14:  6780s  15,253,702,200 steps    77985 feasible sets         0 orders tried  current cost 11
    W_14:  6795s  15,288,275,600 steps    78169 feasible sets         0 orders tried  current cost 3
    W_14:  6810s  15,322,097,800 steps    78331 feasible sets         0 orders tried  current cost 3
    W_14:  6825s  15,355,681,400 steps    78491 feasible sets         0 orders tried  current cost 22
    W_14:  6840s  15,389,767,600 steps    78665 feasible sets         0 orders tried  current cost 5
    W_14:  6855s  15,423,987,600 steps    78859 feasible sets         0 orders tried  current cost 6
    W_14:  6870s  15,458,308,200 steps    78993 feasible sets         0 orders tried  current cost 7
    W_14:  6885s  15,492,896,800 steps    79182 feasible sets         0 orders tried  current cost 5
    W_14:  6900s  15,527,531,800 steps    79360 feasible sets         0 orders tried  current cost 4
    W_14:  6915s  15,561,891,000 steps    79563 feasible sets         0 orders tried  current cost 5
    W_14:  6930s  15,596,076,800 steps    79727 feasible sets         0 orders tried  current cost 3
    W_14:  6945s  15,630,001,000 steps    79869 feasible sets         0 orders tried  current cost 13
    W_14:  6960s  15,664,445,200 steps    80015 feasible sets         0 orders tried  current cost 12
    W_14:  6975s  15,698,849,000 steps    80228 feasible sets         0 orders tried  current cost 8
    W_14:  6990s  15,732,865,200 steps    80420 feasible sets         0 orders tried  current cost 10
    W_14:  7005s  15,767,069,400 steps    80583 feasible sets         0 orders tried  current cost 2
    W_14:  7020s  15,801,409,800 steps    80758 feasible sets         0 orders tried  current cost 5
    W_14:  7035s  15,835,711,400 steps    80965 feasible sets         0 orders tried  current cost 4
    W_14:  7050s  15,870,196,000 steps    81191 feasible sets         0 orders tried  current cost 4
    W_14:  7065s  15,904,702,400 steps    81365 feasible sets         0 orders tried  current cost 10
    W_14:  7080s  15,939,266,200 steps    81553 feasible sets         0 orders tried  current cost 7
    W_14:  7095s  15,973,434,600 steps    81718 feasible sets         0 orders tried  current cost 3
    W_14:  7110s  16,007,890,800 steps    81910 feasible sets         0 orders tried  current cost 5
    W_14:  7125s  16,042,281,800 steps    82097 feasible sets         0 orders tried  current cost 19
    W_14:  7140s  16,076,893,600 steps    82319 feasible sets         0 orders tried  current cost 4
    W_14:  7155s  16,110,994,600 steps    82467 feasible sets         0 orders tried  current cost 2
    W_14:  7170s  16,145,006,600 steps    82672 feasible sets         0 orders tried  current cost 9
    W_14:  7185s  16,179,492,400 steps    82816 feasible sets         0 orders tried  current cost 3
    W_14:  7200s  16,213,736,400 steps    82991 feasible sets         0 orders tried  current cost 2
    W_14:  7215s  16,248,231,000 steps    83146 feasible sets         0 orders tried  current cost 5
    W_14:  7230s  16,282,359,800 steps    83317 feasible sets         0 orders tried  current cost 4
    W_14:  7245s  16,316,811,800 steps    83547 feasible sets         0 orders tried  current cost 5
    W_14:  7260s  16,351,111,000 steps    83726 feasible sets         0 orders tried  current cost 5
    W_14:  7275s  16,385,095,200 steps    83902 feasible sets         0 orders tried  current cost 1
    W_14:  7290s  16,419,292,200 steps    84083 feasible sets         0 orders tried  current cost 1
    W_14:  7305s  16,453,459,600 steps    84223 feasible sets         0 orders tried  current cost 3
    W_14:  7320s  16,487,527,000 steps    84388 feasible sets         0 orders tried  current cost 10
    W_14:  7335s  16,522,053,200 steps    84605 feasible sets         0 orders tried  current cost 4
    W_14:  7350s  16,556,483,600 steps    84804 feasible sets         0 orders tried  current cost 12
    W_14:  7365s  16,590,811,400 steps    84974 feasible sets         0 orders tried  current cost 3
    W_14:  7380s  16,625,060,200 steps    85150 feasible sets         0 orders tried  current cost 11
    W_14:  7395s  16,658,855,600 steps    85317 feasible sets         0 orders tried  current cost 3
    W_14:  7410s  16,693,024,800 steps    85451 feasible sets         0 orders tried  current cost 9
    W_14:  7425s  16,727,315,200 steps    85633 feasible sets         0 orders tried  current cost 4
    W_14:  7440s  16,761,705,200 steps    85819 feasible sets         0 orders tried  current cost 9
    W_14:  7455s  16,796,130,200 steps    85980 feasible sets         0 orders tried  current cost 4
    W_14:  7470s  16,830,322,200 steps    86161 feasible sets         0 orders tried  current cost 10
    W_14:  7485s  16,864,464,600 steps    86306 feasible sets         0 orders tried  current cost 4
    W_14:  7500s  16,898,734,400 steps    86470 feasible sets         0 orders tried  current cost 4
    W_14:  7515s  16,932,439,800 steps    86649 feasible sets         0 orders tried  current cost 3
    W_14:  7530s  16,966,855,200 steps    86807 feasible sets         0 orders tried  current cost 3
    W_14:  7545s  17,001,875,400 steps    86964 feasible sets         0 orders tried  current cost 2
    W_14:  7560s  17,036,896,200 steps    87129 feasible sets         0 orders tried  current cost 3
    W_14:  7575s  17,071,581,600 steps    87297 feasible sets         0 orders tried  current cost 14
    W_14:  7590s  17,106,273,000 steps    87483 feasible sets         0 orders tried  current cost 2
    W_14:  7605s  17,140,552,200 steps    87707 feasible sets         0 orders tried  current cost 6
    W_14:  7620s  17,175,163,600 steps    87861 feasible sets         0 orders tried  current cost 7
    W_14:  7635s  17,210,110,000 steps    88040 feasible sets         0 orders tried  current cost 5
    W_14:  7650s  17,244,253,600 steps    88253 feasible sets         0 orders tried  current cost 2
    W_14:  7665s  17,278,471,000 steps    88421 feasible sets         0 orders tried  current cost 4
    W_14:  7680s  17,313,016,800 steps    88610 feasible sets         0 orders tried  current cost 2
    W_14:  7695s  17,347,547,800 steps    88789 feasible sets         0 orders tried  current cost 3
    W_14:  7710s  17,382,089,000 steps    88964 feasible sets         0 orders tried  current cost 5
    W_14:  7725s  17,416,554,400 steps    89120 feasible sets         0 orders tried  current cost 4
    W_14:  7740s  17,451,255,600 steps    89300 feasible sets         0 orders tried  current cost 1
    W_14:  7755s  17,485,807,800 steps    89485 feasible sets         0 orders tried  current cost 2
    W_14:  7770s  17,520,065,400 steps    89700 feasible sets         0 orders tried  current cost 5
    W_14:  7785s  17,554,080,600 steps    89873 feasible sets         0 orders tried  current cost 11
    W_14:  7800s  17,588,510,800 steps    90013 feasible sets         0 orders tried  current cost 1
    W_14:  7815s  17,622,849,400 steps    90226 feasible sets         0 orders tried  current cost 3
    W_14:  7830s  17,657,180,000 steps    90396 feasible sets         0 orders tried  current cost 4
    W_14:  7845s  17,691,565,000 steps    90593 feasible sets         0 orders tried  current cost 11
    W_14:  7860s  17,726,147,400 steps    90758 feasible sets         0 orders tried  current cost 5
    W_14:  7875s  17,760,967,800 steps    90914 feasible sets         0 orders tried  current cost 6
    W_14:  7890s  17,791,571,400 steps    91079 feasible sets         0 orders tried  current cost 3
    W_14:  7905s  17,820,816,400 steps    91234 feasible sets         0 orders tried  current cost 1
    W_14:  7920s  17,851,317,200 steps    91370 feasible sets         0 orders tried  current cost 3
    W_14:  7935s  17,883,052,200 steps    91478 feasible sets         0 orders tried  current cost 3
    W_14:  7950s  17,917,294,600 steps    91656 feasible sets         0 orders tried  current cost 3
    W_14:  7965s  17,951,391,000 steps    91880 feasible sets         0 orders tried  current cost 2
    W_14:  7980s  17,985,903,000 steps    92050 feasible sets         0 orders tried  current cost 10
    W_14:  7995s  18,020,630,400 steps    92226 feasible sets         0 orders tried  current cost 5
    W_14:  8010s  18,055,021,400 steps    92415 feasible sets         0 orders tried  current cost 13
    W_14:  8025s  18,088,986,000 steps    92565 feasible sets         0 orders tried  current cost 11
    W_14:  8040s  18,123,588,000 steps    92760 feasible sets         0 orders tried  current cost 5
    W_14:  8055s  18,158,224,600 steps    92924 feasible sets         0 orders tried  current cost 7
    W_14:  8070s  18,192,805,400 steps    93104 feasible sets         0 orders tried  current cost 10
    W_14:  8085s  18,227,477,600 steps    93265 feasible sets         0 orders tried  current cost 1
    W_14:  8100s  18,262,176,000 steps    93431 feasible sets         0 orders tried  current cost 4
    W_14:  8115s  18,296,597,600 steps    93581 feasible sets         0 orders tried  current cost 3
    W_14:  8130s  18,331,308,200 steps    93744 feasible sets         0 orders tried  current cost 5
    W_14:  8145s  18,365,732,800 steps    93902 feasible sets         0 orders tried  current cost 3
    W_14:  8160s  18,400,029,000 steps    94130 feasible sets         0 orders tried  current cost 3
    W_14:  8175s  18,434,715,600 steps    94301 feasible sets         0 orders tried  current cost 3
    W_14:  8190s  18,469,474,200 steps    94470 feasible sets         0 orders tried  current cost 1
    W_14:  8205s  18,503,703,800 steps    94656 feasible sets         0 orders tried  current cost 8
    W_14:  8220s  18,538,011,200 steps    94853 feasible sets         0 orders tried  current cost 3
    W_14:  8235s  18,573,090,400 steps    95009 feasible sets         0 orders tried  current cost 3
    W_14:  8250s  18,607,752,600 steps    95175 feasible sets         0 orders tried  current cost 4
    W_14:  8265s  18,641,974,000 steps    95378 feasible sets         0 orders tried  current cost 3
    W_14:  8280s  18,676,608,800 steps    95556 feasible sets         0 orders tried  current cost 5
    W_14:  8295s  18,711,435,000 steps    95723 feasible sets         0 orders tried  current cost 3
    W_14:  8310s  18,745,848,400 steps    95879 feasible sets         0 orders tried  current cost 6
    W_14:  8325s  18,780,341,000 steps    96029 feasible sets         0 orders tried  current cost 14
    W_14:  8340s  18,814,749,200 steps    96215 feasible sets         0 orders tried  current cost 5
    W_14:  8355s  18,849,327,800 steps    96385 feasible sets         0 orders tried  current cost 5
    W_14:  8370s  18,883,379,200 steps    96551 feasible sets         0 orders tried  current cost 4
    W_14:  8385s  18,918,376,400 steps    96739 feasible sets         0 orders tried  current cost 4
    W_14:  8400s  18,952,896,200 steps    96926 feasible sets         0 orders tried  current cost 3
    W_14:  8415s  18,988,003,600 steps    97122 feasible sets         0 orders tried  current cost 10
    W_14:  8430s  19,022,704,000 steps    97300 feasible sets         0 orders tried  current cost 10
    W_14:  8445s  19,057,411,600 steps    97491 feasible sets         0 orders tried  current cost 1
    W_14:  8460s  19,091,666,000 steps    97690 feasible sets         0 orders tried  current cost 8
    W_14:  8475s  19,126,374,600 steps    97897 feasible sets         0 orders tried  current cost 3
    W_14:  8490s  19,161,266,000 steps    98066 feasible sets         0 orders tried  current cost 8
    W_14:  8505s  19,195,800,600 steps    98299 feasible sets         0 orders tried  current cost 17
    W_14:  8520s  19,230,248,400 steps    98478 feasible sets         0 orders tried  current cost 3
    W_14:  8535s  19,264,534,800 steps    98648 feasible sets         0 orders tried  current cost 4
    W_14:  8550s  19,298,715,200 steps    98849 feasible sets         0 orders tried  current cost 4
    W_14:  8565s  19,333,154,200 steps    99003 feasible sets         0 orders tried  current cost 3
    W_14:  8580s  19,367,616,200 steps    99165 feasible sets         0 orders tried  current cost 2
    W_14:  8595s  19,401,293,200 steps    99346 feasible sets         0 orders tried  current cost 3
    W_14:  8610s  19,435,223,800 steps    99516 feasible sets         0 orders tried  current cost 10
    W_14:  8625s  19,469,423,400 steps    99701 feasible sets         0 orders tried  current cost 11
    W_14:  8640s  19,503,905,800 steps    99875 feasible sets         0 orders tried  current cost 6
    W_14:  8655s  19,538,325,800 steps   100033 feasible sets         0 orders tried  current cost 5
    W_14:  8670s  19,572,688,600 steps   100177 feasible sets         0 orders tried  current cost 4
    W_14:  8685s  19,607,155,200 steps   100360 feasible sets         0 orders tried  current cost 2
    W_14:  8700s  19,641,839,000 steps   100504 feasible sets         0 orders tried  current cost 3
    W_14:  8715s  19,676,136,000 steps   100698 feasible sets         0 orders tried  current cost 4
    W_14:  8730s  19,710,811,600 steps   100874 feasible sets         0 orders tried  current cost 5
    W_14:  8745s  19,744,941,000 steps   101060 feasible sets         0 orders tried  current cost 16
    W_14:  8760s  19,779,564,800 steps   101201 feasible sets         0 orders tried  current cost 6
    W_14:  8775s  19,814,247,600 steps   101393 feasible sets         0 orders tried  current cost 9
    W_14:  8790s  19,848,550,600 steps   101575 feasible sets         0 orders tried  current cost 3
    W_14:  8805s  19,882,871,600 steps   101750 feasible sets         0 orders tried  current cost 2
    W_14:  8820s  19,917,436,800 steps   101892 feasible sets         0 orders tried  current cost 1
    W_14:  8835s  19,952,003,800 steps   102083 feasible sets         0 orders tried  current cost 12
    W_14:  8850s  19,986,652,400 steps   102277 feasible sets         0 orders tried  current cost 3
    W_14:  8865s  20,021,216,000 steps   102456 feasible sets         0 orders tried  current cost 1
    W_14:  8880s  20,056,099,000 steps   102610 feasible sets         0 orders tried  current cost 4
    W_14:  8895s  20,090,539,600 steps   102788 feasible sets         0 orders tried  current cost 2
    W_14:  8910s  20,125,035,000 steps   102965 feasible sets         0 orders tried  current cost 4
    W_14:  8925s  20,159,162,800 steps   103154 feasible sets         0 orders tried  current cost 15
    W_14:  8940s  20,193,336,800 steps   103345 feasible sets         0 orders tried  current cost 1
    W_14:  8955s  20,227,861,200 steps   103566 feasible sets         0 orders tried  current cost 9
    W_14:  8970s  20,262,527,600 steps   103726 feasible sets         0 orders tried  current cost 9
    W_14:  8985s  20,296,860,400 steps   103873 feasible sets         0 orders tried  current cost 17
    W_14:  9000s  20,331,549,200 steps   104059 feasible sets         0 orders tried  current cost 7
    W_14:  9015s  20,366,051,800 steps   104212 feasible sets         0 orders tried  current cost 4
    W_14:  9030s  20,400,411,200 steps   104386 feasible sets         0 orders tried  current cost 8
    W_14:  9045s  20,435,010,600 steps   104577 feasible sets         0 orders tried  current cost 5
    W_14:  9060s  20,469,624,400 steps   104739 feasible sets         0 orders tried  current cost 7
    W_14:  9075s  20,504,264,400 steps   104909 feasible sets         0 orders tried  current cost 10
    W_14:  9090s  20,538,853,800 steps   105066 feasible sets         0 orders tried  current cost 2
    W_14:  9105s  20,573,576,400 steps   105235 feasible sets         0 orders tried  current cost 4
    W_14:  9120s  20,608,479,400 steps   105431 feasible sets         0 orders tried  current cost 3
    W_14:  9135s  20,642,701,200 steps   105621 feasible sets         0 orders tried  current cost 14
    W_14:  9150s  20,677,302,600 steps   105778 feasible sets         0 orders tried  current cost 18
    W_14:  9165s  20,711,500,800 steps   105952 feasible sets         0 orders tried  current cost 12
    W_14:  9180s  20,746,073,200 steps   106119 feasible sets         0 orders tried  current cost 3
    W_14:  9195s  20,780,260,400 steps   106298 feasible sets         0 orders tried  current cost 16
    W_14:  9210s  20,814,822,200 steps   106459 feasible sets         0 orders tried  current cost 16
    W_14:  9225s  20,849,294,200 steps   106633 feasible sets         0 orders tried  current cost 5
    W_14:  9240s  20,883,610,600 steps   106808 feasible sets         0 orders tried  current cost 4
    W_14:  9255s  20,918,237,400 steps   106976 feasible sets         0 orders tried  current cost 4
    W_14:  9270s  20,952,945,400 steps   107152 feasible sets         0 orders tried  current cost 10
    W_14:  9285s  20,987,378,800 steps   107330 feasible sets         0 orders tried  current cost 1
    W_14:  9300s  21,021,828,200 steps   107511 feasible sets         0 orders tried  current cost 4
    W_14:  9315s  21,056,187,600 steps   107666 feasible sets         0 orders tried  current cost 4
    W_14:  9330s  21,090,564,800 steps   107845 feasible sets         0 orders tried  current cost 5
    W_14:  9345s  21,125,340,200 steps   108001 feasible sets         0 orders tried  current cost 12
    W_14:  9360s  21,159,710,400 steps   108168 feasible sets         0 orders tried  current cost 4
    W_14:  9375s  21,194,338,000 steps   108337 feasible sets         0 orders tried  current cost 1
    W_14:  9390s  21,229,224,400 steps   108486 feasible sets         0 orders tried  current cost 8
    W_14:  9405s  21,263,898,600 steps   108664 feasible sets         0 orders tried  current cost 4
    W_14:  9420s  21,298,168,000 steps   108842 feasible sets         0 orders tried  current cost 3
    W_14:  9435s  21,332,839,600 steps   109049 feasible sets         0 orders tried  current cost 5
    W_14:  9450s  21,367,411,600 steps   109227 feasible sets         0 orders tried  current cost 1
    W_14:  9465s  21,402,176,000 steps   109393 feasible sets         0 orders tried  current cost 3
    W_14:  9480s  21,436,573,600 steps   109600 feasible sets         0 orders tried  current cost 3
    W_14:  9495s  21,471,532,600 steps   109794 feasible sets         0 orders tried  current cost 4
    W_14:  9510s  21,506,100,600 steps   109980 feasible sets         0 orders tried  current cost 14
    W_14:  9525s  21,540,710,800 steps   110138 feasible sets         0 orders tried  current cost 4
    W_14:  9540s  21,575,497,200 steps   110292 feasible sets         0 orders tried  current cost 2
    W_14:  9555s  21,610,398,000 steps   110487 feasible sets         0 orders tried  current cost 4
    W_14:  9570s  21,645,433,400 steps   110680 feasible sets         0 orders tried  current cost 3
    W_14:  9585s  21,680,150,800 steps   110835 feasible sets         0 orders tried  current cost 6
    W_14:  9600s  21,714,536,000 steps   111019 feasible sets         0 orders tried  current cost 4
    W_14:  9615s  21,749,081,800 steps   111200 feasible sets         0 orders tried  current cost 11
    W_14:  9630s  21,783,784,000 steps   111351 feasible sets         0 orders tried  current cost 10
    W_14:  9645s  21,818,444,000 steps   111524 feasible sets         0 orders tried  current cost 8
    W_14:  9660s  21,853,032,400 steps   111728 feasible sets         0 orders tried  current cost 3
    W_14:  9675s  21,887,951,000 steps   111914 feasible sets         0 orders tried  current cost 4
    W_14:  9690s  21,922,080,800 steps   112120 feasible sets         0 orders tried  current cost 13
    W_14:  9705s  21,956,938,800 steps   112290 feasible sets         0 orders tried  current cost 3
    W_14:  9720s  21,991,118,000 steps   112489 feasible sets         0 orders tried  current cost 3
    W_14:  9735s  22,025,803,600 steps   112678 feasible sets         0 orders tried  current cost 8
    W_14:  9750s  22,060,164,600 steps   112848 feasible sets         0 orders tried  current cost 10
    W_14:  9765s  22,094,464,000 steps   113023 feasible sets         0 orders tried  current cost 14
    W_14:  9780s  22,129,310,800 steps   113213 feasible sets         0 orders tried  current cost 6
    W_14:  9795s  22,163,676,800 steps   113372 feasible sets         0 orders tried  current cost 4
    W_14:  9810s  22,198,595,200 steps   113516 feasible sets         0 orders tried  current cost 3
    W_14:  9825s  22,231,528,000 steps   113722 feasible sets         0 orders tried  current cost 5
    W_14:  9840s  22,264,927,000 steps   113945 feasible sets         0 orders tried  current cost 6
    W_14:  9855s  22,298,995,800 steps   114096 feasible sets         0 orders tried  current cost 2
    W_14:  9870s  22,333,380,400 steps   114224 feasible sets         0 orders tried  current cost 10
    W_14:  9885s  22,367,418,800 steps   114413 feasible sets         0 orders tried  current cost 2
    W_14:  9900s  22,401,113,600 steps   114611 feasible sets         0 orders tried  current cost 3
    W_14:  9915s  22,435,248,200 steps   114763 feasible sets         0 orders tried  current cost 7
    W_14:  9930s  22,469,475,600 steps   114949 feasible sets         0 orders tried  current cost 3
    W_14:  9945s  22,503,288,200 steps   115130 feasible sets         0 orders tried  current cost 9
    W_14:  9960s  22,537,447,400 steps   115291 feasible sets         0 orders tried  current cost 3
    W_14:  9975s  22,571,646,400 steps   115458 feasible sets         0 orders tried  current cost 7
    W_14:  9990s  22,605,810,200 steps   115657 feasible sets         0 orders tried  current cost 6
    W_14: 10005s  22,640,104,400 steps   115805 feasible sets         0 orders tried  current cost 7
    W_14: 10020s  22,674,182,400 steps   116000 feasible sets         0 orders tried  current cost 9
    W_14: 10035s  22,708,641,400 steps   116156 feasible sets         0 orders tried  current cost 15
    W_14: 10050s  22,742,410,800 steps   116330 feasible sets         0 orders tried  current cost 2
    W_14: 10065s  22,776,755,600 steps   116493 feasible sets         0 orders tried  current cost 1
    W_14: 10080s  22,810,919,200 steps   116649 feasible sets         0 orders tried  current cost 4
    W_14: 10095s  22,844,955,600 steps   116845 feasible sets         0 orders tried  current cost 5
    W_14: 10110s  22,879,152,600 steps   117031 feasible sets         0 orders tried  current cost 5
    W_14: 10125s  22,913,339,200 steps   117223 feasible sets         0 orders tried  current cost 5
    W_14: 10140s  22,947,414,800 steps   117398 feasible sets         0 orders tried  current cost 3
    W_14: 10155s  22,981,704,200 steps   117568 feasible sets         0 orders tried  current cost 12
    W_14: 10170s  23,016,018,200 steps   117764 feasible sets         0 orders tried  current cost 1
    W_14: 10185s  23,049,582,600 steps   117922 feasible sets         0 orders tried  current cost 10
    W_14: 10200s  23,083,769,600 steps   118081 feasible sets         0 orders tried  current cost 6
    W_14: 10215s  23,118,207,600 steps   118257 feasible sets         0 orders tried  current cost 6
    W_14: 10230s  23,152,441,400 steps   118445 feasible sets         0 orders tried  current cost 15
    W_14: 10245s  23,187,042,000 steps   118607 feasible sets         0 orders tried  current cost 10
    W_14: 10260s  23,220,561,000 steps   118795 feasible sets         0 orders tried  current cost 9
    W_14: 10275s  23,254,666,600 steps   118979 feasible sets         0 orders tried  current cost 9
    W_14: 10290s  23,288,542,200 steps   119162 feasible sets         0 orders tried  current cost 12
    W_14: 10305s  23,322,354,400 steps   119351 feasible sets         0 orders tried  current cost 3
    W_14: 10320s  23,356,481,200 steps   119512 feasible sets         0 orders tried  current cost 14
    W_14: 10335s  23,390,421,200 steps   119666 feasible sets         0 orders tried  current cost 14
    W_14: 10350s  23,424,138,800 steps   119844 feasible sets         0 orders tried  current cost 2
    W_14: 10365s  23,458,473,800 steps   120022 feasible sets         0 orders tried  current cost 2
    W_14: 10380s  23,492,787,600 steps   120234 feasible sets         0 orders tried  current cost 6
    W_14: 10395s  23,526,885,600 steps   120388 feasible sets         0 orders tried  current cost 6
    W_14: 10410s  23,561,263,800 steps   120585 feasible sets         0 orders tried  current cost 10
    W_14: 10425s  23,595,092,600 steps   120786 feasible sets         0 orders tried  current cost 1
    W_14: 10440s  23,628,904,000 steps   120997 feasible sets         0 orders tried  current cost 10
    W_14: 10455s  23,663,225,200 steps   121171 feasible sets         0 orders tried  current cost 6
    W_14: 10470s  23,697,020,400 steps   121286 feasible sets         0 orders tried  current cost 10
    W_14: 10485s  23,731,440,800 steps   121482 feasible sets         0 orders tried  current cost 12
    W_14: 10500s  23,765,360,200 steps   121655 feasible sets         0 orders tried  current cost 10
    W_14: 10515s  23,799,285,600 steps   121804 feasible sets         0 orders tried  current cost 7
    W_14: 10530s  23,833,974,800 steps   121942 feasible sets         0 orders tried  current cost 2
    W_14: 10545s  23,868,053,800 steps   122123 feasible sets         0 orders tried  current cost 3
    W_14: 10560s  23,902,328,400 steps   122301 feasible sets         0 orders tried  current cost 3
    W_14: 10575s  23,936,564,400 steps   122484 feasible sets         0 orders tried  current cost 9
    W_14: 10590s  23,970,816,000 steps   122682 feasible sets         0 orders tried  current cost 3
    W_14: 10605s  24,005,174,800 steps   122826 feasible sets         0 orders tried  current cost 5
    W_14: 10620s  24,039,365,800 steps   122981 feasible sets         0 orders tried  current cost 8
    W_14: 10635s  24,073,624,600 steps   123184 feasible sets         0 orders tried  current cost 9
    W_14: 10650s  24,108,105,000 steps   123336 feasible sets         0 orders tried  current cost 11
    W_14: 10665s  24,142,070,800 steps   123486 feasible sets         0 orders tried  current cost 3
    W_14: 10680s  24,176,203,000 steps   123643 feasible sets         0 orders tried  current cost 17
    W_14: 10695s  24,210,616,000 steps   123811 feasible sets         0 orders tried  current cost 4
    W_14: 10710s  24,244,611,000 steps   123967 feasible sets         0 orders tried  current cost 5
    W_14: 10725s  24,278,743,600 steps   124161 feasible sets         0 orders tried  current cost 8
    W_14: 10740s  24,313,008,200 steps   124300 feasible sets         0 orders tried  current cost 6
    W_14: 10755s  24,346,963,400 steps   124448 feasible sets         0 orders tried  current cost 9
    W_14: 10770s  24,381,101,800 steps   124658 feasible sets         0 orders tried  current cost 9
    W_14: 10785s  24,415,062,400 steps   124813 feasible sets         0 orders tried  current cost 5
    W_14: 10800s  24,448,560,800 steps   124987 feasible sets         0 orders tried  current cost 13
    W_14: 10815s  24,483,289,200 steps   125159 feasible sets         0 orders tried  current cost 6
    W_14: 10830s  24,517,343,000 steps   125350 feasible sets         0 orders tried  current cost 8
    W_14: 10845s  24,551,486,400 steps   125531 feasible sets         0 orders tried  current cost 10
    W_14: 10860s  24,585,809,800 steps   125702 feasible sets         0 orders tried  current cost 5
    W_14: 10875s  24,619,589,400 steps   125865 feasible sets         0 orders tried  current cost 7
    W_14: 10890s  24,653,474,400 steps   126023 feasible sets         0 orders tried  current cost 3
    W_14: 10905s  24,687,826,800 steps   126192 feasible sets         0 orders tried  current cost 4
    W_14: 10920s  24,721,393,200 steps   126374 feasible sets         0 orders tried  current cost 2
    W_14: 10935s  24,755,752,800 steps   126570 feasible sets         0 orders tried  current cost 4
    W_14: 10950s  24,789,767,000 steps   126725 feasible sets         0 orders tried  current cost 6
    W_14: 10965s  24,823,414,600 steps   126927 feasible sets         0 orders tried  current cost 5
    W_14: 10980s  24,857,675,200 steps   127144 feasible sets         0 orders tried  current cost 3
    W_14: 10995s  24,891,488,800 steps   127301 feasible sets         0 orders tried  current cost 5
    W_14: 11010s  24,925,281,400 steps   127478 feasible sets         0 orders tried  current cost 11
    W_14: 11025s  24,959,484,000 steps   127666 feasible sets         0 orders tried  current cost 11
    W_14: 11040s  24,993,281,400 steps   127858 feasible sets         0 orders tried  current cost 14
    W_14: 11055s  25,027,620,800 steps   128006 feasible sets         0 orders tried  current cost 12
    W_14: 11070s  25,061,928,400 steps   128186 feasible sets         0 orders tried  current cost 5
    W_14: 11085s  25,096,007,800 steps   128391 feasible sets         0 orders tried  current cost 7
    W_14: 11100s  25,129,901,000 steps   128582 feasible sets         0 orders tried  current cost 15
    W_14: 11115s  25,164,038,800 steps   128772 feasible sets         0 orders tried  current cost 4
    W_14: 11130s  25,197,634,600 steps   128972 feasible sets         0 orders tried  current cost 2
    W_14: 11145s  25,231,456,000 steps   129163 feasible sets         0 orders tried  current cost 3
    W_14: 11160s  25,265,626,200 steps   129342 feasible sets         0 orders tried  current cost 5
    W_14: 11175s  25,299,529,800 steps   129531 feasible sets         0 orders tried  current cost 6
    W_14: 11190s  25,333,848,200 steps   129702 feasible sets         0 orders tried  current cost 7
    W_14: 11205s  25,368,389,400 steps   129884 feasible sets         0 orders tried  current cost 5
    W_14: 11220s  25,402,745,800 steps   130056 feasible sets         0 orders tried  current cost 6
    W_14: 11235s  25,435,257,800 steps   130226 feasible sets         0 orders tried  current cost 3
    W_14: 11250s  25,468,657,800 steps   130419 feasible sets         0 orders tried  current cost 2
    W_14: 11265s  25,502,987,800 steps   130568 feasible sets         0 orders tried  current cost 5
    W_14: 11280s  25,537,105,600 steps   130733 feasible sets         0 orders tried  current cost 3
    W_14: 11295s  25,571,630,200 steps   130921 feasible sets         0 orders tried  current cost 3
    W_14: 11310s  25,605,694,000 steps   131129 feasible sets         0 orders tried  current cost 1
    W_14: 11325s  25,640,006,000 steps   131314 feasible sets         0 orders tried  current cost 9
    W_14: 11340s  25,674,637,800 steps   131491 feasible sets         0 orders tried  current cost 2
    W_14: 11355s  25,709,133,200 steps   131688 feasible sets         0 orders tried  current cost 4
    W_14: 11370s  25,743,260,200 steps   131851 feasible sets         0 orders tried  current cost 15
    W_14: 11385s  25,777,665,600 steps   132004 feasible sets         0 orders tried  current cost 5
    W_14: 11400s  25,811,955,400 steps   132144 feasible sets         0 orders tried  current cost 2
    W_14: 11415s  25,845,846,000 steps   132325 feasible sets         0 orders tried  current cost 6
    W_14: 11430s  25,880,134,000 steps   132498 feasible sets         0 orders tried  current cost 4
    W_14: 11445s  25,914,333,000 steps   132667 feasible sets         0 orders tried  current cost 3
    W_14: 11460s  25,948,736,000 steps   132866 feasible sets         0 orders tried  current cost 3
    W_14: 11475s  25,983,320,600 steps   133036 feasible sets         0 orders tried  current cost 19
    W_14: 11490s  26,017,302,600 steps   133187 feasible sets         0 orders tried  current cost 8
    W_14: 11505s  26,051,603,800 steps   133349 feasible sets         0 orders tried  current cost 12
    W_14: 11520s  26,085,838,400 steps   133492 feasible sets         0 orders tried  current cost 4
    W_14: 11535s  26,120,500,200 steps   133695 feasible sets         0 orders tried  current cost 14
    W_14: 11550s  26,154,942,000 steps   133836 feasible sets         0 orders tried  current cost 12
    W_14: 11565s  26,188,967,400 steps   133992 feasible sets         0 orders tried  current cost 7
    W_14: 11580s  26,223,629,800 steps   134170 feasible sets         0 orders tried  current cost 4
    W_14: 11595s  26,258,099,600 steps   134381 feasible sets         0 orders tried  current cost 1
    W_14: 11610s  26,292,190,200 steps   134566 feasible sets         0 orders tried  current cost 1
    W_14: 11625s  26,326,436,400 steps   134727 feasible sets         0 orders tried  current cost 3
    W_14: 11640s  26,360,925,000 steps   134902 feasible sets         0 orders tried  current cost 9
    W_14: 11655s  26,395,115,600 steps   135065 feasible sets         0 orders tried  current cost 3
    W_14: 11670s  26,429,424,800 steps   135224 feasible sets         0 orders tried  current cost 9
    W_14: 11685s  26,463,931,600 steps   135381 feasible sets         0 orders tried  current cost 4
    W_14: 11700s  26,498,243,600 steps   135548 feasible sets         0 orders tried  current cost 8
    W_14: 11715s  26,532,515,600 steps   135741 feasible sets         0 orders tried  current cost 3
    W_14: 11730s  26,566,814,200 steps   135912 feasible sets         0 orders tried  current cost 2
    W_14: 11745s  26,601,107,800 steps   136081 feasible sets         0 orders tried  current cost 3
    W_14: 11760s  26,635,441,000 steps   136272 feasible sets         0 orders tried  current cost 11
    W_14: 11775s  26,669,695,600 steps   136460 feasible sets         0 orders tried  current cost 1
    W_14: 11790s  26,704,052,600 steps   136641 feasible sets         0 orders tried  current cost 3
    W_14: 11805s  26,738,484,800 steps   136822 feasible sets         0 orders tried  current cost 9
    W_14: 11820s  26,772,627,600 steps   136976 feasible sets         0 orders tried  current cost 4
    W_14: 11835s  26,806,683,200 steps   137139 feasible sets         0 orders tried  current cost 10
    W_14: 11850s  26,841,244,800 steps   137285 feasible sets         0 orders tried  current cost 10
    W_14: 11865s  26,876,072,800 steps   137443 feasible sets         0 orders tried  current cost 4
    W_14: 11880s  26,910,367,600 steps   137626 feasible sets         0 orders tried  current cost 6
    W_14: 11895s  26,944,404,400 steps   137801 feasible sets         0 orders tried  current cost 10
    W_14: 11910s  26,978,499,600 steps   137950 feasible sets         0 orders tried  current cost 4
    W_14: 11925s  27,012,502,000 steps   138144 feasible sets         0 orders tried  current cost 11
    W_14: 11940s  27,046,721,000 steps   138308 feasible sets         0 orders tried  current cost 15
    W_14: 11955s  27,080,879,200 steps   138480 feasible sets         0 orders tried  current cost 4
    W_14: 11970s  27,114,685,400 steps   138680 feasible sets         0 orders tried  current cost 7
    W_14: 11985s  27,148,752,000 steps   138902 feasible sets         0 orders tried  current cost 3
    W_14: 12000s  27,183,424,200 steps   139093 feasible sets         0 orders tried  current cost 7
    W_14: 12015s  27,217,747,200 steps   139299 feasible sets         0 orders tried  current cost 7
    W_14: 12030s  27,252,233,000 steps   139464 feasible sets         0 orders tried  current cost 4
    W_14: 12045s  27,286,745,000 steps   139640 feasible sets         0 orders tried  current cost 7
    W_14: 12060s  27,321,047,800 steps   139859 feasible sets         0 orders tried  current cost 2
    W_14: 12075s  27,355,232,000 steps   140008 feasible sets         0 orders tried  current cost 2
    W_14: 12090s  27,389,334,400 steps   140145 feasible sets         0 orders tried  current cost 3
    W_14: 12105s  27,423,538,600 steps   140295 feasible sets         0 orders tried  current cost 1
    W_14: 12120s  27,457,868,000 steps   140473 feasible sets         0 orders tried  current cost 6
    W_14: 12135s  27,492,502,200 steps   140629 feasible sets         0 orders tried  current cost 12
    W_14: 12150s  27,526,866,000 steps   140793 feasible sets         0 orders tried  current cost 6
    W_14: 12165s  27,561,270,000 steps   141013 feasible sets         0 orders tried  current cost 7
    W_14: 12180s  27,595,757,200 steps   141221 feasible sets         0 orders tried  current cost 1
    W_14: 12195s  27,630,186,000 steps   141427 feasible sets         0 orders tried  current cost 5
    W_14: 12210s  27,664,499,600 steps   141629 feasible sets         0 orders tried  current cost 1
    W_14: 12225s  27,698,956,400 steps   141806 feasible sets         0 orders tried  current cost 4
    W_14: 12240s  27,733,224,800 steps   141981 feasible sets         0 orders tried  current cost 10
    W_14: 12255s  27,767,740,600 steps   142143 feasible sets         0 orders tried  current cost 10
    W_14: 12270s  27,801,858,600 steps   142284 feasible sets         0 orders tried  current cost 3
    W_14: 12285s  27,836,177,600 steps   142466 feasible sets         0 orders tried  current cost 3
    W_14: 12300s  27,869,968,600 steps   142671 feasible sets         0 orders tried  current cost 5
    W_14: 12315s  27,904,060,000 steps   142828 feasible sets         0 orders tried  current cost 4
    W_14: 12330s  27,938,433,600 steps   143030 feasible sets         0 orders tried  current cost 4
    W_14: 12345s  27,972,950,000 steps   143188 feasible sets         0 orders tried  current cost 5
    W_14: 12360s  28,007,544,800 steps   143365 feasible sets         0 orders tried  current cost 10
    W_14: 12375s  28,042,421,400 steps   143532 feasible sets         0 orders tried  current cost 16
    W_14: 12390s  28,077,088,000 steps   143734 feasible sets         0 orders tried  current cost 5
    W_14: 12405s  28,111,614,800 steps   143881 feasible sets         0 orders tried  current cost 4
    W_14: 12420s  28,146,158,400 steps   144047 feasible sets         0 orders tried  current cost 3
    W_14: 12435s  28,180,974,800 steps   144225 feasible sets         0 orders tried  current cost 2
    W_14: 12450s  28,215,445,400 steps   144369 feasible sets         0 orders tried  current cost 8
    W_14: 12465s  28,249,970,800 steps   144552 feasible sets         0 orders tried  current cost 2
    W_14: 12480s  28,284,833,600 steps   144716 feasible sets         0 orders tried  current cost 3
    W_14: 12495s  28,319,852,600 steps   144886 feasible sets         0 orders tried  current cost 4
    W_14: 12510s  28,354,265,200 steps   145049 feasible sets         0 orders tried  current cost 11
    W_14: 12525s  28,389,169,800 steps   145253 feasible sets         0 orders tried  current cost 4
    W_14: 12540s  28,423,660,600 steps   145448 feasible sets         0 orders tried  current cost 10
    W_14: 12555s  28,458,573,200 steps   145634 feasible sets         0 orders tried  current cost 4
    W_14: 12570s  28,492,691,000 steps   145805 feasible sets         0 orders tried  current cost 6
    W_14: 12585s  28,527,143,400 steps   145973 feasible sets         0 orders tried  current cost 4
    W_14: 12600s  28,561,853,600 steps   146130 feasible sets         0 orders tried  current cost 3
    W_14: 12615s  28,596,604,600 steps   146277 feasible sets         0 orders tried  current cost 11
    W_14: 12630s  28,631,207,000 steps   146445 feasible sets         0 orders tried  current cost 6
    W_14: 12645s  28,665,932,800 steps   146641 feasible sets         0 orders tried  current cost 2
    W_14: 12660s  28,700,531,000 steps   146837 feasible sets         0 orders tried  current cost 2
    W_14: 12675s  28,735,078,400 steps   147046 feasible sets         0 orders tried  current cost 4
    W_14: 12690s  28,769,874,600 steps   147217 feasible sets         0 orders tried  current cost 4
    W_14: 12705s  28,804,293,800 steps   147398 feasible sets         0 orders tried  current cost 2
    W_14: 12720s  28,838,419,200 steps   147601 feasible sets         0 orders tried  current cost 2
    W_14: 12735s  28,873,046,800 steps   147835 feasible sets         0 orders tried  current cost 7
    W_14: 12750s  28,907,804,800 steps   148021 feasible sets         0 orders tried  current cost 7
    W_14: 12765s  28,942,498,600 steps   148198 feasible sets         0 orders tried  current cost 2
    W_14: 12780s  28,976,669,200 steps   148354 feasible sets         0 orders tried  current cost 7
    W_14: 12795s  29,011,457,400 steps   148531 feasible sets         0 orders tried  current cost 2
    W_14: 12810s  29,046,113,800 steps   148679 feasible sets         0 orders tried  current cost 4
    W_14: 12825s  29,080,880,000 steps   148912 feasible sets         0 orders tried  current cost 2
    W_14: 12840s  29,115,338,000 steps   149093 feasible sets         0 orders tried  current cost 2
    W_14: 12855s  29,149,881,600 steps   149243 feasible sets         0 orders tried  current cost 13
    W_14: 12870s  29,184,335,800 steps   149418 feasible sets         0 orders tried  current cost 3
    W_14: 12885s  29,218,944,600 steps   149645 feasible sets         0 orders tried  current cost 8
    W_14: 12900s  29,253,381,400 steps   149836 feasible sets         0 orders tried  current cost 14
    W_14: 12915s  29,287,971,000 steps   150021 feasible sets         0 orders tried  current cost 5
    W_14: 12930s  29,322,608,400 steps   150189 feasible sets         0 orders tried  current cost 5
    W_14: 12945s  29,357,151,600 steps   150363 feasible sets         0 orders tried  current cost 4
    W_14: 12960s  29,391,387,000 steps   150539 feasible sets         0 orders tried  current cost 10
    W_14: 12975s  29,425,566,200 steps   150706 feasible sets         0 orders tried  current cost 6
    W_14: 12990s  29,460,046,200 steps   150892 feasible sets         0 orders tried  current cost 9
    W_14: 13005s  29,494,781,800 steps   151066 feasible sets         0 orders tried  current cost 10
    W_14: 13020s  29,529,616,800 steps   151225 feasible sets         0 orders tried  current cost 1
    W_14: 13035s  29,563,802,400 steps   151398 feasible sets         0 orders tried  current cost 11
    W_14: 13050s  29,598,335,400 steps   151552 feasible sets         0 orders tried  current cost 1
    W_14: 13065s  29,632,949,800 steps   151681 feasible sets         0 orders tried  current cost 3
    W_14: 13080s  29,667,088,000 steps   151847 feasible sets         0 orders tried  current cost 4
    W_14: 13095s  29,701,575,000 steps   152027 feasible sets         0 orders tried  current cost 4
    W_14: 13110s  29,736,186,600 steps   152175 feasible sets         0 orders tried  current cost 9
    W_14: 13125s  29,771,075,600 steps   152360 feasible sets         0 orders tried  current cost 2
    W_14: 13140s  29,805,650,800 steps   152506 feasible sets         0 orders tried  current cost 5
    W_14: 13155s  29,840,279,600 steps   152661 feasible sets         0 orders tried  current cost 4
    W_14: 13170s  29,874,486,200 steps   152843 feasible sets         0 orders tried  current cost 8
    W_14: 13185s  29,908,140,200 steps   153016 feasible sets         0 orders tried  current cost 12
    W_14: 13200s  29,943,236,200 steps   153206 feasible sets         0 orders tried  current cost 4
    W_14: 13215s  29,977,723,400 steps   153388 feasible sets         0 orders tried  current cost 8
    W_14: 13230s  30,011,729,400 steps   153561 feasible sets         0 orders tried  current cost 4
    W_14: 13245s  30,045,959,200 steps   153734 feasible sets         0 orders tried  current cost 3
    W_14: 13260s  30,080,717,200 steps   153934 feasible sets         0 orders tried  current cost 4
    W_14: 13275s  30,115,553,200 steps   154121 feasible sets         0 orders tried  current cost 2
    W_14: 13290s  30,150,155,800 steps   154251 feasible sets         0 orders tried  current cost 4
    W_14: 13305s  30,184,938,200 steps   154409 feasible sets         0 orders tried  current cost 2
    W_14: 13320s  30,219,632,800 steps   154557 feasible sets         0 orders tried  current cost 4
    W_14: 13335s  30,254,182,400 steps   154753 feasible sets         0 orders tried  current cost 13
    W_14: 13350s  30,288,573,400 steps   154920 feasible sets         0 orders tried  current cost 3
    W_14: 13365s  30,323,329,800 steps   155083 feasible sets         0 orders tried  current cost 3
    W_14: 13380s  30,357,749,400 steps   155287 feasible sets         0 orders tried  current cost 7
    W_14: 13395s  30,392,121,000 steps   155470 feasible sets         0 orders tried  current cost 10
    W_14: 13410s  30,427,188,200 steps   155633 feasible sets         0 orders tried  current cost 7
    W_14: 13425s  30,461,884,000 steps   155787 feasible sets         0 orders tried  current cost 8
    W_14: 13440s  30,496,535,000 steps   155993 feasible sets         0 orders tried  current cost 5
    W_14: 13455s  30,530,963,000 steps   156160 feasible sets         0 orders tried  current cost 7
    W_14: 13470s  30,565,444,400 steps   156347 feasible sets         0 orders tried  current cost 6
    W_14: 13485s  30,600,091,800 steps   156500 feasible sets         0 orders tried  current cost 3
    W_14: 13500s  30,634,787,200 steps   156665 feasible sets         0 orders tried  current cost 8
    W_14: 13515s  30,669,638,400 steps   156851 feasible sets         0 orders tried  current cost 3
    W_14: 13530s  30,704,750,600 steps   157034 feasible sets         0 orders tried  current cost 7
    W_14: 13545s  30,739,762,200 steps   157223 feasible sets         0 orders tried  current cost 9
    W_14: 13560s  30,773,743,600 steps   157411 feasible sets         0 orders tried  current cost 12
    W_14: 13575s  30,808,493,600 steps   157595 feasible sets         0 orders tried  current cost 3
    W_14: 13590s  30,842,555,200 steps   157752 feasible sets         0 orders tried  current cost 5
    W_14: 13605s  30,877,105,000 steps   157926 feasible sets         0 orders tried  current cost 8
    W_14: 13620s  30,911,657,200 steps   158074 feasible sets         0 orders tried  current cost 3
    W_14: 13635s  30,946,239,600 steps   158298 feasible sets         0 orders tried  current cost 2
    W_14: 13650s  30,980,513,400 steps   158448 feasible sets         0 orders tried  current cost 1
    W_14: 13665s  31,015,443,400 steps   158639 feasible sets         0 orders tried  current cost 10
    W_14: 13680s  31,050,678,400 steps   158759 feasible sets         0 orders tried  current cost 2
    W_14: 13695s  31,085,004,400 steps   158919 feasible sets         0 orders tried  current cost 8
    W_14: 13710s  31,119,708,600 steps   159084 feasible sets         0 orders tried  current cost 6
    W_14: 13725s  31,153,959,600 steps   159277 feasible sets         0 orders tried  current cost 4
    W_14: 13740s  31,188,565,400 steps   159423 feasible sets         0 orders tried  current cost 10
    W_14: 13755s  31,223,461,400 steps   159597 feasible sets         0 orders tried  current cost 17
    W_14: 13770s  31,258,214,200 steps   159748 feasible sets         0 orders tried  current cost 4
    W_14: 13785s  31,292,786,000 steps   159921 feasible sets         0 orders tried  current cost 8
    W_14: 13800s  31,326,948,200 steps   160087 feasible sets         0 orders tried  current cost 5
    W_14: 13815s  31,361,393,800 steps   160269 feasible sets         0 orders tried  current cost 4
    W_14: 13830s  31,395,655,000 steps   160420 feasible sets         0 orders tried  current cost 1
    W_14: 13845s  31,430,662,200 steps   160573 feasible sets         0 orders tried  current cost 8
    W_14: 13860s  31,465,339,000 steps   160776 feasible sets         0 orders tried  current cost 4
    W_14: 13875s  31,500,056,200 steps   160947 feasible sets         0 orders tried  current cost 2
    W_14: 13890s  31,534,541,400 steps   161096 feasible sets         0 orders tried  current cost 9
    W_14: 13905s  31,568,639,800 steps   161295 feasible sets         0 orders tried  current cost 3
    W_14: 13920s  31,603,273,200 steps   161480 feasible sets         0 orders tried  current cost 3
    W_14: 13935s  31,637,666,200 steps   161679 feasible sets         0 orders tried  current cost 5
    W_14: 13950s  31,671,994,800 steps   161858 feasible sets         0 orders tried  current cost 4
    W_14: 13965s  31,706,263,000 steps   162016 feasible sets         0 orders tried  current cost 14
    W_14: 13980s  31,741,353,000 steps   162215 feasible sets         0 orders tried  current cost 5
    W_14: 13995s  31,776,189,400 steps   162396 feasible sets         0 orders tried  current cost 4
    W_14: 14010s  31,811,264,600 steps   162582 feasible sets         0 orders tried  current cost 8
    W_14: 14025s  31,845,912,600 steps   162755 feasible sets         0 orders tried  current cost 2
    W_14: 14040s  31,880,581,800 steps   162945 feasible sets         0 orders tried  current cost 7
    W_14: 14055s  31,914,806,200 steps   163118 feasible sets         0 orders tried  current cost 6
    W_14: 14070s  31,949,519,800 steps   163283 feasible sets         0 orders tried  current cost 2
    W_14: 14085s  31,984,045,400 steps   163437 feasible sets         0 orders tried  current cost 6
    W_14: 14100s  32,019,097,800 steps   163619 feasible sets         0 orders tried  current cost 2
    W_14: 14115s  32,053,830,600 steps   163777 feasible sets         0 orders tried  current cost 5
    W_14: 14130s  32,088,039,600 steps   163940 feasible sets         0 orders tried  current cost 4
    W_14: 14145s  32,122,658,200 steps   164133 feasible sets         0 orders tried  current cost 3
    W_14: 14160s  32,157,461,400 steps   164287 feasible sets         0 orders tried  current cost 17
    W_14: 14175s  32,191,983,400 steps   164467 feasible sets         0 orders tried  current cost 6
    W_14: 14190s  32,226,986,000 steps   164637 feasible sets         0 orders tried  current cost 12
    W_14: 14205s  32,261,543,400 steps   164838 feasible sets         0 orders tried  current cost 9
    W_14: 14220s  32,296,035,800 steps   165063 feasible sets         0 orders tried  current cost 3
    W_14: 14235s  32,330,509,600 steps   165246 feasible sets         0 orders tried  current cost 4
    W_14: 14250s  32,364,879,000 steps   165440 feasible sets         0 orders tried  current cost 3
    W_14: 14265s  32,398,989,000 steps   165613 feasible sets         0 orders tried  current cost 5
    W_14: 14280s  32,433,686,800 steps   165827 feasible sets         0 orders tried  current cost 6
    W_14: 14295s  32,468,502,600 steps   166023 feasible sets         0 orders tried  current cost 11
    W_14: 14310s  32,502,796,000 steps   166238 feasible sets         0 orders tried  current cost 3
    W_14: 14325s  32,537,569,200 steps   166417 feasible sets         0 orders tried  current cost 6
    W_14: 14340s  32,572,006,200 steps   166585 feasible sets         0 orders tried  current cost 7
    W_14: 14355s  32,606,692,400 steps   166761 feasible sets         0 orders tried  current cost 3
    W_14: 14370s  32,641,486,000 steps   166943 feasible sets         0 orders tried  current cost 10
    W_14: 14385s  32,676,150,600 steps   167145 feasible sets         0 orders tried  current cost 4
    W_14: 14400s  32,710,796,800 steps   167331 feasible sets         0 orders tried  current cost 4
    W_14: 14415s  32,745,117,800 steps   167473 feasible sets         0 orders tried  current cost 4
    W_14: 14430s  32,779,720,600 steps   167648 feasible sets         0 orders tried  current cost 17
    W_14: 14445s  32,814,135,200 steps   167793 feasible sets         0 orders tried  current cost 4
    W_14: 14460s  32,848,616,200 steps   167974 feasible sets         0 orders tried  current cost 2
    W_14: 14475s  32,883,304,200 steps   168145 feasible sets         0 orders tried  current cost 13
    W_14: 14490s  32,918,159,000 steps   168322 feasible sets         0 orders tried  current cost 1
    W_14: 14505s  32,953,025,800 steps   168515 feasible sets         0 orders tried  current cost 10
    W_14: 14520s  32,988,319,800 steps   168725 feasible sets         0 orders tried  current cost 3
    W_14: 14535s  33,022,917,800 steps   168892 feasible sets         0 orders tried  current cost 3
    W_14: 14550s  33,057,998,400 steps   169044 feasible sets         0 orders tried  current cost 1
    W_14: 14565s  33,092,330,000 steps   169226 feasible sets         0 orders tried  current cost 1
    W_14: 14580s  33,127,184,200 steps   169421 feasible sets         0 orders tried  current cost 5
    W_14: 14595s  33,161,521,800 steps   169615 feasible sets         0 orders tried  current cost 9
    W_14: 14610s  33,196,363,200 steps   169777 feasible sets         0 orders tried  current cost 6
    W_14: 14625s  33,230,821,600 steps   169944 feasible sets         0 orders tried  current cost 14
    W_14: 14640s  33,264,912,800 steps   170099 feasible sets         0 orders tried  current cost 5
    W_14: 14655s  33,299,459,200 steps   170271 feasible sets         0 orders tried  current cost 3
    W_14: 14670s  33,333,958,000 steps   170450 feasible sets         0 orders tried  current cost 3
    W_14: 14685s  33,368,069,600 steps   170606 feasible sets         0 orders tried  current cost 4
    W_14: 14700s  33,402,752,400 steps   170746 feasible sets         0 orders tried  current cost 3
    W_14: 14715s  33,436,849,800 steps   170939 feasible sets         0 orders tried  current cost 3
    W_14: 14730s  33,470,803,000 steps   171115 feasible sets         0 orders tried  current cost 15
    W_14: 14745s  33,505,383,400 steps   171273 feasible sets         0 orders tried  current cost 12
    W_14: 14760s  33,539,584,600 steps   171445 feasible sets         0 orders tried  current cost 8
    W_14: 14775s  33,574,322,600 steps   171620 feasible sets         0 orders tried  current cost 10
    W_14: 14790s  33,608,244,200 steps   171811 feasible sets         0 orders tried  current cost 10
    W_14: 14805s  33,642,700,600 steps   171999 feasible sets         0 orders tried  current cost 11
    W_14: 14820s  33,677,054,600 steps   172190 feasible sets         0 orders tried  current cost 3
    W_14: 14835s  33,711,211,600 steps   172361 feasible sets         0 orders tried  current cost 3
    W_14: 14850s  33,744,964,400 steps   172523 feasible sets         0 orders tried  current cost 10
    W_14: 14865s  33,779,140,800 steps   172717 feasible sets         0 orders tried  current cost 20
    W_14: 14880s  33,813,037,000 steps   172884 feasible sets         0 orders tried  current cost 1
    W_14: 14895s  33,847,140,800 steps   173048 feasible sets         0 orders tried  current cost 17
    W_14: 14910s  33,881,323,000 steps   173219 feasible sets         0 orders tried  current cost 10
    W_14: 14925s  33,915,480,600 steps   173354 feasible sets         0 orders tried  current cost 15
    W_14: 14940s  33,949,589,600 steps   173505 feasible sets         0 orders tried  current cost 4
    W_14: 14955s  33,983,517,600 steps   173656 feasible sets         0 orders tried  current cost 2
    W_14: 14970s  34,017,337,600 steps   173822 feasible sets         0 orders tried  current cost 4
    W_14: 14985s  34,052,018,800 steps   174018 feasible sets         0 orders tried  current cost 2
    W_14: 15000s  34,086,846,600 steps   174207 feasible sets         0 orders tried  current cost 8
    W_14: 15015s  34,121,433,000 steps   174370 feasible sets         0 orders tried  current cost 2
    W_14: 15030s  34,155,786,400 steps   174552 feasible sets         0 orders tried  current cost 5
    W_14: 15045s  34,190,210,600 steps   174748 feasible sets         0 orders tried  current cost 3
    W_14: 15060s  34,224,493,400 steps   174946 feasible sets         0 orders tried  current cost 3
    W_14: 15075s  34,258,872,000 steps   175104 feasible sets         0 orders tried  current cost 5
    W_14: 15090s  34,293,191,600 steps   175251 feasible sets         0 orders tried  current cost 1
    W_14: 15105s  34,327,787,400 steps   175389 feasible sets         0 orders tried  current cost 6
    W_14: 15120s  34,362,325,000 steps   175559 feasible sets         0 orders tried  current cost 8
    W_14: 15135s  34,396,419,800 steps   175728 feasible sets         0 orders tried  current cost 2
    W_14: 15150s  34,430,935,000 steps   175880 feasible sets         0 orders tried  current cost 5
    W_14: 15165s  34,465,370,200 steps   176062 feasible sets         0 orders tried  current cost 4
    W_14: 15180s  34,499,708,600 steps   176251 feasible sets         0 orders tried  current cost 5
    W_14: 15195s  34,534,892,600 steps   176426 feasible sets         0 orders tried  current cost 3
    W_14: 15210s  34,569,329,200 steps   176590 feasible sets         0 orders tried  current cost 6
    W_14: 15225s  34,603,541,800 steps   176752 feasible sets         0 orders tried  current cost 9
    W_14: 15240s  34,637,404,800 steps   176979 feasible sets         0 orders tried  current cost 8
    W_14: 15255s  34,671,368,200 steps   177208 feasible sets         0 orders tried  current cost 3
    W_14: 15270s  34,706,140,800 steps   177354 feasible sets         0 orders tried  current cost 19
    W_14: 15285s  34,740,358,400 steps   177502 feasible sets         0 orders tried  current cost 3
    W_14: 15300s  34,774,167,800 steps   177698 feasible sets         0 orders tried  current cost 9
    W_14: 15315s  34,808,539,800 steps   177848 feasible sets         0 orders tried  current cost 4
    W_14: 15330s  34,843,204,200 steps   178019 feasible sets         0 orders tried  current cost 7
    W_14: 15345s  34,877,853,600 steps   178220 feasible sets         0 orders tried  current cost 3
    W_14: 15360s  34,912,268,800 steps   178408 feasible sets         0 orders tried  current cost 5
    W_14: 15375s  34,946,869,400 steps   178580 feasible sets         0 orders tried  current cost 2
    W_14: 15390s  34,980,826,600 steps   178775 feasible sets         0 orders tried  current cost 7
    W_14: 15405s  35,014,768,800 steps   178932 feasible sets         0 orders tried  current cost 4
    W_14: 15420s  35,049,109,000 steps   179112 feasible sets         0 orders tried  current cost 6
    W_14: 15435s  35,083,882,400 steps   179312 feasible sets         0 orders tried  current cost 15
    W_14: 15450s  35,117,852,200 steps   179448 feasible sets         0 orders tried  current cost 3
    W_14: 15465s  35,152,737,600 steps   179632 feasible sets         0 orders tried  current cost 4
    W_14: 15480s  35,187,129,800 steps   179789 feasible sets         0 orders tried  current cost 5
    W_14: 15495s  35,221,621,800 steps   179997 feasible sets         0 orders tried  current cost 15
    W_14: 15510s  35,256,380,800 steps   180243 feasible sets         0 orders tried  current cost 10
    W_14: 15525s  35,291,017,600 steps   180427 feasible sets         0 orders tried  current cost 4
    W_14: 15540s  35,325,585,800 steps   180630 feasible sets         0 orders tried  current cost 7
    W_14: 15555s  35,360,114,600 steps   180807 feasible sets         0 orders tried  current cost 3
    W_14: 15570s  35,395,156,200 steps   180977 feasible sets         0 orders tried  current cost 3
    W_14: 15585s  35,429,305,200 steps   181153 feasible sets         0 orders tried  current cost 10
    W_14: 15600s  35,463,681,200 steps   181336 feasible sets         0 orders tried  current cost 11
    W_14: 15615s  35,498,081,600 steps   181541 feasible sets         0 orders tried  current cost 13
    W_14: 15630s  35,532,398,600 steps   181737 feasible sets         0 orders tried  current cost 1
    W_14: 15645s  35,566,771,200 steps   181923 feasible sets         0 orders tried  current cost 4
    W_14: 15660s  35,601,256,600 steps   182112 feasible sets         0 orders tried  current cost 2
    W_14: 15675s  35,636,010,600 steps   182263 feasible sets         0 orders tried  current cost 3
    W_14: 15690s  35,670,235,600 steps   182420 feasible sets         0 orders tried  current cost 2
    W_14: 15705s  35,704,889,800 steps   182592 feasible sets         0 orders tried  current cost 4
    W_14: 15720s  35,739,340,600 steps   182769 feasible sets         0 orders tried  current cost 14
    W_14: 15735s  35,773,584,800 steps   182918 feasible sets         0 orders tried  current cost 10
    W_14: 15750s  35,808,183,600 steps   183051 feasible sets         0 orders tried  current cost 12
    W_14: 15765s  35,842,777,000 steps   183224 feasible sets         0 orders tried  current cost 3
    W_14: 15780s  35,876,964,400 steps   183383 feasible sets         0 orders tried  current cost 7
    W_14: 15795s  35,911,211,600 steps   183536 feasible sets         0 orders tried  current cost 5
    W_14: 15810s  35,945,857,600 steps   183710 feasible sets         0 orders tried  current cost 2
    W_14: 15825s  35,980,014,200 steps   183909 feasible sets         0 orders tried  current cost 2
    W_14: 15840s  36,013,468,400 steps   184078 feasible sets         0 orders tried  current cost 3
    W_14: 15855s  36,047,206,800 steps   184251 feasible sets         0 orders tried  current cost 3
    W_14: 15870s  36,080,515,600 steps   184414 feasible sets         0 orders tried  current cost 4
    W_14: 15885s  36,114,076,600 steps   184556 feasible sets         0 orders tried  current cost 3
    W_14: 15900s  36,147,828,400 steps   184730 feasible sets         0 orders tried  current cost 7
    W_14: 15915s  36,181,298,600 steps   184913 feasible sets         0 orders tried  current cost 4
    W_14: 15930s  36,214,870,800 steps   185098 feasible sets         0 orders tried  current cost 3
    W_14: 15945s  36,248,262,000 steps   185255 feasible sets         0 orders tried  current cost 11
    W_14: 15960s  36,281,938,200 steps   185434 feasible sets         0 orders tried  current cost 3
    W_14: 15975s  36,315,754,800 steps   185619 feasible sets         0 orders tried  current cost 2
    W_14: 15990s  36,349,225,000 steps   185842 feasible sets         0 orders tried  current cost 10
    W_14: 16005s  36,383,218,600 steps   185978 feasible sets         0 orders tried  current cost 4
    W_14: 16020s  36,416,866,000 steps   186131 feasible sets         0 orders tried  current cost 10
    W_14: 16035s  36,450,127,600 steps   186304 feasible sets         0 orders tried  current cost 3
    W_14: 16050s  36,483,677,400 steps   186472 feasible sets         0 orders tried  current cost 3
    W_14: 16065s  36,517,167,600 steps   186628 feasible sets         0 orders tried  current cost 7
    W_14: 16080s  36,550,486,000 steps   186793 feasible sets         0 orders tried  current cost 8
    W_14: 16095s  36,584,158,800 steps   186967 feasible sets         0 orders tried  current cost 3
    W_14: 16110s  36,617,911,600 steps   187142 feasible sets         0 orders tried  current cost 4
    W_14: 16125s  36,651,498,400 steps   187309 feasible sets         0 orders tried  current cost 2
    W_14: 16140s  36,682,875,400 steps   187460 feasible sets         0 orders tried  current cost 4
    W_14: 16155s  36,715,789,400 steps   187648 feasible sets         0 orders tried  current cost 3
    W_14: 16170s  36,733,328,800 steps   187727 feasible sets         0 orders tried  current cost 6
    W_14: 16185s  36,765,856,800 steps   187896 feasible sets         0 orders tried  current cost 2
    W_14: 16200s  36,799,266,200 steps   188077 feasible sets         0 orders tried  current cost 7
    W_14: 16215s  36,833,359,400 steps   188218 feasible sets         0 orders tried  current cost 1
    W_14: 16230s  36,867,666,400 steps   188400 feasible sets         0 orders tried  current cost 7
    W_14: 16245s  36,901,809,400 steps   188592 feasible sets         0 orders tried  current cost 6
    W_14: 16260s  36,935,764,800 steps   188758 feasible sets         0 orders tried  current cost 4
    W_14: 16275s  36,969,292,200 steps   188955 feasible sets         0 orders tried  current cost 5
    W_14: 16290s  37,003,192,800 steps   189149 feasible sets         0 orders tried  current cost 4
    W_14: 16305s  37,037,169,000 steps   189336 feasible sets         0 orders tried  current cost 4
    W_14: 16320s  37,071,519,600 steps   189493 feasible sets         0 orders tried  current cost 4
    W_14: 16335s  37,105,901,800 steps   189660 feasible sets         0 orders tried  current cost 14
    W_14: 16350s  37,140,124,400 steps   189820 feasible sets         0 orders tried  current cost 9
    W_14: 16365s  37,174,639,400 steps   189982 feasible sets         0 orders tried  current cost 3
    W_14: 16380s  37,208,197,600 steps   190167 feasible sets         0 orders tried  current cost 4
    W_14: 16395s  37,241,968,200 steps   190343 feasible sets         0 orders tried  current cost 6
    W_14: 16410s  37,275,899,400 steps   190507 feasible sets         0 orders tried  current cost 4
    W_14: 16425s  37,309,851,000 steps   190688 feasible sets         0 orders tried  current cost 4
    W_14: 16440s  37,343,600,800 steps   190877 feasible sets         0 orders tried  current cost 14
    W_14: 16455s  37,377,593,600 steps   191076 feasible sets         0 orders tried  current cost 3
    W_14: 16470s  37,411,562,200 steps   191202 feasible sets         0 orders tried  current cost 21
    W_14: 16485s  37,445,676,800 steps   191392 feasible sets         0 orders tried  current cost 3
    W_14: 16500s  37,479,614,400 steps   191586 feasible sets         0 orders tried  current cost 3
    W_14: 16515s  37,513,587,800 steps   191759 feasible sets         0 orders tried  current cost 5
    W_14: 16530s  37,547,686,600 steps   191908 feasible sets         0 orders tried  current cost 7
    W_14: 16545s  37,581,861,000 steps   192098 feasible sets         0 orders tried  current cost 18
    W_14: 16560s  37,616,194,400 steps   192271 feasible sets         0 orders tried  current cost 4
    W_14: 16575s  37,650,511,800 steps   192435 feasible sets         0 orders tried  current cost 3
    W_14: 16590s  37,684,750,800 steps   192632 feasible sets         0 orders tried  current cost 5
    W_14: 16605s  37,718,285,800 steps   192810 feasible sets         0 orders tried  current cost 8
    W_14: 16620s  37,752,438,800 steps   192983 feasible sets         0 orders tried  current cost 3
    W_14: 16635s  37,786,914,000 steps   193144 feasible sets         0 orders tried  current cost 2
    W_14: 16650s  37,821,360,400 steps   193334 feasible sets         0 orders tried  current cost 16
    W_14: 16665s  37,855,277,600 steps   193503 feasible sets         0 orders tried  current cost 1
    W_14: 16680s  37,889,364,600 steps   193683 feasible sets         0 orders tried  current cost 7
    W_14: 16695s  37,923,792,400 steps   193855 feasible sets         0 orders tried  current cost 2
    W_14: 16710s  37,958,158,200 steps   194022 feasible sets         0 orders tried  current cost 1
    W_14: 16725s  37,992,386,600 steps   194152 feasible sets         0 orders tried  current cost 7
    W_14: 16740s  38,026,639,000 steps   194331 feasible sets         0 orders tried  current cost 4
    W_14: 16755s  38,060,736,000 steps   194493 feasible sets         0 orders tried  current cost 3
    W_14: 16770s  38,094,779,800 steps   194691 feasible sets         0 orders tried  current cost 2
    W_14: 16785s  38,128,886,600 steps   194883 feasible sets         0 orders tried  current cost 9
    W_14: 16800s  38,162,727,400 steps   195031 feasible sets         0 orders tried  current cost 6
    W_14: 16815s  38,197,095,800 steps   195231 feasible sets         0 orders tried  current cost 4
    W_14: 16830s  38,231,076,200 steps   195447 feasible sets         0 orders tried  current cost 3
    W_14: 16845s  38,265,532,400 steps   195631 feasible sets         0 orders tried  current cost 4
    W_14: 16860s  38,299,769,800 steps   195799 feasible sets         0 orders tried  current cost 5
    W_14: 16875s  38,333,849,200 steps   195968 feasible sets         0 orders tried  current cost 5
    W_14: 16890s  38,367,940,400 steps   196180 feasible sets         0 orders tried  current cost 14
    W_14: 16905s  38,402,267,000 steps   196396 feasible sets         0 orders tried  current cost 5
    W_14: 16920s  38,437,010,200 steps   196598 feasible sets         0 orders tried  current cost 4
    W_14: 16935s  38,471,286,000 steps   196780 feasible sets         0 orders tried  current cost 6
    W_14: 16950s  38,505,403,200 steps   196947 feasible sets         0 orders tried  current cost 10
    W_14: 16965s  38,539,603,400 steps   197117 feasible sets         0 orders tried  current cost 9
    W_14: 16980s  38,573,861,600 steps   197295 feasible sets         0 orders tried  current cost 11
    W_14: 16995s  38,607,794,000 steps   197502 feasible sets         0 orders tried  current cost 3
    W_14: 17010s  38,642,020,000 steps   197675 feasible sets         0 orders tried  current cost 3
    W_14: 17025s  38,676,099,800 steps   197849 feasible sets         0 orders tried  current cost 3
    W_14: 17040s  38,710,493,200 steps   198052 feasible sets         0 orders tried  current cost 3
    W_14: 17055s  38,744,635,800 steps   198263 feasible sets         0 orders tried  current cost 2
    W_14: 17070s  38,778,621,000 steps   198431 feasible sets         0 orders tried  current cost 15
    W_14: 17085s  38,812,422,000 steps   198610 feasible sets         0 orders tried  current cost 8
    W_14: 17100s  38,846,437,600 steps   198788 feasible sets         0 orders tried  current cost 1
    W_14: 17115s  38,880,604,200 steps   199011 feasible sets         0 orders tried  current cost 8
    W_14: 17130s  38,915,231,800 steps   199182 feasible sets         0 orders tried  current cost 3
    W_14: 17145s  38,949,338,600 steps   199355 feasible sets         0 orders tried  current cost 4
    W_14: 17160s  38,983,712,400 steps   199555 feasible sets         0 orders tried  current cost 4
    W_14: 17175s  39,017,871,800 steps   199737 feasible sets         0 orders tried  current cost 5
    W_14: 17190s  39,052,031,200 steps   199922 feasible sets         0 orders tried  current cost 4
    W_14: 17205s  39,086,813,000 steps   200088 feasible sets         0 orders tried  current cost 4
    W_14: 17220s  39,120,945,800 steps   200262 feasible sets         0 orders tried  current cost 8
    W_14: 17235s  39,154,935,600 steps   200475 feasible sets         0 orders tried  current cost 4
    W_14: 17250s  39,189,245,800 steps   200669 feasible sets         0 orders tried  current cost 11
    W_14: 17265s  39,223,396,400 steps   200837 feasible sets         0 orders tried  current cost 2
    W_14: 17280s  39,257,809,600 steps   201032 feasible sets         0 orders tried  current cost 5
    W_14: 17295s  39,291,938,400 steps   201250 feasible sets         0 orders tried  current cost 1
    W_14: 17310s  39,325,786,600 steps   201410 feasible sets         0 orders tried  current cost 6
    W_14: 17325s  39,360,088,400 steps   201596 feasible sets         0 orders tried  current cost 6
    W_14: 17340s  39,394,197,000 steps   201785 feasible sets         0 orders tried  current cost 1
    W_14: 17355s  39,428,293,200 steps   201991 feasible sets         0 orders tried  current cost 1
    W_14: 17370s  39,462,381,800 steps   202171 feasible sets         0 orders tried  current cost 8
    W_14: 17385s  39,496,626,400 steps   202344 feasible sets         0 orders tried  current cost 5
    W_14: 17400s  39,531,196,800 steps   202501 feasible sets         0 orders tried  current cost 3
    W_14: 17415s  39,564,915,200 steps   202649 feasible sets         0 orders tried  current cost 2
    W_14: 17430s  39,599,416,400 steps   202837 feasible sets         0 orders tried  current cost 1
    W_14: 17445s  39,633,605,200 steps   203001 feasible sets         0 orders tried  current cost 6
    W_14: 17460s  39,667,357,400 steps   203196 feasible sets         0 orders tried  current cost 1
    W_14: 17475s  39,701,347,600 steps   203361 feasible sets         0 orders tried  current cost 5
    W_14: 17490s  39,735,622,000 steps   203515 feasible sets         0 orders tried  current cost 8
    W_14: 17505s  39,769,613,400 steps   203684 feasible sets         0 orders tried  current cost 2
    W_14: 17520s  39,803,918,400 steps   203891 feasible sets         0 orders tried  current cost 4
    W_14: 17535s  39,837,811,000 steps   204074 feasible sets         0 orders tried  current cost 3
    W_14: 17550s  39,871,730,600 steps   204240 feasible sets         0 orders tried  current cost 2
    W_14: 17565s  39,905,727,800 steps   204407 feasible sets         0 orders tried  current cost 6
    W_14: 17580s  39,939,906,200 steps   204585 feasible sets         0 orders tried  current cost 9
    W_14: 17595s  39,974,460,400 steps   204753 feasible sets         0 orders tried  current cost 19
    W_14: 17610s  40,008,637,800 steps   204952 feasible sets         0 orders tried  current cost 1
    W_14: 17625s  40,043,110,800 steps   205148 feasible sets         0 orders tried  current cost 4
    W_14: 17640s  40,077,295,800 steps   205332 feasible sets         0 orders tried  current cost 2
    W_14: 17655s  40,111,783,200 steps   205529 feasible sets         0 orders tried  current cost 11
    W_14: 17670s  40,145,995,200 steps   205682 feasible sets         0 orders tried  current cost 2
    W_14: 17685s  40,180,514,800 steps   205887 feasible sets         0 orders tried  current cost 2
    W_14: 17700s  40,214,497,000 steps   206095 feasible sets         0 orders tried  current cost 4
    W_14: 17715s  40,248,261,000 steps   206240 feasible sets         0 orders tried  current cost 10
    W_14: 17730s  40,279,957,000 steps   206418 feasible sets         0 orders tried  current cost 3
    W_14: 17745s  40,313,369,200 steps   206584 feasible sets         0 orders tried  current cost 3
    W_14: 17760s  40,347,298,200 steps   206708 feasible sets         0 orders tried  current cost 2
    W_14: 17775s  40,381,696,000 steps   206897 feasible sets         0 orders tried  current cost 4
    W_14: 17790s  40,416,002,400 steps   207086 feasible sets         0 orders tried  current cost 12
    W_14: 17805s  40,450,605,800 steps   207278 feasible sets         0 orders tried  current cost 6
    W_14: 17820s  40,484,981,200 steps   207437 feasible sets         0 orders tried  current cost 12
    W_14: 17835s  40,519,265,400 steps   207573 feasible sets         0 orders tried  current cost 11
    W_14: 17850s  40,553,557,600 steps   207755 feasible sets         0 orders tried  current cost 4
    W_14: 17865s  40,588,141,200 steps   207940 feasible sets         0 orders tried  current cost 12
    W_14: 17880s  40,622,472,200 steps   208076 feasible sets         0 orders tried  current cost 2
    W_14: 17895s  40,656,943,200 steps   208241 feasible sets         0 orders tried  current cost 10
    W_14: 17910s  40,691,277,400 steps   208370 feasible sets         0 orders tried  current cost 4
    W_14: 17925s  40,725,995,200 steps   208573 feasible sets         0 orders tried  current cost 2
    W_14: 17940s  40,760,157,200 steps   208764 feasible sets         0 orders tried  current cost 3
    W_14: 17955s  40,794,417,600 steps   208919 feasible sets         0 orders tried  current cost 3
    W_14: 17970s  40,828,828,600 steps   209108 feasible sets         0 orders tried  current cost 6
    W_14: 17985s  40,863,423,600 steps   209268 feasible sets         0 orders tried  current cost 11
    W_14: 18000s  40,898,016,800 steps   209460 feasible sets         0 orders tried  current cost 3
    W_14: 18015s  40,932,353,600 steps   209611 feasible sets         0 orders tried  current cost 1
    W_14: 18030s  40,966,625,200 steps   209823 feasible sets         0 orders tried  current cost 8
    W_14: 18045s  41,001,405,400 steps   209986 feasible sets         0 orders tried  current cost 10
    W_14: 18060s  41,035,735,000 steps   210111 feasible sets         0 orders tried  current cost 2
    W_14: 18075s  41,070,061,800 steps   210289 feasible sets         0 orders tried  current cost 11
    W_14: 18090s  41,104,016,400 steps   210433 feasible sets         0 orders tried  current cost 3
    W_14: 18105s  41,138,436,000 steps   210607 feasible sets         0 orders tried  current cost 3
    W_14: 18120s  41,172,639,800 steps   210793 feasible sets         0 orders tried  current cost 1
    W_14: 18135s  41,207,122,400 steps   210946 feasible sets         0 orders tried  current cost 11
    W_14: 18150s  41,241,649,400 steps   211095 feasible sets         0 orders tried  current cost 7
    W_14: 18165s  41,276,141,400 steps   211292 feasible sets         0 orders tried  current cost 8
    W_14: 18180s  41,310,372,200 steps   211470 feasible sets         0 orders tried  current cost 3
    W_14: 18195s  41,344,675,600 steps   211629 feasible sets         0 orders tried  current cost 1
    W_14: 18210s  41,378,969,800 steps   211812 feasible sets         0 orders tried  current cost 5
    W_14: 18225s  41,413,389,400 steps   211963 feasible sets         0 orders tried  current cost 4
    W_14: 18240s  41,448,376,000 steps   212086 feasible sets         0 orders tried  current cost 2
    W_14: 18255s  41,482,688,600 steps   212230 feasible sets         0 orders tried  current cost 3
    W_14: 18270s  41,516,586,600 steps   212427 feasible sets         0 orders tried  current cost 8
    W_14: 18285s  41,551,133,200 steps   212611 feasible sets         0 orders tried  current cost 4
    W_14: 18300s  41,585,920,000 steps   212804 feasible sets         0 orders tried  current cost 2
    W_14: 18315s  41,619,918,600 steps   213054 feasible sets         0 orders tried  current cost 2
    W_14: 18330s  41,654,442,000 steps   213216 feasible sets         0 orders tried  current cost 18
    W_14: 18345s  41,688,865,200 steps   213384 feasible sets         0 orders tried  current cost 6
    W_14: 18360s  41,723,047,000 steps   213552 feasible sets         0 orders tried  current cost 7
    W_14: 18375s  41,757,202,600 steps   213721 feasible sets         0 orders tried  current cost 13
    W_14: 18390s  41,791,405,600 steps   213920 feasible sets         0 orders tried  current cost 8
    W_14: 18405s  41,825,746,600 steps   214104 feasible sets         0 orders tried  current cost 6
    W_14: 18420s  41,860,113,800 steps   214303 feasible sets         0 orders tried  current cost 2
    W_14: 18435s  41,894,602,600 steps   214505 feasible sets         0 orders tried  current cost 10
    W_14: 18450s  41,928,974,200 steps   214657 feasible sets         0 orders tried  current cost 4
    W_14: 18465s  41,963,234,000 steps   214801 feasible sets         0 orders tried  current cost 1
    W_14: 18480s  41,997,496,800 steps   214968 feasible sets         0 orders tried  current cost 3
    W_14: 18495s  42,031,808,000 steps   215124 feasible sets         0 orders tried  current cost 4
    W_14: 18510s  42,065,718,600 steps   215281 feasible sets         0 orders tried  current cost 3
    W_14: 18525s  42,100,087,200 steps   215418 feasible sets         0 orders tried  current cost 5
    W_14: 18540s  42,134,714,600 steps   215593 feasible sets         0 orders tried  current cost 1
    W_14: 18555s  42,169,581,400 steps   215786 feasible sets         0 orders tried  current cost 11
    W_14: 18570s  42,204,022,200 steps   215916 feasible sets         0 orders tried  current cost 10
    W_14: 18585s  42,238,213,800 steps   216063 feasible sets         0 orders tried  current cost 4
    W_14: 18600s  42,272,911,800 steps   216217 feasible sets         0 orders tried  current cost 2
    W_14: 18615s  42,306,925,000 steps   216407 feasible sets         0 orders tried  current cost 6
    W_14: 18630s  42,341,052,200 steps   216574 feasible sets         0 orders tried  current cost 5
    W_14: 18645s  42,375,403,400 steps   216756 feasible sets         0 orders tried  current cost 13
    W_14: 18660s  42,409,665,200 steps   216936 feasible sets         0 orders tried  current cost 13
    W_14: 18675s  42,443,854,800 steps   217123 feasible sets         0 orders tried  current cost 1
    W_14: 18690s  42,478,112,400 steps   217290 feasible sets         0 orders tried  current cost 5
    W_14: 18705s  42,512,282,800 steps   217418 feasible sets         0 orders tried  current cost 12
    W_14: 18720s  42,546,742,800 steps   217585 feasible sets         0 orders tried  current cost 6
    W_14: 18735s  42,581,540,000 steps   217735 feasible sets         0 orders tried  current cost 3
    W_14: 18750s  42,615,821,000 steps   217919 feasible sets         0 orders tried  current cost 15
    W_14: 18765s  42,650,441,600 steps   218148 feasible sets         0 orders tried  current cost 7
    W_14: 18780s  42,684,904,600 steps   218330 feasible sets         0 orders tried  current cost 8
    W_14: 18795s  42,719,245,200 steps   218533 feasible sets         0 orders tried  current cost 8
    W_14: 18810s  42,753,223,600 steps   218712 feasible sets         0 orders tried  current cost 5
    W_14: 18825s  42,787,679,400 steps   218953 feasible sets         0 orders tried  current cost 2
    W_14: 18840s  42,822,388,200 steps   219138 feasible sets         0 orders tried  current cost 5
    W_14: 18855s  42,856,639,400 steps   219270 feasible sets         0 orders tried  current cost 3
    W_14: 18870s  42,890,989,400 steps   219431 feasible sets         0 orders tried  current cost 5
    W_14: 18885s  42,925,446,400 steps   219607 feasible sets         0 orders tried  current cost 6
    W_14: 18900s  42,960,093,600 steps   219779 feasible sets         0 orders tried  current cost 2
    W_14: 18915s  42,994,496,600 steps   219941 feasible sets         0 orders tried  current cost 2
    W_14: 18930s  43,028,608,400 steps   220152 feasible sets         0 orders tried  current cost 6
    W_14: 18945s  43,063,606,400 steps   220344 feasible sets         0 orders tried  current cost 1
    W_14: 18960s  43,098,846,600 steps   220516 feasible sets         0 orders tried  current cost 6
    W_14: 18975s  43,133,900,200 steps   220668 feasible sets         0 orders tried  current cost 15
    W_14: 18990s  43,168,191,800 steps   220823 feasible sets         0 orders tried  current cost 2
    W_14: 19005s  43,202,628,800 steps   221017 feasible sets         0 orders tried  current cost 2
    W_14: 19020s  43,236,830,600 steps   221244 feasible sets         0 orders tried  current cost 5
    W_14: 19035s  43,270,933,000 steps   221442 feasible sets         0 orders tried  current cost 3
    W_14: 19050s  43,305,463,000 steps   221620 feasible sets         0 orders tried  current cost 5
    W_14: 19065s  43,339,803,200 steps   221793 feasible sets         0 orders tried  current cost 6
    W_14: 19080s  43,374,310,000 steps   221960 feasible sets         0 orders tried  current cost 5
    W_14: 19095s  43,408,663,800 steps   222143 feasible sets         0 orders tried  current cost 12
    W_14: 19110s  43,443,145,200 steps   222330 feasible sets         0 orders tried  current cost 8
    W_14: 19125s  43,477,671,400 steps   222466 feasible sets         0 orders tried  current cost 4
    W_14: 19140s  43,512,091,200 steps   222680 feasible sets         0 orders tried  current cost 4
    W_14: 19155s  43,546,252,400 steps   222833 feasible sets         0 orders tried  current cost 5
    W_14: 19170s  43,580,544,800 steps   223016 feasible sets         0 orders tried  current cost 11
    W_14: 19185s  43,615,059,800 steps   223209 feasible sets         0 orders tried  current cost 2
    W_14: 19200s  43,649,338,800 steps   223348 feasible sets         0 orders tried  current cost 5
    W_14: 19215s  43,683,889,000 steps   223527 feasible sets         0 orders tried  current cost 5
    W_14: 19230s  43,718,158,000 steps   223670 feasible sets         0 orders tried  current cost 4
    W_14: 19245s  43,752,888,000 steps   223904 feasible sets         0 orders tried  current cost 5
    W_14: 19260s  43,787,165,200 steps   224055 feasible sets         0 orders tried  current cost 8
    W_14: 19275s  43,821,881,200 steps   224225 feasible sets         0 orders tried  current cost 10
    W_14: 19290s  43,856,347,800 steps   224435 feasible sets         0 orders tried  current cost 6
    W_14: 19305s  43,890,890,000 steps   224621 feasible sets         0 orders tried  current cost 6
    W_14: 19320s  43,924,800,800 steps   224805 feasible sets         0 orders tried  current cost 11
    W_14: 19335s  43,959,330,000 steps   225002 feasible sets         0 orders tried  current cost 4
    W_14: 19350s  43,993,583,200 steps   225212 feasible sets         0 orders tried  current cost 7
    W_14: 19365s  44,027,817,800 steps   225386 feasible sets         0 orders tried  current cost 3
    W_14: 19380s  44,062,385,000 steps   225597 feasible sets         0 orders tried  current cost 12
    W_14: 19395s  44,096,826,600 steps   225790 feasible sets         0 orders tried  current cost 6
    W_14: 19410s  44,130,617,200 steps   225996 feasible sets         0 orders tried  current cost 2
    W_14: 19425s  44,164,952,800 steps   226142 feasible sets         0 orders tried  current cost 4
    W_14: 19440s  44,198,935,200 steps   226322 feasible sets         0 orders tried  current cost 1
    W_14: 19455s  44,233,317,400 steps   226487 feasible sets         0 orders tried  current cost 4
    W_14: 19470s  44,268,000,800 steps   226669 feasible sets         0 orders tried  current cost 7
    W_14: 19485s  44,302,570,400 steps   226864 feasible sets         0 orders tried  current cost 3
    W_14: 19500s  44,337,007,000 steps   227070 feasible sets         0 orders tried  current cost 8
    W_14: 19515s  44,371,803,000 steps   227271 feasible sets         0 orders tried  current cost 9
    W_14: 19530s  44,406,357,200 steps   227435 feasible sets         0 orders tried  current cost 2
    W_14: 19545s  44,440,875,600 steps   227583 feasible sets         0 orders tried  current cost 2
    W_14: 19560s  44,474,929,400 steps   227757 feasible sets         0 orders tried  current cost 5
    W_14: 19575s  44,509,401,800 steps   227922 feasible sets         0 orders tried  current cost 13
    W_14: 19590s  44,543,988,200 steps   228114 feasible sets         0 orders tried  current cost 6
    W_14: 19605s  44,578,409,400 steps   228298 feasible sets         0 orders tried  current cost 5
    W_14: 19620s  44,612,853,800 steps   228464 feasible sets         0 orders tried  current cost 3
    W_14: 19635s  44,647,409,000 steps   228660 feasible sets         0 orders tried  current cost 8
    W_14: 19650s  44,681,757,000 steps   228868 feasible sets         0 orders tried  current cost 2
    W_14: 19665s  44,715,749,400 steps   229033 feasible sets         0 orders tried  current cost 6
    W_14: 19680s  44,750,535,000 steps   229204 feasible sets         0 orders tried  current cost 5
    W_14: 19695s  44,785,121,800 steps   229380 feasible sets         0 orders tried  current cost 16
    W_14: 19710s  44,818,955,000 steps   229561 feasible sets         0 orders tried  current cost 3
    W_14: 19725s  44,853,565,200 steps   229768 feasible sets         0 orders tried  current cost 10
    W_14: 19740s  44,888,237,600 steps   229932 feasible sets         0 orders tried  current cost 4
    W_14: 19755s  44,922,995,200 steps   230114 feasible sets         0 orders tried  current cost 3
    W_14: 19770s  44,957,263,600 steps   230328 feasible sets         0 orders tried  current cost 15
    W_14: 19785s  44,992,035,200 steps   230480 feasible sets         0 orders tried  current cost 1
    W_14: 19800s  45,027,065,800 steps   230660 feasible sets         0 orders tried  current cost 10
    W_14: 19815s  45,061,449,600 steps   230825 feasible sets         0 orders tried  current cost 6
    W_14: 19830s  45,095,634,400 steps   230987 feasible sets         0 orders tried  current cost 5
    W_14: 19845s  45,129,874,400 steps   231151 feasible sets         0 orders tried  current cost 4
    W_14: 19860s  45,164,026,400 steps   231308 feasible sets         0 orders tried  current cost 9
    W_14: 19875s  45,198,632,200 steps   231442 feasible sets         0 orders tried  current cost 3
    W_14: 19890s  45,233,216,600 steps   231674 feasible sets         0 orders tried  current cost 2
    W_14: 19905s  45,267,899,400 steps   231881 feasible sets         0 orders tried  current cost 2
    W_14: 19920s  45,302,668,200 steps   232042 feasible sets         0 orders tried  current cost 2
    W_14: 19935s  45,337,344,400 steps   232192 feasible sets         0 orders tried  current cost 7
    W_14: 19950s  45,371,388,200 steps   232345 feasible sets         0 orders tried  current cost 8
    W_14: 19965s  45,405,758,400 steps   232473 feasible sets         0 orders tried  current cost 2
    W_14: 19980s  45,440,555,600 steps   232623 feasible sets         0 orders tried  current cost 2
    W_14: 19995s  45,474,945,600 steps   232765 feasible sets         0 orders tried  current cost 7
    W_14: 20010s  45,509,220,000 steps   232950 feasible sets         0 orders tried  current cost 1
    W_14: 20025s  45,543,579,000 steps   233121 feasible sets         0 orders tried  current cost 3
    W_14: 20040s  45,578,341,600 steps   233293 feasible sets         0 orders tried  current cost 20
    W_14: 20055s  45,613,119,400 steps   233457 feasible sets         0 orders tried  current cost 3
    W_14: 20070s  45,647,288,600 steps   233604 feasible sets         0 orders tried  current cost 7
    W_14: 20085s  45,681,963,200 steps   233782 feasible sets         0 orders tried  current cost 13
    W_14: 20100s  45,714,936,000 steps   233951 feasible sets         0 orders tried  current cost 4
    W_14: 20115s  45,747,122,800 steps   234173 feasible sets         0 orders tried  current cost 12
    W_14: 20130s  45,780,081,200 steps   234338 feasible sets         0 orders tried  current cost 11
    W_14: 20145s  45,814,133,800 steps   234482 feasible sets         0 orders tried  current cost 4
    W_14: 20160s  45,848,493,200 steps   234695 feasible sets         0 orders tried  current cost 2
    W_14: 20175s  45,883,085,800 steps   234880 feasible sets         0 orders tried  current cost 7
    W_14: 20190s  45,918,052,400 steps   235048 feasible sets         0 orders tried  current cost 4
    W_14: 20205s  45,952,645,200 steps   235253 feasible sets         0 orders tried  current cost 6
    W_14: 20220s  45,987,196,600 steps   235420 feasible sets         0 orders tried  current cost 3
    W_14: 20235s  46,021,609,000 steps   235608 feasible sets         0 orders tried  current cost 5
    W_14: 20250s  46,055,965,000 steps   235796 feasible sets         0 orders tried  current cost 8
    W_14: 20265s  46,090,671,200 steps   235950 feasible sets         0 orders tried  current cost 2
    W_14: 20280s  46,125,583,200 steps   236139 feasible sets         0 orders tried  current cost 10
    W_14: 20295s  46,159,374,400 steps   236322 feasible sets         0 orders tried  current cost 3
    W_14: 20310s  46,192,341,000 steps   236494 feasible sets         0 orders tried  current cost 14
    W_14: 20325s  46,226,903,400 steps   236713 feasible sets         0 orders tried  current cost 11
    W_14: 20340s  46,261,074,600 steps   236931 feasible sets         0 orders tried  current cost 3
    W_14: 20355s  46,295,422,400 steps   237114 feasible sets         0 orders tried  current cost 15
    W_14: 20370s  46,329,850,000 steps   237299 feasible sets         0 orders tried  current cost 5
    W_14: 20385s  46,364,746,400 steps   237455 feasible sets         0 orders tried  current cost 10
    W_14: 20400s  46,399,223,600 steps   237601 feasible sets         0 orders tried  current cost 9
    W_14: 20415s  46,433,897,400 steps   237784 feasible sets         0 orders tried  current cost 4
    W_14: 20430s  46,468,011,000 steps   237968 feasible sets         0 orders tried  current cost 3
    W_14: 20445s  46,502,203,600 steps   238153 feasible sets         0 orders tried  current cost 8
    W_14: 20460s  46,536,792,200 steps   238304 feasible sets         0 orders tried  current cost 3
    W_14: 20475s  46,571,184,200 steps   238478 feasible sets         0 orders tried  current cost 9
    W_14: 20490s  46,605,367,000 steps   238638 feasible sets         0 orders tried  current cost 9
    W_14: 20505s  46,639,855,000 steps   238770 feasible sets         0 orders tried  current cost 3
    W_14: 20520s  46,674,161,600 steps   238947 feasible sets         0 orders tried  current cost 8
    W_14: 20535s  46,708,780,000 steps   239139 feasible sets         0 orders tried  current cost 1
    W_14: 20550s  46,743,062,600 steps   239289 feasible sets         0 orders tried  current cost 16
    W_14: 20565s  46,777,395,800 steps   239462 feasible sets         0 orders tried  current cost 5
    W_14: 20580s  46,811,426,800 steps   239626 feasible sets         0 orders tried  current cost 5
    W_14: 20595s  46,845,669,400 steps   239788 feasible sets         0 orders tried  current cost 2
    W_14: 20610s  46,880,132,600 steps   239930 feasible sets         0 orders tried  current cost 5
    W_14: 20625s  46,914,641,800 steps   240112 feasible sets         0 orders tried  current cost 11
    W_14: 20640s  46,948,977,600 steps   240265 feasible sets         0 orders tried  current cost 3
    W_14: 20655s  46,983,385,200 steps   240396 feasible sets         0 orders tried  current cost 9
    W_14: 20670s  47,017,708,000 steps   240586 feasible sets         0 orders tried  current cost 11
    W_14: 20685s  47,052,177,800 steps   240768 feasible sets         0 orders tried  current cost 1
    W_14: 20700s  47,086,390,800 steps   240962 feasible sets         0 orders tried  current cost 4
    W_14: 20715s  47,120,840,200 steps   241174 feasible sets         0 orders tried  current cost 15
    W_14: 20730s  47,155,363,800 steps   241334 feasible sets         0 orders tried  current cost 13
    W_14: 20745s  47,190,074,600 steps   241497 feasible sets         0 orders tried  current cost 4
    W_14: 20760s  47,224,467,600 steps   241653 feasible sets         0 orders tried  current cost 11
    W_14: 20775s  47,258,818,400 steps   241831 feasible sets         0 orders tried  current cost 3
    W_14: 20790s  47,293,360,800 steps   242022 feasible sets         0 orders tried  current cost 14
    W_14: 20805s  47,328,137,000 steps   242151 feasible sets         0 orders tried  current cost 3
    W_14: 20820s  47,362,744,400 steps   242290 feasible sets         0 orders tried  current cost 14
    W_14: 20835s  47,397,232,800 steps   242413 feasible sets         0 orders tried  current cost 2
    W_14: 20850s  47,431,886,200 steps   242576 feasible sets         0 orders tried  current cost 7
    W_14: 20865s  47,466,380,800 steps   242707 feasible sets         0 orders tried  current cost 28
    W_14: 20880s  47,501,128,800 steps   242878 feasible sets         0 orders tried  current cost 6
    W_14: 20895s  47,535,675,800 steps   243037 feasible sets         0 orders tried  current cost 2
    W_14: 20910s  47,570,159,400 steps   243215 feasible sets         0 orders tried  current cost 3
    W_14: 20925s  47,604,351,400 steps   243375 feasible sets         0 orders tried  current cost 3
    W_14: 20940s  47,638,285,800 steps   243570 feasible sets         0 orders tried  current cost 4
    W_14: 20955s  47,672,956,600 steps   243755 feasible sets         0 orders tried  current cost 1
    W_14: 20970s  47,707,329,600 steps   243916 feasible sets         0 orders tried  current cost 5
    W_14: 20985s  47,741,586,800 steps   244074 feasible sets         0 orders tried  current cost 5
    W_14: 21000s  47,775,870,400 steps   244299 feasible sets         0 orders tried  current cost 2
    W_14: 21015s  47,810,151,400 steps   244467 feasible sets         0 orders tried  current cost 4
    W_14: 21030s  47,844,801,600 steps   244656 feasible sets         0 orders tried  current cost 11
    W_14: 21045s  47,878,865,600 steps   244820 feasible sets         0 orders tried  current cost 8
    W_14: 21060s  47,913,553,800 steps   245001 feasible sets         0 orders tried  current cost 3
    W_14: 21075s  47,947,898,600 steps   245171 feasible sets         0 orders tried  current cost 3
    W_14: 21090s  47,982,467,600 steps   245326 feasible sets         0 orders tried  current cost 7
    W_14: 21105s  48,016,546,000 steps   245508 feasible sets         0 orders tried  current cost 9
    W_14: 21120s  48,050,983,200 steps   245694 feasible sets         0 orders tried  current cost 20
    W_14: 21135s  48,084,958,600 steps   245888 feasible sets         0 orders tried  current cost 2
    W_14: 21150s  48,118,878,000 steps   246035 feasible sets         0 orders tried  current cost 3
    W_14: 21165s  48,153,122,000 steps   246192 feasible sets         0 orders tried  current cost 10
    W_14: 21180s  48,187,354,000 steps   246377 feasible sets         0 orders tried  current cost 4
    W_14: 21195s  48,221,854,400 steps   246552 feasible sets         0 orders tried  current cost 4
    W_14: 21210s  48,256,093,000 steps   246731 feasible sets         0 orders tried  current cost 4
    W_14: 21225s  48,290,637,000 steps   246894 feasible sets         0 orders tried  current cost 4
    W_14: 21240s  48,324,953,200 steps   247074 feasible sets         0 orders tried  current cost 3
    W_14: 21255s  48,359,201,000 steps   247264 feasible sets         0 orders tried  current cost 15
    W_14: 21270s  48,393,957,600 steps   247477 feasible sets         0 orders tried  current cost 5
    W_14: 21285s  48,428,316,600 steps   247658 feasible sets         0 orders tried  current cost 3
    W_14: 21300s  48,462,775,800 steps   247824 feasible sets         0 orders tried  current cost 3
    W_14: 21315s  48,497,033,600 steps   248012 feasible sets         0 orders tried  current cost 3
    W_14: 21330s  48,531,646,600 steps   248198 feasible sets         0 orders tried  current cost 7
    W_14: 21345s  48,566,208,400 steps   248365 feasible sets         0 orders tried  current cost 4
    W_14: 21360s  48,600,656,400 steps   248507 feasible sets         0 orders tried  current cost 2
    W_14: 21375s  48,634,575,000 steps   248737 feasible sets         0 orders tried  current cost 3
    W_14: 21390s  48,669,214,000 steps   248924 feasible sets         0 orders tried  current cost 1
    W_14: 21405s  48,703,563,400 steps   249107 feasible sets         0 orders tried  current cost 5
    W_14: 21420s  48,737,977,600 steps   249264 feasible sets         0 orders tried  current cost 3
    W_14: 21435s  48,772,234,800 steps   249445 feasible sets         0 orders tried  current cost 1
    W_14: 21450s  48,806,466,600 steps   249603 feasible sets         0 orders tried  current cost 9
    W_14: 21465s  48,841,180,800 steps   249808 feasible sets         0 orders tried  current cost 18
    W_14: 21480s  48,875,608,800 steps   249987 feasible sets         0 orders tried  current cost 4
    W_14: 21495s  48,910,363,800 steps   250167 feasible sets         0 orders tried  current cost 10
    W_14: 21510s  48,945,012,600 steps   250329 feasible sets         0 orders tried  current cost 3
    W_14: 21525s  48,979,549,400 steps   250547 feasible sets         0 orders tried  current cost 4
    W_14: 21540s  49,014,007,600 steps   250734 feasible sets         0 orders tried  current cost 6
    W_14: 21555s  49,048,628,600 steps   250975 feasible sets         0 orders tried  current cost 8
    W_14: 21570s  49,083,016,200 steps   251128 feasible sets         0 orders tried  current cost 3
    W_14: 21585s  49,117,831,400 steps   251297 feasible sets         0 orders tried  current cost 4
    W_14: 21600s  49,152,182,800 steps   251463 feasible sets         0 orders tried  current cost 9
    W_14: 21615s  49,186,684,800 steps   251644 feasible sets         0 orders tried  current cost 11
    W_14: 21630s  49,220,839,800 steps   251823 feasible sets         0 orders tried  current cost 3
    W_14: 21645s  49,255,459,200 steps   252004 feasible sets         0 orders tried  current cost 2
    W_14: 21660s  49,289,955,800 steps   252163 feasible sets         0 orders tried  current cost 2
    W_14: 21675s  49,324,504,000 steps   252325 feasible sets         0 orders tried  current cost 8
    W_14: 21690s  49,359,059,000 steps   252520 feasible sets         0 orders tried  current cost 5
    W_14: 21705s  49,393,615,200 steps   252678 feasible sets         0 orders tried  current cost 2
    W_14: 21720s  49,428,157,200 steps   252829 feasible sets         0 orders tried  current cost 4
    W_14: 21735s  49,462,894,400 steps   253000 feasible sets         0 orders tried  current cost 1
    W_14: 21750s  49,497,597,000 steps   253197 feasible sets         0 orders tried  current cost 1
    W_14: 21765s  49,531,953,000 steps   253391 feasible sets         0 orders tried  current cost 3
    W_14: 21780s  49,566,708,000 steps   253578 feasible sets         0 orders tried  current cost 7
    W_14: 21795s  49,601,245,400 steps   253755 feasible sets         0 orders tried  current cost 6
    W_14: 21810s  49,635,307,200 steps   253953 feasible sets         0 orders tried  current cost 12
    W_14: 21825s  49,670,129,600 steps   254147 feasible sets         0 orders tried  current cost 4
    W_14: 21840s  49,704,464,000 steps   254340 feasible sets         0 orders tried  current cost 11
    W_14: 21855s  49,739,222,800 steps   254499 feasible sets         0 orders tried  current cost 12
    W_14: 21870s  49,773,436,000 steps   254659 feasible sets         0 orders tried  current cost 3
    W_14: 21885s  49,807,841,800 steps   254841 feasible sets         0 orders tried  current cost 17
    W_14: 21900s  49,842,628,800 steps   255047 feasible sets         0 orders tried  current cost 4
    W_14: 21915s  49,877,305,000 steps   255237 feasible sets         0 orders tried  current cost 8
    W_14: 21930s  49,911,283,000 steps   255381 feasible sets         0 orders tried  current cost 10
    W_14: 21945s  49,945,863,400 steps   255536 feasible sets         0 orders tried  current cost 9
    W_14: 21960s  49,980,655,000 steps   255700 feasible sets         0 orders tried  current cost 4
    W_14: 21975s  50,015,164,200 steps   255909 feasible sets         0 orders tried  current cost 12
    W_14: 21990s  50,049,847,400 steps   256132 feasible sets         0 orders tried  current cost 10
    W_14: 22005s  50,084,226,400 steps   256312 feasible sets         0 orders tried  current cost 5
    W_14: 22020s  50,118,396,200 steps   256472 feasible sets         0 orders tried  current cost 1
    W_14: 22035s  50,153,203,400 steps   256607 feasible sets         0 orders tried  current cost 10
    W_14: 22050s  50,187,741,200 steps   256779 feasible sets         0 orders tried  current cost 16
    W_14: 22065s  50,222,010,200 steps   256987 feasible sets         0 orders tried  current cost 4
    W_14: 22080s  50,256,347,600 steps   257172 feasible sets         0 orders tried  current cost 7
    W_14: 22095s  50,290,805,800 steps   257319 feasible sets         0 orders tried  current cost 9
    W_14: 22110s  50,325,505,000 steps   257468 feasible sets         0 orders tried  current cost 7
    W_14: 22125s  50,359,950,800 steps   257691 feasible sets         0 orders tried  current cost 7
    W_14: 22140s  50,394,205,200 steps   257842 feasible sets         0 orders tried  current cost 13
    W_14: 22155s  50,428,561,000 steps   257981 feasible sets         0 orders tried  current cost 17
    W_14: 22170s  50,463,050,800 steps   258170 feasible sets         0 orders tried  current cost 5
    W_14: 22185s  50,497,896,200 steps   258352 feasible sets         0 orders tried  current cost 2
    W_14: 22200s  50,532,751,800 steps   258544 feasible sets         0 orders tried  current cost 4
    W_14: 22215s  50,567,545,400 steps   258764 feasible sets         0 orders tried  current cost 8
    W_14: 22230s  50,601,718,400 steps   258902 feasible sets         0 orders tried  current cost 1
    W_14: 22245s  50,636,339,200 steps   259047 feasible sets         0 orders tried  current cost 3
    W_14: 22260s  50,670,925,800 steps   259203 feasible sets         0 orders tried  current cost 7
    W_14: 22275s  50,704,969,000 steps   259368 feasible sets         0 orders tried  current cost 3
    W_14: 22290s  50,739,668,400 steps   259539 feasible sets         0 orders tried  current cost 6
    W_14: 22305s  50,774,286,000 steps   259765 feasible sets         0 orders tried  current cost 5
    W_14: 22320s  50,808,484,600 steps   259978 feasible sets         0 orders tried  current cost 6
    W_14: 22335s  50,843,238,600 steps   260135 feasible sets         0 orders tried  current cost 1
    W_14: 22350s  50,877,736,200 steps   260369 feasible sets         0 orders tried  current cost 4
    W_14: 22365s  50,912,689,800 steps   260555 feasible sets         0 orders tried  current cost 5
    W_14: 22380s  50,947,349,400 steps   260714 feasible sets         0 orders tried  current cost 6
    W_14: 22395s  50,981,898,400 steps   260857 feasible sets         0 orders tried  current cost 4
    W_14: 22410s  51,016,734,400 steps   261061 feasible sets         0 orders tried  current cost 3
    W_14: 22425s  51,050,866,000 steps   261215 feasible sets         0 orders tried  current cost 9
    W_14: 22440s  51,085,402,000 steps   261376 feasible sets         0 orders tried  current cost 9
    W_14: 22455s  51,119,346,800 steps   261552 feasible sets         0 orders tried  current cost 4
    W_14: 22470s  51,153,739,200 steps   261739 feasible sets         0 orders tried  current cost 3
    W_14: 22485s  51,188,247,000 steps   261876 feasible sets         0 orders tried  current cost 8
    W_14: 22500s  51,222,525,400 steps   262031 feasible sets         0 orders tried  current cost 10
    W_14: 22515s  51,257,470,200 steps   262229 feasible sets         0 orders tried  current cost 7
    W_14: 22530s  51,292,162,200 steps   262411 feasible sets         0 orders tried  current cost 9
    W_14: 22545s  51,326,466,000 steps   262597 feasible sets         0 orders tried  current cost 9
    W_14: 22560s  51,361,285,200 steps   262755 feasible sets         0 orders tried  current cost 7
    W_14: 22575s  51,395,947,400 steps   262973 feasible sets         0 orders tried  current cost 5
    W_14: 22590s  51,430,656,800 steps   263137 feasible sets         0 orders tried  current cost 3
    W_14: 22605s  51,465,288,800 steps   263336 feasible sets         0 orders tried  current cost 7
    W_14: 22620s  51,499,665,800 steps   263554 feasible sets         0 orders tried  current cost 7
    W_14: 22635s  51,534,023,800 steps   263719 feasible sets         0 orders tried  current cost 10
    W_14: 22650s  51,568,307,000 steps   263869 feasible sets         0 orders tried  current cost 6
    W_14: 22665s  51,602,530,600 steps   264038 feasible sets         0 orders tried  current cost 4
    W_14: 22680s  51,637,423,400 steps   264239 feasible sets         0 orders tried  current cost 14
    W_14: 22695s  51,672,094,600 steps   264421 feasible sets         0 orders tried  current cost 4
    W_14: 22710s  51,706,692,000 steps   264572 feasible sets         0 orders tried  current cost 4
    W_14: 22725s  51,741,592,600 steps   264747 feasible sets         0 orders tried  current cost 2
    W_14: 22740s  51,775,939,400 steps   264891 feasible sets         0 orders tried  current cost 5
    W_14: 22755s  51,810,767,200 steps   265079 feasible sets         0 orders tried  current cost 7
    W_14: 22770s  51,845,325,400 steps   265237 feasible sets         0 orders tried  current cost 10
    W_14: 22785s  51,879,725,400 steps   265420 feasible sets         0 orders tried  current cost 6
    W_14: 22800s  51,914,440,800 steps   265595 feasible sets         0 orders tried  current cost 20
    W_14: 22815s  51,949,146,400 steps   265765 feasible sets         0 orders tried  current cost 3
    W_14: 22830s  51,983,221,800 steps   265930 feasible sets         0 orders tried  current cost 11
    W_14: 22845s  52,017,836,400 steps   266124 feasible sets         0 orders tried  current cost 3
    W_14: 22860s  52,052,082,600 steps   266350 feasible sets         0 orders tried  current cost 11
    W_14: 22875s  52,086,425,800 steps   266505 feasible sets         0 orders tried  current cost 8
    W_14: 22890s  52,120,664,400 steps   266707 feasible sets         0 orders tried  current cost 10
    W_14: 22905s  52,154,709,400 steps   266923 feasible sets         0 orders tried  current cost 4
    W_14: 22920s  52,189,180,600 steps   267103 feasible sets         0 orders tried  current cost 13
    W_14: 22935s  52,222,979,800 steps   267310 feasible sets         0 orders tried  current cost 2
    W_14: 22950s  52,257,510,000 steps   267494 feasible sets         0 orders tried  current cost 4
    W_14: 22965s  52,292,216,400 steps   267641 feasible sets         0 orders tried  current cost 1
    W_14: 22980s  52,326,731,200 steps   267827 feasible sets         0 orders tried  current cost 3
    W_14: 22995s  52,361,219,600 steps   268018 feasible sets         0 orders tried  current cost 1
    W_14: 23010s  52,395,243,400 steps   268179 feasible sets         0 orders tried  current cost 10
    W_14: 23025s  52,429,504,000 steps   268340 feasible sets         0 orders tried  current cost 10
    W_14: 23040s  52,464,244,000 steps   268517 feasible sets         0 orders tried  current cost 9
    W_14: 23055s  52,498,943,200 steps   268690 feasible sets         0 orders tried  current cost 12
    W_14: 23070s  52,533,364,000 steps   268874 feasible sets         0 orders tried  current cost 12
    W_14: 23085s  52,567,824,400 steps   269044 feasible sets         0 orders tried  current cost 6
    W_14: 23100s  52,602,763,200 steps   269237 feasible sets         0 orders tried  current cost 14
    W_14: 23115s  52,637,158,600 steps   269383 feasible sets         0 orders tried  current cost 2
    W_14: 23130s  52,671,683,400 steps   269571 feasible sets         0 orders tried  current cost 14
    W_14: 23145s  52,706,057,600 steps   269724 feasible sets         0 orders tried  current cost 3
    W_14: 23160s  52,740,421,400 steps   269927 feasible sets         0 orders tried  current cost 9
    W_14: 23175s  52,775,263,000 steps   270122 feasible sets         0 orders tried  current cost 6
    W_14: 23190s  52,809,931,000 steps   270303 feasible sets         0 orders tried  current cost 1
    W_14: 23205s  52,844,400,200 steps   270460 feasible sets         0 orders tried  current cost 15
    W_14: 23220s  52,879,104,200 steps   270634 feasible sets         0 orders tried  current cost 6
    W_14: 23235s  52,913,836,400 steps   270812 feasible sets         0 orders tried  current cost 2
    W_14: 23250s  52,948,351,800 steps   271022 feasible sets         0 orders tried  current cost 2
    W_14: 23265s  52,983,023,000 steps   271230 feasible sets         0 orders tried  current cost 11
    W_14: 23280s  53,017,842,200 steps   271422 feasible sets         0 orders tried  current cost 9
    W_14: 23295s  53,052,517,000 steps   271584 feasible sets         0 orders tried  current cost 1
    W_14: 23310s  53,086,965,800 steps   271766 feasible sets         0 orders tried  current cost 6
    W_14: 23325s  53,121,902,600 steps   271956 feasible sets         0 orders tried  current cost 11
    W_14: 23340s  53,156,772,200 steps   272125 feasible sets         0 orders tried  current cost 4
    W_14: 23355s  53,192,017,000 steps   272283 feasible sets         0 orders tried  current cost 4
    W_14: 23370s  53,226,720,200 steps   272487 feasible sets         0 orders tried  current cost 18
    W_14: 23385s  53,261,131,800 steps   272672 feasible sets         0 orders tried  current cost 4
    W_14: 23400s  53,295,696,400 steps   272849 feasible sets         0 orders tried  current cost 4
    W_14: 23415s  53,329,745,000 steps   273012 feasible sets         0 orders tried  current cost 11
    W_14: 23430s  53,364,213,800 steps   273192 feasible sets         0 orders tried  current cost 4
    W_14: 23445s  53,398,608,800 steps   273342 feasible sets         0 orders tried  current cost 5
    W_14: 23460s  53,433,172,600 steps   273515 feasible sets         0 orders tried  current cost 4
    W_14: 23475s  53,464,766,000 steps   273632 feasible sets         0 orders tried  current cost 6
    W_14: 23490s  53,499,284,400 steps   273811 feasible sets         0 orders tried  current cost 11
    W_14: 23505s  53,533,961,200 steps   273966 feasible sets         0 orders tried  current cost 10
    W_14: 23520s  53,568,545,400 steps   274154 feasible sets         0 orders tried  current cost 6
    W_14: 23535s  53,602,963,200 steps   274360 feasible sets         0 orders tried  current cost 7
    W_14: 23550s  53,637,597,800 steps   274569 feasible sets         0 orders tried  current cost 3
    W_14: 23565s  53,672,128,000 steps   274725 feasible sets         0 orders tried  current cost 4
    W_14: 23580s  53,706,688,600 steps   274889 feasible sets         0 orders tried  current cost 5
    W_14: 23595s  53,741,069,400 steps   275051 feasible sets         0 orders tried  current cost 6
    W_14: 23610s  53,775,933,600 steps   275246 feasible sets         0 orders tried  current cost 2
    W_14: 23625s  53,810,407,800 steps   275399 feasible sets         0 orders tried  current cost 6
    W_14: 23640s  53,844,995,000 steps   275572 feasible sets         0 orders tried  current cost 3
    W_14: 23655s  53,879,566,400 steps   275747 feasible sets         0 orders tried  current cost 6
    W_14: 23670s  53,913,982,200 steps   275939 feasible sets         0 orders tried  current cost 10
    W_14: 23685s  53,948,164,400 steps   276117 feasible sets         0 orders tried  current cost 12
    W_14: 23700s  53,982,676,200 steps   276249 feasible sets         0 orders tried  current cost 2
    W_14: 23715s  54,017,054,000 steps   276427 feasible sets         0 orders tried  current cost 3
    W_14: 23730s  54,051,821,600 steps   276627 feasible sets         0 orders tried  current cost 17
    W_14: 23745s  54,086,447,200 steps   276798 feasible sets         0 orders tried  current cost 4
    W_14: 23760s  54,120,344,000 steps   276956 feasible sets         0 orders tried  current cost 10
    W_14: 23775s  54,154,640,600 steps   277093 feasible sets         0 orders tried  current cost 14
    W_14: 23790s  54,189,309,000 steps   277277 feasible sets         0 orders tried  current cost 3
    W_14: 23805s  54,224,393,000 steps   277451 feasible sets         0 orders tried  current cost 1
    W_14: 23820s  54,258,810,400 steps   277601 feasible sets         0 orders tried  current cost 5
    W_14: 23835s  54,293,204,800 steps   277782 feasible sets         0 orders tried  current cost 10
    W_14: 23850s  54,327,838,400 steps   277963 feasible sets         0 orders tried  current cost 2
    W_14: 23865s  54,362,350,000 steps   278131 feasible sets         0 orders tried  current cost 6
    W_14: 23880s  54,396,634,600 steps   278313 feasible sets         0 orders tried  current cost 3
    W_14: 23895s  54,431,543,800 steps   278511 feasible sets         0 orders tried  current cost 8
    W_14: 23910s  54,466,141,600 steps   278705 feasible sets         0 orders tried  current cost 15
    W_14: 23925s  54,500,718,800 steps   278855 feasible sets         0 orders tried  current cost 3
    W_14: 23940s  54,535,042,800 steps   279015 feasible sets         0 orders tried  current cost 9
    W_14: 23955s  54,569,560,000 steps   279195 feasible sets         0 orders tried  current cost 1
    W_14: 23970s  54,604,045,600 steps   279386 feasible sets         0 orders tried  current cost 10
    W_14: 23985s  54,638,859,400 steps   279558 feasible sets         0 orders tried  current cost 2
    W_14: 24000s  54,673,789,400 steps   279775 feasible sets         0 orders tried  current cost 5
    W_14: 24015s  54,708,205,600 steps   279969 feasible sets         0 orders tried  current cost 9
    W_14: 24030s  54,742,906,000 steps   280150 feasible sets         0 orders tried  current cost 6
    W_14: 24045s  54,777,240,000 steps   280363 feasible sets         0 orders tried  current cost 2
    W_14: 24060s  54,811,903,200 steps   280525 feasible sets         0 orders tried  current cost 6
    W_14: 24075s  54,846,395,400 steps   280707 feasible sets         0 orders tried  current cost 2
    W_14: 24090s  54,881,176,200 steps   280888 feasible sets         0 orders tried  current cost 1
    W_14: 24105s  54,916,014,200 steps   281085 feasible sets         0 orders tried  current cost 4
    W_14: 24120s  54,950,600,200 steps   281259 feasible sets         0 orders tried  current cost 19
    W_14: 24135s  54,985,501,200 steps   281425 feasible sets         0 orders tried  current cost 9
    W_14: 24150s  55,020,165,400 steps   281611 feasible sets         0 orders tried  current cost 7
    W_14: 24165s  55,054,716,200 steps   281779 feasible sets         0 orders tried  current cost 3
    W_14: 24180s  55,089,249,800 steps   281941 feasible sets         0 orders tried  current cost 7
    W_14: 24195s  55,123,697,000 steps   282130 feasible sets         0 orders tried  current cost 3
    W_14: 24210s  55,157,947,200 steps   282275 feasible sets         0 orders tried  current cost 6
    W_14: 24225s  55,192,622,800 steps   282447 feasible sets         0 orders tried  current cost 12
    W_14: 24240s  55,227,258,600 steps   282601 feasible sets         0 orders tried  current cost 2
    W_14: 24255s  55,261,464,800 steps   282785 feasible sets         0 orders tried  current cost 8
    W_14: 24270s  55,295,493,400 steps   282977 feasible sets         0 orders tried  current cost 3
    W_14: 24285s  55,329,988,600 steps   283142 feasible sets         0 orders tried  current cost 5
    W_14: 24300s  55,364,410,600 steps   283294 feasible sets         0 orders tried  current cost 4
    W_14: 24315s  55,398,936,200 steps   283457 feasible sets         0 orders tried  current cost 4
    W_14: 24330s  55,433,776,000 steps   283631 feasible sets         0 orders tried  current cost 2
    W_14: 24345s  55,468,189,000 steps   283811 feasible sets         0 orders tried  current cost 7
    W_14: 24360s  55,503,029,800 steps   283994 feasible sets         0 orders tried  current cost 5
    W_14: 24375s  55,537,547,400 steps   284184 feasible sets         0 orders tried  current cost 6
    W_14: 24390s  55,571,986,000 steps   284364 feasible sets         0 orders tried  current cost 6
    W_14: 24405s  55,606,673,600 steps   284521 feasible sets         0 orders tried  current cost 5
    W_14: 24420s  55,641,463,800 steps   284679 feasible sets         0 orders tried  current cost 10
    W_14: 24435s  55,676,075,400 steps   284853 feasible sets         0 orders tried  current cost 3
    W_14: 24450s  55,710,395,200 steps   285048 feasible sets         0 orders tried  current cost 3
    W_14: 24465s  55,744,963,000 steps   285232 feasible sets         0 orders tried  current cost 12
    W_14: 24480s  55,779,412,800 steps   285403 feasible sets         0 orders tried  current cost 3
    W_14: 24495s  55,814,043,800 steps   285622 feasible sets         0 orders tried  current cost 11
    W_14: 24510s  55,848,700,600 steps   285850 feasible sets         0 orders tried  current cost 10
    W_14: 24525s  55,883,345,600 steps   286019 feasible sets         0 orders tried  current cost 8
    W_14: 24540s  55,917,793,400 steps   286187 feasible sets         0 orders tried  current cost 1
    W_14: 24555s  55,951,866,600 steps   286390 feasible sets         0 orders tried  current cost 7
    W_14: 24570s  55,986,336,200 steps   286557 feasible sets         0 orders tried  current cost 4
    W_14: 24585s  56,020,780,800 steps   286734 feasible sets         0 orders tried  current cost 8
    W_14: 24600s  56,055,445,200 steps   286925 feasible sets         0 orders tried  current cost 6
    W_14: 24615s  56,089,659,000 steps   287135 feasible sets         0 orders tried  current cost 4
    W_14: 24630s  56,123,964,800 steps   287312 feasible sets         0 orders tried  current cost 6
    W_14: 24645s  56,158,706,800 steps   287481 feasible sets         0 orders tried  current cost 5
    W_14: 24660s  56,193,292,400 steps   287663 feasible sets         0 orders tried  current cost 3
    W_14: 24675s  56,228,207,400 steps   287826 feasible sets         0 orders tried  current cost 6
    W_14: 24690s  56,263,558,000 steps   288004 feasible sets         0 orders tried  current cost 4
    W_14: 24705s  56,298,307,400 steps   288219 feasible sets         0 orders tried  current cost 5
    W_14: 24720s  56,332,786,400 steps   288425 feasible sets         0 orders tried  current cost 6
    W_14: 24735s  56,367,446,000 steps   288586 feasible sets         0 orders tried  current cost 10
    W_14: 24750s  56,401,970,200 steps   288744 feasible sets         0 orders tried  current cost 4
    W_14: 24765s  56,436,606,400 steps   288900 feasible sets         0 orders tried  current cost 9
    W_14: 24780s  56,471,356,400 steps   289055 feasible sets         0 orders tried  current cost 2
    W_14: 24795s  56,506,050,000 steps   289203 feasible sets         0 orders tried  current cost 6
    W_14: 24810s  56,540,795,400 steps   289395 feasible sets         0 orders tried  current cost 3
    W_14: 24825s  56,575,066,000 steps   289536 feasible sets         0 orders tried  current cost 7
    W_14: 24840s  56,609,794,800 steps   289726 feasible sets         0 orders tried  current cost 3
    W_14: 24855s  56,644,243,800 steps   289924 feasible sets         0 orders tried  current cost 10
    W_14: 24870s  56,679,107,400 steps   290078 feasible sets         0 orders tried  current cost 6
    W_14: 24885s  56,713,454,400 steps   290277 feasible sets         0 orders tried  current cost 4
    W_14: 24900s  56,747,680,400 steps   290443 feasible sets         0 orders tried  current cost 11
    W_14: 24915s  56,781,946,800 steps   290612 feasible sets         0 orders tried  current cost 10
    W_14: 24930s  56,816,159,600 steps   290784 feasible sets         0 orders tried  current cost 2
    W_14: 24945s  56,850,672,000 steps   290928 feasible sets         0 orders tried  current cost 5
    W_14: 24960s  56,885,196,200 steps   291081 feasible sets         0 orders tried  current cost 4
    W_14: 24975s  56,919,861,600 steps   291274 feasible sets         0 orders tried  current cost 11
    W_14: 24990s  56,954,123,600 steps   291478 feasible sets         0 orders tried  current cost 6
    W_14: 25005s  56,988,579,000 steps   291672 feasible sets         0 orders tried  current cost 4
    W_14: 25020s  57,022,918,400 steps   291857 feasible sets         0 orders tried  current cost 1
    W_14: 25035s  57,057,428,800 steps   292017 feasible sets         0 orders tried  current cost 5
    W_14: 25050s  57,092,542,800 steps   292153 feasible sets         0 orders tried  current cost 8
    W_14: 25065s  57,127,383,000 steps   292319 feasible sets         0 orders tried  current cost 13
    W_14: 25080s  57,161,658,400 steps   292483 feasible sets         0 orders tried  current cost 3
    W_14: 25095s  57,195,831,600 steps   292649 feasible sets         0 orders tried  current cost 4
    W_14: 25110s  57,230,590,600 steps   292820 feasible sets         0 orders tried  current cost 3
    W_14: 25125s  57,265,196,600 steps   292967 feasible sets         0 orders tried  current cost 3
    W_14: 25140s  57,299,801,200 steps   293150 feasible sets         0 orders tried  current cost 18
    W_14: 25155s  57,334,530,800 steps   293355 feasible sets         0 orders tried  current cost 5
    W_14: 25170s  57,368,926,200 steps   293486 feasible sets         0 orders tried  current cost 4
    W_14: 25185s  57,403,486,800 steps   293654 feasible sets         0 orders tried  current cost 6
    W_14: 25200s  57,438,338,600 steps   293845 feasible sets         0 orders tried  current cost 5
    W_14: 25215s  57,472,789,400 steps   294039 feasible sets         0 orders tried  current cost 8
    W_14: 25230s  57,507,179,200 steps   294241 feasible sets         0 orders tried  current cost 3
    W_14: 25245s  57,541,769,600 steps   294449 feasible sets         0 orders tried  current cost 1
    W_14: 25260s  57,576,084,800 steps   294628 feasible sets         0 orders tried  current cost 9
    W_14: 25275s  57,610,586,600 steps   294801 feasible sets         0 orders tried  current cost 7
    W_14: 25290s  57,644,894,000 steps   294981 feasible sets         0 orders tried  current cost 3
    W_14: 25305s  57,679,147,200 steps   295168 feasible sets         0 orders tried  current cost 5
    W_14: 25320s  57,713,618,000 steps   295341 feasible sets         0 orders tried  current cost 3
    W_14: 25335s  57,748,205,600 steps   295533 feasible sets         0 orders tried  current cost 8
    W_14: 25350s  57,782,832,800 steps   295691 feasible sets         0 orders tried  current cost 2
    W_14: 25365s  57,817,528,800 steps   295868 feasible sets         0 orders tried  current cost 4
    W_14: 25380s  57,852,658,600 steps   296077 feasible sets         0 orders tried  current cost 1
    W_14: 25395s  57,887,460,400 steps   296249 feasible sets         0 orders tried  current cost 14
    W_14: 25410s  57,921,867,000 steps   296460 feasible sets         0 orders tried  current cost 5
    W_14: 25425s  57,956,198,400 steps   296592 feasible sets         0 orders tried  current cost 3
    W_14: 25440s  57,990,705,600 steps   296786 feasible sets         0 orders tried  current cost 16
    W_14: 25455s  58,025,154,400 steps   296950 feasible sets         0 orders tried  current cost 3
    W_14: 25470s  58,059,849,800 steps   297136 feasible sets         0 orders tried  current cost 4
    W_14: 25485s  58,094,456,600 steps   297306 feasible sets         0 orders tried  current cost 7
    W_14: 25500s  58,129,308,000 steps   297467 feasible sets         0 orders tried  current cost 6
    W_14: 25515s  58,163,941,000 steps   297649 feasible sets         0 orders tried  current cost 10
    W_14: 25530s  58,198,800,600 steps   297805 feasible sets         0 orders tried  current cost 12
    W_14: 25545s  58,233,539,600 steps   298001 feasible sets         0 orders tried  current cost 2
    W_14: 25560s  58,267,923,600 steps   298196 feasible sets         0 orders tried  current cost 10
    W_14: 25575s  58,301,911,000 steps   298340 feasible sets         0 orders tried  current cost 4
    W_14: 25590s  58,336,094,000 steps   298497 feasible sets         0 orders tried  current cost 2
    W_14: 25605s  58,370,589,600 steps   298687 feasible sets         0 orders tried  current cost 4
    W_14: 25620s  58,405,071,800 steps   298852 feasible sets         0 orders tried  current cost 4
    W_14: 25635s  58,439,558,600 steps   298979 feasible sets         0 orders tried  current cost 3
    W_14: 25650s  58,474,242,400 steps   299146 feasible sets         0 orders tried  current cost 12
    W_14: 25665s  58,507,838,800 steps   299336 feasible sets         0 orders tried  current cost 4
    W_14: 25680s  58,540,859,600 steps   299513 feasible sets         0 orders tried  current cost 2
    W_14: 25695s  58,575,367,400 steps   299703 feasible sets         0 orders tried  current cost 4
    W_14: 25710s  58,609,882,200 steps   299884 feasible sets         0 orders tried  current cost 12
    W_14: 25725s  58,644,499,800 steps   300079 feasible sets         0 orders tried  current cost 1
    W_14: 25740s  58,679,104,400 steps   300228 feasible sets         0 orders tried  current cost 10
    W_14: 25755s  58,713,785,200 steps   300423 feasible sets         0 orders tried  current cost 9
    W_14: 25770s  58,748,256,000 steps   300565 feasible sets         0 orders tried  current cost 3
    W_14: 25785s  58,782,994,600 steps   300742 feasible sets         0 orders tried  current cost 4
    W_14: 25800s  58,817,339,600 steps   300968 feasible sets         0 orders tried  current cost 1
    W_14: 25815s  58,852,088,600 steps   301126 feasible sets         0 orders tried  current cost 7
    W_14: 25830s  58,886,429,600 steps   301311 feasible sets         0 orders tried  current cost 5
    W_14: 25845s  58,921,106,600 steps   301526 feasible sets         0 orders tried  current cost 8
    W_14: 25860s  58,955,923,400 steps   301692 feasible sets         0 orders tried  current cost 15
    W_14: 25875s  58,990,308,000 steps   301867 feasible sets         0 orders tried  current cost 6
    W_14: 25890s  59,025,353,800 steps   302063 feasible sets         0 orders tried  current cost 4
    W_14: 25905s  59,060,053,200 steps   302228 feasible sets         0 orders tried  current cost 4
    W_14: 25920s  59,094,695,800 steps   302427 feasible sets         0 orders tried  current cost 3
    W_14: 25935s  59,129,101,200 steps   302616 feasible sets         0 orders tried  current cost 10
    W_14: 25950s  59,163,716,600 steps   302773 feasible sets         0 orders tried  current cost 3
    W_14: 25965s  59,197,955,000 steps   302947 feasible sets         0 orders tried  current cost 5
    W_14: 25980s  59,232,659,000 steps   303181 feasible sets         0 orders tried  current cost 4
    W_14: 25995s  59,267,462,200 steps   303343 feasible sets         0 orders tried  current cost 15
    W_14: 26010s  59,302,097,000 steps   303525 feasible sets         0 orders tried  current cost 1
    W_14: 26025s  59,336,431,200 steps   303688 feasible sets         0 orders tried  current cost 4
    W_14: 26040s  59,370,902,200 steps   303900 feasible sets         0 orders tried  current cost 10
    W_14: 26055s  59,405,055,800 steps   304044 feasible sets         0 orders tried  current cost 2
    W_14: 26070s  59,439,853,200 steps   304213 feasible sets         0 orders tried  current cost 3
    W_14: 26085s  59,474,270,400 steps   304383 feasible sets         0 orders tried  current cost 3
    W_14: 26100s  59,508,929,600 steps   304551 feasible sets         0 orders tried  current cost 4
    W_14: 26115s  59,543,226,200 steps   304743 feasible sets         0 orders tried  current cost 11
    W_14: 26130s  59,577,355,600 steps   304908 feasible sets         0 orders tried  current cost 1
    W_14: 26145s  59,611,894,400 steps   305066 feasible sets         0 orders tried  current cost 4
    W_14: 26160s  59,646,608,800 steps   305219 feasible sets         0 orders tried  current cost 7
    W_14: 26175s  59,681,342,600 steps   305375 feasible sets         0 orders tried  current cost 9
    W_14: 26190s  59,715,939,200 steps   305542 feasible sets         0 orders tried  current cost 2
    W_14: 26205s  59,750,257,000 steps   305748 feasible sets         0 orders tried  current cost 4
    W_14: 26220s  59,784,258,600 steps   305910 feasible sets         0 orders tried  current cost 2
    W_14: 26235s  59,818,275,200 steps   306093 feasible sets         0 orders tried  current cost 2
    W_14: 26250s  59,852,228,800 steps   306242 feasible sets         0 orders tried  current cost 4
    W_14: 26265s  59,886,047,000 steps   306393 feasible sets         0 orders tried  current cost 5
    W_14: 26280s  59,919,839,200 steps   306560 feasible sets         0 orders tried  current cost 2
    W_14: 26295s  59,953,625,200 steps   306743 feasible sets         0 orders tried  current cost 11
    W_14: 26310s  59,987,802,200 steps   306934 feasible sets         0 orders tried  current cost 16
    W_14: 26325s  60,021,952,200 steps   307106 feasible sets         0 orders tried  current cost 5
    W_14: 26340s  60,055,977,600 steps   307279 feasible sets         0 orders tried  current cost 3
    W_14: 26355s  60,089,591,000 steps   307479 feasible sets         0 orders tried  current cost 3
    W_14: 26370s  60,123,538,000 steps   307680 feasible sets         0 orders tried  current cost 2
    W_14: 26385s  60,157,276,200 steps   307829 feasible sets         0 orders tried  current cost 5
    W_14: 26400s  60,191,335,800 steps   308007 feasible sets         0 orders tried  current cost 4
    W_14: 26415s  60,225,476,800 steps   308175 feasible sets         0 orders tried  current cost 5
    W_14: 26430s  60,259,245,400 steps   308338 feasible sets         0 orders tried  current cost 10
    W_14: 26445s  60,293,256,800 steps   308484 feasible sets         0 orders tried  current cost 4
    W_14: 26460s  60,326,941,000 steps   308669 feasible sets         0 orders tried  current cost 14
    W_14: 26475s  60,361,151,600 steps   308827 feasible sets         0 orders tried  current cost 4
    W_14: 26490s  60,395,067,200 steps   309015 feasible sets         0 orders tried  current cost 7
    W_14: 26505s  60,428,848,800 steps   309204 feasible sets         0 orders tried  current cost 3
    W_14: 26520s  60,462,835,400 steps   309399 feasible sets         0 orders tried  current cost 2
    W_14: 26535s  60,494,441,400 steps   309562 feasible sets         0 orders tried  current cost 12
    W_14: 26550s  60,521,503,000 steps   309695 feasible sets         0 orders tried  current cost 12
    W_14: 26565s  60,550,647,200 steps   309851 feasible sets         0 orders tried  current cost 8
    W_14: 26580s  60,584,633,800 steps   310043 feasible sets         0 orders tried  current cost 3
    W_14: 26595s  60,618,739,000 steps   310245 feasible sets         0 orders tried  current cost 2
    W_14: 26610s  60,652,712,000 steps   310406 feasible sets         0 orders tried  current cost 3
    W_14: 26625s  60,686,825,200 steps   310596 feasible sets         0 orders tried  current cost 10
    W_14: 26640s  60,720,659,600 steps   310773 feasible sets         0 orders tried  current cost 3
    W_14: 26655s  60,754,342,400 steps   310955 feasible sets         0 orders tried  current cost 10
    W_14: 26670s  60,788,304,200 steps   311119 feasible sets         0 orders tried  current cost 9
    W_14: 26685s  60,822,138,800 steps   311282 feasible sets         0 orders tried  current cost 3
    W_14: 26700s  60,856,227,400 steps   311438 feasible sets         0 orders tried  current cost 7
    W_14: 26715s  60,890,326,200 steps   311615 feasible sets         0 orders tried  current cost 8
    W_14: 26730s  60,924,646,800 steps   311786 feasible sets         0 orders tried  current cost 8
    W_14: 26745s  60,958,849,600 steps   311969 feasible sets         0 orders tried  current cost 4
    W_14: 26760s  60,992,975,000 steps   312135 feasible sets         0 orders tried  current cost 3
    W_14: 26775s  61,026,755,600 steps   312321 feasible sets         0 orders tried  current cost 5
    W_14: 26790s  61,061,002,200 steps   312481 feasible sets         0 orders tried  current cost 15
    W_14: 26805s  61,095,032,200 steps   312644 feasible sets         0 orders tried  current cost 3
    W_14: 26820s  61,128,759,400 steps   312803 feasible sets         0 orders tried  current cost 3
    W_14: 26835s  61,162,682,800 steps   313003 feasible sets         0 orders tried  current cost 6
    W_14: 26850s  61,196,570,200 steps   313178 feasible sets         0 orders tried  current cost 6
    W_14: 26865s  61,230,700,800 steps   313315 feasible sets         0 orders tried  current cost 11
    W_14: 26880s  61,261,658,600 steps   313481 feasible sets         0 orders tried  current cost 2
    W_14: 26895s  61,294,594,000 steps   313628 feasible sets         0 orders tried  current cost 3
    W_14: 26910s  61,312,933,200 steps   313735 feasible sets         0 orders tried  current cost 2
    W_14: 26925s  61,347,292,200 steps   313947 feasible sets         0 orders tried  current cost 2
    W_14: 26940s  61,381,446,200 steps   314142 feasible sets         0 orders tried  current cost 5
    W_14: 26955s  61,415,916,800 steps   314293 feasible sets         0 orders tried  current cost 3
    W_14: 26970s  61,450,479,200 steps   314479 feasible sets         0 orders tried  current cost 4
    W_14: 26985s  61,484,955,600 steps   314654 feasible sets         0 orders tried  current cost 3
    W_14: 27000s  61,519,683,400 steps   314825 feasible sets         0 orders tried  current cost 9
    W_14: 27015s  61,554,168,600 steps   315026 feasible sets         0 orders tried  current cost 6
    W_14: 27030s  61,588,644,400 steps   315196 feasible sets         0 orders tried  current cost 8
    W_14: 27045s  61,623,428,600 steps   315361 feasible sets         0 orders tried  current cost 5
    W_14: 27060s  61,657,981,000 steps   315521 feasible sets         0 orders tried  current cost 9
    W_14: 27075s  61,692,764,800 steps   315705 feasible sets         0 orders tried  current cost 9
    W_14: 27090s  61,727,312,400 steps   315872 feasible sets         0 orders tried  current cost 1
    W_14: 27105s  61,761,500,800 steps   316030 feasible sets         0 orders tried  current cost 16
    W_14: 27120s  61,796,107,800 steps   316187 feasible sets         0 orders tried  current cost 5
    W_14: 27135s  61,830,622,000 steps   316384 feasible sets         0 orders tried  current cost 8
    W_14: 27150s  61,865,133,400 steps   316542 feasible sets         0 orders tried  current cost 3
    W_14: 27165s  61,899,294,200 steps   316719 feasible sets         0 orders tried  current cost 4
    W_14: 27180s  61,934,148,200 steps   316928 feasible sets         0 orders tried  current cost 5
    W_14: 27195s  61,968,521,400 steps   317136 feasible sets         0 orders tried  current cost 19
    W_14: 27210s  62,002,972,400 steps   317277 feasible sets         0 orders tried  current cost 4
    W_14: 27225s  62,037,285,600 steps   317459 feasible sets         0 orders tried  current cost 8
    W_14: 27240s  62,071,212,200 steps   317632 feasible sets         0 orders tried  current cost 4
    W_14: 27255s  62,105,848,600 steps   317797 feasible sets         0 orders tried  current cost 7
    W_14: 27270s  62,140,523,600 steps   317964 feasible sets         0 orders tried  current cost 10
    W_14: 27285s  62,175,043,800 steps   318182 feasible sets         0 orders tried  current cost 7
    W_14: 27300s  62,209,689,400 steps   318384 feasible sets         0 orders tried  current cost 5
    W_14: 27315s  62,244,074,000 steps   318528 feasible sets         0 orders tried  current cost 4
    W_14: 27330s  62,278,620,800 steps   318700 feasible sets         0 orders tried  current cost 18
    W_14: 27345s  62,313,295,600 steps   318879 feasible sets         0 orders tried  current cost 2
    W_14: 27360s  62,347,915,800 steps   319050 feasible sets         0 orders tried  current cost 2
    W_14: 27375s  62,382,527,800 steps   319242 feasible sets         0 orders tried  current cost 7
    W_14: 27390s  62,417,474,400 steps   319427 feasible sets         0 orders tried  current cost 5
    W_14: 27405s  62,452,069,800 steps   319585 feasible sets         0 orders tried  current cost 5
    W_14: 27420s  62,486,375,200 steps   319752 feasible sets         0 orders tried  current cost 3
    W_14: 27435s  62,521,045,600 steps   319935 feasible sets         0 orders tried  current cost 6
    W_14: 27450s  62,555,896,800 steps   320131 feasible sets         0 orders tried  current cost 3
    W_14: 27465s  62,590,720,600 steps   320296 feasible sets         0 orders tried  current cost 13
    W_14: 27480s  62,625,313,000 steps   320452 feasible sets         0 orders tried  current cost 1
    W_14: 27495s  62,660,018,600 steps   320653 feasible sets         0 orders tried  current cost 4
    W_14: 27510s  62,694,914,200 steps   320835 feasible sets         0 orders tried  current cost 2
    W_14: 27525s  62,729,607,400 steps   320984 feasible sets         0 orders tried  current cost 5
    W_14: 27540s  62,764,144,200 steps   321152 feasible sets         0 orders tried  current cost 13
    W_14: 27555s  62,799,013,200 steps   321355 feasible sets         0 orders tried  current cost 5
    W_14: 27570s  62,833,823,000 steps   321560 feasible sets         0 orders tried  current cost 15
    W_14: 27585s  62,868,139,200 steps   321739 feasible sets         0 orders tried  current cost 4
    W_14: 27600s  62,902,693,000 steps   321929 feasible sets         0 orders tried  current cost 2
    W_14: 27615s  62,937,412,200 steps   322085 feasible sets         0 orders tried  current cost 5
    W_14: 27630s  62,971,967,000 steps   322257 feasible sets         0 orders tried  current cost 7
    W_14: 27645s  63,006,657,600 steps   322420 feasible sets         0 orders tried  current cost 4
    W_14: 27660s  63,041,134,800 steps   322576 feasible sets         0 orders tried  current cost 4
    W_14: 27675s  63,075,662,800 steps   322768 feasible sets         0 orders tried  current cost 7
    W_14: 27690s  63,110,370,600 steps   322954 feasible sets         0 orders tried  current cost 3
    W_14: 27705s  63,145,076,000 steps   323116 feasible sets         0 orders tried  current cost 3
    W_14: 27720s  63,179,976,800 steps   323293 feasible sets         0 orders tried  current cost 4
    W_14: 27735s  63,214,764,000 steps   323482 feasible sets         0 orders tried  current cost 14
    W_14: 27750s  63,249,619,200 steps   323680 feasible sets         0 orders tried  current cost 2
    W_14: 27765s  63,283,929,400 steps   323848 feasible sets         0 orders tried  current cost 4
    W_14: 27780s  63,318,585,000 steps   323995 feasible sets         0 orders tried  current cost 9
    W_14: 27795s  63,352,877,000 steps   324173 feasible sets         0 orders tried  current cost 4
    W_14: 27810s  63,387,433,800 steps   324387 feasible sets         0 orders tried  current cost 2
    W_14: 27825s  63,422,415,000 steps   324554 feasible sets         0 orders tried  current cost 3
    W_14: 27840s  63,457,745,000 steps   324752 feasible sets         0 orders tried  current cost 13
    W_14: 27855s  63,492,484,800 steps   324888 feasible sets         0 orders tried  current cost 7
    W_14: 27870s  63,527,290,800 steps   325055 feasible sets         0 orders tried  current cost 3
    W_14: 27885s  63,562,270,800 steps   325222 feasible sets         0 orders tried  current cost 5
    W_14: 27900s  63,596,606,000 steps   325379 feasible sets         0 orders tried  current cost 8
    W_14: 27915s  63,630,957,800 steps   325563 feasible sets         0 orders tried  current cost 2
    W_14: 27930s  63,665,745,600 steps   325748 feasible sets         0 orders tried  current cost 8
    W_14: 27945s  63,700,126,400 steps   325881 feasible sets         0 orders tried  current cost 6
    W_14: 27960s  63,735,094,800 steps   326080 feasible sets         0 orders tried  current cost 3
    W_14: 27975s  63,769,664,600 steps   326264 feasible sets         0 orders tried  current cost 10
    W_14: 27990s  63,804,289,800 steps   326404 feasible sets         0 orders tried  current cost 6
    W_14: 28005s  63,838,967,000 steps   326540 feasible sets         0 orders tried  current cost 6
    W_14: 28020s  63,873,685,200 steps   326717 feasible sets         0 orders tried  current cost 8
    W_14: 28035s  63,907,849,800 steps   326908 feasible sets         0 orders tried  current cost 6
    W_14: 28050s  63,942,465,000 steps   327065 feasible sets         0 orders tried  current cost 7
    W_14: 28065s  63,977,105,600 steps   327242 feasible sets         0 orders tried  current cost 9
    W_14: 28080s  64,011,336,600 steps   327430 feasible sets         0 orders tried  current cost 3
    W_14: 28095s  64,045,843,600 steps   327589 feasible sets         0 orders tried  current cost 11
    W_14: 28110s  64,080,654,000 steps   327775 feasible sets         0 orders tried  current cost 4
    W_14: 28125s  64,115,118,000 steps   327934 feasible sets         0 orders tried  current cost 3
    W_14: 28140s  64,149,403,200 steps   328115 feasible sets         0 orders tried  current cost 11
    W_14: 28155s  64,184,016,400 steps   328306 feasible sets         0 orders tried  current cost 2
    W_14: 28170s  64,218,403,400 steps   328481 feasible sets         0 orders tried  current cost 12
    W_14: 28185s  64,253,169,600 steps   328680 feasible sets         0 orders tried  current cost 3
    W_14: 28200s  64,288,000,400 steps   328840 feasible sets         0 orders tried  current cost 13
    W_14: 28215s  64,322,745,400 steps   329037 feasible sets         0 orders tried  current cost 5
    W_14: 28230s  64,357,438,000 steps   329209 feasible sets         0 orders tried  current cost 1
    W_14: 28245s  64,392,064,400 steps   329418 feasible sets         0 orders tried  current cost 11
    W_14: 28260s  64,426,439,800 steps   329619 feasible sets         0 orders tried  current cost 4
    W_14: 28275s  64,460,395,000 steps   329814 feasible sets         0 orders tried  current cost 3
    W_14: 28290s  64,495,100,000 steps   330020 feasible sets         0 orders tried  current cost 1
    W_14: 28305s  64,530,006,000 steps   330163 feasible sets         0 orders tried  current cost 7
    W_14: 28320s  64,564,383,400 steps   330293 feasible sets         0 orders tried  current cost 9
    W_14: 28335s  64,599,039,000 steps   330470 feasible sets         0 orders tried  current cost 1
    W_14: 28350s  64,633,791,400 steps   330606 feasible sets         0 orders tried  current cost 2
    W_14: 28365s  64,667,969,000 steps   330785 feasible sets         0 orders tried  current cost 3
    W_14: 28380s  64,702,356,200 steps   330978 feasible sets         0 orders tried  current cost 4
    W_14: 28395s  64,736,810,000 steps   331151 feasible sets         0 orders tried  current cost 4
    W_14: 28410s  64,771,275,000 steps   331302 feasible sets         0 orders tried  current cost 5
    W_14: 28425s  64,806,057,600 steps   331506 feasible sets         0 orders tried  current cost 4
    W_14: 28440s  64,840,545,400 steps   331672 feasible sets         0 orders tried  current cost 6
    W_14: 28455s  64,875,434,800 steps   331858 feasible sets         0 orders tried  current cost 4
    W_14: 28470s  64,909,821,000 steps   332028 feasible sets         0 orders tried  current cost 10
    W_14: 28485s  64,944,516,800 steps   332172 feasible sets         0 orders tried  current cost 2
    W_14: 28500s  64,979,499,600 steps   332340 feasible sets         0 orders tried  current cost 1
    W_14: 28515s  65,014,192,400 steps   332567 feasible sets         0 orders tried  current cost 3
    W_14: 28530s  65,048,939,600 steps   332746 feasible sets         0 orders tried  current cost 2
    W_14: 28545s  65,083,625,600 steps   332929 feasible sets         0 orders tried  current cost 8
    W_14: 28560s  65,118,472,800 steps   333095 feasible sets         0 orders tried  current cost 2
    W_14: 28575s  65,152,819,600 steps   333283 feasible sets         0 orders tried  current cost 4
    W_14: 28590s  65,187,196,200 steps   333447 feasible sets         0 orders tried  current cost 4
    W_14: 28605s  65,221,733,000 steps   333662 feasible sets         0 orders tried  current cost 4
    W_14: 28620s  65,256,477,000 steps   333839 feasible sets         0 orders tried  current cost 2
    W_14: 28635s  65,291,149,600 steps   334030 feasible sets         0 orders tried  current cost 6
    W_14: 28650s  65,325,882,400 steps   334204 feasible sets         0 orders tried  current cost 7
    W_14: 28665s  65,360,301,400 steps   334382 feasible sets         0 orders tried  current cost 10
    W_14: 28680s  65,394,462,200 steps   334540 feasible sets         0 orders tried  current cost 11
    W_14: 28695s  65,428,761,200 steps   334763 feasible sets         0 orders tried  current cost 13
    W_14: 28710s  65,463,392,800 steps   334929 feasible sets         0 orders tried  current cost 3
    W_14: 28725s  65,498,347,800 steps   335104 feasible sets         0 orders tried  current cost 3
    W_14: 28740s  65,532,732,200 steps   335276 feasible sets         0 orders tried  current cost 3
    W_14: 28755s  65,567,491,000 steps   335408 feasible sets         0 orders tried  current cost 3
    W_14: 28770s  65,601,679,400 steps   335572 feasible sets         0 orders tried  current cost 1
    W_14: 28785s  65,636,443,200 steps   335747 feasible sets         0 orders tried  current cost 8
    W_14: 28800s  65,671,312,200 steps   335950 feasible sets         0 orders tried  current cost 3
    W_14: 28815s  65,705,797,200 steps   336119 feasible sets         0 orders tried  current cost 3
    W_14: 28830s  65,740,521,600 steps   336304 feasible sets         0 orders tried  current cost 8
    W_14: 28845s  65,774,913,800 steps   336451 feasible sets         0 orders tried  current cost 5
    W_14: 28860s  65,809,349,000 steps   336610 feasible sets         0 orders tried  current cost 3
    W_14: 28875s  65,843,978,800 steps   336761 feasible sets         0 orders tried  current cost 4
    W_14: 28890s  65,878,511,800 steps   336971 feasible sets         0 orders tried  current cost 3
    W_14: 28905s  65,913,104,400 steps   337128 feasible sets         0 orders tried  current cost 9
    W_14: 28920s  65,947,824,000 steps   337293 feasible sets         0 orders tried  current cost 7
    W_14: 28935s  65,982,623,800 steps   337501 feasible sets         0 orders tried  current cost 10
    W_14: 28950s  66,017,224,000 steps   337646 feasible sets         0 orders tried  current cost 14
    W_14: 28965s  66,052,005,400 steps   337808 feasible sets         0 orders tried  current cost 9
    W_14: 28980s  66,086,620,200 steps   337963 feasible sets         0 orders tried  current cost 13
    W_14: 28995s  66,121,693,600 steps   338160 feasible sets         0 orders tried  current cost 4
    W_14: 29010s  66,156,165,400 steps   338309 feasible sets         0 orders tried  current cost 7
    W_14: 29025s  66,190,585,200 steps   338512 feasible sets         0 orders tried  current cost 10
    W_14: 29040s  66,225,044,000 steps   338700 feasible sets         0 orders tried  current cost 15
    W_14: 29055s  66,259,719,200 steps   338923 feasible sets         0 orders tried  current cost 3
    W_14: 29070s  66,294,095,600 steps   339106 feasible sets         0 orders tried  current cost 3
    W_14: 29085s  66,328,833,800 steps   339302 feasible sets         0 orders tried  current cost 4
    W_14: 29100s  66,363,486,600 steps   339471 feasible sets         0 orders tried  current cost 6
    W_14: 29115s  66,398,056,800 steps   339670 feasible sets         0 orders tried  current cost 2
    W_14: 29130s  66,432,472,800 steps   339841 feasible sets         0 orders tried  current cost 3
    W_14: 29145s  66,467,025,400 steps   340024 feasible sets         0 orders tried  current cost 4
    W_14: 29160s  66,501,605,800 steps   340173 feasible sets         0 orders tried  current cost 6
    W_14: 29175s  66,536,091,000 steps   340384 feasible sets         0 orders tried  current cost 4
    W_14: 29190s  66,570,971,800 steps   340549 feasible sets         0 orders tried  current cost 4
    W_14: 29205s  66,605,334,000 steps   340722 feasible sets         0 orders tried  current cost 3
    W_14: 29220s  66,639,872,600 steps   340880 feasible sets         0 orders tried  current cost 2
    W_14: 29235s  66,674,097,800 steps   341030 feasible sets         0 orders tried  current cost 3
    W_14: 29250s  66,708,547,400 steps   341226 feasible sets         0 orders tried  current cost 8
    W_14: 29265s  66,743,063,800 steps   341383 feasible sets         0 orders tried  current cost 11
    W_14: 29280s  66,778,039,400 steps   341565 feasible sets         0 orders tried  current cost 3
    W_14: 29295s  66,812,920,000 steps   341770 feasible sets         0 orders tried  current cost 2
    W_14: 29310s  66,847,358,400 steps   341944 feasible sets         0 orders tried  current cost 2
    W_14: 29325s  66,881,717,000 steps   342103 feasible sets         0 orders tried  current cost 3
    W_14: 29340s  66,916,367,400 steps   342329 feasible sets         0 orders tried  current cost 2
    W_14: 29355s  66,951,381,600 steps   342515 feasible sets         0 orders tried  current cost 15
    W_14: 29370s  66,985,993,800 steps   342675 feasible sets         0 orders tried  current cost 2
    W_14: 29385s  67,020,621,400 steps   342869 feasible sets         0 orders tried  current cost 9
    W_14: 29400s  67,053,382,000 steps   343077 feasible sets         0 orders tried  current cost 9
    W_14: 29415s  67,087,742,200 steps   343273 feasible sets         0 orders tried  current cost 11
    W_14: 29430s  67,122,975,200 steps   343430 feasible sets         0 orders tried  current cost 3
    W_14: 29445s  67,157,521,200 steps   343608 feasible sets         0 orders tried  current cost 8
    W_14: 29460s  67,191,758,000 steps   343771 feasible sets         0 orders tried  current cost 1
    W_14: 29475s  67,226,608,800 steps   343921 feasible sets         0 orders tried  current cost 5
    W_14: 29490s  67,260,936,400 steps   344088 feasible sets         0 orders tried  current cost 3
    W_14: 29505s  67,295,306,600 steps   344280 feasible sets         0 orders tried  current cost 7
    W_14: 29520s  67,329,314,400 steps   344483 feasible sets         0 orders tried  current cost 4
    W_14: 29535s  67,363,766,800 steps   344640 feasible sets         0 orders tried  current cost 8
    W_14: 29550s  67,397,969,400 steps   344793 feasible sets         0 orders tried  current cost 6
    W_14: 29565s  67,432,008,400 steps   345004 feasible sets         0 orders tried  current cost 2
    W_14: 29580s  67,464,328,000 steps   345167 feasible sets         0 orders tried  current cost 2
    W_14: 29595s  67,489,396,200 steps   345272 feasible sets         0 orders tried  current cost 1
    W_14: 29610s  67,513,770,200 steps   345416 feasible sets         0 orders tried  current cost 3
    W_14: 29625s  67,548,207,400 steps   345597 feasible sets         0 orders tried  current cost 7
    W_14: 29640s  67,582,292,000 steps   345769 feasible sets         0 orders tried  current cost 4
    W_14: 29655s  67,614,700,800 steps   345960 feasible sets         0 orders tried  current cost 16
    W_14: 29670s  67,641,387,800 steps   346110 feasible sets         0 orders tried  current cost 5
    W_14: 29685s  67,656,027,800 steps   346181 feasible sets         0 orders tried  current cost 3
    W_14: 29700s  67,690,809,000 steps   346343 feasible sets         0 orders tried  current cost 4
    W_14: 29715s  67,721,672,800 steps   346509 feasible sets         0 orders tried  current cost 3
    W_14: 29730s  67,749,975,200 steps   346645 feasible sets         0 orders tried  current cost 2
    W_14: 29745s  67,768,683,000 steps   346720 feasible sets         0 orders tried  current cost 14
    W_14: 29760s  67,799,100,600 steps   346868 feasible sets         0 orders tried  current cost 10
    W_14: 29775s  67,829,961,400 steps   347061 feasible sets         0 orders tried  current cost 18
    W_14: 29790s  67,863,897,800 steps   347256 feasible sets         0 orders tried  current cost 5
    W_14: 29805s  67,897,777,400 steps   347398 feasible sets         0 orders tried  current cost 4
    W_14: 29820s  67,931,409,600 steps   347536 feasible sets         0 orders tried  current cost 4
    W_14: 29835s  67,965,507,600 steps   347688 feasible sets         0 orders tried  current cost 2
    W_14: 29850s  68,000,262,400 steps   347853 feasible sets         0 orders tried  current cost 18
    W_14: 29865s  68,034,647,000 steps   348020 feasible sets         0 orders tried  current cost 8
    W_14: 29880s  68,067,949,200 steps   348180 feasible sets         0 orders tried  current cost 7
    W_14: 29895s  68,101,047,400 steps   348339 feasible sets         0 orders tried  current cost 8
    W_14: 29910s  68,135,539,600 steps   348535 feasible sets         0 orders tried  current cost 3
    W_14: 29925s  68,169,711,600 steps   348701 feasible sets         0 orders tried  current cost 3
    W_14: 29940s  68,203,627,400 steps   348862 feasible sets         0 orders tried  current cost 7
    W_14: 29955s  68,237,678,400 steps   349046 feasible sets         0 orders tried  current cost 2
    W_14: 29970s  68,272,183,600 steps   349196 feasible sets         0 orders tried  current cost 11
    W_14: 29985s  68,306,450,800 steps   349369 feasible sets         0 orders tried  current cost 3
    W_14: 30000s  68,340,988,200 steps   349596 feasible sets         0 orders tried  current cost 5
    W_14: 30015s  68,375,329,000 steps   349764 feasible sets         0 orders tried  current cost 6
    W_14: 30030s  68,407,656,000 steps   349951 feasible sets         0 orders tried  current cost 1
    W_14: 30045s  68,441,460,200 steps   350137 feasible sets         0 orders tried  current cost 13
    W_14: 30060s  68,475,507,000 steps   350348 feasible sets         0 orders tried  current cost 4
    W_14: 30075s  68,509,218,400 steps   350530 feasible sets         0 orders tried  current cost 2
    W_14: 30090s  68,543,486,800 steps   350745 feasible sets         0 orders tried  current cost 9
    W_14: 30105s  68,576,281,600 steps   350905 feasible sets         0 orders tried  current cost 14
    W_14: 30120s  68,610,162,000 steps   351093 feasible sets         0 orders tried  current cost 8
    W_14: 30135s  68,644,602,200 steps   351277 feasible sets         0 orders tried  current cost 10
    W_14: 30150s  68,678,971,000 steps   351419 feasible sets         0 orders tried  current cost 7
    W_14: 30165s  68,712,658,200 steps   351566 feasible sets         0 orders tried  current cost 4
    W_14: 30180s  68,745,510,000 steps   351725 feasible sets         0 orders tried  current cost 4
    W_14: 30195s  68,778,017,400 steps   351860 feasible sets         0 orders tried  current cost 2
    W_14: 30210s  68,811,727,800 steps   352046 feasible sets         0 orders tried  current cost 7
    W_14: 30225s  68,843,937,800 steps   352236 feasible sets         0 orders tried  current cost 4
    W_14: 30240s  68,877,560,200 steps   352423 feasible sets         0 orders tried  current cost 11
    W_14: 30255s  68,909,204,600 steps   352553 feasible sets         0 orders tried  current cost 10
    W_14: 30270s  68,942,346,600 steps   352696 feasible sets         0 orders tried  current cost 8
    W_14: 30285s  68,976,616,200 steps   352844 feasible sets         0 orders tried  current cost 3
    W_14: 30300s  69,010,124,600 steps   353008 feasible sets         0 orders tried  current cost 7
    W_14: 30315s  69,040,243,600 steps   353162 feasible sets         0 orders tried  current cost 9
    W_14: 30330s  69,071,200,400 steps   353309 feasible sets         0 orders tried  current cost 10
    W_14: 30345s  69,102,718,400 steps   353434 feasible sets         0 orders tried  current cost 1
    W_14: 30360s  69,134,888,800 steps   353605 feasible sets         0 orders tried  current cost 3
    W_14: 30375s  69,166,184,000 steps   353780 feasible sets         0 orders tried  current cost 11
    W_14: 30390s  69,197,806,600 steps   353936 feasible sets         0 orders tried  current cost 4
    W_14: 30405s  69,229,506,600 steps   354089 feasible sets         0 orders tried  current cost 8
    W_14: 30420s  69,261,083,400 steps   354263 feasible sets         0 orders tried  current cost 9
    W_14: 30435s  69,292,616,600 steps   354425 feasible sets         0 orders tried  current cost 4
    W_14: 30450s  69,324,777,800 steps   354592 feasible sets         0 orders tried  current cost 4
    W_14: 30465s  69,356,398,200 steps   354755 feasible sets         0 orders tried  current cost 3
    W_14: 30480s  69,387,878,400 steps   354913 feasible sets         0 orders tried  current cost 4
    W_14: 30495s  69,419,307,000 steps   355032 feasible sets         0 orders tried  current cost 7
    W_14: 30510s  69,450,799,400 steps   355204 feasible sets         0 orders tried  current cost 3
    W_14: 30525s  69,482,152,600 steps   355344 feasible sets         0 orders tried  current cost 3
    W_14: 30540s  69,513,928,600 steps   355473 feasible sets         0 orders tried  current cost 5
    W_14: 30555s  69,545,337,400 steps   355644 feasible sets         0 orders tried  current cost 1
    W_14: 30570s  69,577,284,000 steps   355819 feasible sets         0 orders tried  current cost 11
    W_14: 30585s  69,609,371,200 steps   355964 feasible sets         0 orders tried  current cost 4
    W_14: 30600s  69,640,474,200 steps   356099 feasible sets         0 orders tried  current cost 3
    W_14: 30615s  69,671,783,000 steps   356269 feasible sets         0 orders tried  current cost 13
    W_14: 30630s  69,703,129,800 steps   356428 feasible sets         0 orders tried  current cost 7
    W_14: 30645s  69,735,240,000 steps   356570 feasible sets         0 orders tried  current cost 4
    W_14: 30660s  69,767,111,200 steps   356700 feasible sets         0 orders tried  current cost 4
    W_14: 30675s  69,799,188,200 steps   356852 feasible sets         0 orders tried  current cost 7
    W_14: 30690s  69,831,018,800 steps   357032 feasible sets         0 orders tried  current cost 3
    W_14: 30705s  69,863,139,800 steps   357209 feasible sets         0 orders tried  current cost 2
    W_14: 30720s  69,894,637,000 steps   357362 feasible sets         0 orders tried  current cost 3
    W_14: 30735s  69,926,089,800 steps   357477 feasible sets         0 orders tried  current cost 4
    W_14: 30750s  69,958,018,800 steps   357654 feasible sets         0 orders tried  current cost 1
    W_14: 30765s  69,989,920,400 steps   357821 feasible sets         0 orders tried  current cost 19
    W_14: 30780s  70,021,493,800 steps   357980 feasible sets         0 orders tried  current cost 1
    W_14: 30795s  70,053,265,400 steps   358167 feasible sets         0 orders tried  current cost 7
    W_14: 30810s  70,084,372,000 steps   358310 feasible sets         0 orders tried  current cost 3
    W_14: 30825s  70,114,490,600 steps   358441 feasible sets         0 orders tried  current cost 4
    W_14: 30840s  70,146,533,200 steps   358586 feasible sets         0 orders tried  current cost 3
    W_14: 30855s  70,180,943,600 steps   358725 feasible sets         0 orders tried  current cost 9
    W_14: 30870s  70,213,157,200 steps   358897 feasible sets         0 orders tried  current cost 3
    W_14: 30885s  70,244,685,600 steps   359043 feasible sets         0 orders tried  current cost 8
    W_14: 30900s  70,275,662,400 steps   359168 feasible sets         0 orders tried  current cost 9
    W_14: 30915s  70,307,127,200 steps   359337 feasible sets         0 orders tried  current cost 7
    W_14: 30930s  70,338,735,400 steps   359510 feasible sets         0 orders tried  current cost 4
    W_14: 30945s  70,370,749,200 steps   359678 feasible sets         0 orders tried  current cost 2
    W_14: 30960s  70,402,905,200 steps   359848 feasible sets         0 orders tried  current cost 9
    W_14: 30975s  70,435,127,400 steps   359991 feasible sets         0 orders tried  current cost 7
    W_14: 30990s  70,468,899,800 steps   360137 feasible sets         0 orders tried  current cost 3
    W_14: 31005s  70,503,776,000 steps   360299 feasible sets         0 orders tried  current cost 3
    W_14: 31020s  70,538,362,600 steps   360486 feasible sets         0 orders tried  current cost 8
    W_14: 31035s  70,572,919,600 steps   360659 feasible sets         0 orders tried  current cost 3
    W_14: 31050s  70,607,366,400 steps   360833 feasible sets         0 orders tried  current cost 6
    W_14: 31065s  70,641,342,800 steps   360974 feasible sets         0 orders tried  current cost 8
    W_14: 31080s  70,675,584,200 steps   361132 feasible sets         0 orders tried  current cost 8
    W_14: 31095s  70,710,102,800 steps   361323 feasible sets         0 orders tried  current cost 8
    W_14: 31110s  70,744,739,600 steps   361515 feasible sets         0 orders tried  current cost 5
    W_14: 31125s  70,778,837,200 steps   361689 feasible sets         0 orders tried  current cost 3
    W_14: 31140s  70,812,904,800 steps   361864 feasible sets         0 orders tried  current cost 11
    W_14: 31155s  70,846,615,400 steps   362007 feasible sets         0 orders tried  current cost 3
    W_14: 31170s  70,881,626,600 steps   362183 feasible sets         0 orders tried  current cost 5
    W_14: 31185s  70,915,482,600 steps   362393 feasible sets         0 orders tried  current cost 12
    W_14: 31200s  70,947,724,000 steps   362588 feasible sets         0 orders tried  current cost 13
    W_14: 31215s  70,982,042,200 steps   362781 feasible sets         0 orders tried  current cost 9
    W_14: 31230s  71,016,378,000 steps   362934 feasible sets         0 orders tried  current cost 3
    W_14: 31245s  71,050,749,200 steps   363112 feasible sets         0 orders tried  current cost 6
    W_14: 31260s  71,084,738,600 steps   363302 feasible sets         0 orders tried  current cost 3
    W_14: 31275s  71,119,006,800 steps   363470 feasible sets         0 orders tried  current cost 7
    W_14: 31290s  71,152,908,800 steps   363653 feasible sets         0 orders tried  current cost 6
    W_14: 31305s  71,187,032,600 steps   363834 feasible sets         0 orders tried  current cost 6
    W_14: 31320s  71,220,485,000 steps   363996 feasible sets         0 orders tried  current cost 4
    W_14: 31335s  71,255,100,000 steps   364147 feasible sets         0 orders tried  current cost 1
    W_14: 31350s  71,289,578,000 steps   364333 feasible sets         0 orders tried  current cost 4
    W_14: 31365s  71,323,888,800 steps   364492 feasible sets         0 orders tried  current cost 6
    W_14: 31380s  71,358,430,400 steps   364635 feasible sets         0 orders tried  current cost 4
    W_14: 31395s  71,392,757,200 steps   364765 feasible sets         0 orders tried  current cost 4
    W_14: 31410s  71,426,722,200 steps   364950 feasible sets         0 orders tried  current cost 11
    W_14: 31425s  71,461,012,600 steps   365133 feasible sets         0 orders tried  current cost 2
    W_14: 31440s  71,495,027,600 steps   365289 feasible sets         0 orders tried  current cost 5
    W_14: 31455s  71,529,084,800 steps   365478 feasible sets         0 orders tried  current cost 10
    W_14: 31470s  71,563,401,200 steps   365643 feasible sets         0 orders tried  current cost 12
    W_14: 31485s  71,597,862,200 steps   365778 feasible sets         0 orders tried  current cost 11
    W_14: 31500s  71,632,537,400 steps   365959 feasible sets         0 orders tried  current cost 3
    W_14: 31515s  71,666,508,400 steps   366133 feasible sets         0 orders tried  current cost 6
    W_14: 31530s  71,700,560,200 steps   366347 feasible sets         0 orders tried  current cost 19
    W_14: 31545s  71,734,584,800 steps   366523 feasible sets         0 orders tried  current cost 8
    W_14: 31560s  71,768,666,800 steps   366726 feasible sets         0 orders tried  current cost 9
    W_14: 31575s  71,802,589,000 steps   366895 feasible sets         0 orders tried  current cost 4
    W_14: 31590s  71,835,244,000 steps   367023 feasible sets         0 orders tried  current cost 5
    W_14: 31605s  71,869,305,000 steps   367212 feasible sets         0 orders tried  current cost 8
    W_14: 31620s  71,903,383,000 steps   367414 feasible sets         0 orders tried  current cost 9
    W_14: 31635s  71,937,735,600 steps   367572 feasible sets         0 orders tried  current cost 4
    W_14: 31650s  71,969,962,800 steps   367746 feasible sets         0 orders tried  current cost 9
    W_14: 31665s  72,003,852,600 steps   367935 feasible sets         0 orders tried  current cost 4
    W_14: 31680s  72,038,354,000 steps   368157 feasible sets         0 orders tried  current cost 5
    W_14: 31695s  72,072,226,000 steps   368323 feasible sets         0 orders tried  current cost 7
    W_14: 31710s  72,106,694,200 steps   368484 feasible sets         0 orders tried  current cost 2
    W_14: 31725s  72,140,792,000 steps   368651 feasible sets         0 orders tried  current cost 4
    W_14: 31740s  72,174,713,600 steps   368860 feasible sets         0 orders tried  current cost 3
    W_14: 31755s  72,208,979,800 steps   369045 feasible sets         0 orders tried  current cost 2
    W_14: 31770s  72,243,620,800 steps   369208 feasible sets         0 orders tried  current cost 5
    W_14: 31785s  72,277,224,000 steps   369363 feasible sets         0 orders tried  current cost 14
    W_14: 31800s  72,311,830,200 steps   369574 feasible sets         0 orders tried  current cost 4
    W_14: 31815s  72,346,270,000 steps   369725 feasible sets         0 orders tried  current cost 2
    W_14: 31830s  72,380,867,400 steps   369914 feasible sets         0 orders tried  current cost 5
    W_14: 31845s  72,415,207,000 steps   370087 feasible sets         0 orders tried  current cost 6
    W_14: 31860s  72,449,466,600 steps   370257 feasible sets         0 orders tried  current cost 5
    W_14: 31875s  72,483,956,800 steps   370430 feasible sets         0 orders tried  current cost 4
    W_14: 31890s  72,518,367,000 steps   370592 feasible sets         0 orders tried  current cost 11
    W_14: 31905s  72,548,082,800 steps   370734 feasible sets         0 orders tried  current cost 7
    W_14: 31920s  72,580,901,200 steps   370917 feasible sets         0 orders tried  current cost 19
    W_14: 31935s  72,612,990,600 steps   371051 feasible sets         0 orders tried  current cost 5
    W_14: 31950s  72,645,966,400 steps   371230 feasible sets         0 orders tried  current cost 9
    W_14: 31965s  72,680,176,000 steps   371391 feasible sets         0 orders tried  current cost 2
    W_14: 31980s  72,714,612,000 steps   371557 feasible sets         0 orders tried  current cost 5
    W_14: 31995s  72,749,427,800 steps   371759 feasible sets         0 orders tried  current cost 7
    W_14: 32010s  72,783,630,600 steps   371952 feasible sets         0 orders tried  current cost 4
    W_14: 32025s  72,818,061,200 steps   372144 feasible sets         0 orders tried  current cost 11
    W_14: 32040s  72,852,363,400 steps   372340 feasible sets         0 orders tried  current cost 8
    W_14: 32055s  72,886,614,400 steps   372497 feasible sets         0 orders tried  current cost 3
    W_14: 32070s  72,921,125,800 steps   372666 feasible sets         0 orders tried  current cost 6
    W_14: 32085s  72,955,490,800 steps   372850 feasible sets         0 orders tried  current cost 3
    W_14: 32100s  72,990,026,600 steps   373065 feasible sets         0 orders tried  current cost 8
    W_14: 32115s  73,024,507,400 steps   373259 feasible sets         0 orders tried  current cost 11
    W_14: 32130s  73,059,044,200 steps   373447 feasible sets         0 orders tried  current cost 8
    W_14: 32145s  73,093,439,200 steps   373631 feasible sets         0 orders tried  current cost 2
    W_14: 32160s  73,128,383,000 steps   373786 feasible sets         0 orders tried  current cost 10
    W_14: 32175s  73,163,218,600 steps   373981 feasible sets         0 orders tried  current cost 1
    W_14: 32190s  73,198,135,800 steps   374173 feasible sets         0 orders tried  current cost 2
    W_14: 32205s  73,232,454,800 steps   374374 feasible sets         0 orders tried  current cost 3
    W_14: 32220s  73,266,747,600 steps   374535 feasible sets         0 orders tried  current cost 10
    W_14: 32235s  73,301,498,000 steps   374728 feasible sets         0 orders tried  current cost 4
    W_14: 32250s  73,336,060,800 steps   374924 feasible sets         0 orders tried  current cost 14
    W_14: 32265s  73,370,751,800 steps   375128 feasible sets         0 orders tried  current cost 3
    W_14: 32280s  73,405,384,600 steps   375318 feasible sets         0 orders tried  current cost 10
    W_14: 32295s  73,439,680,000 steps   375465 feasible sets         0 orders tried  current cost 3
    W_14: 32310s  73,474,236,200 steps   375638 feasible sets         0 orders tried  current cost 5
    W_14: 32325s  73,508,616,600 steps   375824 feasible sets         0 orders tried  current cost 3
    W_14: 32340s  73,542,887,200 steps   375993 feasible sets         0 orders tried  current cost 4
    W_14: 32355s  73,576,865,800 steps   376149 feasible sets         0 orders tried  current cost 9
    W_14: 32370s  73,611,256,000 steps   376305 feasible sets         0 orders tried  current cost 3
    W_14: 32385s  73,645,017,200 steps   376471 feasible sets         0 orders tried  current cost 3
    W_14: 32400s  73,678,894,400 steps   376611 feasible sets         0 orders tried  current cost 4
    W_14: 32415s  73,712,923,000 steps   376812 feasible sets         0 orders tried  current cost 16
    W_14: 32430s  73,746,986,000 steps   376941 feasible sets         0 orders tried  current cost 3
    W_14: 32445s  73,781,315,600 steps   377074 feasible sets         0 orders tried  current cost 2
    W_14: 32460s  73,814,252,000 steps   377278 feasible sets         0 orders tried  current cost 3
    W_14: 32475s  73,847,469,400 steps   377475 feasible sets         0 orders tried  current cost 3
    W_14: 32490s  73,880,262,200 steps   377706 feasible sets         0 orders tried  current cost 11
    W_14: 32505s  73,912,974,800 steps   377832 feasible sets         0 orders tried  current cost 4
    W_14: 32520s  73,945,015,800 steps   378013 feasible sets         0 orders tried  current cost 4
    W_14: 32535s  73,978,402,200 steps   378160 feasible sets         0 orders tried  current cost 12
    W_14: 32550s  74,010,263,200 steps   378372 feasible sets         0 orders tried  current cost 16
    W_14: 32565s  74,043,770,800 steps   378554 feasible sets         0 orders tried  current cost 3
    W_14: 32580s  74,078,088,800 steps   378736 feasible sets         0 orders tried  current cost 7
    W_14: 32595s  74,112,718,000 steps   378954 feasible sets         0 orders tried  current cost 3
    W_14: 32610s  74,146,878,800 steps   379101 feasible sets         0 orders tried  current cost 3
    W_14: 32625s  74,179,744,200 steps   379271 feasible sets         0 orders tried  current cost 9
    W_14: 32640s  74,213,292,200 steps   379428 feasible sets         0 orders tried  current cost 2
    W_14: 32655s  74,247,954,600 steps   379631 feasible sets         0 orders tried  current cost 3
    W_14: 32670s  74,282,043,000 steps   379798 feasible sets         0 orders tried  current cost 12
    W_14: 32685s  74,315,405,200 steps   379983 feasible sets         0 orders tried  current cost 10
    W_14: 32700s  74,346,462,200 steps   380136 feasible sets         0 orders tried  current cost 14
    W_14: 32715s  74,378,674,600 steps   380309 feasible sets         0 orders tried  current cost 4
    W_14: 32730s  74,412,569,600 steps   380457 feasible sets         0 orders tried  current cost 3
    W_14: 32745s  74,445,420,400 steps   380628 feasible sets         0 orders tried  current cost 13
    W_14: 32760s  74,477,117,000 steps   380826 feasible sets         0 orders tried  current cost 6
    W_14: 32775s  74,510,610,600 steps   381000 feasible sets         0 orders tried  current cost 3
    W_14: 32790s  74,544,250,800 steps   381170 feasible sets         0 orders tried  current cost 2
    W_14: 32805s  74,576,138,600 steps   381325 feasible sets         0 orders tried  current cost 3
    W_14: 32820s  74,609,903,000 steps   381466 feasible sets         0 orders tried  current cost 12
    W_14: 32835s  74,643,946,800 steps   381624 feasible sets         0 orders tried  current cost 8
    W_14: 32850s  74,677,772,200 steps   381809 feasible sets         0 orders tried  current cost 5
    W_14: 32865s  74,710,692,800 steps   381978 feasible sets         0 orders tried  current cost 3
    W_14: 32880s  74,744,558,600 steps   382145 feasible sets         0 orders tried  current cost 4
    W_14: 32895s  74,779,294,800 steps   382338 feasible sets         0 orders tried  current cost 2
    W_14: 32910s  74,812,751,000 steps   382540 feasible sets         0 orders tried  current cost 5
    W_14: 32925s  74,846,337,200 steps   382674 feasible sets         0 orders tried  current cost 4
    W_14: 32940s  74,877,941,000 steps   382819 feasible sets         0 orders tried  current cost 12
    W_14: 32955s  74,909,587,400 steps   382986 feasible sets         0 orders tried  current cost 5
    W_14: 32970s  74,942,211,400 steps   383140 feasible sets         0 orders tried  current cost 3
    W_14: 32985s  74,976,056,200 steps   383350 feasible sets         0 orders tried  current cost 3
    W_14: 33000s  75,008,210,600 steps   383507 feasible sets         0 orders tried  current cost 1
    W_14: 33015s  75,039,114,600 steps   383682 feasible sets         0 orders tried  current cost 2
    W_14: 33030s  75,070,789,000 steps   383850 feasible sets         0 orders tried  current cost 4
    W_14: 33045s  75,100,493,400 steps   383983 feasible sets         0 orders tried  current cost 1
    W_14: 33060s  75,132,482,200 steps   384151 feasible sets         0 orders tried  current cost 14
    W_14: 33075s  75,166,113,200 steps   384345 feasible sets         0 orders tried  current cost 3
    W_14: 33090s  75,200,114,400 steps   384520 feasible sets         0 orders tried  current cost 2
    W_14: 33105s  75,234,089,400 steps   384696 feasible sets         0 orders tried  current cost 6
    W_14: 33120s  75,268,348,000 steps   384901 feasible sets         0 orders tried  current cost 4
    W_14: 33135s  75,303,148,400 steps   385076 feasible sets         0 orders tried  current cost 6
    W_14: 33150s  75,337,686,800 steps   385228 feasible sets         0 orders tried  current cost 10
    W_14: 33165s  75,371,179,600 steps   385406 feasible sets         0 orders tried  current cost 2
    W_14: 33180s  75,406,078,600 steps   385576 feasible sets         0 orders tried  current cost 4
    W_14: 33195s  75,440,616,200 steps   385736 feasible sets         0 orders tried  current cost 3
    W_14: 33210s  75,473,133,400 steps   385867 feasible sets         0 orders tried  current cost 2
    W_14: 33225s  75,507,555,600 steps   386047 feasible sets         0 orders tried  current cost 2
    W_14: 33240s  75,541,772,600 steps   386226 feasible sets         0 orders tried  current cost 4
    W_14: 33255s  75,576,079,400 steps   386397 feasible sets         0 orders tried  current cost 4
    W_14: 33270s  75,610,369,400 steps   386556 feasible sets         0 orders tried  current cost 3
    W_14: 33285s  75,644,868,000 steps   386734 feasible sets         0 orders tried  current cost 5
    W_14: 33300s  75,679,282,400 steps   386923 feasible sets         0 orders tried  current cost 12
    W_14: 33315s  75,715,002,400 steps   387097 feasible sets         0 orders tried  current cost 9
    W_14: 33330s  75,750,068,600 steps   387277 feasible sets         0 orders tried  current cost 3
    W_14: 33345s  75,784,796,600 steps   387491 feasible sets         0 orders tried  current cost 4
    W_14: 33360s  75,819,379,200 steps   387655 feasible sets         0 orders tried  current cost 2
    W_14: 33375s  75,853,542,400 steps   387859 feasible sets         0 orders tried  current cost 10
    W_14: 33390s  75,888,277,600 steps   388044 feasible sets         0 orders tried  current cost 3
    W_14: 33405s  75,922,723,000 steps   388247 feasible sets         0 orders tried  current cost 9
    W_14: 33420s  75,957,256,600 steps   388419 feasible sets         0 orders tried  current cost 3
    W_14: 33435s  75,991,294,400 steps   388592 feasible sets         0 orders tried  current cost 3
    W_14: 33450s  76,025,843,400 steps   388790 feasible sets         0 orders tried  current cost 12
    W_14: 33465s  76,059,842,800 steps   388963 feasible sets         0 orders tried  current cost 11
    W_14: 33480s  76,094,322,200 steps   389100 feasible sets         0 orders tried  current cost 12
    W_14: 33495s  76,128,628,400 steps   389273 feasible sets         0 orders tried  current cost 3
    W_14: 33510s  76,163,019,400 steps   389457 feasible sets         0 orders tried  current cost 2
    W_14: 33525s  76,197,052,000 steps   389651 feasible sets         0 orders tried  current cost 3
    W_14: 33540s  76,231,352,200 steps   389855 feasible sets         0 orders tried  current cost 5
    W_14: 33555s  76,265,778,600 steps   390048 feasible sets         0 orders tried  current cost 3
    W_14: 33570s  76,299,920,600 steps   390177 feasible sets         0 orders tried  current cost 11
    W_14: 33585s  76,333,935,000 steps   390347 feasible sets         0 orders tried  current cost 3
    W_14: 33600s  76,367,260,800 steps   390518 feasible sets         0 orders tried  current cost 19
    W_14: 33615s  76,400,713,600 steps   390675 feasible sets         0 orders tried  current cost 2
    W_14: 33630s  76,434,707,600 steps   390844 feasible sets         0 orders tried  current cost 6
    W_14: 33645s  76,468,729,800 steps   391032 feasible sets         0 orders tried  current cost 2
    W_14: 33660s  76,501,344,200 steps   391235 feasible sets         0 orders tried  current cost 7
    W_14: 33675s  76,534,897,200 steps   391414 feasible sets         0 orders tried  current cost 3
    W_14: 33690s  76,568,230,200 steps   391582 feasible sets         0 orders tried  current cost 4
    W_14: 33705s  76,602,060,000 steps   391772 feasible sets         0 orders tried  current cost 2
    W_14: 33720s  76,634,383,600 steps   391983 feasible sets         0 orders tried  current cost 12
    W_14: 33735s  76,667,713,000 steps   392151 feasible sets         0 orders tried  current cost 4
    W_14: 33750s  76,701,405,200 steps   392326 feasible sets         0 orders tried  current cost 10
    W_14: 33765s  76,734,449,200 steps   392490 feasible sets         0 orders tried  current cost 3
    W_14: 33780s  76,768,079,000 steps   392636 feasible sets         0 orders tried  current cost 2
    W_14: 33795s  76,801,860,200 steps   392836 feasible sets         0 orders tried  current cost 15
    W_14: 33810s  76,836,055,800 steps   393035 feasible sets         0 orders tried  current cost 3
    W_14: 33825s  76,868,600,800 steps   393208 feasible sets         0 orders tried  current cost 19
    W_14: 33840s  76,901,526,400 steps   393369 feasible sets         0 orders tried  current cost 9
    W_14: 33855s  76,934,564,800 steps   393548 feasible sets         0 orders tried  current cost 10
    W_14: 33870s  76,967,464,600 steps   393698 feasible sets         0 orders tried  current cost 13
    W_14: 33885s  77,000,890,400 steps   393860 feasible sets         0 orders tried  current cost 4
    W_14: 33900s  77,032,465,000 steps   393989 feasible sets         0 orders tried  current cost 9
    W_14: 33915s  77,065,091,200 steps   394161 feasible sets         0 orders tried  current cost 6
    W_14: 33930s  77,097,184,200 steps   394333 feasible sets         0 orders tried  current cost 11
    W_14: 33945s  77,129,474,600 steps   394518 feasible sets         0 orders tried  current cost 3
    W_14: 33960s  77,162,571,200 steps   394657 feasible sets         0 orders tried  current cost 6
    W_14: 33975s  77,196,066,600 steps   394837 feasible sets         0 orders tried  current cost 6
    W_14: 33990s  77,229,911,200 steps   394968 feasible sets         0 orders tried  current cost 4
    W_14: 34005s  77,263,520,800 steps   395141 feasible sets         0 orders tried  current cost 13
    W_14: 34020s  77,296,998,400 steps   395322 feasible sets         0 orders tried  current cost 3
    W_14: 34035s  77,329,696,600 steps   395487 feasible sets         0 orders tried  current cost 2
    W_14: 34050s  77,362,898,000 steps   395645 feasible sets         0 orders tried  current cost 3
    W_14: 34065s  77,396,802,200 steps   395824 feasible sets         0 orders tried  current cost 8
    W_14: 34080s  77,430,422,200 steps   396020 feasible sets         0 orders tried  current cost 12
    W_14: 34095s  77,464,650,000 steps   396213 feasible sets         0 orders tried  current cost 4
    W_14: 34110s  77,497,976,200 steps   396398 feasible sets         0 orders tried  current cost 4
    W_14: 34125s  77,531,211,200 steps   396590 feasible sets         0 orders tried  current cost 2
    W_14: 34140s  77,564,356,000 steps   396797 feasible sets         0 orders tried  current cost 2
    W_14: 34155s  77,598,146,400 steps   396979 feasible sets         0 orders tried  current cost 10
    W_14: 34170s  77,631,265,800 steps   397156 feasible sets         0 orders tried  current cost 9
    W_14: 34185s  77,663,696,000 steps   397313 feasible sets         0 orders tried  current cost 4
    W_14: 34200s  77,697,199,400 steps   397451 feasible sets         0 orders tried  current cost 3
    W_14: 34215s  77,730,269,000 steps   397617 feasible sets         0 orders tried  current cost 3
    W_14: 34230s  77,763,395,400 steps   397793 feasible sets         0 orders tried  current cost 2
    W_14: 34245s  77,796,721,000 steps   397956 feasible sets         0 orders tried  current cost 17
    W_14: 34260s  77,829,104,400 steps   398116 feasible sets         0 orders tried  current cost 10
    W_14: 34275s  77,862,468,000 steps   398268 feasible sets         0 orders tried  current cost 3
    W_14: 34290s  77,895,260,200 steps   398440 feasible sets         0 orders tried  current cost 11
    W_14: 34305s  77,927,158,600 steps   398616 feasible sets         0 orders tried  current cost 4
    W_14: 34320s  77,959,181,600 steps   398743 feasible sets         0 orders tried  current cost 14
    W_14: 34335s  77,991,069,000 steps   398888 feasible sets         0 orders tried  current cost 2
    W_14: 34350s  78,022,417,400 steps   399011 feasible sets         0 orders tried  current cost 3
    W_14: 34365s  78,053,621,200 steps   399192 feasible sets         0 orders tried  current cost 15
    W_14: 34380s  78,084,867,000 steps   399353 feasible sets         0 orders tried  current cost 5
    W_14: 34395s  78,116,381,200 steps   399492 feasible sets         0 orders tried  current cost 14
    W_14: 34410s  78,148,135,200 steps   399639 feasible sets         0 orders tried  current cost 4
    W_14: 34425s  78,179,287,600 steps   399812 feasible sets         0 orders tried  current cost 6
    W_14: 34440s  78,210,759,800 steps   399972 feasible sets         0 orders tried  current cost 1
    W_14: 34455s  78,243,126,000 steps   400144 feasible sets         0 orders tried  current cost 8
    W_14: 34470s  78,275,008,200 steps   400301 feasible sets         0 orders tried  current cost 3
    W_14: 34485s  78,305,917,000 steps   400466 feasible sets         0 orders tried  current cost 4
    W_14: 34500s  78,337,245,400 steps   400656 feasible sets         0 orders tried  current cost 7
    W_14: 34515s  78,368,917,600 steps   400834 feasible sets         0 orders tried  current cost 2
    W_14: 34530s  78,400,403,400 steps   400995 feasible sets         0 orders tried  current cost 5
    W_14: 34545s  78,431,729,200 steps   401158 feasible sets         0 orders tried  current cost 2
    W_14: 34560s  78,463,826,600 steps   401311 feasible sets         0 orders tried  current cost 6
    W_14: 34575s  78,495,372,400 steps   401474 feasible sets         0 orders tried  current cost 3
    W_14: 34590s  78,527,386,600 steps   401617 feasible sets         0 orders tried  current cost 4
    W_14: 34605s  78,558,902,000 steps   401789 feasible sets         0 orders tried  current cost 16
    W_14: 34620s  78,589,568,000 steps   401948 feasible sets         0 orders tried  current cost 7
    W_14: 34635s  78,621,186,000 steps   402134 feasible sets         0 orders tried  current cost 5
    W_14: 34650s  78,653,076,000 steps   402301 feasible sets         0 orders tried  current cost 4
    W_14: 34665s  78,684,943,000 steps   402499 feasible sets         0 orders tried  current cost 14
    W_14: 34680s  78,717,006,200 steps   402624 feasible sets         0 orders tried  current cost 6
    W_14: 34695s  78,748,693,600 steps   402794 feasible sets         0 orders tried  current cost 2
    W_14: 34710s  78,780,245,200 steps   402944 feasible sets         0 orders tried  current cost 10
    W_14: 34725s  78,812,131,600 steps   403097 feasible sets         0 orders tried  current cost 4
    W_14: 34740s  78,843,999,000 steps   403253 feasible sets         0 orders tried  current cost 2
    W_14: 34755s  78,875,965,800 steps   403412 feasible sets         0 orders tried  current cost 9
    W_14: 34770s  78,907,343,400 steps   403576 feasible sets         0 orders tried  current cost 14
    W_14: 34785s  78,939,050,400 steps   403733 feasible sets         0 orders tried  current cost 3
    W_14: 34800s  78,970,647,000 steps   403863 feasible sets         0 orders tried  current cost 3
    W_14: 34815s  79,002,500,600 steps   404027 feasible sets         0 orders tried  current cost 11
    W_14: 34830s  79,034,180,200 steps   404207 feasible sets         0 orders tried  current cost 11
    W_14: 34845s  79,066,172,400 steps   404422 feasible sets         0 orders tried  current cost 3
    W_14: 34860s  79,098,160,600 steps   404604 feasible sets         0 orders tried  current cost 9
    W_14: 34875s  79,130,335,200 steps   404792 feasible sets         0 orders tried  current cost 2
    W_14: 34890s  79,161,483,000 steps   404936 feasible sets         0 orders tried  current cost 11
    W_14: 34905s  79,192,511,600 steps   405100 feasible sets         0 orders tried  current cost 4
    W_14: 34920s  79,224,176,800 steps   405245 feasible sets         0 orders tried  current cost 4
    W_14: 34935s  79,255,738,600 steps   405413 feasible sets         0 orders tried  current cost 3
    W_14: 34950s  79,287,767,400 steps   405577 feasible sets         0 orders tried  current cost 8
    W_14: 34965s  79,319,782,200 steps   405766 feasible sets         0 orders tried  current cost 8
    W_14: 34980s  79,351,611,800 steps   405947 feasible sets         0 orders tried  current cost 2
    W_14: 34995s  79,382,972,600 steps   406121 feasible sets         0 orders tried  current cost 2
    W_14: 35010s  79,414,755,200 steps   406287 feasible sets         0 orders tried  current cost 2
    W_14: 35025s  79,446,261,200 steps   406437 feasible sets         0 orders tried  current cost 19
    W_14: 35040s  79,478,438,200 steps   406587 feasible sets         0 orders tried  current cost 4
    W_14: 35055s  79,510,550,800 steps   406745 feasible sets         0 orders tried  current cost 4
    W_14: 35070s  79,542,011,600 steps   406903 feasible sets         0 orders tried  current cost 3
    W_14: 35085s  79,573,176,400 steps   407051 feasible sets         0 orders tried  current cost 2
    W_14: 35100s  79,604,657,000 steps   407202 feasible sets         0 orders tried  current cost 4
    W_14: 35115s  79,636,456,800 steps   407349 feasible sets         0 orders tried  current cost 5
    W_14: 35130s  79,668,285,600 steps   407516 feasible sets         0 orders tried  current cost 5
    W_14: 35145s  79,699,359,400 steps   407668 feasible sets         0 orders tried  current cost 3
    W_14: 35160s  79,731,208,000 steps   407827 feasible sets         0 orders tried  current cost 8
    W_14: 35175s  79,762,594,400 steps   407998 feasible sets         0 orders tried  current cost 4
    W_14: 35190s  79,794,465,400 steps   408141 feasible sets         0 orders tried  current cost 5
    W_14: 35205s  79,826,158,200 steps   408287 feasible sets         0 orders tried  current cost 3
    W_14: 35220s  79,858,107,000 steps   408448 feasible sets         0 orders tried  current cost 5
    W_14: 35235s  79,889,738,400 steps   408606 feasible sets         0 orders tried  current cost 3
    W_14: 35250s  79,921,292,400 steps   408795 feasible sets         0 orders tried  current cost 4
    W_14: 35265s  79,952,836,000 steps   408906 feasible sets         0 orders tried  current cost 3
    W_14: 35280s  79,984,749,600 steps   409096 feasible sets         0 orders tried  current cost 3
    W_14: 35295s  80,016,496,600 steps   409281 feasible sets         0 orders tried  current cost 4
    W_14: 35310s  80,048,774,800 steps   409478 feasible sets         0 orders tried  current cost 4
    W_14: 35325s  80,080,246,000 steps   409619 feasible sets         0 orders tried  current cost 6
    W_14: 35340s  80,111,948,400 steps   409791 feasible sets         0 orders tried  current cost 5
    W_14: 35355s  80,143,906,800 steps   409989 feasible sets         0 orders tried  current cost 5
    W_14: 35370s  80,175,764,000 steps   410128 feasible sets         0 orders tried  current cost 9
    W_14: 35385s  80,207,854,800 steps   410270 feasible sets         0 orders tried  current cost 4
    W_14: 35400s  80,239,821,800 steps   410460 feasible sets         0 orders tried  current cost 18
    W_14: 35415s  80,272,081,400 steps   410651 feasible sets         0 orders tried  current cost 10
    W_14: 35430s  80,304,403,000 steps   410840 feasible sets         0 orders tried  current cost 9
    W_14: 35445s  80,336,922,400 steps   411011 feasible sets         0 orders tried  current cost 11
    W_14: 35460s  80,367,669,200 steps   411150 feasible sets         0 orders tried  current cost 5
    W_14: 35475s  80,399,406,000 steps   411332 feasible sets         0 orders tried  current cost 7
    W_14: 35490s  80,430,982,400 steps   411496 feasible sets         0 orders tried  current cost 13
    W_14: 35505s  80,462,982,800 steps   411675 feasible sets         0 orders tried  current cost 7
    W_14: 35520s  80,495,221,600 steps   411874 feasible sets         0 orders tried  current cost 11
    W_14: 35535s  80,527,288,600 steps   412055 feasible sets         0 orders tried  current cost 7
    W_14: 35550s  80,559,585,000 steps   412210 feasible sets         0 orders tried  current cost 10
    W_14: 35565s  80,591,947,600 steps   412374 feasible sets         0 orders tried  current cost 6
    W_14: 35580s  80,624,207,600 steps   412516 feasible sets         0 orders tried  current cost 2
    W_14: 35595s  80,656,419,800 steps   412674 feasible sets         0 orders tried  current cost 3
    W_14: 35610s  80,688,570,600 steps   412803 feasible sets         0 orders tried  current cost 6
    W_14: 35625s  80,721,067,000 steps   412942 feasible sets         0 orders tried  current cost 6
    W_14: 35640s  80,753,136,800 steps   413130 feasible sets         0 orders tried  current cost 3
    W_14: 35655s  80,784,954,800 steps   413301 feasible sets         0 orders tried  current cost 3
    W_14: 35670s  80,816,942,200 steps   413437 feasible sets         0 orders tried  current cost 17
    W_14: 35685s  80,848,926,000 steps   413604 feasible sets         0 orders tried  current cost 8
    W_14: 35700s  80,881,107,600 steps   413772 feasible sets         0 orders tried  current cost 5
    W_14: 35715s  80,913,269,800 steps   413951 feasible sets         0 orders tried  current cost 5
    W_14: 35730s  80,945,836,200 steps   414100 feasible sets         0 orders tried  current cost 5
    W_14: 35745s  80,977,912,400 steps   414291 feasible sets         0 orders tried  current cost 4
    W_14: 35760s  81,010,011,200 steps   414463 feasible sets         0 orders tried  current cost 4
    W_14: 35775s  81,042,155,200 steps   414628 feasible sets         0 orders tried  current cost 1
    W_14: 35790s  81,074,355,000 steps   414809 feasible sets         0 orders tried  current cost 1
    W_14: 35805s  81,106,242,600 steps   414925 feasible sets         0 orders tried  current cost 11
    W_14: 35820s  81,138,199,800 steps   415094 feasible sets         0 orders tried  current cost 3
    W_14: 35835s  81,170,033,000 steps   415264 feasible sets         0 orders tried  current cost 3
    W_14: 35850s  81,202,155,600 steps   415439 feasible sets         0 orders tried  current cost 4
    W_14: 35865s  81,234,612,400 steps   415604 feasible sets         0 orders tried  current cost 4
    W_14: 35880s  81,267,423,400 steps   415773 feasible sets         0 orders tried  current cost 8
    W_14: 35895s  81,300,006,800 steps   415940 feasible sets         0 orders tried  current cost 5
    W_14: 35910s  81,332,704,000 steps   416106 feasible sets         0 orders tried  current cost 11
    W_14: 35925s  81,365,593,000 steps   416245 feasible sets         0 orders tried  current cost 2
    W_14: 35940s  81,398,285,200 steps   416393 feasible sets         0 orders tried  current cost 7
    W_14: 35955s  81,430,918,800 steps   416601 feasible sets         0 orders tried  current cost 3
    W_14: 35970s  81,463,435,000 steps   416761 feasible sets         0 orders tried  current cost 5
    W_14: 35985s  81,496,194,000 steps   416890 feasible sets         0 orders tried  current cost 4
    W_14: 36000s  81,528,508,400 steps   417045 feasible sets         0 orders tried  current cost 8
    W_14: 36015s  81,561,214,200 steps   417199 feasible sets         0 orders tried  current cost 2
    W_14: 36030s  81,593,776,400 steps   417371 feasible sets         0 orders tried  current cost 4
    W_14: 36045s  81,626,425,600 steps   417524 feasible sets         0 orders tried  current cost 12
    W_14: 36060s  81,658,853,200 steps   417709 feasible sets         0 orders tried  current cost 4
    W_14: 36075s  81,691,757,600 steps   417874 feasible sets         0 orders tried  current cost 2
    W_14: 36090s  81,724,559,800 steps   418059 feasible sets         0 orders tried  current cost 1
    W_14: 36105s  81,757,446,400 steps   418228 feasible sets         0 orders tried  current cost 9
    W_14: 36120s  81,790,171,000 steps   418405 feasible sets         0 orders tried  current cost 3
    W_14: 36135s  81,822,678,800 steps   418544 feasible sets         0 orders tried  current cost 3
    W_14: 36150s  81,855,272,000 steps   418718 feasible sets         0 orders tried  current cost 5
    W_14: 36165s  81,887,874,400 steps   418885 feasible sets         0 orders tried  current cost 2
    W_14: 36180s  81,920,652,600 steps   419029 feasible sets         0 orders tried  current cost 5
    W_14: 36195s  81,953,346,000 steps   419173 feasible sets         0 orders tried  current cost 6
    W_14: 36210s  81,986,123,800 steps   419372 feasible sets         0 orders tried  current cost 13
    W_14: 36225s  82,019,344,800 steps   419534 feasible sets         0 orders tried  current cost 7
    W_14: 36240s  82,052,299,200 steps   419728 feasible sets         0 orders tried  current cost 3
    W_14: 36255s  82,084,522,400 steps   419894 feasible sets         0 orders tried  current cost 14
    W_14: 36270s  82,117,258,000 steps   420045 feasible sets         0 orders tried  current cost 3
    W_14: 36285s  82,149,498,400 steps   420211 feasible sets         0 orders tried  current cost 4
    W_14: 36300s  82,182,181,000 steps   420378 feasible sets         0 orders tried  current cost 13
    W_14: 36315s  82,214,927,800 steps   420531 feasible sets         0 orders tried  current cost 7
    W_14: 36330s  82,247,396,200 steps   420712 feasible sets         0 orders tried  current cost 3
    W_14: 36345s  82,280,245,400 steps   420880 feasible sets         0 orders tried  current cost 9
    W_14: 36360s  82,312,646,200 steps   421021 feasible sets         0 orders tried  current cost 10
    W_14: 36375s  82,345,277,000 steps   421186 feasible sets         0 orders tried  current cost 2
    W_14: 36390s  82,377,551,800 steps   421334 feasible sets         0 orders tried  current cost 3
    W_14: 36405s  82,410,038,200 steps   421503 feasible sets         0 orders tried  current cost 3
    W_14: 36420s  82,442,884,400 steps   421681 feasible sets         0 orders tried  current cost 9
    W_14: 36435s  82,475,316,600 steps   421848 feasible sets         0 orders tried  current cost 4
    W_14: 36450s  82,507,499,600 steps   422015 feasible sets         0 orders tried  current cost 3
    W_14: 36465s  82,540,152,600 steps   422201 feasible sets         0 orders tried  current cost 5
    W_14: 36480s  82,572,561,400 steps   422388 feasible sets         0 orders tried  current cost 10
    W_14: 36495s  82,604,922,800 steps   422572 feasible sets         0 orders tried  current cost 14
    W_14: 36510s  82,637,141,400 steps   422718 feasible sets         0 orders tried  current cost 15
    W_14: 36525s  82,669,691,400 steps   422895 feasible sets         0 orders tried  current cost 2
    W_14: 36540s  82,702,319,800 steps   423031 feasible sets         0 orders tried  current cost 3
    W_14: 36555s  82,735,045,600 steps   423221 feasible sets         0 orders tried  current cost 5
    W_14: 36570s  82,767,629,400 steps   423383 feasible sets         0 orders tried  current cost 4
    W_14: 36585s  82,800,476,800 steps   423533 feasible sets         0 orders tried  current cost 3
    W_14: 36600s  82,833,077,800 steps   423691 feasible sets         0 orders tried  current cost 3
    W_14: 36615s  82,865,614,800 steps   423865 feasible sets         0 orders tried  current cost 3
    W_14: 36630s  82,898,091,800 steps   424014 feasible sets         0 orders tried  current cost 3
    W_14: 36645s  82,930,728,000 steps   424193 feasible sets         0 orders tried  current cost 7
    W_14: 36660s  82,963,362,600 steps   424345 feasible sets         0 orders tried  current cost 13
    W_14: 36675s  82,996,071,200 steps   424521 feasible sets         0 orders tried  current cost 2
    W_14: 36690s  83,028,904,200 steps   424680 feasible sets         0 orders tried  current cost 13
    W_14: 36705s  83,061,663,600 steps   424854 feasible sets         0 orders tried  current cost 10
    W_14: 36720s  83,094,481,800 steps   425064 feasible sets         0 orders tried  current cost 10
    W_14: 36735s  83,127,098,400 steps   425248 feasible sets         0 orders tried  current cost 2
    W_14: 36750s  83,159,981,800 steps   425403 feasible sets         0 orders tried  current cost 16
    W_14: 36765s  83,192,983,200 steps   425519 feasible sets         0 orders tried  current cost 13
    W_14: 36780s  83,225,694,600 steps   425720 feasible sets         0 orders tried  current cost 4
    W_14: 36795s  83,258,185,000 steps   425861 feasible sets         0 orders tried  current cost 7
    W_14: 36810s  83,290,926,600 steps   426023 feasible sets         0 orders tried  current cost 6
    W_14: 36825s  83,323,783,600 steps   426185 feasible sets         0 orders tried  current cost 15
    W_14: 36840s  83,356,457,000 steps   426336 feasible sets         0 orders tried  current cost 3
    W_14: 36855s  83,388,956,400 steps   426504 feasible sets         0 orders tried  current cost 4
    W_14: 36870s  83,421,557,000 steps   426698 feasible sets         0 orders tried  current cost 2
    W_14: 36885s  83,454,059,600 steps   426851 feasible sets         0 orders tried  current cost 4
    W_14: 36900s  83,486,939,800 steps   427038 feasible sets         0 orders tried  current cost 2
    W_14: 36915s  83,519,475,000 steps   427205 feasible sets         0 orders tried  current cost 4
    W_14: 36930s  83,551,928,200 steps   427377 feasible sets         0 orders tried  current cost 5
    W_14: 36945s  83,584,615,600 steps   427542 feasible sets         0 orders tried  current cost 3
    W_14: 36960s  83,617,397,800 steps   427740 feasible sets         0 orders tried  current cost 3
    W_14: 36975s  83,649,899,200 steps   427868 feasible sets         0 orders tried  current cost 4
    W_14: 36990s  83,682,558,400 steps   428036 feasible sets         0 orders tried  current cost 2
    W_14: 37005s  83,715,360,600 steps   428232 feasible sets         0 orders tried  current cost 12
    W_14: 37020s  83,747,690,800 steps   428421 feasible sets         0 orders tried  current cost 3
    W_14: 37035s  83,780,325,200 steps   428572 feasible sets         0 orders tried  current cost 10
    W_14: 37050s  83,812,408,600 steps   428709 feasible sets         0 orders tried  current cost 7
    W_14: 37065s  83,844,252,400 steps   428899 feasible sets         0 orders tried  current cost 4
    W_14: 37080s  83,876,286,600 steps   429058 feasible sets         0 orders tried  current cost 7
    W_14: 37095s  83,908,021,000 steps   429210 feasible sets         0 orders tried  current cost 13
    W_14: 37110s  83,939,947,600 steps   429379 feasible sets         0 orders tried  current cost 5
    W_14: 37125s  83,972,274,000 steps   429557 feasible sets         0 orders tried  current cost 3
    W_14: 37140s  84,004,377,600 steps   429719 feasible sets         0 orders tried  current cost 3
    W_14: 37155s  84,036,203,600 steps   429890 feasible sets         0 orders tried  current cost 4
    W_14: 37170s  84,068,282,200 steps   430046 feasible sets         0 orders tried  current cost 10
    W_14: 37185s  84,100,404,000 steps   430211 feasible sets         0 orders tried  current cost 7
    W_14: 37200s  84,132,406,600 steps   430369 feasible sets         0 orders tried  current cost 7
    W_14: 37215s  84,164,345,600 steps   430511 feasible sets         0 orders tried  current cost 9
    W_14: 37230s  84,196,274,000 steps   430654 feasible sets         0 orders tried  current cost 2
    W_14: 37245s  84,228,081,600 steps   430804 feasible sets         0 orders tried  current cost 10
    W_14: 37260s  84,259,789,400 steps   430942 feasible sets         0 orders tried  current cost 5
    W_14: 37275s  84,291,605,000 steps   431096 feasible sets         0 orders tried  current cost 11
    W_14: 37290s  84,323,304,800 steps   431297 feasible sets         0 orders tried  current cost 5
    W_14: 37305s  84,355,281,400 steps   431421 feasible sets         0 orders tried  current cost 12
    W_14: 37320s  84,387,198,400 steps   431576 feasible sets         0 orders tried  current cost 1
    W_14: 37335s  84,419,109,800 steps   431763 feasible sets         0 orders tried  current cost 5
    W_14: 37350s  84,449,553,600 steps   431932 feasible sets         0 orders tried  current cost 2
    W_14: 37365s  84,481,369,600 steps   432089 feasible sets         0 orders tried  current cost 4
    W_14: 37380s  84,493,436,600 steps   432138 feasible sets         0 orders tried  current cost 2
    W_14: 37395s  84,502,333,400 steps   432159 feasible sets         0 orders tried  current cost 2
    W_14: 37410s  84,534,270,000 steps   432290 feasible sets         0 orders tried  current cost 2
    W_14: 37425s  84,566,877,200 steps   432456 feasible sets         0 orders tried  current cost 2
    W_14: 37440s  84,599,506,000 steps   432640 feasible sets         0 orders tried  current cost 7
    W_14: 37455s  84,632,251,400 steps   432800 feasible sets         0 orders tried  current cost 4
    W_14: 37470s  84,665,164,200 steps   432943 feasible sets         0 orders tried  current cost 11
    W_14: 37485s  84,698,067,000 steps   433148 feasible sets         0 orders tried  current cost 9
    W_14: 37500s  84,730,756,400 steps   433390 feasible sets         0 orders tried  current cost 4
    W_14: 37515s  84,763,596,200 steps   433547 feasible sets         0 orders tried  current cost 2
    W_14: 37530s  84,796,486,400 steps   433710 feasible sets         0 orders tried  current cost 8
    W_14: 37545s  84,829,320,000 steps   433878 feasible sets         0 orders tried  current cost 2
    W_14: 37560s  84,862,431,400 steps   434051 feasible sets         0 orders tried  current cost 4
    W_14: 37575s  84,895,077,200 steps   434231 feasible sets         0 orders tried  current cost 3
    W_14: 37590s  84,927,857,800 steps   434383 feasible sets         0 orders tried  current cost 3
    W_14: 37605s  84,960,622,800 steps   434590 feasible sets         0 orders tried  current cost 13
    W_14: 37620s  84,993,120,000 steps   434735 feasible sets         0 orders tried  current cost 3
    W_14: 37635s  85,025,833,200 steps   434893 feasible sets         0 orders tried  current cost 3
    W_14: 37650s  85,058,747,200 steps   435021 feasible sets         0 orders tried  current cost 6
    W_14: 37665s  85,091,271,000 steps   435191 feasible sets         0 orders tried  current cost 3
    W_14: 37680s  85,123,866,600 steps   435387 feasible sets         0 orders tried  current cost 3
    W_14: 37695s  85,156,519,800 steps   435527 feasible sets         0 orders tried  current cost 2
    W_14: 37710s  85,189,252,000 steps   435732 feasible sets         0 orders tried  current cost 4
    W_14: 37725s  85,221,889,600 steps   435912 feasible sets         0 orders tried  current cost 3
    W_14: 37740s  85,254,597,800 steps   436056 feasible sets         0 orders tried  current cost 3
    W_14: 37755s  85,287,846,400 steps   436161 feasible sets         0 orders tried  current cost 8
    W_14: 37770s  85,320,894,600 steps   436341 feasible sets         0 orders tried  current cost 3
    W_14: 37785s  85,353,859,600 steps   436537 feasible sets         0 orders tried  current cost 2
    W_14: 37800s  85,386,783,000 steps   436718 feasible sets         0 orders tried  current cost 9
    W_14: 37815s  85,419,622,600 steps   436856 feasible sets         0 orders tried  current cost 13
    W_14: 37830s  85,452,458,600 steps   437008 feasible sets         0 orders tried  current cost 3
    W_14: 37845s  85,485,428,200 steps   437137 feasible sets         0 orders tried  current cost 6
    W_14: 37860s  85,518,467,400 steps   437330 feasible sets         0 orders tried  current cost 8
    W_14: 37875s  85,551,144,200 steps   437511 feasible sets         0 orders tried  current cost 11
    W_14: 37890s  85,583,969,200 steps   437666 feasible sets         0 orders tried  current cost 3
    W_14: 37905s  85,616,708,800 steps   437818 feasible sets         0 orders tried  current cost 4
    W_14: 37920s  85,649,648,600 steps   437985 feasible sets         0 orders tried  current cost 8
    W_14: 37935s  85,682,323,800 steps   438116 feasible sets         0 orders tried  current cost 9
    W_14: 37950s  85,715,387,800 steps   438286 feasible sets         0 orders tried  current cost 4
    W_14: 37965s  85,746,547,600 steps   438482 feasible sets         0 orders tried  current cost 5
    W_14: 37980s  85,775,880,000 steps   438643 feasible sets         0 orders tried  current cost 4
    W_14: 37995s  85,805,508,200 steps   438805 feasible sets         0 orders tried  current cost 5
    W_14: 38010s  85,835,856,000 steps   438959 feasible sets         0 orders tried  current cost 4
    W_14: 38025s  85,868,659,000 steps   439125 feasible sets         0 orders tried  current cost 2
    W_14: 38040s  85,902,838,000 steps   439274 feasible sets         0 orders tried  current cost 1
    W_14: 38055s  85,937,478,200 steps   439489 feasible sets         0 orders tried  current cost 3
    W_14: 38070s  85,971,842,000 steps   439694 feasible sets         0 orders tried  current cost 11
    W_14: 38085s  86,006,690,800 steps   439856 feasible sets         0 orders tried  current cost 2
    W_14: 38100s  86,041,460,800 steps   440031 feasible sets         0 orders tried  current cost 10
    W_14: 38115s  86,076,613,600 steps   440183 feasible sets         0 orders tried  current cost 2
    W_14: 38130s  86,111,269,600 steps   440363 feasible sets         0 orders tried  current cost 5
    W_14: 38145s  86,146,280,800 steps   440523 feasible sets         0 orders tried  current cost 15
    W_14: 38160s  86,181,079,200 steps   440689 feasible sets         0 orders tried  current cost 4
    W_14: 38175s  86,215,781,800 steps   440872 feasible sets         0 orders tried  current cost 11
    W_14: 38190s  86,250,319,400 steps   441039 feasible sets         0 orders tried  current cost 3
    W_14: 38205s  86,285,100,600 steps   441175 feasible sets         0 orders tried  current cost 11
    W_14: 38220s  86,319,507,200 steps   441344 feasible sets         0 orders tried  current cost 5
    W_14: 38235s  86,353,936,200 steps   441524 feasible sets         0 orders tried  current cost 3
    W_14: 38250s  86,388,544,000 steps   441708 feasible sets         0 orders tried  current cost 8
    W_14: 38265s  86,423,410,800 steps   441890 feasible sets         0 orders tried  current cost 4
    W_14: 38280s  86,457,952,800 steps   442040 feasible sets         0 orders tried  current cost 4
    W_14: 38295s  86,492,780,800 steps   442225 feasible sets         0 orders tried  current cost 15
    W_14: 38310s  86,527,385,000 steps   442389 feasible sets         0 orders tried  current cost 7
    W_14: 38325s  86,561,545,800 steps   442561 feasible sets         0 orders tried  current cost 6
    W_14: 38340s  86,596,371,600 steps   442732 feasible sets         0 orders tried  current cost 4
    W_14: 38355s  86,630,977,600 steps   442917 feasible sets         0 orders tried  current cost 3
    W_14: 38370s  86,665,588,200 steps   443063 feasible sets         0 orders tried  current cost 11
    W_14: 38385s  86,700,310,200 steps   443247 feasible sets         0 orders tried  current cost 5
    W_14: 38400s  86,735,225,400 steps   443417 feasible sets         0 orders tried  current cost 7
    W_14: 38415s  86,770,249,800 steps   443630 feasible sets         0 orders tried  current cost 3
    W_14: 38430s  86,804,765,800 steps   443836 feasible sets         0 orders tried  current cost 9
    W_14: 38445s  86,839,657,800 steps   444007 feasible sets         0 orders tried  current cost 4
    W_14: 38460s  86,874,907,000 steps   444203 feasible sets         0 orders tried  current cost 8
    W_14: 38475s  86,909,697,000 steps   444360 feasible sets         0 orders tried  current cost 1
    W_14: 38490s  86,944,507,800 steps   444547 feasible sets         0 orders tried  current cost 6
    W_14: 38505s  86,979,166,800 steps   444746 feasible sets         0 orders tried  current cost 8
    W_14: 38520s  87,013,403,600 steps   444922 feasible sets         0 orders tried  current cost 11
    W_14: 38535s  87,047,685,400 steps   445069 feasible sets         0 orders tried  current cost 12
    W_14: 38550s  87,082,323,000 steps   445268 feasible sets         0 orders tried  current cost 8
    W_14: 38565s  87,117,314,000 steps   445445 feasible sets         0 orders tried  current cost 5
    W_14: 38580s  87,152,179,600 steps   445621 feasible sets         0 orders tried  current cost 3
    W_14: 38595s  87,187,306,600 steps   445818 feasible sets         0 orders tried  current cost 11
    W_14: 38610s  87,221,839,400 steps   446008 feasible sets         0 orders tried  current cost 3
    W_14: 38625s  87,257,112,600 steps   446208 feasible sets         0 orders tried  current cost 5
    W_14: 38640s  87,291,862,200 steps   446380 feasible sets         0 orders tried  current cost 10
    W_14: 38655s  87,326,522,400 steps   446571 feasible sets         0 orders tried  current cost 12
    W_14: 38670s  87,361,206,000 steps   446764 feasible sets         0 orders tried  current cost 9
    W_14: 38685s  87,395,675,600 steps   446927 feasible sets         0 orders tried  current cost 2
    W_14: 38700s  87,430,459,000 steps   447093 feasible sets         0 orders tried  current cost 3
    W_14: 38715s  87,465,639,200 steps   447272 feasible sets         0 orders tried  current cost 3
    W_14: 38730s  87,500,530,400 steps   447444 feasible sets         0 orders tried  current cost 3
    W_14: 38745s  87,535,475,600 steps   447603 feasible sets         0 orders tried  current cost 3
    W_14: 38760s  87,570,387,600 steps   447761 feasible sets         0 orders tried  current cost 7
    W_14: 38775s  87,605,021,800 steps   447960 feasible sets         0 orders tried  current cost 15
    W_14: 38790s  87,640,158,400 steps   448164 feasible sets         0 orders tried  current cost 1
    W_14: 38805s  87,674,983,400 steps   448330 feasible sets         0 orders tried  current cost 10
    W_14: 38820s  87,709,679,000 steps   448537 feasible sets         0 orders tried  current cost 4
    W_14: 38835s  87,744,691,600 steps   448716 feasible sets         0 orders tried  current cost 3
    W_14: 38850s  87,779,498,400 steps   448897 feasible sets         0 orders tried  current cost 2
    W_14: 38865s  87,814,472,000 steps   449099 feasible sets         0 orders tried  current cost 5
    W_14: 38880s  87,849,395,400 steps   449269 feasible sets         0 orders tried  current cost 3
    W_14: 38895s  87,884,213,000 steps   449426 feasible sets         0 orders tried  current cost 3
    W_14: 38910s  87,917,150,800 steps   449661 feasible sets         0 orders tried  current cost 5
    W_14: 38925s  87,951,738,600 steps   449854 feasible sets         0 orders tried  current cost 1
    W_14: 38940s  87,986,215,200 steps   450049 feasible sets         0 orders tried  current cost 1
    W_14: 38955s  88,020,631,400 steps   450221 feasible sets         0 orders tried  current cost 3
    W_14: 38970s  88,055,374,600 steps   450427 feasible sets         0 orders tried  current cost 3
    W_14: 38985s  88,089,909,800 steps   450591 feasible sets         0 orders tried  current cost 4
    W_14: 39000s  88,124,560,400 steps   450759 feasible sets         0 orders tried  current cost 16
    W_14: 39015s  88,159,139,200 steps   450911 feasible sets         0 orders tried  current cost 3
    W_14: 39030s  88,193,667,000 steps   451105 feasible sets         0 orders tried  current cost 7
    W_14: 39045s  88,228,105,000 steps   451254 feasible sets         0 orders tried  current cost 12
    W_14: 39060s  88,263,243,800 steps   451433 feasible sets         0 orders tried  current cost 8
    W_14: 39075s  88,297,718,600 steps   451576 feasible sets         0 orders tried  current cost 3
    W_14: 39090s  88,332,388,200 steps   451785 feasible sets         0 orders tried  current cost 4
    W_14: 39105s  88,367,227,200 steps   451984 feasible sets         0 orders tried  current cost 4
    W_14: 39120s  88,401,789,400 steps   452167 feasible sets         0 orders tried  current cost 5
    W_14: 39135s  88,436,289,800 steps   452332 feasible sets         0 orders tried  current cost 3
    W_14: 39150s  88,470,856,000 steps   452519 feasible sets         0 orders tried  current cost 2
    W_14: 39165s  88,505,799,800 steps   452646 feasible sets         0 orders tried  current cost 3
    W_14: 39180s  88,540,710,000 steps   452820 feasible sets         0 orders tried  current cost 5
    W_14: 39195s  88,575,126,200 steps   452998 feasible sets         0 orders tried  current cost 7
    W_14: 39210s  88,609,545,800 steps   453200 feasible sets         0 orders tried  current cost 8
    W_14: 39225s  88,644,168,800 steps   453411 feasible sets         0 orders tried  current cost 6
    W_14: 39240s  88,678,802,200 steps   453587 feasible sets         0 orders tried  current cost 11
    W_14: 39255s  88,713,736,000 steps   453726 feasible sets         0 orders tried  current cost 3
    W_14: 39270s  88,748,322,600 steps   453910 feasible sets         0 orders tried  current cost 15
    W_14: 39285s  88,783,144,400 steps   454121 feasible sets         0 orders tried  current cost 13
    W_14: 39300s  88,817,902,000 steps   454290 feasible sets         0 orders tried  current cost 14
    W_14: 39315s  88,852,625,600 steps   454460 feasible sets         0 orders tried  current cost 7
    W_14: 39330s  88,887,181,800 steps   454630 feasible sets         0 orders tried  current cost 12
    W_14: 39345s  88,921,768,200 steps   454802 feasible sets         0 orders tried  current cost 4
    W_14: 39360s  88,956,449,000 steps   455016 feasible sets         0 orders tried  current cost 9
    W_14: 39375s  88,990,749,000 steps   455219 feasible sets         0 orders tried  current cost 5
    W_14: 39390s  89,025,677,200 steps   455404 feasible sets         0 orders tried  current cost 3
    W_14: 39405s  89,060,792,400 steps   455596 feasible sets         0 orders tried  current cost 4
    W_14: 39420s  89,095,433,000 steps   455766 feasible sets         0 orders tried  current cost 4
    W_14: 39435s  89,129,947,200 steps   455948 feasible sets         0 orders tried  current cost 6
    W_14: 39450s  89,163,605,200 steps   456121 feasible sets         0 orders tried  current cost 7
    W_14: 39465s  89,198,182,200 steps   456255 feasible sets         0 orders tried  current cost 17
    W_14: 39480s  89,232,829,800 steps   456459 feasible sets         0 orders tried  current cost 3
    W_14: 39495s  89,267,263,800 steps   456642 feasible sets         0 orders tried  current cost 9
    W_14: 39510s  89,301,902,800 steps   456808 feasible sets         0 orders tried  current cost 13
    W_14: 39525s  89,336,432,800 steps   456963 feasible sets         0 orders tried  current cost 3
    W_14: 39540s  89,371,005,800 steps   457124 feasible sets         0 orders tried  current cost 10
    W_14: 39555s  89,406,011,800 steps   457286 feasible sets         0 orders tried  current cost 3
    W_14: 39570s  89,440,651,000 steps   457460 feasible sets         0 orders tried  current cost 3
    W_14: 39585s  89,475,106,400 steps   457681 feasible sets         0 orders tried  current cost 6
    W_14: 39600s  89,509,842,000 steps   457873 feasible sets         0 orders tried  current cost 14
    W_14: 39615s  89,544,686,200 steps   458102 feasible sets         0 orders tried  current cost 5
    W_14: 39630s  89,579,287,800 steps   458295 feasible sets         0 orders tried  current cost 5
    W_14: 39645s  89,614,083,800 steps   458466 feasible sets         0 orders tried  current cost 12
    W_14: 39660s  89,648,719,600 steps   458648 feasible sets         0 orders tried  current cost 3
    W_14: 39675s  89,682,873,400 steps   458821 feasible sets         0 orders tried  current cost 3
    W_14: 39690s  89,717,465,000 steps   458986 feasible sets         0 orders tried  current cost 8
    W_14: 39705s  89,752,150,600 steps   459162 feasible sets         0 orders tried  current cost 3
    W_14: 39720s  89,787,273,400 steps   459328 feasible sets         0 orders tried  current cost 2
    W_14: 39735s  89,821,935,400 steps   459494 feasible sets         0 orders tried  current cost 4
    W_14: 39750s  89,856,698,000 steps   459643 feasible sets         0 orders tried  current cost 3
    W_14: 39765s  89,891,086,200 steps   459767 feasible sets         0 orders tried  current cost 9
    W_14: 39780s  89,925,990,800 steps   459906 feasible sets         0 orders tried  current cost 2
    W_14: 39795s  89,960,245,200 steps   460090 feasible sets         0 orders tried  current cost 9
    W_14: 39810s  89,994,546,000 steps   460261 feasible sets         0 orders tried  current cost 9
    W_14: 39825s  90,028,831,600 steps   460440 feasible sets         0 orders tried  current cost 2
    W_14: 39840s  90,063,634,800 steps   460592 feasible sets         0 orders tried  current cost 4
    W_14: 39855s  90,098,290,200 steps   460762 feasible sets         0 orders tried  current cost 2
    W_14: 39870s  90,132,742,200 steps   460942 feasible sets         0 orders tried  current cost 11
    W_14: 39885s  90,167,284,800 steps   461125 feasible sets         0 orders tried  current cost 6
    W_14: 39900s  90,202,299,800 steps   461320 feasible sets         0 orders tried  current cost 3
    W_14: 39915s  90,236,646,200 steps   461478 feasible sets         0 orders tried  current cost 8
    W_14: 39930s  90,271,307,800 steps   461603 feasible sets         0 orders tried  current cost 7
    W_14: 39945s  90,306,220,000 steps   461765 feasible sets         0 orders tried  current cost 3
    W_14: 39960s  90,340,893,800 steps   461916 feasible sets         0 orders tried  current cost 4
    W_14: 39975s  90,375,651,800 steps   462125 feasible sets         0 orders tried  current cost 5
    W_14: 39990s  90,410,255,400 steps   462314 feasible sets         0 orders tried  current cost 3
    W_14: 40005s  90,445,119,600 steps   462466 feasible sets         0 orders tried  current cost 3
    W_14: 40020s  90,479,998,400 steps   462638 feasible sets         0 orders tried  current cost 3
    W_14: 40035s  90,514,617,800 steps   462834 feasible sets         0 orders tried  current cost 1
    W_14: 40050s  90,549,720,400 steps   462965 feasible sets         0 orders tried  current cost 12
    W_14: 40065s  90,584,862,600 steps   463151 feasible sets         0 orders tried  current cost 9
    W_14: 40080s  90,619,557,000 steps   463325 feasible sets         0 orders tried  current cost 4
    W_14: 40095s  90,654,256,400 steps   463493 feasible sets         0 orders tried  current cost 1
    W_14: 40110s  90,688,878,200 steps   463684 feasible sets         0 orders tried  current cost 3
    W_14: 40125s  90,723,547,600 steps   463867 feasible sets         0 orders tried  current cost 5
    W_14: 40140s  90,758,128,400 steps   464006 feasible sets         0 orders tried  current cost 7
    W_14: 40155s  90,792,775,000 steps   464155 feasible sets         0 orders tried  current cost 2
    W_14: 40170s  90,827,718,400 steps   464326 feasible sets         0 orders tried  current cost 1
    W_14: 40185s  90,862,004,000 steps   464528 feasible sets         0 orders tried  current cost 7
    W_14: 40200s  90,896,801,800 steps   464653 feasible sets         0 orders tried  current cost 11
    W_14: 40215s  90,931,645,200 steps   464843 feasible sets         0 orders tried  current cost 8
    W_14: 40230s  90,966,768,000 steps   465013 feasible sets         0 orders tried  current cost 7
    W_14: 40245s  91,001,388,000 steps   465192 feasible sets         0 orders tried  current cost 4
    W_14: 40260s  91,036,014,200 steps   465293 feasible sets         0 orders tried  current cost 4
    W_14: 40275s  91,070,614,800 steps   465464 feasible sets         0 orders tried  current cost 2
    W_14: 40290s  91,105,680,000 steps   465622 feasible sets         0 orders tried  current cost 2
    W_14: 40305s  91,140,128,200 steps   465757 feasible sets         0 orders tried  current cost 9
    W_14: 40320s  91,174,640,000 steps   465950 feasible sets         0 orders tried  current cost 1
    W_14: 40335s  91,209,529,400 steps   466172 feasible sets         0 orders tried  current cost 6
    W_14: 40350s  91,243,988,800 steps   466365 feasible sets         0 orders tried  current cost 5
    W_14: 40365s  91,279,072,800 steps   466576 feasible sets         0 orders tried  current cost 4
    W_14: 40380s  91,313,665,200 steps   466755 feasible sets         0 orders tried  current cost 10
    W_14: 40395s  91,348,661,000 steps   466923 feasible sets         0 orders tried  current cost 10
    W_14: 40410s  91,383,387,800 steps   467124 feasible sets         0 orders tried  current cost 9
    W_14: 40425s  91,417,884,400 steps   467307 feasible sets         0 orders tried  current cost 13
    W_14: 40440s  91,452,653,800 steps   467476 feasible sets         0 orders tried  current cost 2
    W_14: 40455s  91,487,374,000 steps   467651 feasible sets         0 orders tried  current cost 4
    W_14: 40470s  91,521,355,200 steps   467793 feasible sets         0 orders tried  current cost 4
    W_14: 40485s  91,555,598,800 steps   468008 feasible sets         0 orders tried  current cost 3
    W_14: 40500s  91,589,778,400 steps   468232 feasible sets         0 orders tried  current cost 3
    W_14: 40515s  91,624,069,200 steps   468409 feasible sets         0 orders tried  current cost 8
    W_14: 40530s  91,658,405,000 steps   468572 feasible sets         0 orders tried  current cost 14
    W_14: 40545s  91,692,923,000 steps   468736 feasible sets         0 orders tried  current cost 9
    W_14: 40560s  91,727,799,800 steps   468923 feasible sets         0 orders tried  current cost 1
    W_14: 40575s  91,762,441,000 steps   469117 feasible sets         0 orders tried  current cost 8
    W_14: 40590s  91,796,816,200 steps   469313 feasible sets         0 orders tried  current cost 3
    W_14: 40605s  91,831,008,200 steps   469503 feasible sets         0 orders tried  current cost 8
    W_14: 40620s  91,865,495,600 steps   469701 feasible sets         0 orders tried  current cost 3
    W_14: 40635s  91,899,873,200 steps   469881 feasible sets         0 orders tried  current cost 1
    W_14: 40650s  91,934,187,400 steps   470062 feasible sets         0 orders tried  current cost 6
    W_14: 40665s  91,968,661,800 steps   470266 feasible sets         0 orders tried  current cost 9
    W_14: 40680s  92,003,333,000 steps   470437 feasible sets         0 orders tried  current cost 3
    W_14: 40695s  92,038,198,200 steps   470644 feasible sets         0 orders tried  current cost 4
    W_14: 40710s  92,072,887,000 steps   470819 feasible sets         0 orders tried  current cost 8
    W_14: 40725s  92,108,043,800 steps   471007 feasible sets         0 orders tried  current cost 9
    W_14: 40740s  92,142,705,000 steps   471197 feasible sets         0 orders tried  current cost 8
    W_14: 40755s  92,177,203,600 steps   471407 feasible sets         0 orders tried  current cost 10
    W_14: 40770s  92,211,624,400 steps   471603 feasible sets         0 orders tried  current cost 8
    W_14: 40785s  92,246,189,000 steps   471778 feasible sets         0 orders tried  current cost 6
    W_14: 40800s  92,280,869,200 steps   471969 feasible sets         0 orders tried  current cost 3
    W_14: 40815s  92,315,917,000 steps   472167 feasible sets         0 orders tried  current cost 4
    W_14: 40830s  92,350,843,200 steps   472341 feasible sets         0 orders tried  current cost 8
    W_14: 40845s  92,385,024,400 steps   472505 feasible sets         0 orders tried  current cost 11
    W_14: 40860s  92,420,001,000 steps   472698 feasible sets         0 orders tried  current cost 14
    W_14: 40875s  92,454,815,400 steps   472894 feasible sets         0 orders tried  current cost 2
    W_14: 40890s  92,489,651,800 steps   473061 feasible sets         0 orders tried  current cost 2
    W_14: 40905s  92,524,127,800 steps   473250 feasible sets         0 orders tried  current cost 7
    W_14: 40920s  92,558,870,000 steps   473447 feasible sets         0 orders tried  current cost 4
    W_14: 40935s  92,593,571,800 steps   473645 feasible sets         0 orders tried  current cost 6
    W_14: 40950s  92,628,069,200 steps   473794 feasible sets         0 orders tried  current cost 3
    W_14: 40965s  92,662,767,600 steps   473970 feasible sets         0 orders tried  current cost 9
    W_14: 40980s  92,697,503,000 steps   474106 feasible sets         0 orders tried  current cost 11
    W_14: 40995s  92,732,230,000 steps   474298 feasible sets         0 orders tried  current cost 2
    W_14: 41010s  92,767,052,600 steps   474463 feasible sets         0 orders tried  current cost 3
    W_14: 41025s  92,801,450,800 steps   474633 feasible sets         0 orders tried  current cost 4
    W_14: 41040s  92,835,861,200 steps   474784 feasible sets         0 orders tried  current cost 6
    W_14: 41055s  92,870,758,400 steps   474955 feasible sets         0 orders tried  current cost 3
    W_14: 41070s  92,905,490,800 steps   475119 feasible sets         0 orders tried  current cost 5
    W_14: 41085s  92,939,971,000 steps   475313 feasible sets         0 orders tried  current cost 6
    W_14: 41100s  92,974,681,600 steps   475494 feasible sets         0 orders tried  current cost 11
    W_14: 41115s  93,009,468,800 steps   475667 feasible sets         0 orders tried  current cost 5
    W_14: 41130s  93,044,040,600 steps   475856 feasible sets         0 orders tried  current cost 11
    W_14: 41145s  93,078,806,400 steps   476021 feasible sets         0 orders tried  current cost 5
    W_14: 41160s  93,113,720,800 steps   476172 feasible sets         0 orders tried  current cost 20
    W_14: 41175s  93,148,564,200 steps   476355 feasible sets         0 orders tried  current cost 10
    W_14: 41190s  93,183,361,000 steps   476531 feasible sets         0 orders tried  current cost 8
    W_14: 41205s  93,217,789,800 steps   476695 feasible sets         0 orders tried  current cost 4
    W_14: 41220s  93,252,230,400 steps   476859 feasible sets         0 orders tried  current cost 3
    W_14: 41235s  93,286,821,200 steps   477001 feasible sets         0 orders tried  current cost 15
    W_14: 41250s  93,321,318,600 steps   477199 feasible sets         0 orders tried  current cost 5
    W_14: 41265s  93,355,890,800 steps   477398 feasible sets         0 orders tried  current cost 5
    W_14: 41280s  93,389,850,600 steps   477573 feasible sets         0 orders tried  current cost 2
    W_14: 41295s  93,422,433,800 steps   477726 feasible sets         0 orders tried  current cost 1
    W_14: 41310s  93,456,341,600 steps   477897 feasible sets         0 orders tried  current cost 16
    W_14: 41325s  93,490,797,000 steps   478034 feasible sets         0 orders tried  current cost 3
    W_14: 41340s  93,525,518,000 steps   478172 feasible sets         0 orders tried  current cost 2
    W_14: 41355s  93,559,970,200 steps   478378 feasible sets         0 orders tried  current cost 4
    W_14: 41370s  93,594,683,400 steps   478578 feasible sets         0 orders tried  current cost 13
    W_14: 41385s  93,629,437,200 steps   478766 feasible sets         0 orders tried  current cost 4
    W_14: 41400s  93,663,619,800 steps   478927 feasible sets         0 orders tried  current cost 2
    W_14: 41415s  93,697,778,200 steps   479114 feasible sets         0 orders tried  current cost 3
    W_14: 41430s  93,732,585,800 steps   479292 feasible sets         0 orders tried  current cost 7
    W_14: 41445s  93,767,092,600 steps   479470 feasible sets         0 orders tried  current cost 5
    W_14: 41460s  93,802,118,000 steps   479633 feasible sets         0 orders tried  current cost 2
    W_14: 41475s  93,836,673,400 steps   479830 feasible sets         0 orders tried  current cost 3
    W_14: 41490s  93,871,309,000 steps   479990 feasible sets         0 orders tried  current cost 4
    W_14: 41505s  93,905,659,400 steps   480179 feasible sets         0 orders tried  current cost 5
    W_14: 41520s  93,940,266,800 steps   480350 feasible sets         0 orders tried  current cost 6
    W_14: 41535s  93,974,874,400 steps   480524 feasible sets         0 orders tried  current cost 2
    W_14: 41550s  94,009,539,400 steps   480719 feasible sets         0 orders tried  current cost 2
    W_14: 41565s  94,044,308,400 steps   480901 feasible sets         0 orders tried  current cost 6
    W_14: 41580s  94,078,268,600 steps   481061 feasible sets         0 orders tried  current cost 2
    W_14: 41595s  94,112,383,000 steps   481221 feasible sets         0 orders tried  current cost 14
    W_14: 41610s  94,146,987,200 steps   481410 feasible sets         0 orders tried  current cost 5
    W_14: 41625s  94,181,458,800 steps   481586 feasible sets         0 orders tried  current cost 3
    W_14: 41640s  94,215,939,400 steps   481768 feasible sets         0 orders tried  current cost 4
    W_14: 41655s  94,250,427,600 steps   481940 feasible sets         0 orders tried  current cost 3
    W_14: 41670s  94,284,886,800 steps   482137 feasible sets         0 orders tried  current cost 6
    W_14: 41685s  94,319,209,000 steps   482271 feasible sets         0 orders tried  current cost 5
    W_14: 41700s  94,353,459,800 steps   482430 feasible sets         0 orders tried  current cost 3
    W_14: 41715s  94,388,296,800 steps   482629 feasible sets         0 orders tried  current cost 2
    W_14: 41730s  94,422,879,400 steps   482822 feasible sets         0 orders tried  current cost 3
    W_14: 41745s  94,457,331,800 steps   482981 feasible sets         0 orders tried  current cost 4
    W_14: 41760s  94,491,704,800 steps   483156 feasible sets         0 orders tried  current cost 8
    W_14: 41775s  94,526,328,000 steps   483357 feasible sets         0 orders tried  current cost 4
    W_14: 41790s  94,561,197,600 steps   483512 feasible sets         0 orders tried  current cost 3
    W_14: 41805s  94,595,647,200 steps   483667 feasible sets         0 orders tried  current cost 6
    W_14: 41820s  94,630,114,200 steps   483861 feasible sets         0 orders tried  current cost 2
    W_14: 41835s  94,664,997,800 steps   484064 feasible sets         0 orders tried  current cost 4
    W_14: 41850s  94,699,303,200 steps   484262 feasible sets         0 orders tried  current cost 18
    W_14: 41865s  94,733,968,200 steps   484468 feasible sets         0 orders tried  current cost 8
    W_14: 41880s  94,768,651,200 steps   484629 feasible sets         0 orders tried  current cost 5
    W_14: 41895s  94,802,918,400 steps   484830 feasible sets         0 orders tried  current cost 2
    W_14: 41910s  94,837,299,400 steps   484997 feasible sets         0 orders tried  current cost 4
    W_14: 41925s  94,871,573,800 steps   485155 feasible sets         0 orders tried  current cost 1
    W_14: 41940s  94,906,366,200 steps   485379 feasible sets         0 orders tried  current cost 5
    W_14: 41955s  94,940,990,600 steps   485531 feasible sets         0 orders tried  current cost 4
    W_14: 41970s  94,975,717,400 steps   485665 feasible sets         0 orders tried  current cost 3
    W_14: 41985s  95,010,082,800 steps   485839 feasible sets         0 orders tried  current cost 9
    W_14: 42000s  95,044,565,000 steps   486039 feasible sets         0 orders tried  current cost 8
    W_14: 42015s  95,078,697,600 steps   486279 feasible sets         0 orders tried  current cost 2
    W_14: 42030s  95,113,517,800 steps   486415 feasible sets         0 orders tried  current cost 1
    W_14: 42045s  95,148,108,800 steps   486573 feasible sets         0 orders tried  current cost 5
    W_14: 42060s  95,182,572,000 steps   486795 feasible sets         0 orders tried  current cost 5
    W_14: 42075s  95,216,980,000 steps   486934 feasible sets         0 orders tried  current cost 4
    W_14: 42090s  95,250,881,200 steps   487082 feasible sets         0 orders tried  current cost 15
    W_14: 42105s  95,285,268,200 steps   487241 feasible sets         0 orders tried  current cost 3
    W_14: 42120s  95,320,086,800 steps   487408 feasible sets         0 orders tried  current cost 7
    W_14: 42135s  95,354,128,600 steps   487556 feasible sets         0 orders tried  current cost 5
    W_14: 42150s  95,388,489,600 steps   487766 feasible sets         0 orders tried  current cost 2
    W_14: 42165s  95,423,086,200 steps   487955 feasible sets         0 orders tried  current cost 8
    W_14: 42180s  95,457,455,200 steps   488148 feasible sets         0 orders tried  current cost 1
    W_14: 42195s  95,491,654,600 steps   488304 feasible sets         0 orders tried  current cost 5
    W_14: 42210s  95,526,255,600 steps   488453 feasible sets         0 orders tried  current cost 3
    W_14: 42225s  95,560,759,600 steps   488600 feasible sets         0 orders tried  current cost 1
    W_14: 42240s  95,595,248,800 steps   488814 feasible sets         0 orders tried  current cost 5
    W_14: 42255s  95,629,637,000 steps   489004 feasible sets         0 orders tried  current cost 3
    W_14: 42270s  95,663,793,000 steps   489188 feasible sets         0 orders tried  current cost 4
    W_14: 42285s  95,698,476,800 steps   489339 feasible sets         0 orders tried  current cost 1
    W_14: 42300s  95,733,314,200 steps   489538 feasible sets         0 orders tried  current cost 4
    W_14: 42315s  95,767,726,200 steps   489729 feasible sets         0 orders tried  current cost 9
    W_14: 42330s  95,801,925,400 steps   489905 feasible sets         0 orders tried  current cost 7
    W_14: 42345s  95,836,419,800 steps   490105 feasible sets         0 orders tried  current cost 3
    W_14: 42360s  95,871,126,400 steps   490281 feasible sets         0 orders tried  current cost 10
    W_14: 42375s  95,905,435,800 steps   490460 feasible sets         0 orders tried  current cost 4
    W_14: 42390s  95,940,139,200 steps   490628 feasible sets         0 orders tried  current cost 1
    W_14: 42405s  95,974,173,200 steps   490783 feasible sets         0 orders tried  current cost 4
    W_14: 42420s  96,008,602,600 steps   490959 feasible sets         0 orders tried  current cost 12
    W_14: 42435s  96,042,949,600 steps   491100 feasible sets         0 orders tried  current cost 4
    W_14: 42450s  96,077,353,400 steps   491303 feasible sets         0 orders tried  current cost 3
    W_14: 42465s  96,111,962,600 steps   491490 feasible sets         0 orders tried  current cost 10
    W_14: 42480s  96,146,496,800 steps   491658 feasible sets         0 orders tried  current cost 4
    W_14: 42495s  96,181,329,800 steps   491869 feasible sets         0 orders tried  current cost 4
    W_14: 42510s  96,216,047,600 steps   492033 feasible sets         0 orders tried  current cost 5
    W_14: 42525s  96,251,323,600 steps   492211 feasible sets         0 orders tried  current cost 9
    W_14: 42540s  96,285,890,400 steps   492395 feasible sets         0 orders tried  current cost 8
    W_14: 42555s  96,320,233,800 steps   492561 feasible sets         0 orders tried  current cost 4
    W_14: 42570s  96,354,748,800 steps   492768 feasible sets         0 orders tried  current cost 4
    W_14: 42585s  96,389,324,800 steps   492932 feasible sets         0 orders tried  current cost 7
    W_14: 42600s  96,423,928,200 steps   493098 feasible sets         0 orders tried  current cost 8
    W_14: 42615s  96,458,561,000 steps   493270 feasible sets         0 orders tried  current cost 11
    W_14: 42630s  96,492,727,400 steps   493441 feasible sets         0 orders tried  current cost 5
    W_14: 42645s  96,527,590,800 steps   493620 feasible sets         0 orders tried  current cost 4
    W_14: 42660s  96,562,045,600 steps   493831 feasible sets         0 orders tried  current cost 10
    W_14: 42675s  96,597,025,800 steps   493999 feasible sets         0 orders tried  current cost 10
    W_14: 42690s  96,631,693,800 steps   494229 feasible sets         0 orders tried  current cost 1
    W_14: 42705s  96,666,218,600 steps   494403 feasible sets         0 orders tried  current cost 4
    W_14: 42720s  96,700,925,200 steps   494583 feasible sets         0 orders tried  current cost 8
    W_14: 42735s  96,735,432,000 steps   494767 feasible sets         0 orders tried  current cost 6
    W_14: 42750s  96,769,577,000 steps   494889 feasible sets         0 orders tried  current cost 2
    W_14: 42765s  96,803,755,400 steps   495092 feasible sets         0 orders tried  current cost 4
    W_14: 42780s  96,838,117,200 steps   495272 feasible sets         0 orders tried  current cost 3
    W_14: 42795s  96,872,431,600 steps   495450 feasible sets         0 orders tried  current cost 1
    W_14: 42810s  96,906,794,400 steps   495644 feasible sets         0 orders tried  current cost 3
    W_14: 42825s  96,941,177,000 steps   495818 feasible sets         0 orders tried  current cost 2
    W_14: 42840s  96,975,677,600 steps   495987 feasible sets         0 orders tried  current cost 2
    W_14: 42855s  97,010,146,400 steps   496147 feasible sets         0 orders tried  current cost 7
    W_14: 42870s  97,045,143,800 steps   496346 feasible sets         0 orders tried  current cost 9
    W_14: 42885s  97,079,833,400 steps   496531 feasible sets         0 orders tried  current cost 2
    W_14: 42900s  97,114,387,400 steps   496689 feasible sets         0 orders tried  current cost 7
    W_14: 42915s  97,149,239,200 steps   496877 feasible sets         0 orders tried  current cost 2
    W_14: 42930s  97,183,647,200 steps   497038 feasible sets         0 orders tried  current cost 8
    W_14: 42945s  97,218,334,400 steps   497232 feasible sets         0 orders tried  current cost 5
    W_14: 42960s  97,252,798,800 steps   497401 feasible sets         0 orders tried  current cost 2
    W_14: 42975s  97,287,296,200 steps   497558 feasible sets         0 orders tried  current cost 2
    W_14: 42990s  97,322,281,800 steps   497729 feasible sets         0 orders tried  current cost 13
    W_14: 43005s  97,356,818,600 steps   497892 feasible sets         0 orders tried  current cost 3
    W_14: 43020s  97,391,507,600 steps   498005 feasible sets         0 orders tried  current cost 6
    W_14: 43035s  97,425,815,400 steps   498180 feasible sets         0 orders tried  current cost 1
    W_14: 43050s  97,460,123,400 steps   498334 feasible sets         0 orders tried  current cost 9
    W_14: 43065s  97,494,665,000 steps   498561 feasible sets         0 orders tried  current cost 9
    W_14: 43080s  97,529,058,400 steps   498776 feasible sets         0 orders tried  current cost 4
    W_14: 43095s  97,563,553,400 steps   498954 feasible sets         0 orders tried  current cost 2
    W_14: 43110s  97,597,917,400 steps   499120 feasible sets         0 orders tried  current cost 4
    W_14: 43125s  97,632,120,600 steps   499289 feasible sets         0 orders tried  current cost 15
    W_14: 43140s  97,666,938,800 steps   499520 feasible sets         0 orders tried  current cost 4
    W_14: 43155s  97,701,743,800 steps   499707 feasible sets         0 orders tried  current cost 8
    W_14: 43170s  97,736,351,800 steps   499898 feasible sets         0 orders tried  current cost 2
    W_14: 43185s  97,771,237,600 steps   500075 feasible sets         0 orders tried  current cost 3
    W_14: 43200s  97,805,412,800 steps   500270 feasible sets         0 orders tried  current cost 3
    W_14: 43215s  97,840,102,800 steps   500449 feasible sets         0 orders tried  current cost 14
    W_14: 43230s  97,874,396,000 steps   500643 feasible sets         0 orders tried  current cost 2
    W_14: 43245s  97,908,512,800 steps   500826 feasible sets         0 orders tried  current cost 5
    W_14: 43260s  97,942,928,800 steps   500977 feasible sets         0 orders tried  current cost 4
    W_14: 43275s  97,977,534,600 steps   501140 feasible sets         0 orders tried  current cost 4
    W_14: 43290s  98,012,041,800 steps   501385 feasible sets         0 orders tried  current cost 9
    W_14: 43305s  98,046,296,800 steps   501545 feasible sets         0 orders tried  current cost 3
    W_14: 43320s  98,080,597,200 steps   501721 feasible sets         0 orders tried  current cost 4
    W_14: 43335s  98,115,287,400 steps   501882 feasible sets         0 orders tried  current cost 5
    W_14: 43350s  98,149,607,600 steps   502085 feasible sets         0 orders tried  current cost 5
    W_14: 43365s  98,183,952,000 steps   502264 feasible sets         0 orders tried  current cost 4
    W_14: 43380s  98,218,520,200 steps   502435 feasible sets         0 orders tried  current cost 12
    W_14: 43395s  98,253,068,400 steps   502588 feasible sets         0 orders tried  current cost 3
    W_14: 43410s  98,287,555,800 steps   502779 feasible sets         0 orders tried  current cost 1
    W_14: 43425s  98,322,064,400 steps   502936 feasible sets         0 orders tried  current cost 12
    W_14: 43440s  98,356,452,800 steps   503105 feasible sets         0 orders tried  current cost 6
    W_14: 43455s  98,391,132,600 steps   503273 feasible sets         0 orders tried  current cost 2
    W_14: 43470s  98,425,890,600 steps   503448 feasible sets         0 orders tried  current cost 5
    W_14: 43485s  98,460,565,000 steps   503596 feasible sets         0 orders tried  current cost 12
    W_14: 43500s  98,494,911,400 steps   503804 feasible sets         0 orders tried  current cost 1
    W_14: 43515s  98,529,377,800 steps   504018 feasible sets         0 orders tried  current cost 1
    W_14: 43530s  98,564,204,200 steps   504191 feasible sets         0 orders tried  current cost 9
    W_14: 43545s  98,598,642,600 steps   504363 feasible sets         0 orders tried  current cost 10
    W_14: 43560s  98,633,097,800 steps   504552 feasible sets         0 orders tried  current cost 4
    W_14: 43575s  98,667,899,000 steps   504698 feasible sets         0 orders tried  current cost 2
    W_14: 43590s  98,702,291,800 steps   504872 feasible sets         0 orders tried  current cost 4
    W_14: 43605s  98,736,448,200 steps   505041 feasible sets         0 orders tried  current cost 7
    W_14: 43620s  98,770,628,800 steps   505218 feasible sets         0 orders tried  current cost 6
    W_14: 43635s  98,805,466,400 steps   505386 feasible sets         0 orders tried  current cost 6
    W_14: 43650s  98,840,251,400 steps   505546 feasible sets         0 orders tried  current cost 3
    W_14: 43665s  98,874,536,400 steps   505690 feasible sets         0 orders tried  current cost 2
    W_14: 43680s  98,909,178,000 steps   505871 feasible sets         0 orders tried  current cost 2
    W_14: 43695s  98,943,567,200 steps   506055 feasible sets         0 orders tried  current cost 10
    W_14: 43710s  98,978,057,200 steps   506274 feasible sets         0 orders tried  current cost 4
    W_14: 43725s  99,012,562,200 steps   506408 feasible sets         0 orders tried  current cost 12
    W_14: 43740s  99,047,244,000 steps   506597 feasible sets         0 orders tried  current cost 10
    W_14: 43755s  99,081,539,800 steps   506742 feasible sets         0 orders tried  current cost 4
    W_14: 43770s  99,116,237,400 steps   506880 feasible sets         0 orders tried  current cost 3
    W_14: 43785s  99,151,195,800 steps   507082 feasible sets         0 orders tried  current cost 4
    W_14: 43800s  99,185,754,600 steps   507313 feasible sets         0 orders tried  current cost 3
    W_14: 43815s  99,220,372,200 steps   507494 feasible sets         0 orders tried  current cost 3
    W_14: 43830s  99,255,094,000 steps   507693 feasible sets         0 orders tried  current cost 5
    W_14: 43845s  99,290,195,600 steps   507838 feasible sets         0 orders tried  current cost 3
    W_14: 43860s  99,324,725,600 steps   508005 feasible sets         0 orders tried  current cost 4
    W_14: 43875s  99,359,433,600 steps   508197 feasible sets         0 orders tried  current cost 5
    W_14: 43890s  99,393,693,000 steps   508389 feasible sets         0 orders tried  current cost 2
    W_14: 43905s  99,427,959,200 steps   508562 feasible sets         0 orders tried  current cost 4
    W_14: 43920s  99,462,612,000 steps   508736 feasible sets         0 orders tried  current cost 5
    W_14: 43935s  99,496,834,600 steps   508894 feasible sets         0 orders tried  current cost 3
    W_14: 43950s  99,531,362,200 steps   509064 feasible sets         0 orders tried  current cost 11
    W_14: 43965s  99,566,044,400 steps   509257 feasible sets         0 orders tried  current cost 9
    W_14: 43980s  99,600,758,400 steps   509460 feasible sets         0 orders tried  current cost 2
    W_14: 43995s  99,635,778,200 steps   509646 feasible sets         0 orders tried  current cost 4
    W_14: 44010s  99,670,284,600 steps   509859 feasible sets         0 orders tried  current cost 15
    W_14: 44025s  99,704,600,400 steps   510045 feasible sets         0 orders tried  current cost 12
    W_14: 44040s  99,739,011,600 steps   510223 feasible sets         0 orders tried  current cost 4
    W_14: 44055s  99,773,616,600 steps   510405 feasible sets         0 orders tried  current cost 3
    W_14: 44070s  99,808,279,200 steps   510607 feasible sets         0 orders tried  current cost 4
    W_14: 44085s  99,843,259,200 steps   510784 feasible sets         0 orders tried  current cost 2
    W_14: 44100s  99,877,836,800 steps   510978 feasible sets         0 orders tried  current cost 1
    W_14: 44115s  99,912,649,400 steps   511157 feasible sets         0 orders tried  current cost 3
    W_14: 44130s  99,946,811,600 steps   511317 feasible sets         0 orders tried  current cost 4
    W_14: 44145s  99,980,554,600 steps   511489 feasible sets         0 orders tried  current cost 1
    W_14: 44160s  100,015,324,800 steps   511641 feasible sets         0 orders tried  current cost 9
    W_14: 44175s  100,050,016,400 steps   511811 feasible sets         0 orders tried  current cost 2
    W_14: 44190s  100,084,866,800 steps   511996 feasible sets         0 orders tried  current cost 8
    W_14: 44205s  100,119,417,200 steps   512144 feasible sets         0 orders tried  current cost 3
    W_14: 44220s  100,154,203,800 steps   512339 feasible sets         0 orders tried  current cost 8
    W_14: 44235s  100,188,748,200 steps   512548 feasible sets         0 orders tried  current cost 4
    W_14: 44250s  100,222,886,200 steps   512723 feasible sets         0 orders tried  current cost 12
    W_14: 44265s  100,257,406,600 steps   512881 feasible sets         0 orders tried  current cost 8
    W_14: 44280s  100,292,181,800 steps   513050 feasible sets         0 orders tried  current cost 13
    W_14: 44295s  100,326,691,800 steps   513223 feasible sets         0 orders tried  current cost 4
    W_14: 44310s  100,361,140,000 steps   513400 feasible sets         0 orders tried  current cost 3
    W_14: 44325s  100,395,918,400 steps   513592 feasible sets         0 orders tried  current cost 2
    W_14: 44340s  100,430,318,000 steps   513768 feasible sets         0 orders tried  current cost 3
    W_14: 44355s  100,464,385,400 steps   513957 feasible sets         0 orders tried  current cost 8
    W_14: 44370s  100,498,463,000 steps   514132 feasible sets         0 orders tried  current cost 13
    W_14: 44385s  100,533,301,600 steps   514309 feasible sets         0 orders tried  current cost 11
    W_14: 44400s  100,567,843,600 steps   514495 feasible sets         0 orders tried  current cost 13
    W_14: 44415s  100,602,240,000 steps   514684 feasible sets         0 orders tried  current cost 11
    W_14: 44430s  100,636,953,600 steps   514846 feasible sets         0 orders tried  current cost 1
    W_14: 44445s  100,671,310,800 steps   515037 feasible sets         0 orders tried  current cost 4
    W_14: 44460s  100,705,662,600 steps   515223 feasible sets         0 orders tried  current cost 11
    W_14: 44475s  100,740,015,400 steps   515374 feasible sets         0 orders tried  current cost 3
    W_14: 44490s  100,774,407,000 steps   515536 feasible sets         0 orders tried  current cost 7
    W_14: 44505s  100,809,035,400 steps   515718 feasible sets         0 orders tried  current cost 4
    W_14: 44520s  100,843,727,800 steps   515916 feasible sets         0 orders tried  current cost 5
    W_14: 44535s  100,878,098,400 steps   516114 feasible sets         0 orders tried  current cost 3
    W_14: 44550s  100,912,493,200 steps   516288 feasible sets         0 orders tried  current cost 1
    W_14: 44565s  100,947,130,200 steps   516479 feasible sets         0 orders tried  current cost 5
    W_14: 44580s  100,981,434,800 steps   516701 feasible sets         0 orders tried  current cost 3
    W_14: 44595s  101,016,210,200 steps   516876 feasible sets         0 orders tried  current cost 2
    W_14: 44610s  101,050,390,800 steps   517066 feasible sets         0 orders tried  current cost 4
    W_14: 44625s  101,084,693,600 steps   517245 feasible sets         0 orders tried  current cost 1
    W_14: 44640s  101,119,377,200 steps   517406 feasible sets         0 orders tried  current cost 2
    W_14: 44655s  101,153,599,400 steps   517571 feasible sets         0 orders tried  current cost 2
    W_14: 44670s  101,187,640,400 steps   517751 feasible sets         0 orders tried  current cost 15
    W_14: 44685s  101,221,957,400 steps   517941 feasible sets         0 orders tried  current cost 4
    W_14: 44700s  101,256,921,200 steps   518086 feasible sets         0 orders tried  current cost 14
    W_14: 44715s  101,291,541,000 steps   518253 feasible sets         0 orders tried  current cost 11
    W_14: 44730s  101,326,515,800 steps   518426 feasible sets         0 orders tried  current cost 1
    W_14: 44745s  101,361,068,000 steps   518624 feasible sets         0 orders tried  current cost 7
    W_14: 44760s  101,395,712,200 steps   518817 feasible sets         0 orders tried  current cost 3
    W_14: 44775s  101,429,894,400 steps   518995 feasible sets         0 orders tried  current cost 4
    W_14: 44790s  101,464,270,400 steps   519149 feasible sets         0 orders tried  current cost 4
    W_14: 44805s  101,498,461,000 steps   519338 feasible sets         0 orders tried  current cost 14
    W_14: 44820s  101,532,765,400 steps   519527 feasible sets         0 orders tried  current cost 6
    W_14: 44835s  101,567,783,400 steps   519696 feasible sets         0 orders tried  current cost 9
    W_14: 44850s  101,602,545,600 steps   519869 feasible sets         0 orders tried  current cost 6
    W_14: 44865s  101,637,243,200 steps   520020 feasible sets         0 orders tried  current cost 7
    W_14: 44880s  101,671,341,200 steps   520164 feasible sets         0 orders tried  current cost 10
    W_14: 44895s  101,705,633,200 steps   520339 feasible sets         0 orders tried  current cost 4
    W_14: 44910s  101,740,267,800 steps   520532 feasible sets         0 orders tried  current cost 2
    W_14: 44925s  101,774,848,400 steps   520687 feasible sets         0 orders tried  current cost 5
    W_14: 44940s  101,809,470,600 steps   520874 feasible sets         0 orders tried  current cost 3
    W_14: 44955s  101,844,064,400 steps   521060 feasible sets         0 orders tried  current cost 5
    W_14: 44970s  101,878,791,200 steps   521241 feasible sets         0 orders tried  current cost 5
    W_14: 44985s  101,913,582,600 steps   521416 feasible sets         0 orders tried  current cost 6
    W_14: 45000s  101,948,094,200 steps   521603 feasible sets         0 orders tried  current cost 3
    W_14: 45015s  101,982,694,800 steps   521790 feasible sets         0 orders tried  current cost 5
    W_14: 45030s  102,017,209,400 steps   521969 feasible sets         0 orders tried  current cost 6
    W_14: 45045s  102,051,724,200 steps   522153 feasible sets         0 orders tried  current cost 11
    W_14: 45060s  102,086,086,800 steps   522332 feasible sets         0 orders tried  current cost 8
    W_14: 45075s  102,120,657,200 steps   522478 feasible sets         0 orders tried  current cost 3
    W_14: 45090s  102,155,213,400 steps   522644 feasible sets         0 orders tried  current cost 1
    W_14: 45105s  102,189,923,800 steps   522779 feasible sets         0 orders tried  current cost 9
    W_14: 45120s  102,224,288,000 steps   522968 feasible sets         0 orders tried  current cost 8
    W_14: 45135s  102,259,282,800 steps   523146 feasible sets         0 orders tried  current cost 7
    W_14: 45150s  102,294,068,800 steps   523310 feasible sets         0 orders tried  current cost 2
    W_14: 45165s  102,328,394,800 steps   523493 feasible sets         0 orders tried  current cost 2
    W_14: 45180s  102,362,936,200 steps   523625 feasible sets         0 orders tried  current cost 4
    W_14: 45195s  102,397,120,200 steps   523791 feasible sets         0 orders tried  current cost 15
    W_14: 45210s  102,431,266,000 steps   523930 feasible sets         0 orders tried  current cost 6
    W_14: 45225s  102,466,194,600 steps   524111 feasible sets         0 orders tried  current cost 4
    W_14: 45240s  102,500,586,600 steps   524343 feasible sets         0 orders tried  current cost 7
    W_14: 45255s  102,535,168,600 steps   524480 feasible sets         0 orders tried  current cost 4
    W_14: 45270s  102,569,765,000 steps   524674 feasible sets         0 orders tried  current cost 5
    W_14: 45285s  102,604,605,200 steps   524865 feasible sets         0 orders tried  current cost 7
    W_14: 45300s  102,639,161,200 steps   525068 feasible sets         0 orders tried  current cost 12
    W_14: 45315s  102,673,732,000 steps   525229 feasible sets         0 orders tried  current cost 3
    W_14: 45330s  102,708,130,800 steps   525401 feasible sets         0 orders tried  current cost 4
    W_14: 45345s  102,742,701,600 steps   525580 feasible sets         0 orders tried  current cost 10
    W_14: 45360s  102,777,183,800 steps   525772 feasible sets         0 orders tried  current cost 6
    W_14: 45375s  102,811,534,400 steps   525962 feasible sets         0 orders tried  current cost 3
    W_14: 45390s  102,845,483,800 steps   526124 feasible sets         0 orders tried  current cost 11
    W_14: 45405s  102,880,091,000 steps   526302 feasible sets         0 orders tried  current cost 2
    W_14: 45420s  102,914,336,000 steps   526496 feasible sets         0 orders tried  current cost 3
    W_14: 45435s  102,948,917,600 steps   526678 feasible sets         0 orders tried  current cost 1
    W_14: 45450s  102,983,283,800 steps   526852 feasible sets         0 orders tried  current cost 16
    W_14: 45465s  103,017,846,200 steps   527016 feasible sets         0 orders tried  current cost 8
    W_14: 45480s  103,052,435,600 steps   527188 feasible sets         0 orders tried  current cost 3
    W_14: 45495s  103,087,438,200 steps   527376 feasible sets         0 orders tried  current cost 2
    W_14: 45510s  103,121,775,000 steps   527547 feasible sets         0 orders tried  current cost 2
    W_14: 45525s  103,156,086,800 steps   527722 feasible sets         0 orders tried  current cost 6
    W_14: 45540s  103,190,489,000 steps   527896 feasible sets         0 orders tried  current cost 5
    W_14: 45555s  103,224,613,200 steps   528037 feasible sets         0 orders tried  current cost 3
    W_14: 45570s  103,258,537,200 steps   528207 feasible sets         0 orders tried  current cost 4
    W_14: 45585s  103,293,323,000 steps   528391 feasible sets         0 orders tried  current cost 8
    W_14: 45600s  103,327,611,000 steps   528568 feasible sets         0 orders tried  current cost 4
    W_14: 45615s  103,362,394,600 steps   528784 feasible sets         0 orders tried  current cost 4
    W_14: 45630s  103,397,197,000 steps   528971 feasible sets         0 orders tried  current cost 3
    W_14: 45645s  103,431,611,800 steps   529121 feasible sets         0 orders tried  current cost 3
    W_14: 45660s  103,466,040,000 steps   529300 feasible sets         0 orders tried  current cost 3
    W_14: 45675s  103,500,376,600 steps   529448 feasible sets         0 orders tried  current cost 3
    W_14: 45690s  103,534,671,200 steps   529628 feasible sets         0 orders tried  current cost 6
    W_14: 45705s  103,569,302,000 steps   529789 feasible sets         0 orders tried  current cost 12
    W_14: 45720s  103,603,646,800 steps   529977 feasible sets         0 orders tried  current cost 8
    W_14: 45735s  103,638,157,200 steps   530166 feasible sets         0 orders tried  current cost 3
    W_14: 45750s  103,672,545,400 steps   530376 feasible sets         0 orders tried  current cost 8
    W_14: 45765s  103,707,181,200 steps   530538 feasible sets         0 orders tried  current cost 10
    W_14: 45780s  103,741,613,200 steps   530690 feasible sets         0 orders tried  current cost 1
    W_14: 45795s  103,775,930,200 steps   530862 feasible sets         0 orders tried  current cost 5
    W_14: 45810s  103,810,496,400 steps   531002 feasible sets         0 orders tried  current cost 3
    W_14: 45825s  103,845,217,600 steps   531129 feasible sets         0 orders tried  current cost 3
    W_14: 45840s  103,879,527,000 steps   531302 feasible sets         0 orders tried  current cost 5
    W_14: 45855s  103,913,930,200 steps   531507 feasible sets         0 orders tried  current cost 4
    W_14: 45870s  103,948,070,600 steps   531668 feasible sets         0 orders tried  current cost 6
    W_14: 45885s  103,982,809,200 steps   531838 feasible sets         0 orders tried  current cost 4
    W_14: 45900s  104,017,321,600 steps   532019 feasible sets         0 orders tried  current cost 12
    W_14: 45915s  104,051,953,400 steps   532220 feasible sets         0 orders tried  current cost 3
    W_14: 45930s  104,086,745,000 steps   532427 feasible sets         0 orders tried  current cost 8
    W_14: 45945s  104,121,272,000 steps   532623 feasible sets         0 orders tried  current cost 3
    W_14: 45960s  104,156,079,000 steps   532800 feasible sets         0 orders tried  current cost 3
    W_14: 45975s  104,190,472,200 steps   532987 feasible sets         0 orders tried  current cost 3
    W_14: 45990s  104,224,973,200 steps   533155 feasible sets         0 orders tried  current cost 6
    W_14: 46005s  104,260,554,800 steps   533347 feasible sets         0 orders tried  current cost 2
    W_14: 46020s  104,295,288,600 steps   533511 feasible sets         0 orders tried  current cost 7
    W_14: 46035s  104,329,835,600 steps   533707 feasible sets         0 orders tried  current cost 4
    W_14: 46050s  104,364,545,000 steps   533876 feasible sets         0 orders tried  current cost 8
    W_14: 46065s  104,399,269,400 steps   534106 feasible sets         0 orders tried  current cost 6
    W_14: 46080s  104,434,421,000 steps   534305 feasible sets         0 orders tried  current cost 14
    W_14: 46095s  104,468,726,600 steps   534503 feasible sets         0 orders tried  current cost 8
    W_14: 46110s  104,503,524,400 steps   534683 feasible sets         0 orders tried  current cost 6
    W_14: 46125s  104,538,233,000 steps   534824 feasible sets         0 orders tried  current cost 4
    W_14: 46140s  104,573,083,000 steps   535009 feasible sets         0 orders tried  current cost 7
    W_14: 46155s  104,607,803,400 steps   535189 feasible sets         0 orders tried  current cost 7
    W_14: 46170s  104,642,512,200 steps   535364 feasible sets         0 orders tried  current cost 3
    W_14: 46185s  104,677,035,600 steps   535530 feasible sets         0 orders tried  current cost 4
    W_14: 46200s  104,711,982,600 steps   535764 feasible sets         0 orders tried  current cost 9
    W_14: 46215s  104,746,563,200 steps   535950 feasible sets         0 orders tried  current cost 8
    W_14: 46230s  104,781,237,000 steps   536130 feasible sets         0 orders tried  current cost 3
    W_14: 46245s  104,815,806,600 steps   536328 feasible sets         0 orders tried  current cost 7
    W_14: 46260s  104,850,310,200 steps   536505 feasible sets         0 orders tried  current cost 5
    W_14: 46275s  104,884,972,800 steps   536678 feasible sets         0 orders tried  current cost 3
    W_14: 46290s  104,919,981,800 steps   536863 feasible sets         0 orders tried  current cost 13
    W_14: 46305s  104,954,566,000 steps   537006 feasible sets         0 orders tried  current cost 6
    W_14: 46320s  104,989,083,600 steps   537176 feasible sets         0 orders tried  current cost 11
    W_14: 46335s  105,024,128,000 steps   537375 feasible sets         0 orders tried  current cost 7
    W_14: 46350s  105,058,719,600 steps   537545 feasible sets         0 orders tried  current cost 3
    W_14: 46365s  105,093,074,800 steps   537698 feasible sets         0 orders tried  current cost 2
    W_14: 46380s  105,127,326,400 steps   537874 feasible sets         0 orders tried  current cost 4
    W_14: 46395s  105,161,967,800 steps   538088 feasible sets         0 orders tried  current cost 8
    W_14: 46410s  105,196,527,600 steps   538244 feasible sets         0 orders tried  current cost 5
    W_14: 46425s  105,231,405,200 steps   538407 feasible sets         0 orders tried  current cost 9
    W_14: 46440s  105,265,960,200 steps   538602 feasible sets         0 orders tried  current cost 12
    W_14: 46455s  105,300,508,200 steps   538746 feasible sets         0 orders tried  current cost 6
    W_14: 46470s  105,335,057,800 steps   538913 feasible sets         0 orders tried  current cost 4
    W_14: 46485s  105,370,004,400 steps   539096 feasible sets         0 orders tried  current cost 11
    W_14: 46500s  105,405,006,600 steps   539285 feasible sets         0 orders tried  current cost 4
    W_14: 46515s  105,439,302,400 steps   539437 feasible sets         0 orders tried  current cost 16
    W_14: 46530s  105,473,870,800 steps   539595 feasible sets         0 orders tried  current cost 4
    W_14: 46545s  105,508,564,000 steps   539769 feasible sets         0 orders tried  current cost 13
    W_14: 46560s  105,543,152,600 steps   539970 feasible sets         0 orders tried  current cost 4
    W_14: 46575s  105,577,695,600 steps   540181 feasible sets         0 orders tried  current cost 3
    W_14: 46590s  105,612,543,000 steps   540381 feasible sets         0 orders tried  current cost 7
    W_14: 46605s  105,647,318,800 steps   540565 feasible sets         0 orders tried  current cost 4
    W_14: 46620s  105,682,036,200 steps   540729 feasible sets         0 orders tried  current cost 4
    W_14: 46635s  105,716,708,800 steps   540890 feasible sets         0 orders tried  current cost 5
    W_14: 46650s  105,751,118,800 steps   541062 feasible sets         0 orders tried  current cost 3
    W_14: 46665s  105,785,820,000 steps   541233 feasible sets         0 orders tried  current cost 3
    W_14: 46680s  105,820,538,200 steps   541421 feasible sets         0 orders tried  current cost 1
    W_14: 46695s  105,855,559,200 steps   541640 feasible sets         0 orders tried  current cost 2
    W_14: 46710s  105,890,190,000 steps   541797 feasible sets         0 orders tried  current cost 5
    W_14: 46725s  105,924,572,400 steps   541971 feasible sets         0 orders tried  current cost 1
    W_14: 46740s  105,959,186,600 steps   542137 feasible sets         0 orders tried  current cost 6
    W_14: 46755s  105,993,723,600 steps   542341 feasible sets         0 orders tried  current cost 6
    W_14: 46770s  106,028,533,200 steps   542514 feasible sets         0 orders tried  current cost 2
    W_14: 46785s  106,062,913,000 steps   542687 feasible sets         0 orders tried  current cost 4
    W_14: 46800s  106,097,838,600 steps   542862 feasible sets         0 orders tried  current cost 3
    W_14: 46815s  106,132,641,400 steps   543015 feasible sets         0 orders tried  current cost 15
    W_14: 46830s  106,167,261,200 steps   543195 feasible sets         0 orders tried  current cost 11
    W_14: 46845s  106,201,565,400 steps   543373 feasible sets         0 orders tried  current cost 12
    W_14: 46860s  106,236,231,400 steps   543528 feasible sets         0 orders tried  current cost 4
    W_14: 46875s  106,270,387,400 steps   543699 feasible sets         0 orders tried  current cost 6
    W_14: 46890s  106,305,185,800 steps   543888 feasible sets         0 orders tried  current cost 8
    W_14: 46905s  106,339,933,800 steps   544052 feasible sets         0 orders tried  current cost 3
    W_14: 46920s  106,374,078,600 steps   544213 feasible sets         0 orders tried  current cost 3
    W_14: 46935s  106,408,606,400 steps   544381 feasible sets         0 orders tried  current cost 7
    W_14: 46950s  106,443,172,200 steps   544548 feasible sets         0 orders tried  current cost 3
    W_14: 46965s  106,477,907,800 steps   544713 feasible sets         0 orders tried  current cost 6
    W_14: 46980s  106,512,737,600 steps   544877 feasible sets         0 orders tried  current cost 2
    W_14: 46995s  106,547,177,600 steps   545069 feasible sets         0 orders tried  current cost 2
    W_14: 47010s  106,582,080,800 steps   545224 feasible sets         0 orders tried  current cost 9
    W_14: 47025s  106,616,847,000 steps   545397 feasible sets         0 orders tried  current cost 3
    W_14: 47040s  106,651,922,000 steps   545584 feasible sets         0 orders tried  current cost 11
    W_14: 47055s  106,686,775,600 steps   545759 feasible sets         0 orders tried  current cost 1
    W_14: 47070s  106,721,390,200 steps   545986 feasible sets         0 orders tried  current cost 5
    W_14: 47085s  106,755,698,000 steps   546127 feasible sets         0 orders tried  current cost 1
    W_14: 47100s  106,790,362,800 steps   546291 feasible sets         0 orders tried  current cost 12
    W_14: 47115s  106,825,222,400 steps   546447 feasible sets         0 orders tried  current cost 10
    W_14: 47130s  106,860,046,200 steps   546621 feasible sets         0 orders tried  current cost 8
    W_14: 47145s  106,895,546,400 steps   546779 feasible sets         0 orders tried  current cost 8
    W_14: 47160s  106,930,297,000 steps   546935 feasible sets         0 orders tried  current cost 4
    W_14: 47175s  106,964,696,400 steps   547102 feasible sets         0 orders tried  current cost 4
    W_14: 47190s  106,999,518,000 steps   547281 feasible sets         0 orders tried  current cost 4
    W_14: 47205s  107,034,407,800 steps   547491 feasible sets         0 orders tried  current cost 6
    W_14: 47220s  107,068,626,400 steps   547665 feasible sets         0 orders tried  current cost 6
    W_14: 47235s  107,103,010,000 steps   547892 feasible sets         0 orders tried  current cost 4
    W_14: 47250s  107,137,657,600 steps   548077 feasible sets         0 orders tried  current cost 5
    W_14: 47265s  107,172,386,000 steps   548255 feasible sets         0 orders tried  current cost 8
    W_14: 47280s  107,206,787,800 steps   548433 feasible sets         0 orders tried  current cost 4
    W_14: 47295s  107,241,701,000 steps   548611 feasible sets         0 orders tried  current cost 19
    W_14: 47310s  107,276,191,600 steps   548767 feasible sets         0 orders tried  current cost 4
    W_14: 47325s  107,310,753,800 steps   548974 feasible sets         0 orders tried  current cost 4
    W_14: 47340s  107,345,489,200 steps   549145 feasible sets         0 orders tried  current cost 6
    W_14: 47355s  107,380,478,800 steps   549307 feasible sets         0 orders tried  current cost 1
    W_14: 47370s  107,415,133,400 steps   549481 feasible sets         0 orders tried  current cost 3
    W_14: 47385s  107,450,127,200 steps   549662 feasible sets         0 orders tried  current cost 10
    W_14: 47400s  107,484,433,400 steps   549851 feasible sets         0 orders tried  current cost 3
    W_14: 47415s  107,519,136,400 steps   550013 feasible sets         0 orders tried  current cost 1
    W_14: 47430s  107,553,323,600 steps   550167 feasible sets         0 orders tried  current cost 10
    W_14: 47445s  107,587,191,400 steps   550337 feasible sets         0 orders tried  current cost 4
    W_14: 47460s  107,621,245,600 steps   550487 feasible sets         0 orders tried  current cost 10
    W_14: 47475s  107,655,078,200 steps   550683 feasible sets         0 orders tried  current cost 2
    W_14: 47490s  107,689,095,000 steps   550846 feasible sets         0 orders tried  current cost 5
    W_14: 47505s  107,723,567,000 steps   551042 feasible sets         0 orders tried  current cost 6
    W_14: 47520s  107,757,568,200 steps   551225 feasible sets         0 orders tried  current cost 10
    W_14: 47535s  107,791,732,800 steps   551406 feasible sets         0 orders tried  current cost 4
    W_14: 47550s  107,825,542,800 steps   551608 feasible sets         0 orders tried  current cost 19
    W_14: 47565s  107,859,505,800 steps   551781 feasible sets         0 orders tried  current cost 4
    W_14: 47580s  107,893,357,600 steps   551941 feasible sets         0 orders tried  current cost 3
    W_14: 47595s  107,927,316,200 steps   552096 feasible sets         0 orders tried  current cost 3
    W_14: 47610s  107,961,284,000 steps   552239 feasible sets         0 orders tried  current cost 15
    W_14: 47625s  107,995,271,600 steps   552378 feasible sets         0 orders tried  current cost 6
    W_14: 47640s  108,029,349,400 steps   552544 feasible sets         0 orders tried  current cost 3
    W_14: 47655s  108,063,444,600 steps   552712 feasible sets         0 orders tried  current cost 8
    W_14: 47670s  108,097,813,400 steps   552903 feasible sets         0 orders tried  current cost 2
    W_14: 47685s  108,131,808,200 steps   553031 feasible sets         0 orders tried  current cost 7
    W_14: 47700s  108,165,645,600 steps   553213 feasible sets         0 orders tried  current cost 6
    W_14: 47715s  108,199,659,200 steps   553358 feasible sets         0 orders tried  current cost 3
    W_14: 47730s  108,233,704,600 steps   553523 feasible sets         0 orders tried  current cost 9
    W_14: 47745s  108,266,136,400 steps   553650 feasible sets         0 orders tried  current cost 3
    W_14: 47760s  108,299,581,600 steps   553822 feasible sets         0 orders tried  current cost 11
    W_14: 47775s  108,318,905,400 steps   553913 feasible sets         0 orders tried  current cost 8
    W_14: 47790s  108,353,078,000 steps   554087 feasible sets         0 orders tried  current cost 2
    W_14: 47805s  108,387,682,200 steps   554237 feasible sets         0 orders tried  current cost 11
    W_14: 47820s  108,421,866,000 steps   554432 feasible sets         0 orders tried  current cost 7
    W_14: 47835s  108,455,890,800 steps   554647 feasible sets         0 orders tried  current cost 6
    W_14: 47850s  108,489,951,800 steps   554807 feasible sets         0 orders tried  current cost 3
    W_14: 47865s  108,524,339,200 steps   555003 feasible sets         0 orders tried  current cost 1
    W_14: 47880s  108,558,304,200 steps   555176 feasible sets         0 orders tried  current cost 8
    W_14: 47895s  108,592,210,800 steps   555353 feasible sets         0 orders tried  current cost 4
    W_14: 47910s  108,626,065,200 steps   555521 feasible sets         0 orders tried  current cost 8
    W_14: 47925s  108,660,055,400 steps   555696 feasible sets         0 orders tried  current cost 2
    W_14: 47940s  108,694,150,000 steps   555851 feasible sets         0 orders tried  current cost 5
    W_14: 47955s  108,727,508,000 steps   555998 feasible sets         0 orders tried  current cost 7
    W_14: 47970s  108,761,606,400 steps   556165 feasible sets         0 orders tried  current cost 5
    W_14: 47985s  108,795,799,000 steps   556348 feasible sets         0 orders tried  current cost 4
    W_14: 48000s  108,829,824,800 steps   556503 feasible sets         0 orders tried  current cost 8
    W_14: 48015s  108,863,915,800 steps   556666 feasible sets         0 orders tried  current cost 4
    W_14: 48030s  108,898,002,400 steps   556843 feasible sets         0 orders tried  current cost 11
    W_14: 48045s  108,931,927,600 steps   557049 feasible sets         0 orders tried  current cost 5
    W_14: 48060s  108,965,678,000 steps   557253 feasible sets         0 orders tried  current cost 4
    W_14: 48075s  108,999,590,200 steps   557392 feasible sets         0 orders tried  current cost 4
    W_14: 48090s  109,033,655,200 steps   557560 feasible sets         0 orders tried  current cost 3
    W_14: 48105s  109,065,896,800 steps   557724 feasible sets         0 orders tried  current cost 4
    W_14: 48120s  109,087,626,600 steps   557809 feasible sets         0 orders tried  current cost 7
    W_14: 48135s  109,120,576,600 steps   557999 feasible sets         0 orders tried  current cost 3
    W_14: 48150s  109,153,729,800 steps   558160 feasible sets         0 orders tried  current cost 6
    W_14: 48165s  109,188,561,200 steps   558340 feasible sets         0 orders tried  current cost 13
    W_14: 48180s  109,223,061,000 steps   558508 feasible sets         0 orders tried  current cost 13
    W_14: 48195s  109,257,307,200 steps   558654 feasible sets         0 orders tried  current cost 8
    W_14: 48210s  109,291,600,600 steps   558874 feasible sets         0 orders tried  current cost 11
    W_14: 48225s  109,326,256,800 steps   559001 feasible sets         0 orders tried  current cost 2
    W_14: 48240s  109,360,809,200 steps   559154 feasible sets         0 orders tried  current cost 3
    W_14: 48255s  109,395,713,600 steps   559326 feasible sets         0 orders tried  current cost 1
    W_14: 48270s  109,430,667,000 steps   559521 feasible sets         0 orders tried  current cost 7
    W_14: 48285s  109,465,150,000 steps   559692 feasible sets         0 orders tried  current cost 5
    W_14: 48300s  109,499,354,800 steps   559849 feasible sets         0 orders tried  current cost 2
    W_14: 48315s  109,533,849,600 steps   560005 feasible sets         0 orders tried  current cost 1
    W_14: 48330s  109,568,509,200 steps   560176 feasible sets         0 orders tried  current cost 6
    W_14: 48345s  109,602,764,200 steps   560382 feasible sets         0 orders tried  current cost 13
    W_14: 48360s  109,637,460,400 steps   560555 feasible sets         0 orders tried  current cost 10
    W_14: 48375s  109,672,065,200 steps   560746 feasible sets         0 orders tried  current cost 11
    W_14: 48390s  109,706,539,000 steps   560936 feasible sets         0 orders tried  current cost 4
    W_14: 48405s  109,741,000,000 steps   561114 feasible sets         0 orders tried  current cost 2
    W_14: 48420s  109,775,659,000 steps   561315 feasible sets         0 orders tried  current cost 1
    W_14: 48435s  109,809,955,200 steps   561501 feasible sets         0 orders tried  current cost 3
    W_14: 48450s  109,844,463,800 steps   561687 feasible sets         0 orders tried  current cost 9
    W_14: 48465s  109,878,793,600 steps   561861 feasible sets         0 orders tried  current cost 1
    W_14: 48480s  109,913,240,600 steps   562058 feasible sets         0 orders tried  current cost 13
    W_14: 48495s  109,947,677,200 steps   562255 feasible sets         0 orders tried  current cost 3
    W_14: 48510s  109,981,946,000 steps   562431 feasible sets         0 orders tried  current cost 8
    W_14: 48525s  110,015,983,800 steps   562590 feasible sets         0 orders tried  current cost 11
    W_14: 48540s  110,050,605,200 steps   562795 feasible sets         0 orders tried  current cost 8
    W_14: 48555s  110,085,671,800 steps   562991 feasible sets         0 orders tried  current cost 2
    W_14: 48570s  110,120,515,800 steps   563140 feasible sets         0 orders tried  current cost 3
    W_14: 48585s  110,155,233,400 steps   563311 feasible sets         0 orders tried  current cost 3
    W_14: 48600s  110,189,482,000 steps   563495 feasible sets         0 orders tried  current cost 13
    W_14: 48615s  110,223,764,600 steps   563686 feasible sets         0 orders tried  current cost 11
    W_14: 48630s  110,258,354,000 steps   563869 feasible sets         0 orders tried  current cost 5
    W_14: 48645s  110,292,932,400 steps   564045 feasible sets         0 orders tried  current cost 2
    W_14: 48660s  110,327,411,400 steps   564251 feasible sets         0 orders tried  current cost 5
    W_14: 48675s  110,361,931,800 steps   564463 feasible sets         0 orders tried  current cost 2
    W_14: 48690s  110,396,568,400 steps   564647 feasible sets         0 orders tried  current cost 6
    W_14: 48705s  110,431,113,400 steps   564838 feasible sets         0 orders tried  current cost 2
    W_14: 48720s  110,465,791,600 steps   565036 feasible sets         0 orders tried  current cost 3
    W_14: 48735s  110,500,388,200 steps   565223 feasible sets         0 orders tried  current cost 4
    W_14: 48750s  110,534,953,000 steps   565381 feasible sets         0 orders tried  current cost 3
    W_14: 48765s  110,569,407,800 steps   565586 feasible sets         0 orders tried  current cost 6
    W_14: 48780s  110,604,226,200 steps   565764 feasible sets         0 orders tried  current cost 8
    W_14: 48795s  110,639,461,800 steps   565896 feasible sets         0 orders tried  current cost 15
    W_14: 48810s  110,674,803,000 steps   566108 feasible sets         0 orders tried  current cost 12
    W_14: 48825s  110,709,269,200 steps   566328 feasible sets         0 orders tried  current cost 5
    W_14: 48840s  110,744,056,000 steps   566507 feasible sets         0 orders tried  current cost 4
    W_14: 48855s  110,779,056,200 steps   566698 feasible sets         0 orders tried  current cost 2
    W_14: 48870s  110,813,697,800 steps   566935 feasible sets         0 orders tried  current cost 5
    W_14: 48885s  110,848,670,000 steps   567100 feasible sets         0 orders tried  current cost 4
    W_14: 48900s  110,883,288,600 steps   567255 feasible sets         0 orders tried  current cost 3
    W_14: 48915s  110,918,119,800 steps   567416 feasible sets         0 orders tried  current cost 2
    W_14: 48930s  110,952,891,200 steps   567568 feasible sets         0 orders tried  current cost 2
    W_14: 48945s  110,987,269,400 steps   567739 feasible sets         0 orders tried  current cost 5
    W_14: 48960s  111,021,837,000 steps   567909 feasible sets         0 orders tried  current cost 3
    W_14: 48975s  111,057,172,000 steps   568115 feasible sets         0 orders tried  current cost 1
    W_14: 48990s  111,092,167,400 steps   568284 feasible sets         0 orders tried  current cost 10
    W_14: 49005s  111,126,900,800 steps   568484 feasible sets         0 orders tried  current cost 11
    W_14: 49020s  111,161,631,400 steps   568666 feasible sets         0 orders tried  current cost 3
    W_14: 49035s  111,196,150,200 steps   568885 feasible sets         0 orders tried  current cost 3
    W_14: 49050s  111,231,057,000 steps   569046 feasible sets         0 orders tried  current cost 1
    W_14: 49065s  111,265,778,200 steps   569211 feasible sets         0 orders tried  current cost 2
    W_14: 49080s  111,300,555,400 steps   569384 feasible sets         0 orders tried  current cost 3
    W_14: 49095s  111,335,021,400 steps   569520 feasible sets         0 orders tried  current cost 11
    W_14: 49110s  111,369,740,000 steps   569687 feasible sets         0 orders tried  current cost 4
    W_14: 49125s  111,404,723,200 steps   569864 feasible sets         0 orders tried  current cost 8
    W_14: 49140s  111,440,260,200 steps   570036 feasible sets         0 orders tried  current cost 14
    W_14: 49155s  111,475,004,000 steps   570210 feasible sets         0 orders tried  current cost 10
    W_14: 49170s  111,509,486,400 steps   570391 feasible sets         0 orders tried  current cost 8
    W_14: 49185s  111,544,129,800 steps   570581 feasible sets         0 orders tried  current cost 3
    W_14: 49200s  111,579,047,600 steps   570767 feasible sets         0 orders tried  current cost 8
    W_14: 49215s  111,613,717,800 steps   570975 feasible sets         0 orders tried  current cost 2
    W_14: 49230s  111,648,169,200 steps   571192 feasible sets         0 orders tried  current cost 6
    W_14: 49245s  111,682,903,400 steps   571366 feasible sets         0 orders tried  current cost 11
    W_14: 49260s  111,718,141,000 steps   571557 feasible sets         0 orders tried  current cost 9
    W_14: 49275s  111,752,930,800 steps   571748 feasible sets         0 orders tried  current cost 6
    W_14: 49290s  111,787,507,400 steps   571914 feasible sets         0 orders tried  current cost 7
    W_14: 49305s  111,822,542,600 steps   572084 feasible sets         0 orders tried  current cost 14
    W_14: 49320s  111,857,255,400 steps   572236 feasible sets         0 orders tried  current cost 1
    W_14: 49335s  111,892,129,600 steps   572428 feasible sets         0 orders tried  current cost 3
    W_14: 49350s  111,927,142,800 steps   572659 feasible sets         0 orders tried  current cost 11
    W_14: 49365s  111,961,641,800 steps   572826 feasible sets         0 orders tried  current cost 15
    W_14: 49380s  111,996,060,400 steps   573002 feasible sets         0 orders tried  current cost 15
    W_14: 49395s  112,030,630,200 steps   573179 feasible sets         0 orders tried  current cost 4
    W_14: 49410s  112,065,399,000 steps   573321 feasible sets         0 orders tried  current cost 2
    W_14: 49425s  112,099,798,600 steps   573489 feasible sets         0 orders tried  current cost 2
    W_14: 49440s  112,134,380,800 steps   573705 feasible sets         0 orders tried  current cost 10
    W_14: 49455s  112,169,344,200 steps   573855 feasible sets         0 orders tried  current cost 10
    W_14: 49470s  112,204,349,600 steps   574073 feasible sets         0 orders tried  current cost 5
    W_14: 49485s  112,238,834,000 steps   574236 feasible sets         0 orders tried  current cost 3
    W_14: 49500s  112,273,492,800 steps   574389 feasible sets         0 orders tried  current cost 4
    W_14: 49515s  112,307,948,400 steps   574566 feasible sets         0 orders tried  current cost 5
    W_14: 49530s  112,342,714,000 steps   574758 feasible sets         0 orders tried  current cost 3
    W_14: 49545s  112,377,242,200 steps   574963 feasible sets         0 orders tried  current cost 9
    W_14: 49560s  112,411,621,400 steps   575110 feasible sets         0 orders tried  current cost 13
    W_14: 49575s  112,445,818,200 steps   575310 feasible sets         0 orders tried  current cost 1
    W_14: 49590s  112,480,383,000 steps   575516 feasible sets         0 orders tried  current cost 16
    W_14: 49605s  112,514,913,400 steps   575659 feasible sets         0 orders tried  current cost 2
    W_14: 49620s  112,549,833,600 steps   575823 feasible sets         0 orders tried  current cost 4
    W_14: 49635s  112,584,420,000 steps   576005 feasible sets         0 orders tried  current cost 1
    W_14: 49650s  112,619,083,000 steps   576175 feasible sets         0 orders tried  current cost 8
    W_14: 49665s  112,654,257,400 steps   576384 feasible sets         0 orders tried  current cost 5
    W_14: 49680s  112,689,075,400 steps   576578 feasible sets         0 orders tried  current cost 4
    W_14: 49695s  112,723,823,000 steps   576746 feasible sets         0 orders tried  current cost 12
    W_14: 49710s  112,758,472,000 steps   576880 feasible sets         0 orders tried  current cost 4
    W_14: 49725s  112,793,057,600 steps   577041 feasible sets         0 orders tried  current cost 2
    W_14: 49740s  112,827,949,200 steps   577211 feasible sets         0 orders tried  current cost 3
    W_14: 49755s  112,862,788,200 steps   577394 feasible sets         0 orders tried  current cost 7
    W_14: 49770s  112,897,623,200 steps   577600 feasible sets         0 orders tried  current cost 9
    W_14: 49785s  112,932,731,800 steps   577770 feasible sets         0 orders tried  current cost 5
    W_14: 49800s  112,967,430,000 steps   577949 feasible sets         0 orders tried  current cost 5
    W_14: 49815s  113,001,860,800 steps   578123 feasible sets         0 orders tried  current cost 13
    W_14: 49830s  113,036,440,400 steps   578328 feasible sets         0 orders tried  current cost 17
    W_14: 49845s  113,071,256,600 steps   578496 feasible sets         0 orders tried  current cost 4
    W_14: 49860s  113,105,810,200 steps   578653 feasible sets         0 orders tried  current cost 4
    W_14: 49875s  113,140,378,000 steps   578823 feasible sets         0 orders tried  current cost 2
    W_14: 49890s  113,174,866,000 steps   578996 feasible sets         0 orders tried  current cost 7
    W_14: 49905s  113,209,692,400 steps   579197 feasible sets         0 orders tried  current cost 3
    W_14: 49920s  113,244,407,600 steps   579386 feasible sets         0 orders tried  current cost 7
    W_14: 49935s  113,279,027,400 steps   579578 feasible sets         0 orders tried  current cost 6
    W_14: 49950s  113,314,008,800 steps   579757 feasible sets         0 orders tried  current cost 6
    W_14: 49965s  113,348,629,400 steps   579928 feasible sets         0 orders tried  current cost 5
    W_14: 49980s  113,383,263,600 steps   580126 feasible sets         0 orders tried  current cost 9
    W_14: 49995s  113,418,002,000 steps   580276 feasible sets         0 orders tried  current cost 13
    W_14: 50010s  113,452,587,000 steps   580498 feasible sets         0 orders tried  current cost 6
    W_14: 50025s  113,487,646,000 steps   580621 feasible sets         0 orders tried  current cost 8
    W_14: 50040s  113,522,284,800 steps   580780 feasible sets         0 orders tried  current cost 8
    W_14: 50055s  113,556,980,400 steps   580943 feasible sets         0 orders tried  current cost 14
    W_14: 50070s  113,591,627,800 steps   581112 feasible sets         0 orders tried  current cost 8
    W_14: 50085s  113,626,785,800 steps   581279 feasible sets         0 orders tried  current cost 7
    W_14: 50100s  113,661,499,000 steps   581441 feasible sets         0 orders tried  current cost 2
    W_14: 50115s  113,696,206,400 steps   581578 feasible sets         0 orders tried  current cost 8
    W_14: 50130s  113,731,183,000 steps   581731 feasible sets         0 orders tried  current cost 10
    W_14: 50145s  113,766,153,400 steps   581892 feasible sets         0 orders tried  current cost 1
    W_14: 50160s  113,800,398,400 steps   582071 feasible sets         0 orders tried  current cost 6
    W_14: 50175s  113,835,268,400 steps   582279 feasible sets         0 orders tried  current cost 4
    W_14: 50190s  113,869,827,200 steps   582484 feasible sets         0 orders tried  current cost 3
    W_14: 50205s  113,904,127,600 steps   582638 feasible sets         0 orders tried  current cost 4
    W_14: 50220s  113,938,868,000 steps   582802 feasible sets         0 orders tried  current cost 7
    W_14: 50235s  113,973,495,000 steps   582965 feasible sets         0 orders tried  current cost 3
    W_14: 50250s  114,007,838,600 steps   583145 feasible sets         0 orders tried  current cost 1
    W_14: 50265s  114,042,394,000 steps   583321 feasible sets         0 orders tried  current cost 4
    W_14: 50280s  114,077,166,200 steps   583453 feasible sets         0 orders tried  current cost 6
    W_14: 50295s  114,112,282,800 steps   583663 feasible sets         0 orders tried  current cost 13
    W_14: 50310s  114,147,060,400 steps   583807 feasible sets         0 orders tried  current cost 20
    W_14: 50325s  114,182,190,800 steps   584001 feasible sets         0 orders tried  current cost 4
    W_14: 50340s  114,216,772,600 steps   584157 feasible sets         0 orders tried  current cost 4
    W_14: 50355s  114,251,152,000 steps   584286 feasible sets         0 orders tried  current cost 2
    W_14: 50370s  114,285,785,600 steps   584428 feasible sets         0 orders tried  current cost 8
    W_14: 50385s  114,320,013,800 steps   584625 feasible sets         0 orders tried  current cost 4
    W_14: 50400s  114,354,455,600 steps   584831 feasible sets         0 orders tried  current cost 2
    W_14: 50415s  114,389,207,000 steps   585012 feasible sets         0 orders tried  current cost 9
    W_14: 50430s  114,423,869,000 steps   585172 feasible sets         0 orders tried  current cost 9
    W_14: 50445s  114,458,313,600 steps   585381 feasible sets         0 orders tried  current cost 2
    W_14: 50460s  114,493,460,800 steps   585576 feasible sets         0 orders tried  current cost 15
    W_14: 50475s  114,528,268,600 steps   585750 feasible sets         0 orders tried  current cost 2
    W_14: 50490s  114,563,416,600 steps   585896 feasible sets         0 orders tried  current cost 4
    W_14: 50505s  114,598,469,000 steps   586073 feasible sets         0 orders tried  current cost 3
    W_14: 50520s  114,632,958,000 steps   586230 feasible sets         0 orders tried  current cost 3
    W_14: 50535s  114,667,193,400 steps   586391 feasible sets         0 orders tried  current cost 5
    W_14: 50550s  114,701,985,400 steps   586539 feasible sets         0 orders tried  current cost 9
    W_14: 50565s  114,736,220,000 steps   586723 feasible sets         0 orders tried  current cost 4
    W_14: 50580s  114,770,864,400 steps   586886 feasible sets         0 orders tried  current cost 8
    W_14: 50595s  114,805,820,600 steps   587053 feasible sets         0 orders tried  current cost 21
    W_14: 50610s  114,840,789,200 steps   587193 feasible sets         0 orders tried  current cost 2
    W_14: 50625s  114,876,060,000 steps   587332 feasible sets         0 orders tried  current cost 2
    W_14: 50640s  114,910,904,000 steps   587550 feasible sets         0 orders tried  current cost 14
    W_14: 50655s  114,945,371,800 steps   587702 feasible sets         0 orders tried  current cost 5
    W_14: 50670s  114,980,148,600 steps   587885 feasible sets         0 orders tried  current cost 4
    W_14: 50685s  115,015,392,000 steps   588070 feasible sets         0 orders tried  current cost 6
    W_14: 50700s  115,049,936,000 steps   588219 feasible sets         0 orders tried  current cost 3
    W_14: 50715s  115,084,539,400 steps   588389 feasible sets         0 orders tried  current cost 2
    W_14: 50730s  115,119,371,200 steps   588559 feasible sets         0 orders tried  current cost 5
    W_14: 50745s  115,154,076,800 steps   588717 feasible sets         0 orders tried  current cost 3
    W_14: 50760s  115,188,912,400 steps   588894 feasible sets         0 orders tried  current cost 4
    W_14: 50775s  115,224,125,200 steps   589094 feasible sets         0 orders tried  current cost 9
    W_14: 50790s  115,258,918,200 steps   589303 feasible sets         0 orders tried  current cost 3
    W_14: 50805s  115,293,455,200 steps   589507 feasible sets         0 orders tried  current cost 4
    W_14: 50820s  115,328,077,200 steps   589682 feasible sets         0 orders tried  current cost 4
    W_14: 50835s  115,362,701,600 steps   589837 feasible sets         0 orders tried  current cost 14
    W_14: 50850s  115,397,297,200 steps   590000 feasible sets         0 orders tried  current cost 1
    W_14: 50865s  115,432,014,000 steps   590193 feasible sets         0 orders tried  current cost 3
    W_14: 50880s  115,466,487,800 steps   590343 feasible sets         0 orders tried  current cost 9
    W_14: 50895s  115,501,170,600 steps   590501 feasible sets         0 orders tried  current cost 2
    W_14: 50910s  115,536,023,400 steps   590700 feasible sets         0 orders tried  current cost 13
    W_14: 50925s  115,571,123,200 steps   590842 feasible sets         0 orders tried  current cost 11
    W_14: 50940s  115,606,030,400 steps   591000 feasible sets         0 orders tried  current cost 6
    W_14: 50955s  115,641,142,400 steps   591184 feasible sets         0 orders tried  current cost 14
    W_14: 50970s  115,675,684,600 steps   591373 feasible sets         0 orders tried  current cost 9
    W_14: 50985s  115,710,545,800 steps   591554 feasible sets         0 orders tried  current cost 8
    W_14: 51000s  115,745,383,400 steps   591739 feasible sets         0 orders tried  current cost 12
    W_14: 51015s  115,779,726,000 steps   591917 feasible sets         0 orders tried  current cost 6
    W_14: 51030s  115,814,292,200 steps   592099 feasible sets         0 orders tried  current cost 3
    W_14: 51045s  115,848,927,800 steps   592229 feasible sets         0 orders tried  current cost 5
    W_14: 51060s  115,883,605,800 steps   592415 feasible sets         0 orders tried  current cost 8
    W_14: 51075s  115,918,742,200 steps   592548 feasible sets         0 orders tried  current cost 18
    W_14: 51090s  115,953,356,400 steps   592759 feasible sets         0 orders tried  current cost 3
    W_14: 51105s  115,987,933,200 steps   592946 feasible sets         0 orders tried  current cost 3
    W_14: 51120s  116,022,735,000 steps   593102 feasible sets         0 orders tried  current cost 3
    W_14: 51135s  116,057,837,200 steps   593253 feasible sets         0 orders tried  current cost 3
    W_14: 51150s  116,092,441,400 steps   593446 feasible sets         0 orders tried  current cost 9
    W_14: 51165s  116,127,214,400 steps   593634 feasible sets         0 orders tried  current cost 3
    W_14: 51180s  116,161,944,000 steps   593788 feasible sets         0 orders tried  current cost 7
    W_14: 51195s  116,196,532,400 steps   593985 feasible sets         0 orders tried  current cost 1
    W_14: 51210s  116,231,110,600 steps   594187 feasible sets         0 orders tried  current cost 8
    W_14: 51225s  116,266,010,800 steps   594348 feasible sets         0 orders tried  current cost 4
    W_14: 51240s  116,300,946,600 steps   594505 feasible sets         0 orders tried  current cost 7
    W_14: 51255s  116,335,929,600 steps   594699 feasible sets         0 orders tried  current cost 5
    W_14: 51270s  116,370,762,400 steps   594871 feasible sets         0 orders tried  current cost 8
    W_14: 51285s  116,405,662,800 steps   595081 feasible sets         0 orders tried  current cost 8
    W_14: 51300s  116,440,762,000 steps   595242 feasible sets         0 orders tried  current cost 10
    W_14: 51315s  116,475,219,200 steps   595427 feasible sets         0 orders tried  current cost 1
    W_14: 51330s  116,510,114,800 steps   595590 feasible sets         0 orders tried  current cost 3
    W_14: 51345s  116,544,725,600 steps   595783 feasible sets         0 orders tried  current cost 8
    W_14: 51360s  116,579,290,400 steps   595950 feasible sets         0 orders tried  current cost 3
    W_14: 51375s  116,613,525,200 steps   596123 feasible sets         0 orders tried  current cost 11
    W_14: 51390s  116,648,335,200 steps   596290 feasible sets         0 orders tried  current cost 1
    W_14: 51405s  116,683,263,400 steps   596483 feasible sets         0 orders tried  current cost 7
    W_14: 51420s  116,718,529,600 steps   596643 feasible sets         0 orders tried  current cost 5
    W_14: 51435s  116,753,296,000 steps   596856 feasible sets         0 orders tried  current cost 3
    W_14: 51450s  116,788,448,600 steps   597044 feasible sets         0 orders tried  current cost 8
    W_14: 51465s  116,823,591,400 steps   597239 feasible sets         0 orders tried  current cost 5
    W_14: 51480s  116,858,129,400 steps   597419 feasible sets         0 orders tried  current cost 6
    W_14: 51495s  116,892,111,200 steps   597594 feasible sets         0 orders tried  current cost 5
    W_14: 51510s  116,926,685,400 steps   597778 feasible sets         0 orders tried  current cost 8
    W_14: 51525s  116,961,093,200 steps   597969 feasible sets         0 orders tried  current cost 1
    W_14: 51540s  116,995,551,000 steps   598176 feasible sets         0 orders tried  current cost 2
    W_14: 51555s  117,030,296,000 steps   598347 feasible sets         0 orders tried  current cost 4
    W_14: 51570s  117,064,831,200 steps   598524 feasible sets         0 orders tried  current cost 4
    W_14: 51585s  117,099,736,000 steps   598652 feasible sets         0 orders tried  current cost 3
    W_14: 51600s  117,134,655,600 steps   598817 feasible sets         0 orders tried  current cost 3
    W_14: 51615s  117,169,453,400 steps   598954 feasible sets         0 orders tried  current cost 4
    W_14: 51630s  117,204,708,400 steps   599071 feasible sets         0 orders tried  current cost 5
    W_14: 51645s  117,239,301,200 steps   599243 feasible sets         0 orders tried  current cost 14
    W_14: 51660s  117,274,348,200 steps   599403 feasible sets         0 orders tried  current cost 5
    W_14: 51675s  117,308,841,800 steps   599543 feasible sets         0 orders tried  current cost 14
    W_14: 51690s  117,343,187,400 steps   599749 feasible sets         0 orders tried  current cost 7
    W_14: 51705s  117,378,091,000 steps   599944 feasible sets         0 orders tried  current cost 3
    W_14: 51720s  117,412,703,000 steps   600108 feasible sets         0 orders tried  current cost 11
    W_14: 51735s  117,446,914,400 steps   600281 feasible sets         0 orders tried  current cost 1
    W_14: 51750s  117,481,588,000 steps   600476 feasible sets         0 orders tried  current cost 2
    W_14: 51765s  117,516,671,200 steps   600621 feasible sets         0 orders tried  current cost 4
    W_14: 51780s  117,551,588,000 steps   600750 feasible sets         0 orders tried  current cost 5
    W_14: 51795s  117,586,409,400 steps   600944 feasible sets         0 orders tried  current cost 6
    W_14: 51810s  117,620,760,800 steps   601130 feasible sets         0 orders tried  current cost 18
    W_14: 51825s  117,655,168,000 steps   601346 feasible sets         0 orders tried  current cost 7
    W_14: 51840s  117,689,625,400 steps   601531 feasible sets         0 orders tried  current cost 8
    W_14: 51855s  117,724,528,400 steps   601696 feasible sets         0 orders tried  current cost 4
    W_14: 51870s  117,759,200,200 steps   601839 feasible sets         0 orders tried  current cost 14
    W_14: 51885s  117,793,962,000 steps   602029 feasible sets         0 orders tried  current cost 12
    W_14: 51900s  117,828,486,800 steps   602191 feasible sets         0 orders tried  current cost 7
    W_14: 51915s  117,863,135,200 steps   602348 feasible sets         0 orders tried  current cost 4
    W_14: 51930s  117,897,790,600 steps   602526 feasible sets         0 orders tried  current cost 5
    W_14: 51945s  117,932,140,200 steps   602720 feasible sets         0 orders tried  current cost 8
    W_14: 51960s  117,966,645,000 steps   602897 feasible sets         0 orders tried  current cost 5
    W_14: 51975s  118,001,678,800 steps   603104 feasible sets         0 orders tried  current cost 2
    W_14: 51990s  118,036,458,000 steps   603261 feasible sets         0 orders tried  current cost 3
    W_14: 52005s  118,071,335,400 steps   603464 feasible sets         0 orders tried  current cost 2
    W_14: 52020s  118,106,243,400 steps   603647 feasible sets         0 orders tried  current cost 11
    W_14: 52035s  118,140,811,800 steps   603803 feasible sets         0 orders tried  current cost 3
    W_14: 52050s  118,175,788,800 steps   603997 feasible sets         0 orders tried  current cost 6
    W_14: 52065s  118,210,855,600 steps   604171 feasible sets         0 orders tried  current cost 4
    W_14: 52080s  118,245,703,600 steps   604365 feasible sets         0 orders tried  current cost 12
    W_14: 52095s  118,280,175,600 steps   604520 feasible sets         0 orders tried  current cost 2
    W_14: 52110s  118,314,131,600 steps   604710 feasible sets         0 orders tried  current cost 5
    W_14: 52125s  118,349,211,200 steps   604890 feasible sets         0 orders tried  current cost 3
    W_14: 52140s  118,383,912,000 steps   605051 feasible sets         0 orders tried  current cost 2
    W_14: 52155s  118,418,514,600 steps   605221 feasible sets         0 orders tried  current cost 3
    W_14: 52170s  118,452,844,800 steps   605372 feasible sets         0 orders tried  current cost 7
    W_14: 52185s  118,487,301,600 steps   605577 feasible sets         0 orders tried  current cost 11
    W_14: 52200s  118,521,682,200 steps   605755 feasible sets         0 orders tried  current cost 11
    W_14: 52215s  118,556,289,600 steps   605947 feasible sets         0 orders tried  current cost 3
    W_14: 52230s  118,590,673,000 steps   606136 feasible sets         0 orders tried  current cost 4
    W_14: 52245s  118,625,685,400 steps   606322 feasible sets         0 orders tried  current cost 6
    W_14: 52260s  118,660,585,000 steps   606534 feasible sets         0 orders tried  current cost 7
    W_14: 52275s  118,695,757,400 steps   606693 feasible sets         0 orders tried  current cost 3
    W_14: 52290s  118,730,773,200 steps   606864 feasible sets         0 orders tried  current cost 3
    W_14: 52305s  118,764,755,600 steps   607040 feasible sets         0 orders tried  current cost 5
    W_14: 52320s  118,799,849,000 steps   607251 feasible sets         0 orders tried  current cost 5
    W_14: 52335s  118,834,185,600 steps   607400 feasible sets         0 orders tried  current cost 8
    W_14: 52350s  118,869,053,400 steps   607591 feasible sets         0 orders tried  current cost 3
    W_14: 52365s  118,903,467,200 steps   607785 feasible sets         0 orders tried  current cost 6
    W_14: 52380s  118,938,441,400 steps   607992 feasible sets         0 orders tried  current cost 12
    W_14: 52395s  118,973,586,400 steps   608148 feasible sets         0 orders tried  current cost 12
    W_14: 52410s  119,008,609,200 steps   608327 feasible sets         0 orders tried  current cost 4
    W_14: 52425s  119,043,386,800 steps   608534 feasible sets         0 orders tried  current cost 4
    W_14: 52440s  119,078,230,600 steps   608743 feasible sets         0 orders tried  current cost 5
    W_14: 52455s  119,112,675,200 steps   608926 feasible sets         0 orders tried  current cost 2
    W_14: 52470s  119,147,507,000 steps   609105 feasible sets         0 orders tried  current cost 5
    W_14: 52485s  119,182,462,200 steps   609301 feasible sets         0 orders tried  current cost 8
    W_14: 52500s  119,217,171,000 steps   609460 feasible sets         0 orders tried  current cost 2
    W_14: 52515s  119,252,421,600 steps   609631 feasible sets         0 orders tried  current cost 16
    W_14: 52530s  119,286,915,200 steps   609798 feasible sets         0 orders tried  current cost 4
    W_14: 52545s  119,321,736,200 steps   609981 feasible sets         0 orders tried  current cost 1
    W_14: 52560s  119,356,273,400 steps   610159 feasible sets         0 orders tried  current cost 2
    W_14: 52575s  119,390,708,400 steps   610394 feasible sets         0 orders tried  current cost 4
    W_14: 52590s  119,425,801,600 steps   610573 feasible sets         0 orders tried  current cost 12
    W_14: 52605s  119,460,869,400 steps   610737 feasible sets         0 orders tried  current cost 3
    W_14: 52620s  119,496,323,600 steps   610923 feasible sets         0 orders tried  current cost 4
    W_14: 52635s  119,531,179,400 steps   611131 feasible sets         0 orders tried  current cost 4
    W_14: 52650s  119,565,967,000 steps   611319 feasible sets         0 orders tried  current cost 4
    W_14: 52665s  119,600,400,600 steps   611498 feasible sets         0 orders tried  current cost 12
    W_14: 52680s  119,635,167,600 steps   611712 feasible sets         0 orders tried  current cost 6
    W_14: 52695s  119,669,639,800 steps   611894 feasible sets         0 orders tried  current cost 1
    W_14: 52710s  119,704,266,800 steps   612044 feasible sets         0 orders tried  current cost 6
    W_14: 52725s  119,738,924,200 steps   612226 feasible sets         0 orders tried  current cost 13
    W_14: 52740s  119,774,103,600 steps   612370 feasible sets         0 orders tried  current cost 9
    W_14: 52755s  119,808,865,600 steps   612522 feasible sets         0 orders tried  current cost 7
    W_14: 52770s  119,843,896,400 steps   612704 feasible sets         0 orders tried  current cost 4
    W_14: 52785s  119,878,408,800 steps   612910 feasible sets         0 orders tried  current cost 5
    W_14: 52800s  119,913,031,600 steps   613062 feasible sets         0 orders tried  current cost 4
    W_14: 52815s  119,947,576,200 steps   613250 feasible sets         0 orders tried  current cost 3
    W_14: 52830s  119,982,304,000 steps   613390 feasible sets         0 orders tried  current cost 9
    W_14: 52845s  120,016,790,800 steps   613554 feasible sets         0 orders tried  current cost 4
    W_14: 52860s  120,051,899,200 steps   613748 feasible sets         0 orders tried  current cost 3
    W_14: 52875s  120,086,483,400 steps   613909 feasible sets         0 orders tried  current cost 9
    W_14: 52890s  120,121,489,600 steps   614063 feasible sets         0 orders tried  current cost 3
    W_14: 52905s  120,156,234,200 steps   614213 feasible sets         0 orders tried  current cost 3
    W_14: 52920s  120,191,217,600 steps   614385 feasible sets         0 orders tried  current cost 2
    W_14: 52935s  120,225,863,000 steps   614575 feasible sets         0 orders tried  current cost 15
    W_14: 52950s  120,260,966,800 steps   614742 feasible sets         0 orders tried  current cost 4
    W_14: 52965s  120,295,995,800 steps   614928 feasible sets         0 orders tried  current cost 3
    W_14: 52980s  120,330,146,200 steps   615097 feasible sets         0 orders tried  current cost 9
    W_14: 52995s  120,364,863,600 steps   615262 feasible sets         0 orders tried  current cost 10
    W_14: 53010s  120,399,189,400 steps   615443 feasible sets         0 orders tried  current cost 3
    W_14: 53025s  120,433,647,600 steps   615590 feasible sets         0 orders tried  current cost 5
    W_14: 53040s  120,468,345,800 steps   615744 feasible sets         0 orders tried  current cost 7
    W_14: 53055s  120,502,609,200 steps   615937 feasible sets         0 orders tried  current cost 4
    W_14: 53070s  120,537,618,200 steps   616093 feasible sets         0 orders tried  current cost 3
    W_14: 53085s  120,572,356,800 steps   616272 feasible sets         0 orders tried  current cost 3
    W_14: 53100s  120,607,454,800 steps   616449 feasible sets         0 orders tried  current cost 2
    W_14: 53115s  120,642,101,400 steps   616642 feasible sets         0 orders tried  current cost 13
    W_14: 53130s  120,676,643,200 steps   616784 feasible sets         0 orders tried  current cost 11
    W_14: 53145s  120,711,170,600 steps   616996 feasible sets         0 orders tried  current cost 4
    W_14: 53160s  120,745,796,800 steps   617168 feasible sets         0 orders tried  current cost 4
    W_14: 53175s  120,780,345,200 steps   617305 feasible sets         0 orders tried  current cost 7
    W_14: 53190s  120,815,122,800 steps   617454 feasible sets         0 orders tried  current cost 10
    W_14: 53205s  120,849,935,800 steps   617587 feasible sets         0 orders tried  current cost 4
    W_14: 53220s  120,884,632,400 steps   617750 feasible sets         0 orders tried  current cost 2
    W_14: 53235s  120,919,045,600 steps   617907 feasible sets         0 orders tried  current cost 9
    W_14: 53250s  120,954,089,400 steps   618081 feasible sets         0 orders tried  current cost 7
    W_14: 53265s  120,988,883,000 steps   618270 feasible sets         0 orders tried  current cost 9
    W_14: 53280s  121,023,550,400 steps   618458 feasible sets         0 orders tried  current cost 4
    W_14: 53295s  121,058,499,600 steps   618654 feasible sets         0 orders tried  current cost 3
    W_14: 53310s  121,093,561,800 steps   618836 feasible sets         0 orders tried  current cost 10
    W_14: 53325s  121,128,192,200 steps   619042 feasible sets         0 orders tried  current cost 3
    W_14: 53340s  121,162,552,400 steps   619206 feasible sets         0 orders tried  current cost 2
    W_14: 53355s  121,197,218,200 steps   619391 feasible sets         0 orders tried  current cost 5
    W_14: 53370s  121,231,703,400 steps   619591 feasible sets         0 orders tried  current cost 11
    W_14: 53385s  121,266,389,400 steps   619804 feasible sets         0 orders tried  current cost 5
    W_14: 53400s  121,301,517,000 steps   619972 feasible sets         0 orders tried  current cost 4
    W_14: 53415s  121,336,121,000 steps   620185 feasible sets         0 orders tried  current cost 16
    W_14: 53430s  121,371,086,200 steps   620364 feasible sets         0 orders tried  current cost 7
    W_14: 53445s  121,405,784,600 steps   620529 feasible sets         0 orders tried  current cost 8
    W_14: 53460s  121,440,622,800 steps   620666 feasible sets         0 orders tried  current cost 7
    W_14: 53475s  121,475,541,400 steps   620861 feasible sets         0 orders tried  current cost 12
    W_14: 53490s  121,509,983,800 steps   621064 feasible sets         0 orders tried  current cost 12
    W_14: 53505s  121,544,817,200 steps   621265 feasible sets         0 orders tried  current cost 4
    W_14: 53520s  121,579,485,800 steps   621425 feasible sets         0 orders tried  current cost 7
    W_14: 53535s  121,614,012,600 steps   621608 feasible sets         0 orders tried  current cost 3
    W_14: 53550s  121,648,445,800 steps   621774 feasible sets         0 orders tried  current cost 5
    W_14: 53565s  121,682,893,000 steps   621935 feasible sets         0 orders tried  current cost 5
    W_14: 53580s  121,717,612,200 steps   622096 feasible sets         0 orders tried  current cost 4
    W_14: 53595s  121,752,146,200 steps   622263 feasible sets         0 orders tried  current cost 8
    W_14: 53610s  121,786,662,600 steps   622435 feasible sets         0 orders tried  current cost 9
    W_14: 53625s  121,821,090,800 steps   622565 feasible sets         0 orders tried  current cost 3
    W_14: 53640s  121,855,958,400 steps   622752 feasible sets         0 orders tried  current cost 1
    W_14: 53655s  121,890,811,400 steps   622940 feasible sets         0 orders tried  current cost 4
    W_14: 53670s  121,925,586,800 steps   623109 feasible sets         0 orders tried  current cost 5
    W_14: 53685s  121,960,066,800 steps   623296 feasible sets         0 orders tried  current cost 5
    W_14: 53700s  121,994,751,400 steps   623456 feasible sets         0 orders tried  current cost 5
    W_14: 53715s  122,028,959,600 steps   623644 feasible sets         0 orders tried  current cost 4
    W_14: 53730s  122,063,480,200 steps   623812 feasible sets         0 orders tried  current cost 13
    W_14: 53745s  122,098,288,800 steps   623984 feasible sets         0 orders tried  current cost 7
    W_14: 53760s  122,133,039,400 steps   624160 feasible sets         0 orders tried  current cost 1
    W_14: 53775s  122,167,285,000 steps   624338 feasible sets         0 orders tried  current cost 12
    W_14: 53790s  122,200,312,000 steps   624500 feasible sets         0 orders tried  current cost 5
    W_14: 53805s  122,234,715,600 steps   624704 feasible sets         0 orders tried  current cost 3
    W_14: 53820s  122,269,031,400 steps   624908 feasible sets         0 orders tried  current cost 2
    W_14: 53835s  122,303,579,200 steps   625100 feasible sets         0 orders tried  current cost 3
    W_14: 53850s  122,337,254,600 steps   625257 feasible sets         0 orders tried  current cost 4
    W_14: 53865s  122,371,927,400 steps   625444 feasible sets         0 orders tried  current cost 5
    W_14: 53880s  122,406,351,200 steps   625615 feasible sets         0 orders tried  current cost 4
    W_14: 53895s  122,441,209,000 steps   625786 feasible sets         0 orders tried  current cost 5
    W_14: 53910s  122,475,060,200 steps   625965 feasible sets         0 orders tried  current cost 16
    W_14: 53925s  122,509,639,800 steps   626122 feasible sets         0 orders tried  current cost 2
    W_14: 53940s  122,543,902,200 steps   626252 feasible sets         0 orders tried  current cost 10
    W_14: 53955s  122,578,438,200 steps   626408 feasible sets         0 orders tried  current cost 3
    W_14: 53970s  122,612,638,000 steps   626582 feasible sets         0 orders tried  current cost 3
    W_14: 53985s  122,647,055,800 steps   626762 feasible sets         0 orders tried  current cost 5
    W_14: 54000s  122,681,698,200 steps   626923 feasible sets         0 orders tried  current cost 4
    W_14: 54015s  122,715,942,400 steps   627096 feasible sets         0 orders tried  current cost 14
    W_14: 54030s  122,750,043,000 steps   627296 feasible sets         0 orders tried  current cost 11
    W_14: 54045s  122,784,331,400 steps   627464 feasible sets         0 orders tried  current cost 4
    W_14: 54060s  122,818,265,600 steps   627648 feasible sets         0 orders tried  current cost 13
    W_14: 54075s  122,850,493,000 steps   627826 feasible sets         0 orders tried  current cost 3
    W_14: 54090s  122,883,989,600 steps   627992 feasible sets         0 orders tried  current cost 1
    W_14: 54105s  122,918,268,800 steps   628130 feasible sets         0 orders tried  current cost 5
    W_14: 54120s  122,952,769,400 steps   628285 feasible sets         0 orders tried  current cost 5
    W_14: 54135s  122,987,246,800 steps   628477 feasible sets         0 orders tried  current cost 6
    W_14: 54150s  123,021,663,200 steps   628682 feasible sets         0 orders tried  current cost 12
    W_14: 54165s  123,056,138,800 steps   628837 feasible sets         0 orders tried  current cost 3
    W_14: 54180s  123,090,519,000 steps   628980 feasible sets         0 orders tried  current cost 4
    W_14: 54195s  123,124,552,000 steps   629202 feasible sets         0 orders tried  current cost 1
    W_14: 54210s  123,158,574,600 steps   629390 feasible sets         0 orders tried  current cost 4
    W_14: 54225s  123,192,422,200 steps   629558 feasible sets         0 orders tried  current cost 12
    W_14: 54240s  123,226,529,800 steps   629711 feasible sets         0 orders tried  current cost 3
    W_14: 54255s  123,260,287,200 steps   629877 feasible sets         0 orders tried  current cost 10
    W_14: 54270s  123,294,339,200 steps   630032 feasible sets         0 orders tried  current cost 2
    W_14: 54285s  123,328,331,600 steps   630176 feasible sets         0 orders tried  current cost 6
    W_14: 54300s  123,362,387,800 steps   630333 feasible sets         0 orders tried  current cost 4
    W_14: 54315s  123,396,095,600 steps   630485 feasible sets         0 orders tried  current cost 2
    W_14: 54330s  123,429,707,200 steps   630646 feasible sets         0 orders tried  current cost 8
    W_14: 54345s  123,463,738,400 steps   630842 feasible sets         0 orders tried  current cost 4
    W_14: 54360s  123,496,712,000 steps   630968 feasible sets         0 orders tried  current cost 3
    W_14: 54375s  123,527,951,200 steps   631146 feasible sets         0 orders tried  current cost 4
    W_14: 54390s  123,561,630,000 steps   631320 feasible sets         0 orders tried  current cost 5
    W_14: 54405s  123,595,715,800 steps   631478 feasible sets         0 orders tried  current cost 5
    W_14: 54420s  123,630,126,400 steps   631649 feasible sets         0 orders tried  current cost 8
    W_14: 54435s  123,664,030,000 steps   631847 feasible sets         0 orders tried  current cost 5
    W_14: 54450s  123,698,436,800 steps   632053 feasible sets         0 orders tried  current cost 2
    W_14: 54465s  123,732,841,000 steps   632225 feasible sets         0 orders tried  current cost 7
    W_14: 54480s  123,766,435,800 steps   632420 feasible sets         0 orders tried  current cost 5
    W_14: 54495s  123,800,618,400 steps   632571 feasible sets         0 orders tried  current cost 2
    W_14: 54510s  123,834,590,200 steps   632761 feasible sets         0 orders tried  current cost 4
    W_14: 54525s  123,868,958,000 steps   632965 feasible sets         0 orders tried  current cost 3
    W_14: 54540s  123,903,293,600 steps   633130 feasible sets         0 orders tried  current cost 5
    W_14: 54555s  123,937,773,000 steps   633295 feasible sets         0 orders tried  current cost 2
    W_14: 54570s  123,971,781,800 steps   633476 feasible sets         0 orders tried  current cost 7
    W_14: 54585s  124,006,330,200 steps   633658 feasible sets         0 orders tried  current cost 3
    W_14: 54600s  124,040,094,800 steps   633806 feasible sets         0 orders tried  current cost 3
    W_14: 54615s  124,074,365,600 steps   633985 feasible sets         0 orders tried  current cost 7
    W_14: 54630s  124,109,060,200 steps   634199 feasible sets         0 orders tried  current cost 14
    W_14: 54645s  124,143,325,400 steps   634365 feasible sets         0 orders tried  current cost 9
    W_14: 54660s  124,177,274,400 steps   634496 feasible sets         0 orders tried  current cost 2
    W_14: 54675s  124,211,177,400 steps   634656 feasible sets         0 orders tried  current cost 2
    W_14: 54690s  124,245,362,400 steps   634871 feasible sets         0 orders tried  current cost 9
    W_14: 54705s  124,279,954,000 steps   635082 feasible sets         0 orders tried  current cost 4
    W_14: 54720s  124,314,488,600 steps   635273 feasible sets         0 orders tried  current cost 4
    W_14: 54735s  124,348,243,200 steps   635422 feasible sets         0 orders tried  current cost 11
    W_14: 54750s  124,382,548,200 steps   635598 feasible sets         0 orders tried  current cost 6
    W_14: 54765s  124,415,829,000 steps   635759 feasible sets         0 orders tried  current cost 4
    W_14: 54780s  124,447,306,000 steps   635924 feasible sets         0 orders tried  current cost 10
    W_14: 54795s  124,481,403,800 steps   636119 feasible sets         0 orders tried  current cost 8
    W_14: 54810s  124,515,981,200 steps   636296 feasible sets         0 orders tried  current cost 15
    W_14: 54825s  124,550,178,800 steps   636484 feasible sets         0 orders tried  current cost 1
    W_14: 54840s  124,584,289,400 steps   636644 feasible sets         0 orders tried  current cost 3
    W_14: 54855s  124,618,632,000 steps   636874 feasible sets         0 orders tried  current cost 4
    W_14: 54870s  124,652,938,200 steps   637053 feasible sets         0 orders tried  current cost 4
    W_14: 54885s  124,687,300,400 steps   637239 feasible sets         0 orders tried  current cost 12
    W_14: 54900s  124,721,813,800 steps   637437 feasible sets         0 orders tried  current cost 2
    W_14: 54915s  124,755,953,400 steps   637624 feasible sets         0 orders tried  current cost 2
    W_14: 54930s  124,790,311,600 steps   637788 feasible sets         0 orders tried  current cost 4
    W_14: 54945s  124,823,915,200 steps   637972 feasible sets         0 orders tried  current cost 3
    W_14: 54960s  124,857,487,600 steps   638110 feasible sets         0 orders tried  current cost 6
    W_14: 54975s  124,891,159,800 steps   638280 feasible sets         0 orders tried  current cost 4
    W_14: 54990s  124,924,065,200 steps   638445 feasible sets         0 orders tried  current cost 8
    W_14: 55005s  124,954,435,000 steps   638584 feasible sets         0 orders tried  current cost 2
    W_14: 55020s  124,985,200,400 steps   638755 feasible sets         0 orders tried  current cost 9
    W_14: 55035s  125,018,531,600 steps   638912 feasible sets         0 orders tried  current cost 4
    W_14: 55050s  125,052,523,800 steps   639068 feasible sets         0 orders tried  current cost 11
    W_14: 55065s  125,086,443,200 steps   639304 feasible sets         0 orders tried  current cost 5
    W_14: 55080s  125,120,603,000 steps   639503 feasible sets         0 orders tried  current cost 8
    W_14: 55095s  125,154,472,800 steps   639694 feasible sets         0 orders tried  current cost 1
    W_14: 55110s  125,188,112,800 steps   639839 feasible sets         0 orders tried  current cost 4
    W_14: 55125s  125,222,217,400 steps   640024 feasible sets         0 orders tried  current cost 1
    W_14: 55140s  125,256,007,600 steps   640212 feasible sets         0 orders tried  current cost 6
    W_14: 55155s  125,288,843,600 steps   640381 feasible sets         0 orders tried  current cost 15
    W_14: 55170s  125,323,404,400 steps   640586 feasible sets         0 orders tried  current cost 7
    W_14: 55185s  125,358,673,600 steps   640796 feasible sets         0 orders tried  current cost 4
    W_14: 55200s  125,394,263,000 steps   640967 feasible sets         0 orders tried  current cost 10
    W_14: 55215s  125,429,487,200 steps   641164 feasible sets         0 orders tried  current cost 7
    W_14: 55230s  125,464,767,600 steps   641364 feasible sets         0 orders tried  current cost 7
    W_14: 55245s  125,500,169,600 steps   641549 feasible sets         0 orders tried  current cost 8
    W_14: 55260s  125,535,415,400 steps   641701 feasible sets         0 orders tried  current cost 1
    W_14: 55275s  125,570,377,200 steps   641840 feasible sets         0 orders tried  current cost 4
    W_14: 55290s  125,604,982,800 steps   642014 feasible sets         0 orders tried  current cost 9
    W_14: 55305s  125,640,073,800 steps   642179 feasible sets         0 orders tried  current cost 3
    W_14: 55320s  125,675,267,400 steps   642360 feasible sets         0 orders tried  current cost 6
    W_14: 55335s  125,710,391,200 steps   642546 feasible sets         0 orders tried  current cost 3
    W_14: 55350s  125,745,734,200 steps   642726 feasible sets         0 orders tried  current cost 3
    W_14: 55365s  125,780,609,400 steps   642918 feasible sets         0 orders tried  current cost 5
    W_14: 55380s  125,815,905,200 steps   643121 feasible sets         0 orders tried  current cost 11
    W_14: 55395s  125,851,207,600 steps   643297 feasible sets         0 orders tried  current cost 6
    W_14: 55410s  125,886,562,200 steps   643489 feasible sets         0 orders tried  current cost 9
    W_14: 55425s  125,921,737,000 steps   643653 feasible sets         0 orders tried  current cost 3
    W_14: 55440s  125,956,786,000 steps   643853 feasible sets         0 orders tried  current cost 7
    W_14: 55455s  125,992,198,800 steps   644057 feasible sets         0 orders tried  current cost 3
    W_14: 55470s  126,027,286,000 steps   644232 feasible sets         0 orders tried  current cost 6
    W_14: 55485s  126,062,351,000 steps   644411 feasible sets         0 orders tried  current cost 3
    W_14: 55500s  126,097,907,600 steps   644573 feasible sets         0 orders tried  current cost 6
    W_14: 55515s  126,132,134,000 steps   644756 feasible sets         0 orders tried  current cost 4
    W_14: 55530s  126,167,271,800 steps   644918 feasible sets         0 orders tried  current cost 3
    W_14: 55545s  126,202,230,200 steps   645090 feasible sets         0 orders tried  current cost 1
    W_14: 55560s  126,237,257,800 steps   645250 feasible sets         0 orders tried  current cost 2
    W_14: 55575s  126,272,701,600 steps   645452 feasible sets         0 orders tried  current cost 14
    W_14: 55590s  126,307,456,000 steps   645621 feasible sets         0 orders tried  current cost 2
    W_14: 55605s  126,342,500,200 steps   645805 feasible sets         0 orders tried  current cost 14
    W_14: 55620s  126,377,793,600 steps   645968 feasible sets         0 orders tried  current cost 6
    W_14: 55635s  126,412,895,200 steps   646131 feasible sets         0 orders tried  current cost 5
    W_14: 55650s  126,447,999,600 steps   646305 feasible sets         0 orders tried  current cost 1
    W_14: 55665s  126,483,068,600 steps   646488 feasible sets         0 orders tried  current cost 6
    W_14: 55680s  126,518,373,200 steps   646652 feasible sets         0 orders tried  current cost 4
    W_14: 55695s  126,553,877,000 steps   646838 feasible sets         0 orders tried  current cost 3
    W_14: 55710s  126,588,860,000 steps   647010 feasible sets         0 orders tried  current cost 3
    W_14: 55725s  126,624,237,400 steps   647185 feasible sets         0 orders tried  current cost 4
    W_14: 55740s  126,659,488,000 steps   647353 feasible sets         0 orders tried  current cost 6
    W_14: 55755s  126,694,658,600 steps   647511 feasible sets         0 orders tried  current cost 3
    W_14: 55770s  126,730,229,000 steps   647718 feasible sets         0 orders tried  current cost 8
    W_14: 55785s  126,765,068,200 steps   647851 feasible sets         0 orders tried  current cost 5
    W_14: 55800s  126,800,037,400 steps   648020 feasible sets         0 orders tried  current cost 3
    W_14: 55815s  126,835,547,000 steps   648189 feasible sets         0 orders tried  current cost 4
    W_14: 55830s  126,870,801,800 steps   648362 feasible sets         0 orders tried  current cost 15
    W_14: 55845s  126,906,184,400 steps   648490 feasible sets         0 orders tried  current cost 10
    W_14: 55860s  126,941,220,400 steps   648656 feasible sets         0 orders tried  current cost 12
    W_14: 55875s  126,976,319,200 steps   648856 feasible sets         0 orders tried  current cost 5
    W_14: 55890s  127,011,340,800 steps   649022 feasible sets         0 orders tried  current cost 12
    W_14: 55905s  127,046,350,200 steps   649205 feasible sets         0 orders tried  current cost 5
    W_14: 55920s  127,081,305,800 steps   649359 feasible sets         0 orders tried  current cost 9
    W_14: 55935s  127,116,719,800 steps   649565 feasible sets         0 orders tried  current cost 3
    W_14: 55950s  127,151,110,600 steps   649709 feasible sets         0 orders tried  current cost 4
    W_14: 55965s  127,185,832,600 steps   649881 feasible sets         0 orders tried  current cost 4
    W_14: 55980s  127,220,849,000 steps   650048 feasible sets         0 orders tried  current cost 5
    W_14: 55995s  127,256,180,000 steps   650254 feasible sets         0 orders tried  current cost 1
    W_14: 56010s  127,291,321,800 steps   650425 feasible sets         0 orders tried  current cost 16
    W_14: 56025s  127,326,515,600 steps   650600 feasible sets         0 orders tried  current cost 4
    W_14: 56040s  127,361,666,600 steps   650752 feasible sets         0 orders tried  current cost 8
    W_14: 56055s  127,396,446,400 steps   650915 feasible sets         0 orders tried  current cost 7
    W_14: 56070s  127,432,041,000 steps   651086 feasible sets         0 orders tried  current cost 5
    W_14: 56085s  127,467,154,800 steps   651249 feasible sets         0 orders tried  current cost 3
    W_14: 56100s  127,502,626,400 steps   651432 feasible sets         0 orders tried  current cost 11
    W_14: 56115s  127,538,025,400 steps   651599 feasible sets         0 orders tried  current cost 8
    W_14: 56130s  127,573,062,600 steps   651753 feasible sets         0 orders tried  current cost 11
    W_14: 56145s  127,608,071,800 steps   651933 feasible sets         0 orders tried  current cost 3
    W_14: 56160s  127,643,265,400 steps   652115 feasible sets         0 orders tried  current cost 10
    W_14: 56175s  127,678,247,600 steps   652307 feasible sets         0 orders tried  current cost 7
    W_14: 56190s  127,713,254,800 steps   652526 feasible sets         0 orders tried  current cost 3
    W_14: 56205s  127,748,647,800 steps   652694 feasible sets         0 orders tried  current cost 5
    W_14: 56220s  127,783,922,200 steps   652873 feasible sets         0 orders tried  current cost 11
    W_14: 56235s  127,819,039,800 steps   653033 feasible sets         0 orders tried  current cost 1
    W_14: 56250s  127,853,683,600 steps   653220 feasible sets         0 orders tried  current cost 11
    W_14: 56265s  127,888,899,800 steps   653399 feasible sets         0 orders tried  current cost 2
    W_14: 56280s  127,923,846,400 steps   653592 feasible sets         0 orders tried  current cost 10
    W_14: 56295s  127,958,361,400 steps   653781 feasible sets         0 orders tried  current cost 16
    W_14: 56310s  127,993,330,200 steps   653951 feasible sets         0 orders tried  current cost 4
    W_14: 56325s  128,028,692,600 steps   654127 feasible sets         0 orders tried  current cost 2
    W_14: 56340s  128,064,031,200 steps   654336 feasible sets         0 orders tried  current cost 4
    W_14: 56355s  128,098,948,000 steps   654527 feasible sets         0 orders tried  current cost 5
    W_14: 56370s  128,134,148,400 steps   654688 feasible sets         0 orders tried  current cost 7
    W_14: 56385s  128,169,213,400 steps   654819 feasible sets         0 orders tried  current cost 3
    W_14: 56400s  128,204,631,400 steps   654997 feasible sets         0 orders tried  current cost 3
    W_14: 56415s  128,239,802,400 steps   655178 feasible sets         0 orders tried  current cost 9
    W_14: 56430s  128,274,836,200 steps   655345 feasible sets         0 orders tried  current cost 1
    W_14: 56445s  128,310,178,800 steps   655553 feasible sets         0 orders tried  current cost 1
    W_14: 56460s  128,345,211,400 steps   655737 feasible sets         0 orders tried  current cost 2
    W_14: 56475s  128,380,611,400 steps   655960 feasible sets         0 orders tried  current cost 5
    W_14: 56490s  128,415,714,000 steps   656120 feasible sets         0 orders tried  current cost 2
    W_14: 56505s  128,450,574,200 steps   656313 feasible sets         0 orders tried  current cost 4
    W_14: 56520s  128,485,880,600 steps   656496 feasible sets         0 orders tried  current cost 15
    W_14: 56535s  128,520,277,600 steps   656677 feasible sets         0 orders tried  current cost 2
    W_14: 56550s  128,555,859,400 steps   656878 feasible sets         0 orders tried  current cost 3
    W_14: 56565s  128,591,462,600 steps   657023 feasible sets         0 orders tried  current cost 14
    W_14: 56580s  128,626,147,600 steps   657205 feasible sets         0 orders tried  current cost 4
    W_14: 56595s  128,661,257,200 steps   657359 feasible sets         0 orders tried  current cost 1
    W_14: 56610s  128,696,408,600 steps   657534 feasible sets         0 orders tried  current cost 9
    W_14: 56625s  128,731,436,600 steps   657702 feasible sets         0 orders tried  current cost 2
    W_14: 56640s  128,766,281,400 steps   657900 feasible sets         0 orders tried  current cost 13
    W_14: 56655s  128,801,508,200 steps   658081 feasible sets         0 orders tried  current cost 4
    W_14: 56670s  128,836,563,400 steps   658261 feasible sets         0 orders tried  current cost 9
    W_14: 56685s  128,871,807,800 steps   658440 feasible sets         0 orders tried  current cost 5
    W_14: 56700s  128,906,814,000 steps   658623 feasible sets         0 orders tried  current cost 2
    W_14: 56715s  128,942,176,400 steps   658781 feasible sets         0 orders tried  current cost 4
    W_14: 56730s  128,977,620,200 steps   658980 feasible sets         0 orders tried  current cost 18
    W_14: 56745s  129,013,069,600 steps   659149 feasible sets         0 orders tried  current cost 6
    W_14: 56760s  129,048,560,400 steps   659302 feasible sets         0 orders tried  current cost 19
    W_14: 56775s  129,083,502,600 steps   659453 feasible sets         0 orders tried  current cost 9
    W_14: 56790s  129,118,588,000 steps   659635 feasible sets         0 orders tried  current cost 5
    W_14: 56805s  129,153,397,400 steps   659817 feasible sets         0 orders tried  current cost 1
    W_14: 56820s  129,188,091,000 steps   660042 feasible sets         0 orders tried  current cost 3
    W_14: 56835s  129,223,319,000 steps   660236 feasible sets         0 orders tried  current cost 2
    W_14: 56850s  129,258,251,200 steps   660409 feasible sets         0 orders tried  current cost 9
    W_14: 56865s  129,293,176,000 steps   660590 feasible sets         0 orders tried  current cost 5
    W_14: 56880s  129,328,466,800 steps   660760 feasible sets         0 orders tried  current cost 6
    W_14: 56895s  129,363,509,000 steps   660956 feasible sets         0 orders tried  current cost 5
    W_14: 56910s  129,398,846,200 steps   661141 feasible sets         0 orders tried  current cost 8
    W_14: 56925s  129,433,544,400 steps   661325 feasible sets         0 orders tried  current cost 8
    W_14: 56940s  129,468,716,200 steps   661501 feasible sets         0 orders tried  current cost 3
    W_14: 56955s  129,504,135,600 steps   661657 feasible sets         0 orders tried  current cost 3
    W_14: 56970s  129,539,237,800 steps   661842 feasible sets         0 orders tried  current cost 3
    W_14: 56985s  129,574,293,000 steps   662040 feasible sets         0 orders tried  current cost 3
    W_14: 57000s  129,609,540,200 steps   662241 feasible sets         0 orders tried  current cost 16
    W_14: 57015s  129,644,749,800 steps   662435 feasible sets         0 orders tried  current cost 5
    W_14: 57030s  129,679,979,200 steps   662629 feasible sets         0 orders tried  current cost 2
    W_14: 57045s  129,715,512,000 steps   662820 feasible sets         0 orders tried  current cost 4
    W_14: 57060s  129,750,872,000 steps   662995 feasible sets         0 orders tried  current cost 3
    W_14: 57075s  129,786,195,800 steps   663160 feasible sets         0 orders tried  current cost 3
    W_14: 57090s  129,821,483,600 steps   663331 feasible sets         0 orders tried  current cost 7
    W_14: 57105s  129,856,443,000 steps   663495 feasible sets         0 orders tried  current cost 16
    W_14: 57120s  129,892,070,800 steps   663662 feasible sets         0 orders tried  current cost 5
    W_14: 57135s  129,927,037,600 steps   663823 feasible sets         0 orders tried  current cost 3
    W_14: 57150s  129,962,349,400 steps   664023 feasible sets         0 orders tried  current cost 4
    W_14: 57165s  129,997,296,000 steps   664224 feasible sets         0 orders tried  current cost 3
    W_14: 57180s  130,032,153,200 steps   664388 feasible sets         0 orders tried  current cost 3
    W_14: 57195s  130,067,676,800 steps   664586 feasible sets         0 orders tried  current cost 1
    W_14: 57210s  130,102,492,600 steps   664753 feasible sets         0 orders tried  current cost 5
    W_14: 57225s  130,137,983,400 steps   664912 feasible sets         0 orders tried  current cost 8
    W_14: 57240s  130,173,267,600 steps   665102 feasible sets         0 orders tried  current cost 3
    W_14: 57255s  130,208,396,200 steps   665279 feasible sets         0 orders tried  current cost 3
    W_14: 57270s  130,243,142,400 steps   665482 feasible sets         0 orders tried  current cost 10
    W_14: 57285s  130,278,228,200 steps   665689 feasible sets         0 orders tried  current cost 5
    W_14: 57300s  130,313,325,200 steps   665858 feasible sets         0 orders tried  current cost 7
    W_14: 57315s  130,348,161,800 steps   666037 feasible sets         0 orders tried  current cost 11
    W_14: 57330s  130,382,927,800 steps   666218 feasible sets         0 orders tried  current cost 6
    W_14: 57345s  130,418,168,400 steps   666419 feasible sets         0 orders tried  current cost 4
    W_14: 57360s  130,453,431,000 steps   666565 feasible sets         0 orders tried  current cost 5
    W_14: 57375s  130,488,473,400 steps   666713 feasible sets         0 orders tried  current cost 2
    W_14: 57390s  130,523,895,600 steps   666897 feasible sets         0 orders tried  current cost 2
    W_14: 57405s  130,559,400,000 steps   667072 feasible sets         0 orders tried  current cost 5
    W_14: 57420s  130,594,595,800 steps   667277 feasible sets         0 orders tried  current cost 3
    W_14: 57435s  130,629,997,000 steps   667451 feasible sets         0 orders tried  current cost 4
    W_14: 57450s  130,664,825,600 steps   667607 feasible sets         0 orders tried  current cost 9
    W_14: 57465s  130,699,770,000 steps   667773 feasible sets         0 orders tried  current cost 5
    W_14: 57480s  130,734,927,000 steps   667961 feasible sets         0 orders tried  current cost 8
    W_14: 57495s  130,770,314,800 steps   668146 feasible sets         0 orders tried  current cost 4
    W_14: 57510s  130,805,603,800 steps   668356 feasible sets         0 orders tried  current cost 7
    W_14: 57525s  130,840,764,000 steps   668572 feasible sets         0 orders tried  current cost 9
    W_14: 57540s  130,875,407,600 steps   668773 feasible sets         0 orders tried  current cost 6
    W_14: 57555s  130,910,655,200 steps   668966 feasible sets         0 orders tried  current cost 3
    W_14: 57570s  130,945,746,600 steps   669104 feasible sets         0 orders tried  current cost 7
    W_14: 57585s  130,980,428,800 steps   669291 feasible sets         0 orders tried  current cost 5
    W_14: 57600s  131,015,841,600 steps   669442 feasible sets         0 orders tried  current cost 10
    W_14: 57615s  131,051,096,800 steps   669586 feasible sets         0 orders tried  current cost 4
    W_14: 57630s  131,086,325,200 steps   669791 feasible sets         0 orders tried  current cost 12
    W_14: 57645s  131,121,750,600 steps   669965 feasible sets         0 orders tried  current cost 1
    W_14: 57660s  131,156,390,000 steps   670155 feasible sets         0 orders tried  current cost 5
    W_14: 57675s  131,191,515,400 steps   670322 feasible sets         0 orders tried  current cost 2
    W_14: 57690s  131,227,165,400 steps   670476 feasible sets         0 orders tried  current cost 7
    W_14: 57705s  131,262,183,000 steps   670645 feasible sets         0 orders tried  current cost 8
    W_14: 57720s  131,297,513,400 steps   670786 feasible sets         0 orders tried  current cost 6
    W_14: 57735s  131,332,781,200 steps   670991 feasible sets         0 orders tried  current cost 8
    W_14: 57750s  131,368,148,400 steps   671204 feasible sets         0 orders tried  current cost 6
    W_14: 57765s  131,403,529,200 steps   671423 feasible sets         0 orders tried  current cost 6
    W_14: 57780s  131,438,568,000 steps   671608 feasible sets         0 orders tried  current cost 8
    W_14: 57795s  131,473,992,000 steps   671773 feasible sets         0 orders tried  current cost 1
    W_14: 57810s  131,509,147,600 steps   671953 feasible sets         0 orders tried  current cost 7
    W_14: 57825s  131,544,203,200 steps   672125 feasible sets         0 orders tried  current cost 11
    W_14: 57840s  131,579,502,600 steps   672290 feasible sets         0 orders tried  current cost 10
    W_14: 57855s  131,614,748,600 steps   672451 feasible sets         0 orders tried  current cost 4
    W_14: 57870s  131,649,748,600 steps   672678 feasible sets         0 orders tried  current cost 5
    W_14: 57885s  131,684,881,800 steps   672869 feasible sets         0 orders tried  current cost 6
    W_14: 57900s  131,720,052,600 steps   673061 feasible sets         0 orders tried  current cost 4
    W_14: 57915s  131,755,161,200 steps   673264 feasible sets         0 orders tried  current cost 13
    W_14: 57930s  131,790,550,200 steps   673465 feasible sets         0 orders tried  current cost 4
    W_14: 57945s  131,825,762,400 steps   673636 feasible sets         0 orders tried  current cost 14
    W_14: 57960s  131,860,823,600 steps   673791 feasible sets         0 orders tried  current cost 7
    W_14: 57975s  131,896,506,800 steps   673949 feasible sets         0 orders tried  current cost 6
    W_14: 57990s  131,931,636,000 steps   674158 feasible sets         0 orders tried  current cost 2
    W_14: 58005s  131,966,531,000 steps   674320 feasible sets         0 orders tried  current cost 6
    W_14: 58020s  132,001,164,000 steps   674496 feasible sets         0 orders tried  current cost 7
    W_14: 58035s  132,036,108,600 steps   674652 feasible sets         0 orders tried  current cost 6
    W_14: 58050s  132,070,720,400 steps   674828 feasible sets         0 orders tried  current cost 15
    W_14: 58065s  132,105,765,200 steps   675014 feasible sets         0 orders tried  current cost 12
    W_14: 58080s  132,140,035,600 steps   675183 feasible sets         0 orders tried  current cost 3
    W_14: 58095s  132,174,972,600 steps   675366 feasible sets         0 orders tried  current cost 3
    W_14: 58110s  132,209,965,200 steps   675594 feasible sets         0 orders tried  current cost 12
    W_14: 58125s  132,244,658,200 steps   675785 feasible sets         0 orders tried  current cost 3
    W_14: 58140s  132,279,001,000 steps   675968 feasible sets         0 orders tried  current cost 13
    W_14: 58155s  132,313,242,000 steps   676150 feasible sets         0 orders tried  current cost 14
    W_14: 58170s  132,348,125,400 steps   676347 feasible sets         0 orders tried  current cost 6
    W_14: 58185s  132,382,734,400 steps   676564 feasible sets         0 orders tried  current cost 4
    W_14: 58200s  132,417,940,800 steps   676783 feasible sets         0 orders tried  current cost 16
    W_14: 58215s  132,452,863,600 steps   676978 feasible sets         0 orders tried  current cost 11
    W_14: 58230s  132,487,774,600 steps   677167 feasible sets         0 orders tried  current cost 3
    W_14: 58245s  132,522,362,600 steps   677348 feasible sets         0 orders tried  current cost 13
    W_14: 58260s  132,557,273,400 steps   677515 feasible sets         0 orders tried  current cost 3
    W_14: 58275s  132,591,817,400 steps   677695 feasible sets         0 orders tried  current cost 4
    W_14: 58290s  132,626,074,800 steps   677888 feasible sets         0 orders tried  current cost 6
    W_14: 58305s  132,661,329,600 steps   678093 feasible sets         0 orders tried  current cost 5
    W_14: 58320s  132,696,097,800 steps   678294 feasible sets         0 orders tried  current cost 3
    W_14: 58335s  132,730,798,000 steps   678489 feasible sets         0 orders tried  current cost 3
    W_14: 58350s  132,765,652,400 steps   678697 feasible sets         0 orders tried  current cost 2
    W_14: 58365s  132,800,470,800 steps   678845 feasible sets         0 orders tried  current cost 3
    W_14: 58380s  132,833,208,400 steps   679026 feasible sets         0 orders tried  current cost 6
    W_14: 58395s  132,866,509,400 steps   679236 feasible sets         0 orders tried  current cost 5
    W_14: 58410s  132,888,183,200 steps   679353 feasible sets         0 orders tried  current cost 11
    W_14: 58425s  132,922,946,400 steps   679527 feasible sets         0 orders tried  current cost 11
    W_14: 58440s  132,957,790,600 steps   679718 feasible sets         0 orders tried  current cost 3
    W_14: 58455s  132,993,012,600 steps   679899 feasible sets         0 orders tried  current cost 4
    W_14: 58470s  133,028,204,600 steps   680080 feasible sets         0 orders tried  current cost 8
    W_14: 58485s  133,063,394,000 steps   680268 feasible sets         0 orders tried  current cost 2
    W_14: 58500s  133,098,500,200 steps   680466 feasible sets         0 orders tried  current cost 10
    W_14: 58515s  133,133,574,200 steps   680692 feasible sets         0 orders tried  current cost 4
    W_14: 58530s  133,168,486,600 steps   680870 feasible sets         0 orders tried  current cost 8
    W_14: 58545s  133,203,451,600 steps   681019 feasible sets         0 orders tried  current cost 4
    W_14: 58560s  133,238,058,200 steps   681206 feasible sets         0 orders tried  current cost 1
    W_14: 58575s  133,273,220,400 steps   681384 feasible sets         0 orders tried  current cost 21
    W_14: 58590s  133,308,109,000 steps   681564 feasible sets         0 orders tried  current cost 5
    W_14: 58605s  133,343,069,200 steps   681743 feasible sets         0 orders tried  current cost 5
    W_14: 58620s  133,378,013,200 steps   681924 feasible sets         0 orders tried  current cost 5
    W_14: 58635s  133,413,382,400 steps   682111 feasible sets         0 orders tried  current cost 9
    W_14: 58650s  133,448,393,000 steps   682270 feasible sets         0 orders tried  current cost 3
    W_14: 58665s  133,483,213,000 steps   682497 feasible sets         0 orders tried  current cost 2
    W_14: 58680s  133,518,045,600 steps   682703 feasible sets         0 orders tried  current cost 7
    W_14: 58695s  133,552,667,200 steps   682919 feasible sets         0 orders tried  current cost 5
    W_14: 58710s  133,587,448,000 steps   683093 feasible sets         0 orders tried  current cost 7
    W_14: 58725s  133,622,926,800 steps   683281 feasible sets         0 orders tried  current cost 5
    W_14: 58740s  133,657,260,400 steps   683462 feasible sets         0 orders tried  current cost 13
    W_14: 58755s  133,692,561,800 steps   683611 feasible sets         0 orders tried  current cost 12
    W_14: 58770s  133,727,662,200 steps   683776 feasible sets         0 orders tried  current cost 11
    W_14: 58785s  133,762,934,200 steps   683936 feasible sets         0 orders tried  current cost 2
    W_14: 58800s  133,797,729,800 steps   684119 feasible sets         0 orders tried  current cost 2
    W_14: 58815s  133,833,016,200 steps   684322 feasible sets         0 orders tried  current cost 3
    W_14: 58830s  133,867,752,000 steps   684502 feasible sets         0 orders tried  current cost 3
    W_14: 58845s  133,902,799,400 steps   684720 feasible sets         0 orders tried  current cost 3
    W_14: 58860s  133,937,770,000 steps   684870 feasible sets         0 orders tried  current cost 3
    W_14: 58875s  133,973,158,200 steps   685075 feasible sets         0 orders tried  current cost 2
    W_14: 58890s  134,008,230,000 steps   685243 feasible sets         0 orders tried  current cost 4
    W_14: 58905s  134,042,893,800 steps   685467 feasible sets         0 orders tried  current cost 3
    W_14: 58920s  134,077,908,200 steps   685649 feasible sets         0 orders tried  current cost 7
    W_14: 58935s  134,112,647,600 steps   685815 feasible sets         0 orders tried  current cost 10
    W_14: 58950s  134,147,344,800 steps   685982 feasible sets         0 orders tried  current cost 9
    W_14: 58965s  134,182,271,200 steps   686154 feasible sets         0 orders tried  current cost 3
    W_14: 58980s  134,217,647,400 steps   686331 feasible sets         0 orders tried  current cost 8
    W_14: 58995s  134,252,709,200 steps   686507 feasible sets         0 orders tried  current cost 6
    W_14: 59010s  134,287,829,200 steps   686675 feasible sets         0 orders tried  current cost 5
    W_14: 59025s  134,322,750,800 steps   686861 feasible sets         0 orders tried  current cost 4
    W_14: 59040s  134,357,710,400 steps   687033 feasible sets         0 orders tried  current cost 4
    W_14: 59055s  134,392,495,600 steps   687184 feasible sets         0 orders tried  current cost 3
    W_14: 59070s  134,427,044,400 steps   687350 feasible sets         0 orders tried  current cost 12
    W_14: 59085s  134,462,131,400 steps   687548 feasible sets         0 orders tried  current cost 4
    W_14: 59100s  134,497,325,200 steps   687710 feasible sets         0 orders tried  current cost 7
    W_14: 59115s  134,532,180,200 steps   687867 feasible sets         0 orders tried  current cost 14
    W_14: 59130s  134,567,444,000 steps   688021 feasible sets         0 orders tried  current cost 6
    W_14: 59145s  134,602,565,600 steps   688188 feasible sets         0 orders tried  current cost 3
    W_14: 59160s  134,637,907,600 steps   688367 feasible sets         0 orders tried  current cost 6
    W_14: 59175s  134,673,430,400 steps   688533 feasible sets         0 orders tried  current cost 4
    W_14: 59190s  134,707,869,800 steps   688756 feasible sets         0 orders tried  current cost 5
    W_14: 59205s  134,742,754,000 steps   688941 feasible sets         0 orders tried  current cost 4
    W_14: 59220s  134,777,917,400 steps   689131 feasible sets         0 orders tried  current cost 2
    W_14: 59235s  134,813,519,000 steps   689319 feasible sets         0 orders tried  current cost 4
    W_14: 59250s  134,848,336,200 steps   689530 feasible sets         0 orders tried  current cost 3
    W_14: 59265s  134,882,317,200 steps   689679 feasible sets         0 orders tried  current cost 2
    W_14: 59280s  134,916,038,200 steps   689891 feasible sets         0 orders tried  current cost 4
    W_14: 59295s  134,951,050,800 steps   690062 feasible sets         0 orders tried  current cost 3
    W_14: 59310s  134,985,958,200 steps   690281 feasible sets         0 orders tried  current cost 3
    W_14: 59325s  135,021,078,000 steps   690486 feasible sets         0 orders tried  current cost 2
    W_14: 59340s  135,056,383,400 steps   690713 feasible sets         0 orders tried  current cost 15
    W_14: 59355s  135,091,424,000 steps   690918 feasible sets         0 orders tried  current cost 11
    W_14: 59370s  135,126,345,400 steps   691093 feasible sets         0 orders tried  current cost 11
    W_14: 59385s  135,161,172,800 steps   691215 feasible sets         0 orders tried  current cost 3
    W_14: 59400s  135,196,399,000 steps   691387 feasible sets         0 orders tried  current cost 2
    W_14: 59415s  135,231,483,200 steps   691548 feasible sets         0 orders tried  current cost 9
    W_14: 59430s  135,266,372,000 steps   691744 feasible sets         0 orders tried  current cost 4
    W_14: 59445s  135,301,242,000 steps   691905 feasible sets         0 orders tried  current cost 10
    W_14: 59460s  135,336,119,400 steps   692073 feasible sets         0 orders tried  current cost 3
    W_14: 59475s  135,371,300,000 steps   692272 feasible sets         0 orders tried  current cost 9
    W_14: 59490s  135,406,574,400 steps   692402 feasible sets         0 orders tried  current cost 4
    W_14: 59505s  135,441,180,600 steps   692581 feasible sets         0 orders tried  current cost 11
    W_14: 59520s  135,475,563,800 steps   692764 feasible sets         0 orders tried  current cost 13
    W_14: 59535s  135,510,905,600 steps   692938 feasible sets         0 orders tried  current cost 13
    W_14: 59550s  135,545,912,600 steps   693114 feasible sets         0 orders tried  current cost 5
    W_14: 59565s  135,580,950,200 steps   693261 feasible sets         0 orders tried  current cost 4
    W_14: 59580s  135,615,556,400 steps   693413 feasible sets         0 orders tried  current cost 1
    W_14: 59595s  135,650,477,000 steps   693625 feasible sets         0 orders tried  current cost 2
    W_14: 59610s  135,685,603,600 steps   693814 feasible sets         0 orders tried  current cost 9
    W_14: 59625s  135,720,785,200 steps   693984 feasible sets         0 orders tried  current cost 10
    W_14: 59640s  135,755,797,400 steps   694122 feasible sets         0 orders tried  current cost 3
    W_14: 59655s  135,790,843,000 steps   694268 feasible sets         0 orders tried  current cost 15
    W_14: 59670s  135,826,032,800 steps   694451 feasible sets         0 orders tried  current cost 4
    W_14: 59685s  135,861,012,200 steps   694619 feasible sets         0 orders tried  current cost 1
    W_14: 59700s  135,895,941,800 steps   694795 feasible sets         0 orders tried  current cost 11
    W_14: 59715s  135,930,647,400 steps   694946 feasible sets         0 orders tried  current cost 9
    W_14: 59730s  135,965,593,200 steps   695130 feasible sets         0 orders tried  current cost 2
    W_14: 59745s  136,001,180,400 steps   695299 feasible sets         0 orders tried  current cost 19
    W_14: 59760s  136,036,212,000 steps   695475 feasible sets         0 orders tried  current cost 3
    W_14: 59775s  136,071,016,400 steps   695656 feasible sets         0 orders tried  current cost 4
    W_14: 59790s  136,105,782,400 steps   695814 feasible sets         0 orders tried  current cost 11
    W_14: 59805s  136,140,453,200 steps   695993 feasible sets         0 orders tried  current cost 3
    W_14: 59820s  136,175,554,800 steps   696159 feasible sets         0 orders tried  current cost 5
    W_14: 59835s  136,210,596,400 steps   696369 feasible sets         0 orders tried  current cost 3
    W_14: 59850s  136,246,053,000 steps   696566 feasible sets         0 orders tried  current cost 4
    W_14: 59865s  136,281,202,600 steps   696740 feasible sets         0 orders tried  current cost 9
    W_14: 59880s  136,316,015,200 steps   696934 feasible sets         0 orders tried  current cost 3
    W_14: 59895s  136,350,753,800 steps   697093 feasible sets         0 orders tried  current cost 3
    W_14: 59910s  136,385,694,800 steps   697315 feasible sets         0 orders tried  current cost 4
    W_14: 59925s  136,420,565,800 steps   697520 feasible sets         0 orders tried  current cost 6
    W_14: 59940s  136,455,970,800 steps   697731 feasible sets         0 orders tried  current cost 5
    W_14: 59955s  136,491,020,600 steps   697942 feasible sets         0 orders tried  current cost 12
    W_14: 59970s  136,525,924,200 steps   698078 feasible sets         0 orders tried  current cost 10
    W_14: 59985s  136,561,508,800 steps   698315 feasible sets         0 orders tried  current cost 5
    W_14: 60000s  136,596,634,200 steps   698497 feasible sets         0 orders tried  current cost 4
    W_14: 60015s  136,631,741,400 steps   698685 feasible sets         0 orders tried  current cost 12
    W_14: 60030s  136,666,713,400 steps   698874 feasible sets         0 orders tried  current cost 4
    W_14: 60045s  136,702,105,400 steps   699055 feasible sets         0 orders tried  current cost 1
    W_14: 60060s  136,737,009,800 steps   699229 feasible sets         0 orders tried  current cost 5
    W_14: 60075s  136,771,663,600 steps   699409 feasible sets         0 orders tried  current cost 9
    W_14: 60090s  136,806,826,600 steps   699557 feasible sets         0 orders tried  current cost 10
    W_14: 60105s  136,842,061,200 steps   699728 feasible sets         0 orders tried  current cost 10
    W_14: 60120s  136,877,665,400 steps   699941 feasible sets         0 orders tried  current cost 12
    W_14: 60135s  136,912,895,400 steps   700094 feasible sets         0 orders tried  current cost 2
    W_14: 60150s  136,948,220,000 steps   700274 feasible sets         0 orders tried  current cost 3
    W_14: 60165s  136,983,314,200 steps   700473 feasible sets         0 orders tried  current cost 3
    W_14: 60180s  137,018,508,400 steps   700629 feasible sets         0 orders tried  current cost 7
    W_14: 60195s  137,053,814,600 steps   700811 feasible sets         0 orders tried  current cost 4
    W_14: 60210s  137,089,150,200 steps   701012 feasible sets         0 orders tried  current cost 6
    W_14: 60225s  137,124,429,200 steps   701216 feasible sets         0 orders tried  current cost 3
    W_14: 60240s  137,159,733,000 steps   701391 feasible sets         0 orders tried  current cost 1
    W_14: 60255s  137,195,038,000 steps   701551 feasible sets         0 orders tried  current cost 1
    W_14: 60270s  137,230,460,800 steps   701737 feasible sets         0 orders tried  current cost 22
    W_14: 60285s  137,265,271,000 steps   701915 feasible sets         0 orders tried  current cost 4
    W_14: 60300s  137,300,420,800 steps   702104 feasible sets         0 orders tried  current cost 5
    W_14: 60315s  137,336,070,800 steps   702260 feasible sets         0 orders tried  current cost 2
    W_14: 60330s  137,371,247,200 steps   702477 feasible sets         0 orders tried  current cost 7
    W_14: 60345s  137,406,447,800 steps   702626 feasible sets         0 orders tried  current cost 4
    W_14: 60360s  137,441,475,600 steps   702771 feasible sets         0 orders tried  current cost 3
    W_14: 60375s  137,476,886,600 steps   702980 feasible sets         0 orders tried  current cost 11
    W_14: 60390s  137,512,058,200 steps   703161 feasible sets         0 orders tried  current cost 4
    W_14: 60405s  137,547,177,200 steps   703326 feasible sets         0 orders tried  current cost 2
    W_14: 60420s  137,582,192,800 steps   703515 feasible sets         0 orders tried  current cost 3
    W_14: 60435s  137,617,471,400 steps   703719 feasible sets         0 orders tried  current cost 2
    W_14: 60450s  137,652,536,200 steps   703926 feasible sets         0 orders tried  current cost 4
    W_14: 60465s  137,688,226,200 steps   704123 feasible sets         0 orders tried  current cost 5
    W_14: 60480s  137,723,513,800 steps   704314 feasible sets         0 orders tried  current cost 4
    W_14: 60495s  137,758,638,000 steps   704462 feasible sets         0 orders tried  current cost 5
    W_14: 60510s  137,793,734,000 steps   704613 feasible sets         0 orders tried  current cost 4
    W_14: 60525s  137,828,727,200 steps   704794 feasible sets         0 orders tried  current cost 6
    W_14: 60540s  137,863,904,200 steps   704940 feasible sets         0 orders tried  current cost 11
    W_14: 60555s  137,898,780,200 steps   705104 feasible sets         0 orders tried  current cost 16
    W_14: 60570s  137,934,015,000 steps   705300 feasible sets         0 orders tried  current cost 4
    W_14: 60585s  137,969,137,400 steps   705486 feasible sets         0 orders tried  current cost 3
    W_14: 60600s  138,004,376,600 steps   705669 feasible sets         0 orders tried  current cost 3
    W_14: 60615s  138,039,702,800 steps   705838 feasible sets         0 orders tried  current cost 10
    W_14: 60630s  138,075,148,400 steps   706006 feasible sets         0 orders tried  current cost 5
    W_14: 60645s  138,110,201,800 steps   706208 feasible sets         0 orders tried  current cost 16
    W_14: 60660s  138,145,758,200 steps   706374 feasible sets         0 orders tried  current cost 4
    W_14: 60675s  138,180,990,400 steps   706556 feasible sets         0 orders tried  current cost 3
    W_14: 60690s  138,215,768,600 steps   706732 feasible sets         0 orders tried  current cost 9
    W_14: 60705s  138,250,970,400 steps   706900 feasible sets         0 orders tried  current cost 5
    W_14: 60720s  138,286,161,000 steps   707106 feasible sets         0 orders tried  current cost 13
    W_14: 60735s  138,321,173,000 steps   707300 feasible sets         0 orders tried  current cost 3
    W_14: 60750s  138,356,489,800 steps   707465 feasible sets         0 orders tried  current cost 5
    W_14: 60765s  138,391,399,600 steps   707626 feasible sets         0 orders tried  current cost 4
    W_14: 60780s  138,426,144,400 steps   707773 feasible sets         0 orders tried  current cost 5
    W_14: 60795s  138,461,509,400 steps   707974 feasible sets         0 orders tried  current cost 7
    W_14: 60810s  138,493,839,200 steps   708147 feasible sets         0 orders tried  current cost 4
    W_14: 60825s  138,526,235,800 steps   708334 feasible sets         0 orders tried  current cost 2
    W_14: 60840s  138,561,614,200 steps   708506 feasible sets         0 orders tried  current cost 3
    W_14: 60855s  138,596,978,400 steps   708642 feasible sets         0 orders tried  current cost 3
    W_14: 60870s  138,632,051,600 steps   708822 feasible sets         0 orders tried  current cost 5
    W_14: 60885s  138,667,233,200 steps   709034 feasible sets         0 orders tried  current cost 2
    W_14: 60900s  138,702,296,600 steps   709196 feasible sets         0 orders tried  current cost 2
    W_14: 60915s  138,738,084,200 steps   709340 feasible sets         0 orders tried  current cost 12
    W_14: 60930s  138,773,414,200 steps   709494 feasible sets         0 orders tried  current cost 3
    W_14: 60945s  138,808,909,000 steps   709654 feasible sets         0 orders tried  current cost 6
    W_14: 60960s  138,844,326,400 steps   709827 feasible sets         0 orders tried  current cost 7
    W_14: 60975s  138,879,805,200 steps   709996 feasible sets         0 orders tried  current cost 5
    W_14: 60990s  138,914,882,400 steps   710189 feasible sets         0 orders tried  current cost 12
    W_14: 61005s  138,950,176,800 steps   710355 feasible sets         0 orders tried  current cost 5
    W_14: 61020s  138,985,618,000 steps   710544 feasible sets         0 orders tried  current cost 2
    W_14: 61035s  139,020,764,000 steps   710709 feasible sets         0 orders tried  current cost 7
    W_14: 61050s  139,055,934,400 steps   710887 feasible sets         0 orders tried  current cost 4
    W_14: 61065s  139,091,444,800 steps   711043 feasible sets         0 orders tried  current cost 9
    W_14: 61080s  139,126,568,200 steps   711239 feasible sets         0 orders tried  current cost 7
    W_14: 61095s  139,161,850,600 steps   711427 feasible sets         0 orders tried  current cost 1
    W_14: 61110s  139,197,343,800 steps   711592 feasible sets         0 orders tried  current cost 11
    W_14: 61125s  139,232,491,000 steps   711782 feasible sets         0 orders tried  current cost 3
    W_14: 61140s  139,267,596,400 steps   711932 feasible sets         0 orders tried  current cost 4
    W_14: 61155s  139,302,936,400 steps   712139 feasible sets         0 orders tried  current cost 3
    W_14: 61170s  139,338,030,600 steps   712305 feasible sets         0 orders tried  current cost 2
    W_14: 61185s  139,373,749,200 steps   712527 feasible sets         0 orders tried  current cost 4
    W_14: 61200s  139,408,952,800 steps   712722 feasible sets         0 orders tried  current cost 5
    W_14: 61215s  139,444,398,000 steps   712910 feasible sets         0 orders tried  current cost 2
    W_14: 61230s  139,479,800,800 steps   713130 feasible sets         0 orders tried  current cost 13
    W_14: 61245s  139,514,935,200 steps   713302 feasible sets         0 orders tried  current cost 5
    W_14: 61260s  139,550,484,000 steps   713491 feasible sets         0 orders tried  current cost 9
    W_14: 61275s  139,585,572,000 steps   713682 feasible sets         0 orders tried  current cost 2
    W_14: 61290s  139,620,826,400 steps   713863 feasible sets         0 orders tried  current cost 7
    W_14: 61305s  139,656,612,800 steps   714049 feasible sets         0 orders tried  current cost 5
    W_14: 61320s  139,691,727,800 steps   714274 feasible sets         0 orders tried  current cost 5
    W_14: 61335s  139,727,095,200 steps   714440 feasible sets         0 orders tried  current cost 3
    W_14: 61350s  139,762,441,800 steps   714605 feasible sets         0 orders tried  current cost 9
    W_14: 61365s  139,797,343,000 steps   714816 feasible sets         0 orders tried  current cost 10
    W_14: 61380s  139,832,193,600 steps   715003 feasible sets         0 orders tried  current cost 7
    W_14: 61395s  139,867,332,600 steps   715171 feasible sets         0 orders tried  current cost 3
    W_14: 61410s  139,902,541,000 steps   715329 feasible sets         0 orders tried  current cost 20
    W_14: 61425s  139,937,923,400 steps   715513 feasible sets         0 orders tried  current cost 8
    W_14: 61440s  139,973,485,600 steps   715676 feasible sets         0 orders tried  current cost 11
    W_14: 61455s  140,009,156,000 steps   715860 feasible sets         0 orders tried  current cost 3
    W_14: 61470s  140,044,378,000 steps   716079 feasible sets         0 orders tried  current cost 3
    W_14: 61485s  140,079,150,200 steps   716251 feasible sets         0 orders tried  current cost 4
    W_14: 61500s  140,114,441,800 steps   716459 feasible sets         0 orders tried  current cost 14
    W_14: 61515s  140,150,064,800 steps   716641 feasible sets         0 orders tried  current cost 10
    W_14: 61530s  140,185,799,200 steps   716792 feasible sets         0 orders tried  current cost 2
    W_14: 61545s  140,221,431,000 steps   716977 feasible sets         0 orders tried  current cost 5
    W_14: 61560s  140,256,254,200 steps   717124 feasible sets         0 orders tried  current cost 5
    W_14: 61575s  140,291,433,600 steps   717329 feasible sets         0 orders tried  current cost 4
    W_14: 61590s  140,326,375,000 steps   717529 feasible sets         0 orders tried  current cost 2
    W_14: 61605s  140,361,545,000 steps   717671 feasible sets         0 orders tried  current cost 10
    W_14: 61620s  140,396,889,200 steps   717845 feasible sets         0 orders tried  current cost 4
    W_14: 61635s  140,431,876,200 steps   718023 feasible sets         0 orders tried  current cost 4
    W_14: 61650s  140,466,520,600 steps   718179 feasible sets         0 orders tried  current cost 10
    W_14: 61665s  140,501,641,800 steps   718376 feasible sets         0 orders tried  current cost 17
    W_14: 61680s  140,536,971,600 steps   718545 feasible sets         0 orders tried  current cost 4
    W_14: 61695s  140,572,539,600 steps   718716 feasible sets         0 orders tried  current cost 1
    W_14: 61710s  140,608,356,600 steps   718864 feasible sets         0 orders tried  current cost 2
    W_14: 61725s  140,643,791,000 steps   719048 feasible sets         0 orders tried  current cost 3
    W_14: 61740s  140,678,776,200 steps   719222 feasible sets         0 orders tried  current cost 4
    W_14: 61755s  140,714,230,400 steps   719400 feasible sets         0 orders tried  current cost 5
    W_14: 61770s  140,749,331,800 steps   719566 feasible sets         0 orders tried  current cost 1
    W_14: 61785s  140,784,982,400 steps   719780 feasible sets         0 orders tried  current cost 9
    W_14: 61800s  140,820,242,200 steps   719967 feasible sets         0 orders tried  current cost 11
    W_14: 61815s  140,855,746,200 steps   720176 feasible sets         0 orders tried  current cost 5
    W_14: 61830s  140,891,179,600 steps   720337 feasible sets         0 orders tried  current cost 1
    W_14: 61845s  140,926,535,800 steps   720518 feasible sets         0 orders tried  current cost 3
    W_14: 61860s  140,961,755,600 steps   720720 feasible sets         0 orders tried  current cost 3
    W_14: 61875s  140,996,717,200 steps   720865 feasible sets         0 orders tried  current cost 2
    W_14: 61890s  141,031,892,600 steps   721062 feasible sets         0 orders tried  current cost 2
    W_14: 61905s  141,067,183,200 steps   721213 feasible sets         0 orders tried  current cost 12
    W_14: 61920s  141,102,184,000 steps   721348 feasible sets         0 orders tried  current cost 6
    W_14: 61935s  141,137,521,800 steps   721520 feasible sets         0 orders tried  current cost 12
    W_14: 61950s  141,172,218,000 steps   721682 feasible sets         0 orders tried  current cost 3
    W_14: 61965s  141,207,337,400 steps   721882 feasible sets         0 orders tried  current cost 4
    W_14: 61980s  141,243,165,400 steps   722050 feasible sets         0 orders tried  current cost 10
    W_14: 61995s  141,278,417,800 steps   722235 feasible sets         0 orders tried  current cost 1
    W_14: 62010s  141,313,449,200 steps   722403 feasible sets         0 orders tried  current cost 4
    W_14: 62025s  141,348,820,800 steps   722567 feasible sets         0 orders tried  current cost 18
    W_14: 62040s  141,384,089,000 steps   722736 feasible sets         0 orders tried  current cost 2
    W_14: 62055s  141,419,058,600 steps   722906 feasible sets         0 orders tried  current cost 3
    W_14: 62070s  141,454,215,200 steps   723056 feasible sets         0 orders tried  current cost 2
    W_14: 62085s  141,489,457,000 steps   723219 feasible sets         0 orders tried  current cost 3
    W_14: 62100s  141,524,909,600 steps   723391 feasible sets         0 orders tried  current cost 4
    W_14: 62115s  141,559,984,600 steps   723565 feasible sets         0 orders tried  current cost 10
    W_14: 62130s  141,595,309,000 steps   723744 feasible sets         0 orders tried  current cost 3
    W_14: 62145s  141,630,362,200 steps   723896 feasible sets         0 orders tried  current cost 13
    W_14: 62160s  141,666,106,200 steps   724126 feasible sets         0 orders tried  current cost 7
    W_14: 62175s  141,701,104,400 steps   724291 feasible sets         0 orders tried  current cost 11
    W_14: 62190s  141,736,145,400 steps   724491 feasible sets         0 orders tried  current cost 4
    W_14: 62205s  141,771,556,600 steps   724666 feasible sets         0 orders tried  current cost 2
    W_14: 62220s  141,806,424,200 steps   724848 feasible sets         0 orders tried  current cost 14
    W_14: 62235s  141,841,477,400 steps   725020 feasible sets         0 orders tried  current cost 2
    W_14: 62250s  141,876,471,000 steps   725174 feasible sets         0 orders tried  current cost 4
    W_14: 62265s  141,911,545,800 steps   725342 feasible sets         0 orders tried  current cost 9
    W_14: 62280s  141,946,407,400 steps   725533 feasible sets         0 orders tried  current cost 4
    W_14: 62295s  141,981,691,000 steps   725745 feasible sets         0 orders tried  current cost 3
    W_14: 62310s  142,016,554,400 steps   725941 feasible sets         0 orders tried  current cost 3
    W_14: 62325s  142,051,321,800 steps   726105 feasible sets         0 orders tried  current cost 13
    W_14: 62340s  142,086,806,600 steps   726287 feasible sets         0 orders tried  current cost 6
    W_14: 62355s  142,121,924,800 steps   726490 feasible sets         0 orders tried  current cost 6
    W_14: 62370s  142,157,258,000 steps   726659 feasible sets         0 orders tried  current cost 4
    W_14: 62385s  142,192,611,400 steps   726863 feasible sets         0 orders tried  current cost 4
    W_14: 62400s  142,227,664,200 steps   727064 feasible sets         0 orders tried  current cost 9
    W_14: 62415s  142,262,617,600 steps   727255 feasible sets         0 orders tried  current cost 4
    W_14: 62430s  142,297,869,800 steps   727407 feasible sets         0 orders tried  current cost 3
    W_14: 62445s  142,332,831,400 steps   727644 feasible sets         0 orders tried  current cost 2
    W_14: 62460s  142,367,798,800 steps   727829 feasible sets         0 orders tried  current cost 3
    W_14: 62475s  142,403,324,200 steps   727991 feasible sets         0 orders tried  current cost 11
    W_14: 62490s  142,438,557,000 steps   728174 feasible sets         0 orders tried  current cost 4
    W_14: 62505s  142,473,733,800 steps   728391 feasible sets         0 orders tried  current cost 2
    W_14: 62520s  142,509,251,200 steps   728579 feasible sets         0 orders tried  current cost 4
    W_14: 62535s  142,544,367,800 steps   728753 feasible sets         0 orders tried  current cost 7
    W_14: 62550s  142,579,516,400 steps   728948 feasible sets         0 orders tried  current cost 4
    W_14: 62565s  142,614,685,200 steps   729116 feasible sets         0 orders tried  current cost 6
    W_14: 62580s  142,649,452,400 steps   729273 feasible sets         0 orders tried  current cost 5
    W_14: 62595s  142,684,794,600 steps   729447 feasible sets         0 orders tried  current cost 3
    W_14: 62610s  142,719,916,600 steps   729625 feasible sets         0 orders tried  current cost 3
    W_14: 62625s  142,754,731,800 steps   729813 feasible sets         0 orders tried  current cost 4
    W_14: 62640s  142,790,073,400 steps   730014 feasible sets         0 orders tried  current cost 5
    W_14: 62655s  142,825,044,200 steps   730203 feasible sets         0 orders tried  current cost 11
    W_14: 62670s  142,860,344,800 steps   730379 feasible sets         0 orders tried  current cost 8
    W_14: 62685s  142,895,384,600 steps   730582 feasible sets         0 orders tried  current cost 9
    W_14: 62700s  142,930,502,400 steps   730795 feasible sets         0 orders tried  current cost 11
    W_14: 62715s  142,965,563,000 steps   730972 feasible sets         0 orders tried  current cost 7
    W_14: 62730s  143,000,434,000 steps   731134 feasible sets         0 orders tried  current cost 3
    W_14: 62745s  143,035,457,400 steps   731320 feasible sets         0 orders tried  current cost 3
    W_14: 62760s  143,070,918,600 steps   731529 feasible sets         0 orders tried  current cost 2
    W_14: 62775s  143,105,827,200 steps   731687 feasible sets         0 orders tried  current cost 5
    W_14: 62790s  143,141,093,600 steps   731838 feasible sets         0 orders tried  current cost 1
    W_14: 62805s  143,176,449,200 steps   732002 feasible sets         0 orders tried  current cost 2
    W_14: 62820s  143,211,785,000 steps   732160 feasible sets         0 orders tried  current cost 11
    W_14: 62835s  143,247,201,000 steps   732346 feasible sets         0 orders tried  current cost 13
    W_14: 62850s  143,282,407,800 steps   732531 feasible sets         0 orders tried  current cost 4
    W_14: 62865s  143,317,463,200 steps   732692 feasible sets         0 orders tried  current cost 13
    W_14: 62880s  143,352,908,800 steps   732887 feasible sets         0 orders tried  current cost 2
    W_14: 62895s  143,388,354,800 steps   733097 feasible sets         0 orders tried  current cost 4
    W_14: 62910s  143,423,744,600 steps   733302 feasible sets         0 orders tried  current cost 11
    W_14: 62925s  143,458,981,200 steps   733458 feasible sets         0 orders tried  current cost 19
    W_14: 62940s  143,493,887,800 steps   733633 feasible sets         0 orders tried  current cost 8
    W_14: 62955s  143,529,021,000 steps   733805 feasible sets         0 orders tried  current cost 17
    W_14: 62970s  143,564,454,600 steps   733988 feasible sets         0 orders tried  current cost 3
    W_14: 62985s  143,599,621,800 steps   734181 feasible sets         0 orders tried  current cost 15
    W_14: 63000s  143,635,465,600 steps   734367 feasible sets         0 orders tried  current cost 7
    W_14: 63015s  143,670,448,200 steps   734561 feasible sets         0 orders tried  current cost 7
    W_14: 63030s  143,705,777,600 steps   734769 feasible sets         0 orders tried  current cost 2
    W_14: 63045s  143,741,157,400 steps   734993 feasible sets         0 orders tried  current cost 3
    W_14: 63060s  143,776,236,600 steps   735209 feasible sets         0 orders tried  current cost 2
    W_14: 63075s  143,809,565,000 steps   735319 feasible sets         0 orders tried  current cost 7
    W_14: 63090s  143,843,747,000 steps   735482 feasible sets         0 orders tried  current cost 8
    W_14: 63105s  143,877,900,000 steps   735635 feasible sets         0 orders tried  current cost 14
    W_14: 63120s  143,912,121,600 steps   735813 feasible sets         0 orders tried  current cost 7
    W_14: 63135s  143,946,342,000 steps   735994 feasible sets         0 orders tried  current cost 16
    W_14: 63150s  143,980,368,200 steps   736173 feasible sets         0 orders tried  current cost 6
    W_14: 63165s  144,014,614,400 steps   736357 feasible sets         0 orders tried  current cost 4
    W_14: 63180s  144,049,164,000 steps   736539 feasible sets         0 orders tried  current cost 7
    W_14: 63195s  144,083,615,000 steps   736736 feasible sets         0 orders tried  current cost 3
    W_14: 63210s  144,117,848,600 steps   736893 feasible sets         0 orders tried  current cost 4
    W_14: 63225s  144,151,898,000 steps   737088 feasible sets         0 orders tried  current cost 2
    W_14: 63240s  144,186,666,200 steps   737239 feasible sets         0 orders tried  current cost 9
    W_14: 63255s  144,221,395,800 steps   737416 feasible sets         0 orders tried  current cost 1
    W_14: 63270s  144,254,110,000 steps   737617 feasible sets         0 orders tried  current cost 5
    W_14: 63285s  144,288,148,000 steps   737793 feasible sets         0 orders tried  current cost 4
    W_14: 63300s  144,320,927,200 steps   737974 feasible sets         0 orders tried  current cost 6
    W_14: 63315s  144,355,983,800 steps   738158 feasible sets         0 orders tried  current cost 12
    W_14: 63330s  144,391,211,800 steps   738366 feasible sets         0 orders tried  current cost 2
    W_14: 63345s  144,426,198,200 steps   738569 feasible sets         0 orders tried  current cost 4
    W_14: 63360s  144,461,300,400 steps   738760 feasible sets         0 orders tried  current cost 12
    W_14: 63375s  144,497,204,600 steps   738961 feasible sets         0 orders tried  current cost 4
    W_14: 63390s  144,532,466,800 steps   739184 feasible sets         0 orders tried  current cost 8
    W_14: 63405s  144,567,386,000 steps   739376 feasible sets         0 orders tried  current cost 5
    W_14: 63420s  144,601,891,600 steps   739534 feasible sets         0 orders tried  current cost 2
    W_14: 63435s  144,637,116,600 steps   739745 feasible sets         0 orders tried  current cost 3
    W_14: 63450s  144,671,628,200 steps   739958 feasible sets         0 orders tried  current cost 5
    W_14: 63465s  144,706,825,600 steps   740124 feasible sets         0 orders tried  current cost 9
    W_14: 63480s  144,741,649,400 steps   740304 feasible sets         0 orders tried  current cost 3
    W_14: 63495s  144,776,559,800 steps   740505 feasible sets         0 orders tried  current cost 3
    W_14: 63510s  144,811,271,200 steps   740698 feasible sets         0 orders tried  current cost 5
    W_14: 63525s  144,846,422,800 steps   740882 feasible sets         0 orders tried  current cost 12
    W_14: 63540s  144,881,298,600 steps   741029 feasible sets         0 orders tried  current cost 1
    W_14: 63555s  144,915,989,800 steps   741200 feasible sets         0 orders tried  current cost 6
    W_14: 63570s  144,951,333,600 steps   741356 feasible sets         0 orders tried  current cost 2
    W_14: 63585s  144,986,008,000 steps   741569 feasible sets         0 orders tried  current cost 8
    W_14: 63600s  145,020,324,400 steps   741739 feasible sets         0 orders tried  current cost 13
    W_14: 63615s  145,055,502,200 steps   741920 feasible sets         0 orders tried  current cost 12
    W_14: 63630s  145,090,732,400 steps   742097 feasible sets         0 orders tried  current cost 4
    W_14: 63645s  145,125,604,000 steps   742270 feasible sets         0 orders tried  current cost 9
    W_14: 63660s  145,160,438,200 steps   742459 feasible sets         0 orders tried  current cost 3
    W_14: 63675s  145,195,632,000 steps   742637 feasible sets         0 orders tried  current cost 2
    W_14: 63690s  145,230,346,800 steps   742799 feasible sets         0 orders tried  current cost 6
    W_14: 63705s  145,265,232,400 steps   742939 feasible sets         0 orders tried  current cost 3
    W_14: 63720s  145,300,167,600 steps   743129 feasible sets         0 orders tried  current cost 5
    W_14: 63735s  145,335,166,000 steps   743322 feasible sets         0 orders tried  current cost 8
    W_14: 63750s  145,370,209,400 steps   743482 feasible sets         0 orders tried  current cost 5
    W_14: 63765s  145,405,723,400 steps   743702 feasible sets         0 orders tried  current cost 6
    W_14: 63780s  145,440,787,600 steps   743868 feasible sets         0 orders tried  current cost 5
    W_14: 63795s  145,476,271,000 steps   744066 feasible sets         0 orders tried  current cost 6
    W_14: 63810s  145,512,083,400 steps   744277 feasible sets         0 orders tried  current cost 9
    W_14: 63825s  145,547,395,600 steps   744433 feasible sets         0 orders tried  current cost 4
    W_14: 63840s  145,582,789,800 steps   744580 feasible sets         0 orders tried  current cost 5
    W_14: 63855s  145,617,958,200 steps   744765 feasible sets         0 orders tried  current cost 3
    W_14: 63870s  145,652,980,800 steps   744961 feasible sets         0 orders tried  current cost 18
    W_14: 63885s  145,687,798,200 steps   745152 feasible sets         0 orders tried  current cost 4
    W_14: 63900s  145,722,576,600 steps   745361 feasible sets         0 orders tried  current cost 3
    W_14: 63915s  145,757,311,600 steps   745534 feasible sets         0 orders tried  current cost 3
    W_14: 63930s  145,792,195,000 steps   745724 feasible sets         0 orders tried  current cost 2
    W_14: 63945s  145,827,254,200 steps   745904 feasible sets         0 orders tried  current cost 2
    W_14: 63960s  145,862,264,600 steps   746065 feasible sets         0 orders tried  current cost 11
    W_14: 63975s  145,897,375,400 steps   746233 feasible sets         0 orders tried  current cost 2
    W_14: 63990s  145,932,636,800 steps   746415 feasible sets         0 orders tried  current cost 1
    W_14: 64005s  145,967,860,000 steps   746578 feasible sets         0 orders tried  current cost 2
    W_14: 64020s  146,003,253,600 steps   746732 feasible sets         0 orders tried  current cost 2
    W_14: 64035s  146,038,346,600 steps   746917 feasible sets         0 orders tried  current cost 7
    W_14: 64050s  146,073,678,200 steps   747093 feasible sets         0 orders tried  current cost 1
    W_14: 64065s  146,108,895,000 steps   747281 feasible sets         0 orders tried  current cost 3
    W_14: 64080s  146,143,676,000 steps   747455 feasible sets         0 orders tried  current cost 4
    W_14: 64095s  146,179,040,800 steps   747663 feasible sets         0 orders tried  current cost 13
    W_14: 64110s  146,214,091,400 steps   747843 feasible sets         0 orders tried  current cost 4
    W_14: 64125s  146,249,100,400 steps   748014 feasible sets         0 orders tried  current cost 13
    W_14: 64140s  146,284,081,400 steps   748199 feasible sets         0 orders tried  current cost 17
    W_14: 64155s  146,319,297,800 steps   748368 feasible sets         0 orders tried  current cost 2
    W_14: 64170s  146,354,128,000 steps   748546 feasible sets         0 orders tried  current cost 4
    W_14: 64185s  146,389,332,000 steps   748727 feasible sets         0 orders tried  current cost 4
    W_14: 64200s  146,424,235,200 steps   748918 feasible sets         0 orders tried  current cost 2
    W_14: 64215s  146,458,742,400 steps   749124 feasible sets         0 orders tried  current cost 8
    W_14: 64230s  146,493,533,400 steps   749295 feasible sets         0 orders tried  current cost 4
    W_14: 64245s  146,528,103,600 steps   749500 feasible sets         0 orders tried  current cost 8
    W_14: 64260s  146,562,363,200 steps   749679 feasible sets         0 orders tried  current cost 9
    W_14: 64275s  146,596,366,600 steps   749902 feasible sets         0 orders tried  current cost 6
    W_14: 64290s  146,631,315,800 steps   750104 feasible sets         0 orders tried  current cost 4
    W_14: 64305s  146,665,882,400 steps   750287 feasible sets         0 orders tried  current cost 14
    W_14: 64320s  146,700,024,000 steps   750436 feasible sets         0 orders tried  current cost 11
    W_14: 64335s  146,733,958,000 steps   750657 feasible sets         0 orders tried  current cost 3
    W_14: 64350s  146,767,303,200 steps   750810 feasible sets         0 orders tried  current cost 9
    W_14: 64365s  146,800,591,400 steps   750993 feasible sets         0 orders tried  current cost 1
    W_14: 64380s  146,834,079,600 steps   751163 feasible sets         0 orders tried  current cost 3
    W_14: 64395s  146,867,536,400 steps   751344 feasible sets         0 orders tried  current cost 3
    W_14: 64410s  146,901,726,000 steps   751523 feasible sets         0 orders tried  current cost 7
    W_14: 64425s  146,935,522,400 steps   751676 feasible sets         0 orders tried  current cost 11
    W_14: 64440s  146,968,138,000 steps   751840 feasible sets         0 orders tried  current cost 2
    W_14: 64455s  147,002,119,400 steps   752038 feasible sets         0 orders tried  current cost 3
    W_14: 64470s  147,035,960,400 steps   752207 feasible sets         0 orders tried  current cost 12
    W_14: 64485s  147,070,492,200 steps   752393 feasible sets         0 orders tried  current cost 4
    W_14: 64500s  147,104,618,400 steps   752591 feasible sets         0 orders tried  current cost 2
    W_14: 64515s  147,138,942,400 steps   752756 feasible sets         0 orders tried  current cost 11
    W_14: 64530s  147,172,972,000 steps   752945 feasible sets         0 orders tried  current cost 4
    W_14: 64545s  147,207,175,200 steps   753128 feasible sets         0 orders tried  current cost 3
    W_14: 64560s  147,241,334,000 steps   753297 feasible sets         0 orders tried  current cost 1
    W_14: 64575s  147,274,818,600 steps   753452 feasible sets         0 orders tried  current cost 4
    W_14: 64590s  147,309,285,200 steps   753635 feasible sets         0 orders tried  current cost 11
    W_14: 64605s  147,344,158,400 steps   753818 feasible sets         0 orders tried  current cost 3
    W_14: 64620s  147,378,847,800 steps   754003 feasible sets         0 orders tried  current cost 6
    W_14: 64635s  147,411,605,600 steps   754185 feasible sets         0 orders tried  current cost 7
    W_14: 64650s  147,445,864,200 steps   754368 feasible sets         0 orders tried  current cost 6
    W_14: 64665s  147,480,606,800 steps   754510 feasible sets         0 orders tried  current cost 7
    W_14: 64680s  147,515,117,000 steps   754684 feasible sets         0 orders tried  current cost 4
    W_14: 64695s  147,549,788,000 steps   754907 feasible sets         0 orders tried  current cost 6
    W_14: 64710s  147,584,385,800 steps   755100 feasible sets         0 orders tried  current cost 8
    W_14: 64725s  147,618,768,000 steps   755276 feasible sets         0 orders tried  current cost 7
    W_14: 64740s  147,652,970,000 steps   755452 feasible sets         0 orders tried  current cost 3
    W_14: 64755s  147,688,228,600 steps   755638 feasible sets         0 orders tried  current cost 6
    W_14: 64770s  147,722,800,000 steps   755778 feasible sets         0 orders tried  current cost 6
    W_14: 64785s  147,757,431,800 steps   756016 feasible sets         0 orders tried  current cost 4
seed=4, time limit 64800s per wheel

W_14  not found   64800s, 756167 feasible sets, 0 orders tried

0/1 wheels solved and independently verified.
A wheel not solved here is undecided, not shown to be impossible: this search is incomplete by design.
