    W_14:    15s  34,495,000 steps      171 feasible sets         0 orders tried  current cost 2
    W_14:    30s  69,564,000 steps      336 feasible sets         0 orders tried  current cost 11
    W_14:    45s  104,717,600 steps      502 feasible sets         0 orders tried  current cost 1
    W_14:    60s  138,697,200 steps      696 feasible sets         0 orders tried  current cost 3
    W_14:    75s  172,459,600 steps      890 feasible sets         0 orders tried  current cost 4
    W_14:    90s  206,764,200 steps     1094 feasible sets         0 orders tried  current cost 9
    W_14:   105s  240,835,800 steps     1344 feasible sets         0 orders tried  current cost 3
    W_14:   120s  274,536,200 steps     1533 feasible sets         0 orders tried  current cost 3
    W_14:   135s  304,372,400 steps     1702 feasible sets         0 orders tried  current cost 3
    W_14:   150s  322,188,000 steps     1761 feasible sets         0 orders tried  current cost 4
    W_14:   165s  355,804,800 steps     1895 feasible sets         0 orders tried  current cost 5
    W_14:   180s  389,930,200 steps     2056 feasible sets         0 orders tried  current cost 4
    W_14:   195s  423,982,600 steps     2261 feasible sets         0 orders tried  current cost 10
    W_14:   210s  458,278,400 steps     2447 feasible sets         0 orders tried  current cost 5
    W_14:   225s  492,277,800 steps     2586 feasible sets         0 orders tried  current cost 2
    W_14:   240s  526,479,000 steps     2774 feasible sets         0 orders tried  current cost 3
    W_14:   255s  560,681,800 steps     2926 feasible sets         0 orders tried  current cost 9
    W_14:   270s  594,990,200 steps     3147 feasible sets         0 orders tried  current cost 5
    W_14:   285s  629,069,000 steps     3314 feasible sets         0 orders tried  current cost 4
    W_14:   300s  663,021,600 steps     3496 feasible sets         0 orders tried  current cost 14
    W_14:   315s  697,023,400 steps     3690 feasible sets         0 orders tried  current cost 9
    W_14:   330s  730,967,200 steps     3856 feasible sets         0 orders tried  current cost 9
    W_14:   345s  765,124,200 steps     4016 feasible sets         0 orders tried  current cost 11
    W_14:   360s  799,403,800 steps     4184 feasible sets         0 orders tried  current cost 13
    W_14:   375s  833,204,000 steps     4346 feasible sets         0 orders tried  current cost 9
    W_14:   390s  866,952,400 steps     4499 feasible sets         0 orders tried  current cost 3
    W_14:   405s  901,090,200 steps     4675 feasible sets         0 orders tried  current cost 3
    W_14:   420s  935,072,400 steps     4892 feasible sets         0 orders tried  current cost 3
    W_14:   435s  969,081,800 steps     5070 feasible sets         0 orders tried  current cost 13
    W_14:   450s  1,002,968,400 steps     5231 feasible sets         0 orders tried  current cost 5
    W_14:   465s  1,037,282,800 steps     5411 feasible sets         0 orders tried  current cost 12
    W_14:   480s  1,071,506,600 steps     5590 feasible sets         0 orders tried  current cost 7
    W_14:   495s  1,106,098,400 steps     5791 feasible sets         0 orders tried  current cost 4
    W_14:   510s  1,140,350,600 steps     5962 feasible sets         0 orders tried  current cost 3
    W_14:   525s  1,174,553,000 steps     6131 feasible sets         0 orders tried  current cost 2
    W_14:   540s  1,209,046,600 steps     6280 feasible sets         0 orders tried  current cost 9
    W_14:   555s  1,243,427,800 steps     6432 feasible sets         0 orders tried  current cost 5
    W_14:   570s  1,277,402,200 steps     6637 feasible sets         0 orders tried  current cost 12
    W_14:   585s  1,310,761,600 steps     6824 feasible sets         0 orders tried  current cost 11
    W_14:   600s  1,344,897,000 steps     6975 feasible sets         0 orders tried  current cost 2
    W_14:   615s  1,379,033,800 steps     7115 feasible sets         0 orders tried  current cost 3
    W_14:   630s  1,413,198,000 steps     7290 feasible sets         0 orders tried  current cost 4
    W_14:   645s  1,447,414,400 steps     7471 feasible sets         0 orders tried  current cost 4
    W_14:   660s  1,481,541,000 steps     7622 feasible sets         0 orders tried  current cost 10
    W_14:   675s  1,515,767,600 steps     7779 feasible sets         0 orders tried  current cost 7
    W_14:   690s  1,549,864,200 steps     7933 feasible sets         0 orders tried  current cost 10
    W_14:   705s  1,584,014,800 steps     8112 feasible sets         0 orders tried  current cost 3
    W_14:   720s  1,617,937,000 steps     8272 feasible sets         0 orders tried  current cost 2
    W_14:   735s  1,651,875,400 steps     8426 feasible sets         0 orders tried  current cost 2
    W_14:   750s  1,685,826,600 steps     8628 feasible sets         0 orders tried  current cost 7
    W_14:   765s  1,719,907,200 steps     8805 feasible sets         0 orders tried  current cost 6
    W_14:   780s  1,754,113,800 steps     8971 feasible sets         0 orders tried  current cost 2
    W_14:   795s  1,787,848,600 steps     9103 feasible sets         0 orders tried  current cost 7
    W_14:   810s  1,821,373,800 steps     9264 feasible sets         0 orders tried  current cost 1
    W_14:   825s  1,846,100,400 steps     9380 feasible sets         0 orders tried  current cost 14
    W_14:   840s  1,865,471,600 steps     9511 feasible sets         0 orders tried  current cost 4
    W_14:   855s  1,899,372,400 steps     9691 feasible sets         0 orders tried  current cost 6
    W_14:   870s  1,933,389,600 steps     9885 feasible sets         0 orders tried  current cost 4
    W_14:   885s  1,967,807,600 steps    10057 feasible sets         0 orders tried  current cost 6
    W_14:   900s  2,002,191,800 steps    10247 feasible sets         0 orders tried  current cost 5
    W_14:   915s  2,036,245,200 steps    10416 feasible sets         0 orders tried  current cost 7
    W_14:   930s  2,070,316,600 steps    10591 feasible sets         0 orders tried  current cost 1
    W_14:   945s  2,104,478,200 steps    10739 feasible sets         0 orders tried  current cost 4
    W_14:   960s  2,138,841,600 steps    10929 feasible sets         0 orders tried  current cost 16
    W_14:   975s  2,172,744,800 steps    11145 feasible sets         0 orders tried  current cost 8
    W_14:   990s  2,206,985,400 steps    11318 feasible sets         0 orders tried  current cost 8
    W_14:  1005s  2,241,244,600 steps    11470 feasible sets         0 orders tried  current cost 10
    W_14:  1020s  2,275,641,600 steps    11628 feasible sets         0 orders tried  current cost 11
    W_14:  1035s  2,310,150,200 steps    11773 feasible sets         0 orders tried  current cost 3
    W_14:  1050s  2,343,799,000 steps    11956 feasible sets         0 orders tried  current cost 3
    W_14:  1065s  2,377,884,400 steps    12120 feasible sets         0 orders tried  current cost 8
    W_14:  1080s  2,412,228,200 steps    12278 feasible sets         0 orders tried  current cost 4
    W_14:  1095s  2,446,038,200 steps    12463 feasible sets         0 orders tried  current cost 4
    W_14:  1110s  2,480,384,200 steps    12652 feasible sets         0 orders tried  current cost 9
    W_14:  1125s  2,514,199,000 steps    12828 feasible sets         0 orders tried  current cost 3
    W_14:  1140s  2,548,371,200 steps    12984 feasible sets         0 orders tried  current cost 2
    W_14:  1155s  2,582,633,000 steps    13181 feasible sets         0 orders tried  current cost 2
    W_14:  1170s  2,616,639,800 steps    13362 feasible sets         0 orders tried  current cost 4
    W_14:  1185s  2,650,617,600 steps    13538 feasible sets         0 orders tried  current cost 3
    W_14:  1200s  2,684,958,400 steps    13706 feasible sets         0 orders tried  current cost 3
    W_14:  1215s  2,719,377,200 steps    13873 feasible sets         0 orders tried  current cost 4
    W_14:  1230s  2,753,593,200 steps    14079 feasible sets         0 orders tried  current cost 4
    W_14:  1245s  2,787,810,600 steps    14231 feasible sets         0 orders tried  current cost 4
    W_14:  1260s  2,822,149,000 steps    14369 feasible sets         0 orders tried  current cost 6
    W_14:  1275s  2,856,696,200 steps    14557 feasible sets         0 orders tried  current cost 2
    W_14:  1290s  2,891,016,600 steps    14737 feasible sets         0 orders tried  current cost 3
    W_14:  1305s  2,925,227,600 steps    14884 feasible sets         0 orders tried  current cost 5
    W_14:  1320s  2,959,313,000 steps    15035 feasible sets         0 orders tried  current cost 4
    W_14:  1335s  2,993,516,600 steps    15192 feasible sets         0 orders tried  current cost 2
    W_14:  1350s  3,025,790,600 steps    15336 feasible sets         0 orders tried  current cost 6
    W_14:  1365s  3,058,320,400 steps    15498 feasible sets         0 orders tried  current cost 16
    W_14:  1380s  3,092,224,600 steps    15659 feasible sets         0 orders tried  current cost 6
    W_14:  1395s  3,125,608,800 steps    15819 feasible sets         0 orders tried  current cost 6
    W_14:  1410s  3,159,637,800 steps    15982 feasible sets         0 orders tried  current cost 4
    W_14:  1425s  3,192,173,800 steps    16174 feasible sets         0 orders tried  current cost 3
    W_14:  1440s  3,225,505,000 steps    16346 feasible sets         0 orders tried  current cost 6
    W_14:  1455s  3,259,997,000 steps    16505 feasible sets         0 orders tried  current cost 4
    W_14:  1470s  3,293,956,600 steps    16688 feasible sets         0 orders tried  current cost 3
    W_14:  1485s  3,328,290,400 steps    16832 feasible sets         0 orders tried  current cost 5
    W_14:  1500s  3,361,861,800 steps    17011 feasible sets         0 orders tried  current cost 15
    W_14:  1515s  3,390,823,000 steps    17174 feasible sets         0 orders tried  current cost 8
    W_14:  1530s  3,406,741,400 steps    17254 feasible sets         0 orders tried  current cost 9
    W_14:  1545s  3,440,725,400 steps    17411 feasible sets         0 orders tried  current cost 6
    W_14:  1560s  3,474,913,400 steps    17593 feasible sets         0 orders tried  current cost 4
    W_14:  1575s  3,509,497,800 steps    17776 feasible sets         0 orders tried  current cost 3
    W_14:  1590s  3,543,674,800 steps    17976 feasible sets         0 orders tried  current cost 3
    W_14:  1605s  3,577,896,800 steps    18153 feasible sets         0 orders tried  current cost 3
    W_14:  1620s  3,612,133,200 steps    18338 feasible sets         0 orders tried  current cost 4
    W_14:  1635s  3,646,343,600 steps    18490 feasible sets         0 orders tried  current cost 13
    W_14:  1650s  3,680,810,600 steps    18647 feasible sets         0 orders tried  current cost 2
    W_14:  1665s  3,714,538,600 steps    18814 feasible sets         0 orders tried  current cost 3
    W_14:  1680s  3,748,782,400 steps    19026 feasible sets         0 orders tried  current cost 14
    W_14:  1695s  3,782,923,600 steps    19199 feasible sets         0 orders tried  current cost 10
    W_14:  1710s  3,816,964,600 steps    19412 feasible sets         0 orders tried  current cost 13
    W_14:  1725s  3,851,549,600 steps    19617 feasible sets         0 orders tried  current cost 3
    W_14:  1740s  3,886,083,000 steps    19780 feasible sets         0 orders tried  current cost 9
    W_14:  1755s  3,920,118,600 steps    19940 feasible sets         0 orders tried  current cost 1
    W_14:  1770s  3,954,172,400 steps    20114 feasible sets         0 orders tried  current cost 4
    W_14:  1785s  3,988,449,800 steps    20291 feasible sets         0 orders tried  current cost 2
    W_14:  1800s  4,022,664,400 steps    20482 feasible sets         0 orders tried  current cost 11
    W_14:  1815s  4,056,777,400 steps    20645 feasible sets         0 orders tried  current cost 1
    W_14:  1830s  4,090,907,200 steps    20810 feasible sets         0 orders tried  current cost 5
    W_14:  1845s  4,124,726,400 steps    20990 feasible sets         0 orders tried  current cost 7
    W_14:  1860s  4,158,522,800 steps    21132 feasible sets         0 orders tried  current cost 13
    W_14:  1875s  4,192,703,800 steps    21274 feasible sets         0 orders tried  current cost 8
    W_14:  1890s  4,226,875,000 steps    21445 feasible sets         0 orders tried  current cost 4
    W_14:  1905s  4,260,705,000 steps    21630 feasible sets         0 orders tried  current cost 9
    W_14:  1920s  4,294,746,600 steps    21852 feasible sets         0 orders tried  current cost 7
    W_14:  1935s  4,328,826,600 steps    22019 feasible sets         0 orders tried  current cost 9
    W_14:  1950s  4,362,848,800 steps    22197 feasible sets         0 orders tried  current cost 6
    W_14:  1965s  4,397,201,200 steps    22370 feasible sets         0 orders tried  current cost 10
    W_14:  1980s  4,431,261,200 steps    22538 feasible sets         0 orders tried  current cost 15
    W_14:  1995s  4,465,271,200 steps    22716 feasible sets         0 orders tried  current cost 4
    W_14:  2010s  4,499,138,400 steps    22875 feasible sets         0 orders tried  current cost 2
    W_14:  2025s  4,533,433,400 steps    23069 feasible sets         0 orders tried  current cost 3
    W_14:  2040s  4,567,526,600 steps    23222 feasible sets         0 orders tried  current cost 6
    W_14:  2055s  4,601,557,800 steps    23406 feasible sets         0 orders tried  current cost 3
    W_14:  2070s  4,635,929,600 steps    23572 feasible sets         0 orders tried  current cost 6
    W_14:  2085s  4,669,966,600 steps    23706 feasible sets         0 orders tried  current cost 8
    W_14:  2100s  4,704,496,800 steps    23909 feasible sets         0 orders tried  current cost 3
    W_14:  2115s  4,738,833,800 steps    24070 feasible sets         0 orders tried  current cost 2
    W_14:  2130s  4,773,077,200 steps    24263 feasible sets         0 orders tried  current cost 2
    W_14:  2145s  4,807,262,600 steps    24444 feasible sets         0 orders tried  current cost 13
    W_14:  2160s  4,841,521,000 steps    24624 feasible sets         0 orders tried  current cost 11
    W_14:  2175s  4,876,107,800 steps    24837 feasible sets         0 orders tried  current cost 6
    W_14:  2190s  4,909,573,800 steps    24993 feasible sets         0 orders tried  current cost 3
    W_14:  2205s  4,942,482,800 steps    25169 feasible sets         0 orders tried  current cost 11
    W_14:  2220s  4,953,333,800 steps    25225 feasible sets         0 orders tried  current cost 4
    W_14:  2235s  4,985,844,000 steps    25393 feasible sets         0 orders tried  current cost 14
    W_14:  2250s  5,020,224,600 steps    25600 feasible sets         0 orders tried  current cost 8
    W_14:  2265s  5,054,617,000 steps    25796 feasible sets         0 orders tried  current cost 3
    W_14:  2280s  5,088,950,200 steps    25978 feasible sets         0 orders tried  current cost 6
    W_14:  2295s  5,123,539,200 steps    26135 feasible sets         0 orders tried  current cost 2
    W_14:  2310s  5,158,258,000 steps    26309 feasible sets         0 orders tried  current cost 3
    W_14:  2325s  5,192,743,400 steps    26495 feasible sets         0 orders tried  current cost 9
    W_14:  2340s  5,227,175,400 steps    26641 feasible sets         0 orders tried  current cost 3
    W_14:  2355s  5,261,396,200 steps    26853 feasible sets         0 orders tried  current cost 3
    W_14:  2370s  5,295,637,400 steps    27001 feasible sets         0 orders tried  current cost 3
    W_14:  2385s  5,329,769,200 steps    27191 feasible sets         0 orders tried  current cost 3
    W_14:  2400s  5,364,107,200 steps    27386 feasible sets         0 orders tried  current cost 4
    W_14:  2415s  5,398,117,000 steps    27560 feasible sets         0 orders tried  current cost 1
    W_14:  2430s  5,432,313,000 steps    27743 feasible sets         0 orders tried  current cost 4
    W_14:  2445s  5,466,620,600 steps    27867 feasible sets         0 orders tried  current cost 7
    W_14:  2460s  5,500,814,800 steps    28050 feasible sets         0 orders tried  current cost 4
    W_14:  2475s  5,535,126,800 steps    28219 feasible sets         0 orders tried  current cost 8
    W_14:  2490s  5,568,654,200 steps    28408 feasible sets         0 orders tried  current cost 1
    W_14:  2505s  5,602,928,600 steps    28558 feasible sets         0 orders tried  current cost 6
    W_14:  2520s  5,637,514,000 steps    28703 feasible sets         0 orders tried  current cost 4
    W_14:  2535s  5,671,863,400 steps    28863 feasible sets         0 orders tried  current cost 10
    W_14:  2550s  5,705,956,200 steps    29027 feasible sets         0 orders tried  current cost 1
    W_14:  2565s  5,740,315,400 steps    29180 feasible sets         0 orders tried  current cost 4
    W_14:  2580s  5,774,692,000 steps    29342 feasible sets         0 orders tried  current cost 2
    W_14:  2595s  5,808,903,400 steps    29535 feasible sets         0 orders tried  current cost 12
    W_14:  2610s  5,843,207,000 steps    29714 feasible sets         0 orders tried  current cost 6
    W_14:  2625s  5,877,233,400 steps    29861 feasible sets         0 orders tried  current cost 4
    W_14:  2640s  5,911,795,400 steps    30066 feasible sets         0 orders tried  current cost 3
    W_14:  2655s  5,946,061,600 steps    30224 feasible sets         0 orders tried  current cost 11
    W_14:  2670s  5,980,181,400 steps    30403 feasible sets         0 orders tried  current cost 11
    W_14:  2685s  6,014,427,600 steps    30552 feasible sets         0 orders tried  current cost 5
    W_14:  2700s  6,048,840,000 steps    30753 feasible sets         0 orders tried  current cost 3
    W_14:  2715s  6,083,156,200 steps    30922 feasible sets         0 orders tried  current cost 1
    W_14:  2730s  6,117,354,600 steps    31099 feasible sets         0 orders tried  current cost 1
    W_14:  2745s  6,151,877,800 steps    31283 feasible sets         0 orders tried  current cost 3
    W_14:  2760s  6,186,321,000 steps    31437 feasible sets         0 orders tried  current cost 10
    W_14:  2775s  6,221,120,800 steps    31592 feasible sets         0 orders tried  current cost 10
    W_14:  2790s  6,255,216,800 steps    31796 feasible sets         0 orders tried  current cost 2
    W_14:  2805s  6,289,603,400 steps    31970 feasible sets         0 orders tried  current cost 8
    W_14:  2820s  6,324,217,200 steps    32148 feasible sets         0 orders tried  current cost 4
    W_14:  2835s  6,358,722,000 steps    32332 feasible sets         0 orders tried  current cost 9
    W_14:  2850s  6,393,078,400 steps    32486 feasible sets         0 orders tried  current cost 2
    W_14:  2865s  6,427,620,800 steps    32668 feasible sets         0 orders tried  current cost 11
    W_14:  2880s  6,461,916,600 steps    32839 feasible sets         0 orders tried  current cost 3
    W_14:  2895s  6,495,892,200 steps    33007 feasible sets         0 orders tried  current cost 4
    W_14:  2910s  6,529,966,600 steps    33185 feasible sets         0 orders tried  current cost 8
    W_14:  2925s  6,564,361,000 steps    33416 feasible sets         0 orders tried  current cost 12
    W_14:  2940s  6,598,810,400 steps    33605 feasible sets         0 orders tried  current cost 3
    W_14:  2955s  6,633,052,000 steps    33766 feasible sets         0 orders tried  current cost 5
    W_14:  2970s  6,667,544,600 steps    33941 feasible sets         0 orders tried  current cost 9
    W_14:  2985s  6,701,806,400 steps    34087 feasible sets         0 orders tried  current cost 7
    W_14:  3000s  6,736,326,400 steps    34272 feasible sets         0 orders tried  current cost 6
    W_14:  3015s  6,770,973,200 steps    34440 feasible sets         0 orders tried  current cost 3
    W_14:  3030s  6,804,850,000 steps    34611 feasible sets         0 orders tried  current cost 4
    W_14:  3045s  6,839,107,600 steps    34765 feasible sets         0 orders tried  current cost 8
    W_14:  3060s  6,873,565,800 steps    34933 feasible sets         0 orders tried  current cost 5
    W_14:  3075s  6,907,893,800 steps    35104 feasible sets         0 orders tried  current cost 4
    W_14:  3090s  6,941,851,200 steps    35294 feasible sets         0 orders tried  current cost 4
    W_14:  3105s  6,976,522,200 steps    35471 feasible sets         0 orders tried  current cost 15
    W_14:  3120s  7,010,883,400 steps    35665 feasible sets         0 orders tried  current cost 12
    W_14:  3135s  7,045,229,600 steps    35835 feasible sets         0 orders tried  current cost 4
    W_14:  3150s  7,079,647,400 steps    35979 feasible sets         0 orders tried  current cost 8
    W_14:  3165s  7,114,111,400 steps    36142 feasible sets         0 orders tried  current cost 6
    W_14:  3180s  7,148,418,400 steps    36292 feasible sets         0 orders tried  current cost 3
    W_14:  3195s  7,182,688,200 steps    36498 feasible sets         0 orders tried  current cost 6
    W_14:  3210s  7,217,243,400 steps    36663 feasible sets         0 orders tried  current cost 8
    W_14:  3225s  7,251,586,600 steps    36835 feasible sets         0 orders tried  current cost 7
    W_14:  3240s  7,286,003,000 steps    37022 feasible sets         0 orders tried  current cost 9
    W_14:  3255s  7,320,884,800 steps    37235 feasible sets         0 orders tried  current cost 8
    W_14:  3270s  7,355,412,000 steps    37420 feasible sets         0 orders tried  current cost 5
    W_14:  3285s  7,389,466,200 steps    37608 feasible sets         0 orders tried  current cost 8
    W_14:  3300s  7,423,678,200 steps    37775 feasible sets         0 orders tried  current cost 3
    W_14:  3315s  7,458,335,000 steps    37952 feasible sets         0 orders tried  current cost 3
    W_14:  3330s  7,492,869,600 steps    38158 feasible sets         0 orders tried  current cost 5
    W_14:  3345s  7,527,579,200 steps    38359 feasible sets         0 orders tried  current cost 2
    W_14:  3360s  7,560,938,000 steps    38505 feasible sets         0 orders tried  current cost 4
    W_14:  3375s  7,578,196,600 steps    38587 feasible sets         0 orders tried  current cost 4
    W_14:  3390s  7,610,553,000 steps    38760 feasible sets         0 orders tried  current cost 4
    W_14:  3405s  7,644,189,000 steps    38915 feasible sets         0 orders tried  current cost 3
    W_14:  3420s  7,678,259,600 steps    39073 feasible sets         0 orders tried  current cost 1
    W_14:  3435s  7,712,355,200 steps    39278 feasible sets         0 orders tried  current cost 2
    W_14:  3450s  7,746,586,000 steps    39461 feasible sets         0 orders tried  current cost 2
    W_14:  3465s  7,780,863,600 steps    39639 feasible sets         0 orders tried  current cost 7
    W_14:  3480s  7,815,303,000 steps    39852 feasible sets         0 orders tried  current cost 8
    W_14:  3495s  7,849,689,600 steps    39987 feasible sets         0 orders tried  current cost 2
    W_14:  3510s  7,883,592,400 steps    40182 feasible sets         0 orders tried  current cost 4
    W_14:  3525s  7,917,919,600 steps    40335 feasible sets         0 orders tried  current cost 3
    W_14:  3540s  7,951,689,000 steps    40483 feasible sets         0 orders tried  current cost 5
    W_14:  3555s  7,986,038,800 steps    40656 feasible sets         0 orders tried  current cost 2
    W_14:  3570s  8,020,001,200 steps    40830 feasible sets         0 orders tried  current cost 10
    W_14:  3585s  8,054,237,400 steps    41028 feasible sets         0 orders tried  current cost 3
    W_14:  3600s  8,088,500,200 steps    41212 feasible sets         0 orders tried  current cost 15
    W_14:  3615s  8,123,008,800 steps    41393 feasible sets         0 orders tried  current cost 4
    W_14:  3630s  8,157,128,600 steps    41533 feasible sets         0 orders tried  current cost 6
    W_14:  3645s  8,191,477,400 steps    41685 feasible sets         0 orders tried  current cost 1
    W_14:  3660s  8,225,613,200 steps    41861 feasible sets         0 orders tried  current cost 1
    W_14:  3675s  8,259,761,000 steps    42057 feasible sets         0 orders tried  current cost 15
    W_14:  3690s  8,294,056,600 steps    42219 feasible sets         0 orders tried  current cost 3
    W_14:  3705s  8,327,939,200 steps    42424 feasible sets         0 orders tried  current cost 3
    W_14:  3720s  8,361,588,600 steps    42606 feasible sets         0 orders tried  current cost 5
    W_14:  3735s  8,395,818,000 steps    42797 feasible sets         0 orders tried  current cost 2
    W_14:  3750s  8,430,267,200 steps    42966 feasible sets         0 orders tried  current cost 6
    W_14:  3765s  8,464,675,000 steps    43146 feasible sets         0 orders tried  current cost 4
    W_14:  3780s  8,498,718,000 steps    43320 feasible sets         0 orders tried  current cost 4
    W_14:  3795s  8,532,650,600 steps    43518 feasible sets         0 orders tried  current cost 3
    W_14:  3810s  8,566,924,200 steps    43699 feasible sets         0 orders tried  current cost 10
    W_14:  3825s  8,601,473,000 steps    43894 feasible sets         0 orders tried  current cost 1
    W_14:  3840s  8,635,920,000 steps    44080 feasible sets         0 orders tried  current cost 4
    W_14:  3855s  8,669,644,400 steps    44239 feasible sets         0 orders tried  current cost 7
    W_14:  3870s  8,703,714,600 steps    44430 feasible sets         0 orders tried  current cost 2
    W_14:  3885s  8,737,913,000 steps    44577 feasible sets         0 orders tried  current cost 3
    W_14:  3900s  8,771,830,600 steps    44750 feasible sets         0 orders tried  current cost 6
    W_14:  3915s  8,805,952,600 steps    44919 feasible sets         0 orders tried  current cost 5
    W_14:  3930s  8,840,309,200 steps    45113 feasible sets         0 orders tried  current cost 8
    W_14:  3945s  8,874,547,200 steps    45266 feasible sets         0 orders tried  current cost 5
    W_14:  3960s  8,908,950,200 steps    45474 feasible sets         0 orders tried  current cost 5
    W_14:  3975s  8,942,860,600 steps    45625 feasible sets         0 orders tried  current cost 13
    W_14:  3990s  8,976,973,800 steps    45818 feasible sets         0 orders tried  current cost 4
    W_14:  4005s  9,010,766,200 steps    46002 feasible sets         0 orders tried  current cost 6
    W_14:  4020s  9,045,066,000 steps    46154 feasible sets         0 orders tried  current cost 5
    W_14:  4035s  9,079,586,800 steps    46357 feasible sets         0 orders tried  current cost 9
    W_14:  4050s  9,114,078,400 steps    46513 feasible sets         0 orders tried  current cost 1
    W_14:  4065s  9,148,227,000 steps    46683 feasible sets         0 orders tried  current cost 5
    W_14:  4080s  9,182,792,200 steps    46932 feasible sets         0 orders tried  current cost 3
    W_14:  4095s  9,217,389,200 steps    47083 feasible sets         0 orders tried  current cost 4
    W_14:  4110s  9,251,619,600 steps    47272 feasible sets         0 orders tried  current cost 3
    W_14:  4125s  9,285,537,600 steps    47449 feasible sets         0 orders tried  current cost 2
    W_14:  4140s  9,319,996,600 steps    47660 feasible sets         0 orders tried  current cost 2
    W_14:  4155s  9,354,066,800 steps    47821 feasible sets         0 orders tried  current cost 5
    W_14:  4170s  9,388,140,000 steps    48009 feasible sets         0 orders tried  current cost 1
    W_14:  4185s  9,422,411,400 steps    48194 feasible sets         0 orders tried  current cost 3
    W_14:  4200s  9,456,464,600 steps    48366 feasible sets         0 orders tried  current cost 10
    W_14:  4215s  9,490,744,600 steps    48544 feasible sets         0 orders tried  current cost 8
    W_14:  4230s  9,524,729,600 steps    48745 feasible sets         0 orders tried  current cost 5
    W_14:  4245s  9,558,968,800 steps    48967 feasible sets         0 orders tried  current cost 5
    W_14:  4260s  9,593,366,200 steps    49162 feasible sets         0 orders tried  current cost 7
    W_14:  4275s  9,627,748,400 steps    49337 feasible sets         0 orders tried  current cost 7
    W_14:  4290s  9,661,890,800 steps    49511 feasible sets         0 orders tried  current cost 3
    W_14:  4305s  9,695,908,000 steps    49654 feasible sets         0 orders tried  current cost 6
    W_14:  4320s  9,730,157,400 steps    49859 feasible sets         0 orders tried  current cost 4
    W_14:  4335s  9,764,322,400 steps    50018 feasible sets         0 orders tried  current cost 11
    W_14:  4350s  9,798,415,800 steps    50193 feasible sets         0 orders tried  current cost 3
    W_14:  4365s  9,832,629,800 steps    50358 feasible sets         0 orders tried  current cost 4
    W_14:  4380s  9,866,607,400 steps    50572 feasible sets         0 orders tried  current cost 7
    W_14:  4395s  9,900,586,600 steps    50761 feasible sets         0 orders tried  current cost 4
    W_14:  4410s  9,934,910,600 steps    50972 feasible sets         0 orders tried  current cost 3
    W_14:  4425s  9,969,103,000 steps    51183 feasible sets         0 orders tried  current cost 14
    W_14:  4440s  10,003,165,200 steps    51334 feasible sets         0 orders tried  current cost 9
    W_14:  4455s  10,037,541,000 steps    51477 feasible sets         0 orders tried  current cost 16
    W_14:  4470s  10,072,133,200 steps    51633 feasible sets         0 orders tried  current cost 4
    W_14:  4485s  10,105,663,000 steps    51789 feasible sets         0 orders tried  current cost 12
    W_14:  4500s  10,139,769,200 steps    51952 feasible sets         0 orders tried  current cost 7
    W_14:  4515s  10,173,979,800 steps    52118 feasible sets         0 orders tried  current cost 1
    W_14:  4530s  10,190,680,000 steps    52189 feasible sets         0 orders tried  current cost 4
    W_14:  4545s  10,224,279,600 steps    52337 feasible sets         0 orders tried  current cost 4
    W_14:  4560s  10,258,284,200 steps    52511 feasible sets         0 orders tried  current cost 6
    W_14:  4575s  10,292,608,800 steps    52698 feasible sets         0 orders tried  current cost 6
    W_14:  4590s  10,327,043,400 steps    52848 feasible sets         0 orders tried  current cost 13
    W_14:  4605s  10,361,419,200 steps    53028 feasible sets         0 orders tried  current cost 2
    W_14:  4620s  10,395,813,400 steps    53213 feasible sets         0 orders tried  current cost 2
    W_14:  4635s  10,429,840,600 steps    53382 feasible sets         0 orders tried  current cost 15
    W_14:  4650s  10,463,961,800 steps    53565 feasible sets         0 orders tried  current cost 13
    W_14:  4665s  10,497,745,200 steps    53756 feasible sets         0 orders tried  current cost 12
    W_14:  4680s  10,532,136,800 steps    53925 feasible sets         0 orders tried  current cost 3
    W_14:  4695s  10,566,491,400 steps    54147 feasible sets         0 orders tried  current cost 4
    W_14:  4710s  10,600,558,400 steps    54308 feasible sets         0 orders tried  current cost 3
    W_14:  4725s  10,634,445,800 steps    54505 feasible sets         0 orders tried  current cost 8
    W_14:  4740s  10,668,473,400 steps    54688 feasible sets         0 orders tried  current cost 2
    W_14:  4755s  10,702,259,000 steps    54816 feasible sets         0 orders tried  current cost 1
    W_14:  4770s  10,736,016,400 steps    54976 feasible sets         0 orders tried  current cost 3
    W_14:  4785s  10,770,323,200 steps    55161 feasible sets         0 orders tried  current cost 9
    W_14:  4800s  10,804,616,000 steps    55333 feasible sets         0 orders tried  current cost 4
    W_14:  4815s  10,838,830,600 steps    55491 feasible sets         0 orders tried  current cost 3
    W_14:  4830s  10,872,668,000 steps    55654 feasible sets         0 orders tried  current cost 5
    W_14:  4845s  10,906,878,800 steps    55833 feasible sets         0 orders tried  current cost 5
    W_14:  4860s  10,940,992,400 steps    56001 feasible sets         0 orders tried  current cost 2
    W_14:  4875s  10,975,143,800 steps    56157 feasible sets         0 orders tried  current cost 7
    W_14:  4890s  11,009,422,200 steps    56329 feasible sets         0 orders tried  current cost 15
    W_14:  4905s  11,043,348,600 steps    56515 feasible sets         0 orders tried  current cost 6
    W_14:  4920s  11,077,456,000 steps    56681 feasible sets         0 orders tried  current cost 4
    W_14:  4935s  11,111,515,000 steps    56847 feasible sets         0 orders tried  current cost 2
    W_14:  4950s  11,145,706,600 steps    57029 feasible sets         0 orders tried  current cost 8
    W_14:  4965s  11,179,785,200 steps    57220 feasible sets         0 orders tried  current cost 11
    W_14:  4980s  11,213,809,000 steps    57381 feasible sets         0 orders tried  current cost 6
    W_14:  4995s  11,247,858,200 steps    57580 feasible sets         0 orders tried  current cost 3
    W_14:  5010s  11,282,325,400 steps    57759 feasible sets         0 orders tried  current cost 6
    W_14:  5025s  11,316,592,600 steps    57927 feasible sets         0 orders tried  current cost 3
    W_14:  5040s  11,350,503,000 steps    58088 feasible sets         0 orders tried  current cost 12
    W_14:  5055s  11,384,194,800 steps    58252 feasible sets         0 orders tried  current cost 4
    W_14:  5070s  11,418,283,200 steps    58453 feasible sets         0 orders tried  current cost 7
    W_14:  5085s  11,452,642,000 steps    58644 feasible sets         0 orders tried  current cost 12
    W_14:  5100s  11,486,740,400 steps    58799 feasible sets         0 orders tried  current cost 13
    W_14:  5115s  11,520,843,800 steps    58954 feasible sets         0 orders tried  current cost 9
    W_14:  5130s  11,555,249,400 steps    59108 feasible sets         0 orders tried  current cost 6
    W_14:  5145s  11,589,039,400 steps    59254 feasible sets         0 orders tried  current cost 3
    W_14:  5160s  11,623,190,400 steps    59442 feasible sets         0 orders tried  current cost 6
    W_14:  5175s  11,657,346,400 steps    59581 feasible sets         0 orders tried  current cost 6
    W_14:  5190s  11,691,368,600 steps    59768 feasible sets         0 orders tried  current cost 8
    W_14:  5205s  11,725,839,000 steps    59965 feasible sets         0 orders tried  current cost 2
    W_14:  5220s  11,760,164,200 steps    60136 feasible sets         0 orders tried  current cost 15
    W_14:  5235s  11,794,868,200 steps    60325 feasible sets         0 orders tried  current cost 8
    W_14:  5250s  11,828,784,400 steps    60482 feasible sets         0 orders tried  current cost 9
    W_14:  5265s  11,862,582,600 steps    60661 feasible sets         0 orders tried  current cost 14
    W_14:  5280s  11,897,039,200 steps    60823 feasible sets         0 orders tried  current cost 1
    W_14:  5295s  11,931,221,600 steps    61001 feasible sets         0 orders tried  current cost 9
    W_14:  5310s  11,965,489,200 steps    61176 feasible sets         0 orders tried  current cost 3
    W_14:  5325s  11,999,501,400 steps    61344 feasible sets         0 orders tried  current cost 13
    W_14:  5340s  12,033,339,400 steps    61540 feasible sets         0 orders tried  current cost 3
    W_14:  5355s  12,067,411,800 steps    61724 feasible sets         0 orders tried  current cost 5
    W_14:  5370s  12,101,716,400 steps    61894 feasible sets         0 orders tried  current cost 2
    W_14:  5385s  12,135,950,600 steps    62081 feasible sets         0 orders tried  current cost 4
    W_14:  5400s  12,169,861,000 steps    62268 feasible sets         0 orders tried  current cost 10
    W_14:  5415s  12,203,517,400 steps    62400 feasible sets         0 orders tried  current cost 3
    W_14:  5430s  12,237,641,600 steps    62597 feasible sets         0 orders tried  current cost 14
    W_14:  5445s  12,271,770,200 steps    62792 feasible sets         0 orders tried  current cost 5
    W_14:  5460s  12,305,730,800 steps    62983 feasible sets         0 orders tried  current cost 4
    W_14:  5475s  12,339,472,600 steps    63189 feasible sets         0 orders tried  current cost 5
    W_14:  5490s  12,373,306,000 steps    63370 feasible sets         0 orders tried  current cost 9
    W_14:  5505s  12,407,814,800 steps    63556 feasible sets         0 orders tried  current cost 4
    W_14:  5520s  12,442,409,400 steps    63747 feasible sets         0 orders tried  current cost 6
    W_14:  5535s  12,476,513,600 steps    63909 feasible sets         0 orders tried  current cost 4
    W_14:  5550s  12,510,868,200 steps    64089 feasible sets         0 orders tried  current cost 2
    W_14:  5565s  12,545,449,600 steps    64243 feasible sets         0 orders tried  current cost 3
    W_14:  5580s  12,579,678,000 steps    64425 feasible sets         0 orders tried  current cost 3
    W_14:  5595s  12,610,051,200 steps    64614 feasible sets         0 orders tried  current cost 4
    W_14:  5610s  12,638,523,000 steps    64747 feasible sets         0 orders tried  current cost 11
    W_14:  5625s  12,668,817,000 steps    64877 feasible sets         0 orders tried  current cost 1
    W_14:  5640s  12,700,381,200 steps    65051 feasible sets         0 orders tried  current cost 10
    W_14:  5655s  12,733,993,200 steps    65262 feasible sets         0 orders tried  current cost 4
    W_14:  5670s  12,765,293,400 steps    65420 feasible sets         0 orders tried  current cost 2
    W_14:  5685s  12,790,893,000 steps    65539 feasible sets         0 orders tried  current cost 4
    W_14:  5700s  12,799,839,800 steps    65574 feasible sets         0 orders tried  current cost 1
    W_14:  5715s  12,831,789,000 steps    65746 feasible sets         0 orders tried  current cost 5
    W_14:  5730s  12,866,645,600 steps    65919 feasible sets         0 orders tried  current cost 9
    W_14:  5745s  12,901,201,600 steps    66078 feasible sets         0 orders tried  current cost 10
    W_14:  5760s  12,934,143,400 steps    66242 feasible sets         0 orders tried  current cost 15
    W_14:  5775s  12,965,273,000 steps    66410 feasible sets         0 orders tried  current cost 2
    W_14:  5790s  12,995,664,800 steps    66562 feasible sets         0 orders tried  current cost 9
    W_14:  5805s  13,026,745,800 steps    66707 feasible sets         0 orders tried  current cost 11
    W_14:  5820s  13,060,015,800 steps    66896 feasible sets         0 orders tried  current cost 2
    W_14:  5835s  13,093,439,600 steps    67057 feasible sets         0 orders tried  current cost 3
    W_14:  5850s  13,127,387,600 steps    67248 feasible sets         0 orders tried  current cost 7
    W_14:  5865s  13,160,800,400 steps    67394 feasible sets         0 orders tried  current cost 13
    W_14:  5880s  13,194,610,400 steps    67560 feasible sets         0 orders tried  current cost 2
    W_14:  5895s  13,227,693,800 steps    67737 feasible sets         0 orders tried  current cost 1
    W_14:  5910s  13,261,862,400 steps    67907 feasible sets         0 orders tried  current cost 13
    W_14:  5925s  13,296,264,600 steps    68098 feasible sets         0 orders tried  current cost 7
    W_14:  5940s  13,330,101,600 steps    68325 feasible sets         0 orders tried  current cost 11
    W_14:  5955s  13,364,626,600 steps    68527 feasible sets         0 orders tried  current cost 5
    W_14:  5970s  13,398,887,600 steps    68690 feasible sets         0 orders tried  current cost 9
    W_14:  5985s  13,432,996,800 steps    68871 feasible sets         0 orders tried  current cost 3
    W_14:  6000s  13,467,162,200 steps    69040 feasible sets         0 orders tried  current cost 8
    W_14:  6015s  13,501,553,200 steps    69230 feasible sets         0 orders tried  current cost 4
    W_14:  6030s  13,535,653,600 steps    69435 feasible sets         0 orders tried  current cost 2
    W_14:  6045s  13,569,682,800 steps    69579 feasible sets         0 orders tried  current cost 15
    W_14:  6060s  13,604,142,600 steps    69737 feasible sets         0 orders tried  current cost 12
    W_14:  6075s  13,638,202,400 steps    69875 feasible sets         0 orders tried  current cost 10
    W_14:  6090s  13,672,349,800 steps    70040 feasible sets         0 orders tried  current cost 2
    W_14:  6105s  13,706,885,000 steps    70199 feasible sets         0 orders tried  current cost 9
    W_14:  6120s  13,741,167,200 steps    70377 feasible sets         0 orders tried  current cost 6
    W_14:  6135s  13,775,214,200 steps    70531 feasible sets         0 orders tried  current cost 3
    W_14:  6150s  13,809,597,600 steps    70693 feasible sets         0 orders tried  current cost 4
    W_14:  6165s  13,843,622,400 steps    70895 feasible sets         0 orders tried  current cost 13
    W_14:  6180s  13,877,791,600 steps    71074 feasible sets         0 orders tried  current cost 5
    W_14:  6195s  13,911,892,400 steps    71235 feasible sets         0 orders tried  current cost 3
    W_14:  6210s  13,946,175,400 steps    71394 feasible sets         0 orders tried  current cost 4
    W_14:  6225s  13,980,336,600 steps    71591 feasible sets         0 orders tried  current cost 3
    W_14:  6240s  14,014,411,800 steps    71764 feasible sets         0 orders tried  current cost 4
    W_14:  6255s  14,049,145,600 steps    71979 feasible sets         0 orders tried  current cost 9
    W_14:  6270s  14,083,167,200 steps    72162 feasible sets         0 orders tried  current cost 5
    W_14:  6285s  14,117,515,000 steps    72328 feasible sets         0 orders tried  current cost 2
    W_14:  6300s  14,152,016,600 steps    72486 feasible sets         0 orders tried  current cost 4
    W_14:  6315s  14,186,609,000 steps    72660 feasible sets         0 orders tried  current cost 5
    W_14:  6330s  14,221,159,000 steps    72861 feasible sets         0 orders tried  current cost 1
    W_14:  6345s  14,255,693,200 steps    73042 feasible sets         0 orders tried  current cost 4
    W_14:  6360s  14,289,971,800 steps    73201 feasible sets         0 orders tried  current cost 5
    W_14:  6375s  14,324,294,800 steps    73365 feasible sets         0 orders tried  current cost 3
    W_14:  6390s  14,358,206,600 steps    73523 feasible sets         0 orders tried  current cost 10
    W_14:  6405s  14,392,491,400 steps    73716 feasible sets         0 orders tried  current cost 3
    W_14:  6420s  14,426,608,400 steps    73899 feasible sets         0 orders tried  current cost 6
    W_14:  6435s  14,460,962,800 steps    74051 feasible sets         0 orders tried  current cost 13
    W_14:  6450s  14,495,287,600 steps    74212 feasible sets         0 orders tried  current cost 6
    W_14:  6465s  14,529,173,400 steps    74393 feasible sets         0 orders tried  current cost 4
    W_14:  6480s  14,563,368,000 steps    74554 feasible sets         0 orders tried  current cost 5
    W_14:  6495s  14,597,652,400 steps    74769 feasible sets         0 orders tried  current cost 4
    W_14:  6510s  14,631,772,400 steps    74944 feasible sets         0 orders tried  current cost 3
    W_14:  6525s  14,666,183,000 steps    75099 feasible sets         0 orders tried  current cost 16
    W_14:  6540s  14,700,900,200 steps    75299 feasible sets         0 orders tried  current cost 8
    W_14:  6555s  14,735,127,200 steps    75460 feasible sets         0 orders tried  current cost 4
    W_14:  6570s  14,769,479,400 steps    75631 feasible sets         0 orders tried  current cost 3
    W_14:  6585s  14,803,585,800 steps    75782 feasible sets         0 orders tried  current cost 8
    W_14:  6600s  14,837,786,800 steps    75973 feasible sets         0 orders tried  current cost 3
    W_14:  6615s  14,871,782,800 steps    76154 feasible sets         0 orders tried  current cost 11
    W_14:  6630s  14,905,733,600 steps    76302 feasible sets         0 orders tried  current cost 4
    W_14:  6645s  14,940,018,000 steps    76495 feasible sets         0 orders tried  current cost 2
    W_14:  6660s  14,972,095,200 steps    76689 feasible sets         0 orders tried  current cost 4
    W_14:  6675s  15,003,645,800 steps    76890 feasible sets         0 orders tried  current cost 6
    W_14:  6690s  15,034,992,600 steps    77048 feasible sets         0 orders tried  current cost 4
    W_14:  6705s  15,067,362,600 steps    77213 feasible sets         0 orders tried  current cost 12
    W_14:  6720s  15,101,961,400 steps    77418 feasible sets         0 orders tried  current cost 8
    W_14:  6735s  15,136,115,400 steps    77581 feasible sets         0 orders tried  current cost 2
    W_14:  6750s  15,170,144,600 steps    77717 feasible sets         0 orders tried  current cost 10
    W_14:  6765s  15,203,167,800 steps    77900 feasible sets         0 orders tried  current cost 5
    W_14:  6780s  15,237,442,200 steps    78063 feasible sets         0 orders tried  current cost 11
    W_14:  6795s  15,271,572,200 steps    78203 feasible sets         0 orders tried  current cost 4
    W_14:  6810s  15,305,792,600 steps    78427 feasible sets         0 orders tried  current cost 2
    W_14:  6825s  15,339,553,600 steps    78579 feasible sets         0 orders tried  current cost 3
    W_14:  6840s  15,373,518,800 steps    78721 feasible sets         0 orders tried  current cost 2
    W_14:  6855s  15,407,701,800 steps    78917 feasible sets         0 orders tried  current cost 8
    W_14:  6870s  15,441,902,800 steps    79076 feasible sets         0 orders tried  current cost 18
    W_14:  6885s  15,476,574,400 steps    79240 feasible sets         0 orders tried  current cost 2
    W_14:  6900s  15,511,239,000 steps    79410 feasible sets         0 orders tried  current cost 4
    W_14:  6915s  15,545,590,200 steps    79615 feasible sets         0 orders tried  current cost 6
    W_14:  6930s  15,579,650,600 steps    79764 feasible sets         0 orders tried  current cost 4
    W_14:  6945s  15,613,823,400 steps    79941 feasible sets         0 orders tried  current cost 10
    W_14:  6960s  15,648,331,200 steps    80110 feasible sets         0 orders tried  current cost 6
    W_14:  6975s  15,682,889,800 steps    80239 feasible sets         0 orders tried  current cost 5
    W_14:  6990s  15,716,974,200 steps    80420 feasible sets         0 orders tried  current cost 3
    W_14:  7005s  15,751,464,600 steps    80565 feasible sets         0 orders tried  current cost 7
    W_14:  7020s  15,785,986,200 steps    80753 feasible sets         0 orders tried  current cost 8
    W_14:  7035s  15,820,533,600 steps    80915 feasible sets         0 orders tried  current cost 3
    W_14:  7050s  15,854,751,200 steps    81099 feasible sets         0 orders tried  current cost 3
    W_14:  7065s  15,889,004,600 steps    81287 feasible sets         0 orders tried  current cost 10
    W_14:  7080s  15,923,140,400 steps    81488 feasible sets         0 orders tried  current cost 7
    W_14:  7095s  15,957,386,000 steps    81650 feasible sets         0 orders tried  current cost 4
    W_14:  7110s  15,991,387,600 steps    81840 feasible sets         0 orders tried  current cost 6
    W_14:  7125s  16,025,716,600 steps    82009 feasible sets         0 orders tried  current cost 3
    W_14:  7140s  16,059,869,600 steps    82166 feasible sets         0 orders tried  current cost 2
    W_14:  7155s  16,093,742,800 steps    82325 feasible sets         0 orders tried  current cost 19
    W_14:  7170s  16,128,035,600 steps    82485 feasible sets         0 orders tried  current cost 2
    W_14:  7185s  16,162,070,200 steps    82692 feasible sets         0 orders tried  current cost 1
    W_14:  7200s  16,196,391,200 steps    82841 feasible sets         0 orders tried  current cost 2
    W_14:  7215s  16,230,986,200 steps    82994 feasible sets         0 orders tried  current cost 13
    W_14:  7230s  16,265,885,200 steps    83150 feasible sets         0 orders tried  current cost 6
    W_14:  7245s  16,300,167,600 steps    83330 feasible sets         0 orders tried  current cost 7
    W_14:  7260s  16,334,669,000 steps    83503 feasible sets         0 orders tried  current cost 3
    W_14:  7275s  16,368,669,600 steps    83668 feasible sets         0 orders tried  current cost 5
    W_14:  7290s  16,402,848,800 steps    83847 feasible sets         0 orders tried  current cost 8
    W_14:  7305s  16,437,300,400 steps    84049 feasible sets         0 orders tried  current cost 11
    W_14:  7320s  16,471,351,000 steps    84202 feasible sets         0 orders tried  current cost 3
    W_14:  7335s  16,505,334,600 steps    84404 feasible sets         0 orders tried  current cost 4
    W_14:  7350s  16,539,802,600 steps    84576 feasible sets         0 orders tried  current cost 12
    W_14:  7365s  16,573,996,400 steps    84720 feasible sets         0 orders tried  current cost 2
    W_14:  7380s  16,608,375,000 steps    84901 feasible sets         0 orders tried  current cost 4
    W_14:  7395s  16,642,526,400 steps    85082 feasible sets         0 orders tried  current cost 5
    W_14:  7410s  16,676,981,400 steps    85271 feasible sets         0 orders tried  current cost 9
    W_14:  7425s  16,710,905,400 steps    85425 feasible sets         0 orders tried  current cost 9
    W_14:  7440s  16,745,084,800 steps    85581 feasible sets         0 orders tried  current cost 10
    W_14:  7455s  16,779,354,800 steps    85767 feasible sets         0 orders tried  current cost 3
    W_14:  7470s  16,814,191,200 steps    85955 feasible sets         0 orders tried  current cost 3
    W_14:  7485s  16,848,827,600 steps    86116 feasible sets         0 orders tried  current cost 5
    W_14:  7500s  16,883,052,600 steps    86295 feasible sets         0 orders tried  current cost 3
    W_14:  7515s  16,917,224,600 steps    86478 feasible sets         0 orders tried  current cost 13
    W_14:  7530s  16,951,360,800 steps    86648 feasible sets         0 orders tried  current cost 11
    W_14:  7545s  16,985,956,200 steps    86803 feasible sets         0 orders tried  current cost 2
    W_14:  7560s  17,020,231,800 steps    86983 feasible sets         0 orders tried  current cost 3
    W_14:  7575s  17,054,525,600 steps    87195 feasible sets         0 orders tried  current cost 9
    W_14:  7590s  17,088,983,000 steps    87358 feasible sets         0 orders tried  current cost 14
    W_14:  7605s  17,123,704,200 steps    87527 feasible sets         0 orders tried  current cost 8
    W_14:  7620s  17,157,691,400 steps    87665 feasible sets         0 orders tried  current cost 5
    W_14:  7635s  17,191,965,800 steps    87825 feasible sets         0 orders tried  current cost 9
    W_14:  7650s  17,226,138,000 steps    88013 feasible sets         0 orders tried  current cost 4
    W_14:  7665s  17,260,816,600 steps    88159 feasible sets         0 orders tried  current cost 4
    W_14:  7680s  17,294,892,800 steps    88324 feasible sets         0 orders tried  current cost 3
    W_14:  7695s  17,329,346,000 steps    88504 feasible sets         0 orders tried  current cost 8
    W_14:  7710s  17,363,702,400 steps    88665 feasible sets         0 orders tried  current cost 10
    W_14:  7725s  17,398,248,600 steps    88851 feasible sets         0 orders tried  current cost 5
    W_14:  7740s  17,432,286,000 steps    89010 feasible sets         0 orders tried  current cost 10
    W_14:  7755s  17,466,696,000 steps    89244 feasible sets         0 orders tried  current cost 3
    W_14:  7770s  17,501,274,600 steps    89421 feasible sets         0 orders tried  current cost 5
    W_14:  7785s  17,535,557,400 steps    89605 feasible sets         0 orders tried  current cost 4
    W_14:  7800s  17,569,659,400 steps    89769 feasible sets         0 orders tried  current cost 3
    W_14:  7815s  17,603,861,200 steps    89965 feasible sets         0 orders tried  current cost 11
    W_14:  7830s  17,638,560,400 steps    90130 feasible sets         0 orders tried  current cost 11
    W_14:  7845s  17,673,021,400 steps    90341 feasible sets         0 orders tried  current cost 13
    W_14:  7860s  17,707,475,600 steps    90535 feasible sets         0 orders tried  current cost 4
    W_14:  7875s  17,741,998,200 steps    90703 feasible sets         0 orders tried  current cost 3
    W_14:  7890s  17,772,339,600 steps    90859 feasible sets         0 orders tried  current cost 4
    W_14:  7905s  17,801,963,800 steps    91014 feasible sets         0 orders tried  current cost 9
    W_14:  7920s  17,832,659,400 steps    91185 feasible sets         0 orders tried  current cost 2
    W_14:  7935s  17,864,017,200 steps    91337 feasible sets         0 orders tried  current cost 3
    W_14:  7950s  17,898,067,600 steps    91486 feasible sets         0 orders tried  current cost 5
    W_14:  7965s  17,932,268,600 steps    91644 feasible sets         0 orders tried  current cost 5
    W_14:  7980s  17,966,231,200 steps    91799 feasible sets         0 orders tried  current cost 3
    W_14:  7995s  18,000,488,200 steps    91965 feasible sets         0 orders tried  current cost 8
    W_14:  8010s  18,035,109,600 steps    92172 feasible sets         0 orders tried  current cost 2
    W_14:  8025s  18,069,560,200 steps    92347 feasible sets         0 orders tried  current cost 10
    W_14:  8040s  18,103,725,000 steps    92504 feasible sets         0 orders tried  current cost 10
    W_14:  8055s  18,138,266,600 steps    92705 feasible sets         0 orders tried  current cost 6
    W_14:  8070s  18,172,663,200 steps    92894 feasible sets         0 orders tried  current cost 13
    W_14:  8085s  18,207,047,400 steps    93043 feasible sets         0 orders tried  current cost 4
    W_14:  8100s  18,241,345,600 steps    93180 feasible sets         0 orders tried  current cost 7
    W_14:  8115s  18,276,056,800 steps    93349 feasible sets         0 orders tried  current cost 2
    W_14:  8130s  18,310,420,200 steps    93533 feasible sets         0 orders tried  current cost 16
    W_14:  8145s  18,344,747,800 steps    93732 feasible sets         0 orders tried  current cost 3
    W_14:  8160s  18,379,288,600 steps    93922 feasible sets         0 orders tried  current cost 5
    W_14:  8175s  18,413,901,600 steps    94116 feasible sets         0 orders tried  current cost 11
    W_14:  8190s  18,448,305,000 steps    94312 feasible sets         0 orders tried  current cost 8
    W_14:  8205s  18,483,030,000 steps    94508 feasible sets         0 orders tried  current cost 1
    W_14:  8220s  18,517,293,000 steps    94695 feasible sets         0 orders tried  current cost 3
    W_14:  8235s  18,551,687,800 steps    94912 feasible sets         0 orders tried  current cost 8
    W_14:  8250s  18,586,255,000 steps    95113 feasible sets         0 orders tried  current cost 2
    W_14:  8265s  18,620,587,800 steps    95331 feasible sets         0 orders tried  current cost 8
    W_14:  8280s  18,654,712,200 steps    95506 feasible sets         0 orders tried  current cost 4
    W_14:  8295s  18,689,008,600 steps    95646 feasible sets         0 orders tried  current cost 6
    W_14:  8310s  18,723,113,600 steps    95834 feasible sets         0 orders tried  current cost 2
    W_14:  8325s  18,757,761,200 steps    95994 feasible sets         0 orders tried  current cost 8
    W_14:  8340s  18,792,160,800 steps    96159 feasible sets         0 orders tried  current cost 13
    W_14:  8355s  18,826,624,400 steps    96345 feasible sets         0 orders tried  current cost 8
    W_14:  8370s  18,861,005,200 steps    96513 feasible sets         0 orders tried  current cost 13
    W_14:  8385s  18,894,917,600 steps    96696 feasible sets         0 orders tried  current cost 3
    W_14:  8400s  18,929,120,600 steps    96874 feasible sets         0 orders tried  current cost 17
    W_14:  8415s  18,963,573,200 steps    97061 feasible sets         0 orders tried  current cost 2
    W_14:  8430s  18,998,135,200 steps    97211 feasible sets         0 orders tried  current cost 4
    W_14:  8445s  19,032,550,400 steps    97360 feasible sets         0 orders tried  current cost 4
    W_14:  8460s  19,066,599,400 steps    97503 feasible sets         0 orders tried  current cost 4
    W_14:  8475s  19,100,906,400 steps    97666 feasible sets         0 orders tried  current cost 5
    W_14:  8490s  19,135,098,200 steps    97847 feasible sets         0 orders tried  current cost 1
    W_14:  8505s  19,169,145,800 steps    97987 feasible sets         0 orders tried  current cost 7
    W_14:  8520s  19,203,124,000 steps    98173 feasible sets         0 orders tried  current cost 9
    W_14:  8535s  19,237,422,400 steps    98342 feasible sets         0 orders tried  current cost 10
    W_14:  8550s  19,271,931,800 steps    98516 feasible sets         0 orders tried  current cost 4
    W_14:  8565s  19,306,605,400 steps    98699 feasible sets         0 orders tried  current cost 8
    W_14:  8580s  19,340,724,600 steps    98933 feasible sets         0 orders tried  current cost 8
    W_14:  8595s  19,374,496,800 steps    99083 feasible sets         0 orders tried  current cost 2
    W_14:  8610s  19,408,767,600 steps    99260 feasible sets         0 orders tried  current cost 7
    W_14:  8625s  19,443,050,400 steps    99460 feasible sets         0 orders tried  current cost 3
    W_14:  8640s  19,477,283,200 steps    99624 feasible sets         0 orders tried  current cost 10
    W_14:  8655s  19,511,727,600 steps    99758 feasible sets         0 orders tried  current cost 6
    W_14:  8670s  19,546,305,200 steps    99941 feasible sets         0 orders tried  current cost 7
    W_14:  8685s  19,580,155,000 steps   100122 feasible sets         0 orders tried  current cost 3
    W_14:  8700s  19,614,700,600 steps   100294 feasible sets         0 orders tried  current cost 11
    W_14:  8715s  19,648,764,000 steps   100474 feasible sets         0 orders tried  current cost 8
    W_14:  8730s  19,682,869,800 steps   100650 feasible sets         0 orders tried  current cost 5
    W_14:  8745s  19,717,291,000 steps   100809 feasible sets         0 orders tried  current cost 3
    W_14:  8760s  19,751,398,000 steps   100956 feasible sets         0 orders tried  current cost 3
    W_14:  8775s  19,785,528,600 steps   101121 feasible sets         0 orders tried  current cost 3
    W_14:  8790s  19,819,950,000 steps   101289 feasible sets         0 orders tried  current cost 5
    W_14:  8805s  19,853,957,600 steps   101446 feasible sets         0 orders tried  current cost 2
    W_14:  8820s  19,888,193,000 steps   101587 feasible sets         0 orders tried  current cost 3
    W_14:  8835s  19,922,741,000 steps   101762 feasible sets         0 orders tried  current cost 12
    W_14:  8850s  19,957,132,400 steps   101933 feasible sets         0 orders tried  current cost 4
    W_14:  8865s  19,991,686,400 steps   102084 feasible sets         0 orders tried  current cost 5
    W_14:  8880s  20,026,358,000 steps   102248 feasible sets         0 orders tried  current cost 1
    W_14:  8895s  20,060,537,600 steps   102384 feasible sets         0 orders tried  current cost 3
    W_14:  8910s  20,095,062,600 steps   102534 feasible sets         0 orders tried  current cost 13
    W_14:  8925s  20,129,326,800 steps   102695 feasible sets         0 orders tried  current cost 6
    W_14:  8940s  20,163,343,000 steps   102858 feasible sets         0 orders tried  current cost 17
    W_14:  8955s  20,197,939,000 steps   103025 feasible sets         0 orders tried  current cost 5
    W_14:  8970s  20,232,400,400 steps   103168 feasible sets         0 orders tried  current cost 12
    W_14:  8985s  20,266,541,600 steps   103373 feasible sets         0 orders tried  current cost 13
    W_14:  9000s  20,300,901,600 steps   103586 feasible sets         0 orders tried  current cost 10
    W_14:  9015s  20,335,200,200 steps   103749 feasible sets         0 orders tried  current cost 12
    W_14:  9030s  20,369,538,800 steps   103898 feasible sets         0 orders tried  current cost 1
    W_14:  9045s  20,403,897,000 steps   104081 feasible sets         0 orders tried  current cost 3
    W_14:  9060s  20,438,189,400 steps   104260 feasible sets         0 orders tried  current cost 5
    W_14:  9075s  20,472,550,200 steps   104411 feasible sets         0 orders tried  current cost 6
    W_14:  9090s  20,507,525,400 steps   104608 feasible sets         0 orders tried  current cost 10
    W_14:  9105s  20,541,627,200 steps   104775 feasible sets         0 orders tried  current cost 7
    W_14:  9120s  20,575,905,600 steps   104951 feasible sets         0 orders tried  current cost 6
    W_14:  9135s  20,610,312,800 steps   105105 feasible sets         0 orders tried  current cost 1
    W_14:  9150s  20,644,778,600 steps   105261 feasible sets         0 orders tried  current cost 3
    W_14:  9165s  20,679,189,400 steps   105451 feasible sets         0 orders tried  current cost 5
    W_14:  9180s  20,714,128,800 steps   105669 feasible sets         0 orders tried  current cost 4
    W_14:  9195s  20,748,699,000 steps   105823 feasible sets         0 orders tried  current cost 1
    W_14:  9210s  20,783,227,800 steps   105981 feasible sets         0 orders tried  current cost 5
    W_14:  9225s  20,817,498,200 steps   106172 feasible sets         0 orders tried  current cost 2
    W_14:  9240s  20,852,219,000 steps   106366 feasible sets         0 orders tried  current cost 4
    W_14:  9255s  20,886,285,600 steps   106591 feasible sets         0 orders tried  current cost 7
    W_14:  9270s  20,920,520,800 steps   106814 feasible sets         0 orders tried  current cost 15
    W_14:  9285s  20,954,879,000 steps   106953 feasible sets         0 orders tried  current cost 2
    W_14:  9300s  20,989,012,400 steps   107120 feasible sets         0 orders tried  current cost 6
    W_14:  9315s  21,023,455,000 steps   107260 feasible sets         0 orders tried  current cost 8
    W_14:  9330s  21,058,138,800 steps   107391 feasible sets         0 orders tried  current cost 4
    W_14:  9345s  21,092,768,600 steps   107575 feasible sets         0 orders tried  current cost 4
    W_14:  9360s  21,127,391,200 steps   107726 feasible sets         0 orders tried  current cost 5
    W_14:  9375s  21,161,818,200 steps   107903 feasible sets         0 orders tried  current cost 4
    W_14:  9390s  21,196,309,200 steps   108082 feasible sets         0 orders tried  current cost 8
    W_14:  9405s  21,230,355,800 steps   108308 feasible sets         0 orders tried  current cost 3
    W_14:  9420s  21,264,676,800 steps   108470 feasible sets         0 orders tried  current cost 4
    W_14:  9435s  21,299,071,200 steps   108654 feasible sets         0 orders tried  current cost 3
    W_14:  9450s  21,333,668,200 steps   108857 feasible sets         0 orders tried  current cost 9
    W_14:  9465s  21,367,948,400 steps   109033 feasible sets         0 orders tried  current cost 2
    W_14:  9480s  21,402,358,200 steps   109227 feasible sets         0 orders tried  current cost 1
    W_14:  9495s  21,436,766,800 steps   109373 feasible sets         0 orders tried  current cost 8
    W_14:  9510s  21,471,088,200 steps   109528 feasible sets         0 orders tried  current cost 3
    W_14:  9525s  21,505,460,200 steps   109707 feasible sets         0 orders tried  current cost 17
    W_14:  9540s  21,540,115,000 steps   109888 feasible sets         0 orders tried  current cost 2
    W_14:  9555s  21,574,806,600 steps   110029 feasible sets         0 orders tried  current cost 8
    W_14:  9570s  21,609,079,400 steps   110209 feasible sets         0 orders tried  current cost 4
    W_14:  9585s  21,643,426,800 steps   110358 feasible sets         0 orders tried  current cost 5
    W_14:  9600s  21,677,592,800 steps   110505 feasible sets         0 orders tried  current cost 3
    W_14:  9615s  21,711,847,600 steps   110681 feasible sets         0 orders tried  current cost 6
    W_14:  9630s  21,745,488,600 steps   110859 feasible sets         0 orders tried  current cost 7
    W_14:  9645s  21,779,988,000 steps   111030 feasible sets         0 orders tried  current cost 5
    W_14:  9660s  21,814,520,000 steps   111218 feasible sets         0 orders tried  current cost 2
    W_14:  9675s  21,849,032,800 steps   111391 feasible sets         0 orders tried  current cost 5
    W_14:  9690s  21,883,408,600 steps   111533 feasible sets         0 orders tried  current cost 9
    W_14:  9705s  21,917,888,800 steps   111684 feasible sets         0 orders tried  current cost 5
    W_14:  9720s  21,952,286,000 steps   111837 feasible sets         0 orders tried  current cost 6
    W_14:  9735s  21,986,321,800 steps   112049 feasible sets         0 orders tried  current cost 9
    W_14:  9750s  22,020,846,800 steps   112223 feasible sets         0 orders tried  current cost 6
    W_14:  9765s  22,055,080,000 steps   112429 feasible sets         0 orders tried  current cost 1
    W_14:  9780s  22,089,290,000 steps   112604 feasible sets         0 orders tried  current cost 5
    W_14:  9795s  22,123,495,000 steps   112795 feasible sets         0 orders tried  current cost 3
    W_14:  9810s  22,158,112,800 steps   112969 feasible sets         0 orders tried  current cost 6
    W_14:  9825s  22,191,413,400 steps   113145 feasible sets         0 orders tried  current cost 5
    W_14:  9840s  22,224,872,200 steps   113290 feasible sets         0 orders tried  current cost 5
    W_14:  9855s  22,258,391,800 steps   113453 feasible sets         0 orders tried  current cost 1
    W_14:  9870s  22,292,659,600 steps   113636 feasible sets         0 orders tried  current cost 3
    W_14:  9885s  22,326,357,000 steps   113778 feasible sets         0 orders tried  current cost 2
    W_14:  9900s  22,360,332,800 steps   113930 feasible sets         0 orders tried  current cost 4
    W_14:  9915s  22,394,453,000 steps   114088 feasible sets         0 orders tried  current cost 4
    W_14:  9930s  22,428,536,800 steps   114286 feasible sets         0 orders tried  current cost 3
    W_14:  9945s  22,462,347,400 steps   114437 feasible sets         0 orders tried  current cost 6
    W_14:  9960s  22,495,944,800 steps   114605 feasible sets         0 orders tried  current cost 12
    W_14:  9975s  22,529,934,600 steps   114804 feasible sets         0 orders tried  current cost 7
    W_14:  9990s  22,563,853,000 steps   115012 feasible sets         0 orders tried  current cost 2
    W_14: 10005s  22,597,224,000 steps   115188 feasible sets         0 orders tried  current cost 12
    W_14: 10020s  22,631,311,400 steps   115369 feasible sets         0 orders tried  current cost 3
    W_14: 10035s  22,665,456,600 steps   115562 feasible sets         0 orders tried  current cost 3
    W_14: 10050s  22,699,623,000 steps   115755 feasible sets         0 orders tried  current cost 12
    W_14: 10065s  22,733,785,200 steps   115969 feasible sets         0 orders tried  current cost 8
    W_14: 10080s  22,767,990,400 steps   116145 feasible sets         0 orders tried  current cost 1
    W_14: 10095s  22,801,603,400 steps   116328 feasible sets         0 orders tried  current cost 18
    W_14: 10110s  22,835,228,000 steps   116513 feasible sets         0 orders tried  current cost 5
    W_14: 10125s  22,868,935,600 steps   116689 feasible sets         0 orders tried  current cost 4
    W_14: 10140s  22,902,408,800 steps   116856 feasible sets         0 orders tried  current cost 6
    W_14: 10155s  22,936,588,000 steps   117006 feasible sets         0 orders tried  current cost 4
    W_14: 10170s  22,970,341,000 steps   117213 feasible sets         0 orders tried  current cost 16
    W_14: 10185s  23,003,714,200 steps   117392 feasible sets         0 orders tried  current cost 3
    W_14: 10200s  23,037,950,800 steps   117567 feasible sets         0 orders tried  current cost 5
    W_14: 10215s  23,072,143,200 steps   117716 feasible sets         0 orders tried  current cost 13
    W_14: 10230s  23,105,704,000 steps   117898 feasible sets         0 orders tried  current cost 10
    W_14: 10245s  23,139,489,600 steps   118077 feasible sets         0 orders tried  current cost 2
    W_14: 10260s  23,173,370,000 steps   118315 feasible sets         0 orders tried  current cost 5
    W_14: 10275s  23,207,209,800 steps   118462 feasible sets         0 orders tried  current cost 2
    W_14: 10290s  23,241,192,800 steps   118635 feasible sets         0 orders tried  current cost 4
    W_14: 10305s  23,275,383,600 steps   118807 feasible sets         0 orders tried  current cost 9
    W_14: 10320s  23,309,227,000 steps   118992 feasible sets         0 orders tried  current cost 6
    W_14: 10335s  23,342,826,000 steps   119182 feasible sets         0 orders tried  current cost 14
    W_14: 10350s  23,376,947,000 steps   119350 feasible sets         0 orders tried  current cost 9
    W_14: 10365s  23,410,868,800 steps   119511 feasible sets         0 orders tried  current cost 4
    W_14: 10380s  23,445,000,400 steps   119676 feasible sets         0 orders tried  current cost 14
    W_14: 10395s  23,478,672,800 steps   119827 feasible sets         0 orders tried  current cost 1
    W_14: 10410s  23,512,244,200 steps   120008 feasible sets         0 orders tried  current cost 6
    W_14: 10425s  23,545,738,000 steps   120191 feasible sets         0 orders tried  current cost 1
    W_14: 10440s  23,579,796,600 steps   120351 feasible sets         0 orders tried  current cost 5
    W_14: 10455s  23,613,482,800 steps   120504 feasible sets         0 orders tried  current cost 10
    W_14: 10470s  23,647,466,200 steps   120677 feasible sets         0 orders tried  current cost 10
    W_14: 10485s  23,681,407,000 steps   120820 feasible sets         0 orders tried  current cost 3
    W_14: 10500s  23,715,585,400 steps   120999 feasible sets         0 orders tried  current cost 9
    W_14: 10515s  23,749,015,200 steps   121186 feasible sets         0 orders tried  current cost 2
    W_14: 10530s  23,783,668,800 steps   121341 feasible sets         0 orders tried  current cost 8
    W_14: 10545s  23,817,152,000 steps   121528 feasible sets         0 orders tried  current cost 3
    W_14: 10560s  23,851,076,800 steps   121692 feasible sets         0 orders tried  current cost 3
    W_14: 10575s  23,884,969,000 steps   121846 feasible sets         0 orders tried  current cost 4
    W_14: 10590s  23,918,674,200 steps   121993 feasible sets         0 orders tried  current cost 3
    W_14: 10605s  23,952,684,200 steps   122134 feasible sets         0 orders tried  current cost 7
    W_14: 10620s  23,986,146,800 steps   122293 feasible sets         0 orders tried  current cost 4
    W_14: 10635s  24,019,845,400 steps   122460 feasible sets         0 orders tried  current cost 5
    W_14: 10650s  24,054,402,000 steps   122629 feasible sets         0 orders tried  current cost 13
    W_14: 10665s  24,088,228,400 steps   122767 feasible sets         0 orders tried  current cost 5
    W_14: 10680s  24,121,959,000 steps   122918 feasible sets         0 orders tried  current cost 1
    W_14: 10695s  24,155,954,800 steps   123090 feasible sets         0 orders tried  current cost 4
    W_14: 10710s  24,189,874,600 steps   123236 feasible sets         0 orders tried  current cost 3
    W_14: 10725s  24,223,560,200 steps   123420 feasible sets         0 orders tried  current cost 12
    W_14: 10740s  24,257,469,800 steps   123619 feasible sets         0 orders tried  current cost 1
    W_14: 10755s  24,290,655,400 steps   123791 feasible sets         0 orders tried  current cost 5
    W_14: 10770s  24,324,384,000 steps   123965 feasible sets         0 orders tried  current cost 12
    W_14: 10785s  24,358,248,000 steps   124138 feasible sets         0 orders tried  current cost 7
    W_14: 10800s  24,391,746,000 steps   124323 feasible sets         0 orders tried  current cost 7
    W_14: 10815s  24,425,912,800 steps   124491 feasible sets         0 orders tried  current cost 1
    W_14: 10830s  24,459,770,200 steps   124648 feasible sets         0 orders tried  current cost 7
    W_14: 10845s  24,493,485,400 steps   124810 feasible sets         0 orders tried  current cost 7
    W_14: 10860s  24,527,673,600 steps   124997 feasible sets         0 orders tried  current cost 3
    W_14: 10875s  24,561,583,600 steps   125185 feasible sets         0 orders tried  current cost 10
    W_14: 10890s  24,595,598,200 steps   125350 feasible sets         0 orders tried  current cost 1
    W_14: 10905s  24,629,536,600 steps   125551 feasible sets         0 orders tried  current cost 3
    W_14: 10920s  24,663,264,000 steps   125722 feasible sets         0 orders tried  current cost 13
    W_14: 10935s  24,696,982,400 steps   125892 feasible sets         0 orders tried  current cost 9
    W_14: 10950s  24,730,784,000 steps   126032 feasible sets         0 orders tried  current cost 11
    W_14: 10965s  24,764,905,000 steps   126196 feasible sets         0 orders tried  current cost 9
    W_14: 10980s  24,799,393,600 steps   126372 feasible sets         0 orders tried  current cost 3
    W_14: 10995s  24,833,027,400 steps   126517 feasible sets         0 orders tried  current cost 6
    W_14: 11010s  24,866,891,600 steps   126686 feasible sets         0 orders tried  current cost 4
    W_14: 11025s  24,900,679,800 steps   126849 feasible sets         0 orders tried  current cost 3
    W_14: 11040s  24,934,684,400 steps   127045 feasible sets         0 orders tried  current cost 11
    W_14: 11055s  24,968,731,000 steps   127237 feasible sets         0 orders tried  current cost 1
    W_14: 11070s  25,002,949,000 steps   127395 feasible sets         0 orders tried  current cost 7
    W_14: 11085s  25,036,605,600 steps   127604 feasible sets         0 orders tried  current cost 6
    W_14: 11100s  25,070,265,600 steps   127754 feasible sets         0 orders tried  current cost 6
    W_14: 11115s  25,104,337,600 steps   127947 feasible sets         0 orders tried  current cost 1
    W_14: 11130s  25,138,396,400 steps   128166 feasible sets         0 orders tried  current cost 3
    W_14: 11145s  25,172,597,400 steps   128328 feasible sets         0 orders tried  current cost 3
    W_14: 11160s  25,206,549,800 steps   128500 feasible sets         0 orders tried  current cost 5
    W_14: 11175s  25,240,312,800 steps   128675 feasible sets         0 orders tried  current cost 3
    W_14: 11190s  25,274,233,800 steps   128861 feasible sets         0 orders tried  current cost 3
    W_14: 11205s  25,308,233,200 steps   129044 feasible sets         0 orders tried  current cost 2
    W_14: 11220s  25,342,776,400 steps   129226 feasible sets         0 orders tried  current cost 2
    W_14: 11235s  25,375,623,800 steps   129358 feasible sets         0 orders tried  current cost 10
    W_14: 11250s  25,409,182,400 steps   129497 feasible sets         0 orders tried  current cost 13
    W_14: 11265s  25,443,223,600 steps   129642 feasible sets         0 orders tried  current cost 9
    W_14: 11280s  25,477,179,800 steps   129843 feasible sets         0 orders tried  current cost 2
    W_14: 11295s  25,511,188,800 steps   130028 feasible sets         0 orders tried  current cost 7
    W_14: 11310s  25,545,765,600 steps   130173 feasible sets         0 orders tried  current cost 8
    W_14: 11325s  25,579,734,800 steps   130332 feasible sets         0 orders tried  current cost 3
    W_14: 11340s  25,613,850,000 steps   130506 feasible sets         0 orders tried  current cost 4
    W_14: 11355s  25,647,876,800 steps   130685 feasible sets         0 orders tried  current cost 1
    W_14: 11370s  25,682,500,200 steps   130843 feasible sets         0 orders tried  current cost 12
    W_14: 11385s  25,716,989,000 steps   131018 feasible sets         0 orders tried  current cost 4
    W_14: 11400s  25,751,286,800 steps   131173 feasible sets         0 orders tried  current cost 6
    W_14: 11415s  25,785,294,600 steps   131340 feasible sets         0 orders tried  current cost 2
    W_14: 11430s  25,819,470,600 steps   131511 feasible sets         0 orders tried  current cost 6
    W_14: 11445s  25,853,321,800 steps   131711 feasible sets         0 orders tried  current cost 12
    W_14: 11460s  25,887,697,600 steps   131911 feasible sets         0 orders tried  current cost 2
    W_14: 11475s  25,922,146,000 steps   132082 feasible sets         0 orders tried  current cost 8
    W_14: 11490s  25,956,363,600 steps   132242 feasible sets         0 orders tried  current cost 10
    W_14: 11505s  25,990,467,400 steps   132433 feasible sets         0 orders tried  current cost 7
    W_14: 11520s  26,024,522,000 steps   132586 feasible sets         0 orders tried  current cost 12
    W_14: 11535s  26,059,004,600 steps   132754 feasible sets         0 orders tried  current cost 10
    W_14: 11550s  26,093,213,000 steps   132956 feasible sets         0 orders tried  current cost 3
    W_14: 11565s  26,127,542,400 steps   133132 feasible sets         0 orders tried  current cost 12
    W_14: 11580s  26,161,672,400 steps   133282 feasible sets         0 orders tried  current cost 5
    W_14: 11595s  26,195,368,400 steps   133445 feasible sets         0 orders tried  current cost 7
    W_14: 11610s  26,229,599,200 steps   133639 feasible sets         0 orders tried  current cost 4
    W_14: 11625s  26,263,782,000 steps   133761 feasible sets         0 orders tried  current cost 11
    W_14: 11640s  26,297,727,400 steps   133949 feasible sets         0 orders tried  current cost 7
    W_14: 11655s  26,332,040,000 steps   134145 feasible sets         0 orders tried  current cost 3
    W_14: 11670s  26,366,327,200 steps   134313 feasible sets         0 orders tried  current cost 3
    W_14: 11685s  26,400,493,600 steps   134507 feasible sets         0 orders tried  current cost 4
    W_14: 11700s  26,434,924,600 steps   134679 feasible sets         0 orders tried  current cost 10
    W_14: 11715s  26,469,117,400 steps   134848 feasible sets         0 orders tried  current cost 3
    W_14: 11730s  26,503,086,600 steps   135025 feasible sets         0 orders tried  current cost 7
    W_14: 11745s  26,537,354,000 steps   135179 feasible sets         0 orders tried  current cost 5
    W_14: 11760s  26,571,480,600 steps   135387 feasible sets         0 orders tried  current cost 13
    W_14: 11775s  26,605,694,400 steps   135522 feasible sets         0 orders tried  current cost 4
    W_14: 11790s  26,639,694,800 steps   135691 feasible sets         0 orders tried  current cost 2
    W_14: 11805s  26,673,657,200 steps   135870 feasible sets         0 orders tried  current cost 3
    W_14: 11820s  26,707,938,600 steps   136067 feasible sets         0 orders tried  current cost 4
    W_14: 11835s  26,742,325,200 steps   136232 feasible sets         0 orders tried  current cost 7
    W_14: 11850s  26,776,345,800 steps   136440 feasible sets         0 orders tried  current cost 9
    W_14: 11865s  26,811,045,400 steps   136593 feasible sets         0 orders tried  current cost 8
    W_14: 11880s  26,845,403,600 steps   136804 feasible sets         0 orders tried  current cost 10
    W_14: 11895s  26,879,596,400 steps   136939 feasible sets         0 orders tried  current cost 4
    W_14: 11910s  26,913,772,600 steps   137151 feasible sets         0 orders tried  current cost 3
    W_14: 11925s  26,947,990,800 steps   137342 feasible sets         0 orders tried  current cost 3
    W_14: 11940s  26,982,061,200 steps   137535 feasible sets         0 orders tried  current cost 14
    W_14: 11955s  27,016,375,000 steps   137711 feasible sets         0 orders tried  current cost 4
    W_14: 11970s  27,050,503,000 steps   137866 feasible sets         0 orders tried  current cost 15
    W_14: 11985s  27,085,067,800 steps   138060 feasible sets         0 orders tried  current cost 7
    W_14: 12000s  27,119,208,800 steps   138211 feasible sets         0 orders tried  current cost 5
    W_14: 12015s  27,153,251,200 steps   138375 feasible sets         0 orders tried  current cost 3
    W_14: 12030s  27,187,521,600 steps   138558 feasible sets         0 orders tried  current cost 10
    W_14: 12045s  27,221,519,800 steps   138718 feasible sets         0 orders tried  current cost 3
    W_14: 12060s  27,255,731,000 steps   138858 feasible sets         0 orders tried  current cost 5
    W_14: 12075s  27,289,587,400 steps   139042 feasible sets         0 orders tried  current cost 5
    W_14: 12090s  27,323,288,800 steps   139218 feasible sets         0 orders tried  current cost 7
    W_14: 12105s  27,357,173,400 steps   139383 feasible sets         0 orders tried  current cost 4
    W_14: 12120s  27,391,367,600 steps   139559 feasible sets         0 orders tried  current cost 4
    W_14: 12135s  27,425,563,000 steps   139735 feasible sets         0 orders tried  current cost 10
    W_14: 12150s  27,459,454,600 steps   139918 feasible sets         0 orders tried  current cost 5
    W_14: 12165s  27,493,481,000 steps   140090 feasible sets         0 orders tried  current cost 10
    W_14: 12180s  27,527,789,400 steps   140275 feasible sets         0 orders tried  current cost 1
    W_14: 12195s  27,561,549,400 steps   140437 feasible sets         0 orders tried  current cost 6
    W_14: 12210s  27,595,859,200 steps   140630 feasible sets         0 orders tried  current cost 1
    W_14: 12225s  27,629,947,400 steps   140807 feasible sets         0 orders tried  current cost 5
    W_14: 12240s  27,663,887,200 steps   141019 feasible sets         0 orders tried  current cost 6
    W_14: 12255s  27,698,244,000 steps   141194 feasible sets         0 orders tried  current cost 8
    W_14: 12270s  27,732,391,800 steps   141355 feasible sets         0 orders tried  current cost 4
    W_14: 12285s  27,766,849,200 steps   141510 feasible sets         0 orders tried  current cost 4
    W_14: 12300s  27,800,839,400 steps   141668 feasible sets         0 orders tried  current cost 3
    W_14: 12315s  27,835,277,800 steps   141892 feasible sets         0 orders tried  current cost 2
    W_14: 12330s  27,869,661,200 steps   142098 feasible sets         0 orders tried  current cost 11
    W_14: 12345s  27,904,273,200 steps   142282 feasible sets         0 orders tried  current cost 3
    W_14: 12360s  27,938,479,600 steps   142467 feasible sets         0 orders tried  current cost 4
    W_14: 12375s  27,972,817,400 steps   142618 feasible sets         0 orders tried  current cost 4
    W_14: 12390s  28,007,293,000 steps   142769 feasible sets         0 orders tried  current cost 3
    W_14: 12405s  28,041,592,600 steps   142951 feasible sets         0 orders tried  current cost 4
    W_14: 12420s  28,075,950,400 steps   143167 feasible sets         0 orders tried  current cost 5
    W_14: 12435s  28,109,771,000 steps   143361 feasible sets         0 orders tried  current cost 4
    W_14: 12450s  28,144,340,400 steps   143520 feasible sets         0 orders tried  current cost 12
    W_14: 12465s  28,178,084,800 steps   143689 feasible sets         0 orders tried  current cost 10
    W_14: 12480s  28,212,251,000 steps   143867 feasible sets         0 orders tried  current cost 4
    W_14: 12495s  28,246,440,400 steps   144054 feasible sets         0 orders tried  current cost 15
    W_14: 12510s  28,281,073,200 steps   144218 feasible sets         0 orders tried  current cost 4
    W_14: 12525s  28,315,560,800 steps   144385 feasible sets         0 orders tried  current cost 13
    W_14: 12540s  28,350,295,400 steps   144551 feasible sets         0 orders tried  current cost 2
    W_14: 12555s  28,385,066,600 steps   144731 feasible sets         0 orders tried  current cost 9
    W_14: 12570s  28,419,663,600 steps   144869 feasible sets         0 orders tried  current cost 11
    W_14: 12585s  28,453,851,000 steps   145037 feasible sets         0 orders tried  current cost 6
    W_14: 12600s  28,488,337,400 steps   145220 feasible sets         0 orders tried  current cost 4
    W_14: 12615s  28,522,926,600 steps   145381 feasible sets         0 orders tried  current cost 3
    W_14: 12630s  28,557,591,000 steps   145554 feasible sets         0 orders tried  current cost 2
    W_14: 12645s  28,592,200,600 steps   145759 feasible sets         0 orders tried  current cost 10
    W_14: 12660s  28,626,689,600 steps   145948 feasible sets         0 orders tried  current cost 6
    W_14: 12675s  28,661,268,800 steps   146141 feasible sets         0 orders tried  current cost 7
    W_14: 12690s  28,696,224,600 steps   146316 feasible sets         0 orders tried  current cost 6
    W_14: 12705s  28,731,084,800 steps   146471 feasible sets         0 orders tried  current cost 6
    W_14: 12720s  28,765,801,000 steps   146635 feasible sets         0 orders tried  current cost 12
    W_14: 12735s  28,800,319,000 steps   146802 feasible sets         0 orders tried  current cost 2
    W_14: 12750s  28,834,894,600 steps   146959 feasible sets         0 orders tried  current cost 1
    W_14: 12765s  28,869,218,000 steps   147123 feasible sets         0 orders tried  current cost 1
    W_14: 12780s  28,903,776,800 steps   147308 feasible sets         0 orders tried  current cost 2
    W_14: 12795s  28,938,398,000 steps   147479 feasible sets         0 orders tried  current cost 3
    W_14: 12810s  28,972,217,200 steps   147641 feasible sets         0 orders tried  current cost 3
    W_14: 12825s  29,006,743,400 steps   147814 feasible sets         0 orders tried  current cost 11
    W_14: 12840s  29,040,876,400 steps   147983 feasible sets         0 orders tried  current cost 4
    W_14: 12855s  29,075,045,600 steps   148162 feasible sets         0 orders tried  current cost 2
    W_14: 12870s  29,110,048,400 steps   148335 feasible sets         0 orders tried  current cost 5
    W_14: 12885s  29,144,192,400 steps   148556 feasible sets         0 orders tried  current cost 5
    W_14: 12900s  29,178,226,600 steps   148722 feasible sets         0 orders tried  current cost 6
    W_14: 12915s  29,212,398,000 steps   148893 feasible sets         0 orders tried  current cost 3
    W_14: 12930s  29,247,161,400 steps   149095 feasible sets         0 orders tried  current cost 11
    W_14: 12945s  29,281,513,400 steps   149279 feasible sets         0 orders tried  current cost 3
    W_14: 12960s  29,315,720,200 steps   149428 feasible sets         0 orders tried  current cost 10
    W_14: 12975s  29,350,495,400 steps   149616 feasible sets         0 orders tried  current cost 6
    W_14: 12990s  29,384,946,600 steps   149789 feasible sets         0 orders tried  current cost 8
    W_14: 13005s  29,419,032,800 steps   149987 feasible sets         0 orders tried  current cost 5
    W_14: 13020s  29,453,360,200 steps   150151 feasible sets         0 orders tried  current cost 15
    W_14: 13035s  29,487,736,800 steps   150303 feasible sets         0 orders tried  current cost 4
    W_14: 13050s  29,522,526,200 steps   150472 feasible sets         0 orders tried  current cost 10
    W_14: 13065s  29,556,804,800 steps   150615 feasible sets         0 orders tried  current cost 10
    W_14: 13080s  29,591,004,200 steps   150811 feasible sets         0 orders tried  current cost 11
    W_14: 13095s  29,625,491,600 steps   150999 feasible sets         0 orders tried  current cost 4
    W_14: 13110s  29,660,013,400 steps   151150 feasible sets         0 orders tried  current cost 3
    W_14: 13125s  29,694,503,600 steps   151325 feasible sets         0 orders tried  current cost 10
    W_14: 13140s  29,728,583,800 steps   151476 feasible sets         0 orders tried  current cost 8
    W_14: 13155s  29,762,728,600 steps   151643 feasible sets         0 orders tried  current cost 6
    W_14: 13170s  29,797,390,800 steps   151825 feasible sets         0 orders tried  current cost 4
    W_14: 13185s  29,831,909,400 steps   152007 feasible sets         0 orders tried  current cost 4
    W_14: 13200s  29,866,483,600 steps   152150 feasible sets         0 orders tried  current cost 13
    W_14: 13215s  29,901,030,000 steps   152318 feasible sets         0 orders tried  current cost 4
    W_14: 13230s  29,935,199,800 steps   152521 feasible sets         0 orders tried  current cost 5
    W_14: 13245s  29,969,883,800 steps   152716 feasible sets         0 orders tried  current cost 6
    W_14: 13260s  30,004,341,400 steps   152899 feasible sets         0 orders tried  current cost 11
    W_14: 13275s  30,038,576,600 steps   153049 feasible sets         0 orders tried  current cost 1
    W_14: 13290s  30,073,075,200 steps   153205 feasible sets         0 orders tried  current cost 3
    W_14: 13305s  30,107,081,000 steps   153397 feasible sets         0 orders tried  current cost 13
    W_14: 13320s  30,141,152,000 steps   153518 feasible sets         0 orders tried  current cost 5
    W_14: 13335s  30,175,678,400 steps   153686 feasible sets         0 orders tried  current cost 2
    W_14: 13350s  30,210,171,400 steps   153858 feasible sets         0 orders tried  current cost 3
    W_14: 13365s  30,244,672,600 steps   154046 feasible sets         0 orders tried  current cost 3
    W_14: 13380s  30,278,912,800 steps   154223 feasible sets         0 orders tried  current cost 3
    W_14: 13395s  30,313,330,800 steps   154388 feasible sets         0 orders tried  current cost 6
    W_14: 13410s  30,347,325,600 steps   154549 feasible sets         0 orders tried  current cost 9
    W_14: 13425s  30,381,521,800 steps   154718 feasible sets         0 orders tried  current cost 16
    W_14: 13440s  30,416,384,800 steps   154911 feasible sets         0 orders tried  current cost 10
    W_14: 13455s  30,450,384,800 steps   155098 feasible sets         0 orders tried  current cost 8
    W_14: 13470s  30,485,003,000 steps   155270 feasible sets         0 orders tried  current cost 9
    W_14: 13485s  30,519,343,400 steps   155448 feasible sets         0 orders tried  current cost 8
    W_14: 13500s  30,553,500,600 steps   155601 feasible sets         0 orders tried  current cost 17
    W_14: 13515s  30,587,850,800 steps   155760 feasible sets         0 orders tried  current cost 4
    W_14: 13530s  30,622,412,800 steps   155930 feasible sets         0 orders tried  current cost 2
    W_14: 13545s  30,656,910,600 steps   156107 feasible sets         0 orders tried  current cost 1
    W_14: 13560s  30,691,160,800 steps   156261 feasible sets         0 orders tried  current cost 14
    W_14: 13575s  30,725,666,200 steps   156410 feasible sets         0 orders tried  current cost 9
    W_14: 13590s  30,759,995,600 steps   156597 feasible sets         0 orders tried  current cost 3
    W_14: 13605s  30,794,023,200 steps   156772 feasible sets         0 orders tried  current cost 14
    W_14: 13620s  30,828,606,000 steps   156945 feasible sets         0 orders tried  current cost 7
    W_14: 13635s  30,863,110,400 steps   157110 feasible sets         0 orders tried  current cost 6
    W_14: 13650s  30,897,455,600 steps   157293 feasible sets         0 orders tried  current cost 3
    W_14: 13665s  30,931,748,800 steps   157431 feasible sets         0 orders tried  current cost 6
    W_14: 13680s  30,966,530,200 steps   157616 feasible sets         0 orders tried  current cost 4
    W_14: 13695s  31,001,217,400 steps   157817 feasible sets         0 orders tried  current cost 4
    W_14: 13710s  31,036,427,400 steps   158032 feasible sets         0 orders tried  current cost 5
    W_14: 13725s  31,070,808,600 steps   158223 feasible sets         0 orders tried  current cost 8
    W_14: 13740s  31,105,408,800 steps   158352 feasible sets         0 orders tried  current cost 4
    W_14: 13755s  31,140,118,400 steps   158500 feasible sets         0 orders tried  current cost 2
    W_14: 13770s  31,174,279,400 steps   158664 feasible sets         0 orders tried  current cost 1
    W_14: 13785s  31,208,722,600 steps   158825 feasible sets         0 orders tried  current cost 11
    W_14: 13800s  31,243,134,600 steps   158987 feasible sets         0 orders tried  current cost 3
    W_14: 13815s  31,277,306,000 steps   159182 feasible sets         0 orders tried  current cost 10
    W_14: 13830s  31,311,301,800 steps   159342 feasible sets         0 orders tried  current cost 17
    W_14: 13845s  31,345,738,400 steps   159518 feasible sets         0 orders tried  current cost 3
    W_14: 13860s  31,380,199,600 steps   159676 feasible sets         0 orders tried  current cost 2
    W_14: 13875s  31,414,998,600 steps   159839 feasible sets         0 orders tried  current cost 3
    W_14: 13890s  31,449,126,400 steps   159991 feasible sets         0 orders tried  current cost 10
    W_14: 13905s  31,483,999,800 steps   160149 feasible sets         0 orders tried  current cost 4
    W_14: 13920s  31,518,451,800 steps   160315 feasible sets         0 orders tried  current cost 5
    W_14: 13935s  31,552,576,200 steps   160493 feasible sets         0 orders tried  current cost 3
    W_14: 13950s  31,586,691,200 steps   160670 feasible sets         0 orders tried  current cost 4
    W_14: 13965s  31,620,784,400 steps   160822 feasible sets         0 orders tried  current cost 9
    W_14: 13980s  31,655,240,800 steps   161029 feasible sets         0 orders tried  current cost 14
    W_14: 13995s  31,689,699,400 steps   161200 feasible sets         0 orders tried  current cost 4
    W_14: 14010s  31,724,359,600 steps   161404 feasible sets         0 orders tried  current cost 4
    W_14: 14025s  31,758,609,000 steps   161557 feasible sets         0 orders tried  current cost 6
    W_14: 14040s  31,792,894,400 steps   161749 feasible sets         0 orders tried  current cost 3
    W_14: 14055s  31,827,272,400 steps   161947 feasible sets         0 orders tried  current cost 2
    W_14: 14070s  31,861,543,600 steps   162155 feasible sets         0 orders tried  current cost 10
    W_14: 14085s  31,896,144,600 steps   162356 feasible sets         0 orders tried  current cost 11
    W_14: 14100s  31,930,242,000 steps   162551 feasible sets         0 orders tried  current cost 11
    W_14: 14115s  31,964,980,200 steps   162721 feasible sets         0 orders tried  current cost 14
    W_14: 14130s  31,999,015,600 steps   162906 feasible sets         0 orders tried  current cost 4
    W_14: 14145s  32,033,332,200 steps   163070 feasible sets         0 orders tried  current cost 4
    W_14: 14160s  32,067,790,600 steps   163242 feasible sets         0 orders tried  current cost 1
    W_14: 14175s  32,101,918,400 steps   163446 feasible sets         0 orders tried  current cost 3
    W_14: 14190s  32,136,129,600 steps   163586 feasible sets         0 orders tried  current cost 6
    W_14: 14205s  32,170,567,000 steps   163746 feasible sets         0 orders tried  current cost 5
    W_14: 14220s  32,205,203,800 steps   163906 feasible sets         0 orders tried  current cost 14
    W_14: 14235s  32,239,631,600 steps   164116 feasible sets         0 orders tried  current cost 3
    W_14: 14250s  32,274,045,800 steps   164294 feasible sets         0 orders tried  current cost 9
    W_14: 14265s  32,308,215,400 steps   164464 feasible sets         0 orders tried  current cost 4
    W_14: 14280s  32,343,148,200 steps   164622 feasible sets         0 orders tried  current cost 4
    W_14: 14295s  32,377,778,200 steps   164792 feasible sets         0 orders tried  current cost 2
    W_14: 14310s  32,411,765,000 steps   164947 feasible sets         0 orders tried  current cost 9
    W_14: 14325s  32,446,440,800 steps   165132 feasible sets         0 orders tried  current cost 15
    W_14: 14340s  32,481,235,200 steps   165351 feasible sets         0 orders tried  current cost 3
    W_14: 14355s  32,515,743,400 steps   165543 feasible sets         0 orders tried  current cost 12
    W_14: 14370s  32,549,768,400 steps   165717 feasible sets         0 orders tried  current cost 5
    W_14: 14385s  32,584,441,000 steps   165916 feasible sets         0 orders tried  current cost 11
    W_14: 14400s  32,618,875,400 steps   166102 feasible sets         0 orders tried  current cost 5
    W_14: 14415s  32,653,288,800 steps   166265 feasible sets         0 orders tried  current cost 10
    W_14: 14430s  32,687,757,600 steps   166422 feasible sets         0 orders tried  current cost 3
    W_14: 14445s  32,721,905,800 steps   166591 feasible sets         0 orders tried  current cost 7
    W_14: 14460s  32,756,108,200 steps   166738 feasible sets         0 orders tried  current cost 5
    W_14: 14475s  32,790,267,000 steps   166891 feasible sets         0 orders tried  current cost 5
    W_14: 14490s  32,824,788,800 steps   167050 feasible sets         0 orders tried  current cost 7
    W_14: 14505s  32,859,013,400 steps   167229 feasible sets         0 orders tried  current cost 2
    W_14: 14520s  32,893,481,800 steps   167412 feasible sets         0 orders tried  current cost 15
    W_14: 14535s  32,927,896,800 steps   167597 feasible sets         0 orders tried  current cost 2
    W_14: 14550s  32,962,407,000 steps   167766 feasible sets         0 orders tried  current cost 6
    W_14: 14565s  32,997,252,400 steps   167924 feasible sets         0 orders tried  current cost 4
    W_14: 14580s  33,032,085,400 steps   168094 feasible sets         0 orders tried  current cost 6
    W_14: 14595s  33,066,571,600 steps   168250 feasible sets         0 orders tried  current cost 2
    W_14: 14610s  33,101,014,000 steps   168412 feasible sets         0 orders tried  current cost 2
    W_14: 14625s  33,135,603,600 steps   168590 feasible sets         0 orders tried  current cost 6
    W_14: 14640s  33,170,259,000 steps   168753 feasible sets         0 orders tried  current cost 2
    W_14: 14655s  33,204,384,200 steps   168919 feasible sets         0 orders tried  current cost 7
    W_14: 14670s  33,238,931,800 steps   169116 feasible sets         0 orders tried  current cost 7
    W_14: 14685s  33,273,543,000 steps   169256 feasible sets         0 orders tried  current cost 13
    W_14: 14700s  33,307,575,800 steps   169420 feasible sets         0 orders tried  current cost 1
    W_14: 14715s  33,341,341,600 steps   169628 feasible sets         0 orders tried  current cost 11
    W_14: 14730s  33,375,774,200 steps   169829 feasible sets         0 orders tried  current cost 3
    W_14: 14745s  33,409,797,400 steps   169976 feasible sets         0 orders tried  current cost 4
    W_14: 14760s  33,444,292,800 steps   170155 feasible sets         0 orders tried  current cost 3
    W_14: 14775s  33,478,564,800 steps   170366 feasible sets         0 orders tried  current cost 9
    W_14: 14790s  33,512,882,400 steps   170569 feasible sets         0 orders tried  current cost 9
    W_14: 14805s  33,546,806,400 steps   170744 feasible sets         0 orders tried  current cost 8
    W_14: 14820s  33,581,049,000 steps   170938 feasible sets         0 orders tried  current cost 5
    W_14: 14835s  33,615,758,800 steps   171108 feasible sets         0 orders tried  current cost 3
    W_14: 14850s  33,649,457,200 steps   171242 feasible sets         0 orders tried  current cost 2
    W_14: 14865s  33,684,192,200 steps   171409 feasible sets         0 orders tried  current cost 5
    W_14: 14880s  33,718,638,000 steps   171591 feasible sets         0 orders tried  current cost 4
    W_14: 14895s  33,752,341,800 steps   171746 feasible sets         0 orders tried  current cost 13
    W_14: 14910s  33,786,601,000 steps   171916 feasible sets         0 orders tried  current cost 11
    W_14: 14925s  33,820,936,600 steps   172077 feasible sets         0 orders tried  current cost 3
    W_14: 14940s  33,855,306,000 steps   172240 feasible sets         0 orders tried  current cost 11
    W_14: 14955s  33,889,477,800 steps   172389 feasible sets         0 orders tried  current cost 2
    W_14: 14970s  33,923,456,200 steps   172565 feasible sets         0 orders tried  current cost 3
    W_14: 14985s  33,957,615,800 steps   172739 feasible sets         0 orders tried  current cost 2
    W_14: 15000s  33,992,165,000 steps   172890 feasible sets         0 orders tried  current cost 8
    W_14: 15015s  34,026,784,600 steps   173054 feasible sets         0 orders tried  current cost 8
    W_14: 15030s  34,060,489,800 steps   173235 feasible sets         0 orders tried  current cost 6
    W_14: 15045s  34,094,593,400 steps   173400 feasible sets         0 orders tried  current cost 3
    W_14: 15060s  34,128,558,000 steps   173580 feasible sets         0 orders tried  current cost 1
    W_14: 15075s  34,162,637,200 steps   173740 feasible sets         0 orders tried  current cost 2
    W_14: 15090s  34,196,915,000 steps   173908 feasible sets         0 orders tried  current cost 3
    W_14: 15105s  34,230,992,800 steps   174083 feasible sets         0 orders tried  current cost 3
    W_14: 15120s  34,265,685,600 steps   174244 feasible sets         0 orders tried  current cost 6
    W_14: 15135s  34,299,855,000 steps   174396 feasible sets         0 orders tried  current cost 5
    W_14: 15150s  34,334,574,600 steps   174582 feasible sets         0 orders tried  current cost 1
    W_14: 15165s  34,369,332,600 steps   174738 feasible sets         0 orders tried  current cost 5
    W_14: 15180s  34,403,998,000 steps   174867 feasible sets         0 orders tried  current cost 2
    W_14: 15195s  34,438,074,000 steps   175071 feasible sets         0 orders tried  current cost 4
    W_14: 15210s  34,472,221,600 steps   175227 feasible sets         0 orders tried  current cost 9
    W_14: 15225s  34,506,273,600 steps   175401 feasible sets         0 orders tried  current cost 3
    W_14: 15240s  34,540,982,200 steps   175575 feasible sets         0 orders tried  current cost 11
    W_14: 15255s  34,575,615,400 steps   175766 feasible sets         0 orders tried  current cost 4
    W_14: 15270s  34,610,310,600 steps   175914 feasible sets         0 orders tried  current cost 4
    W_14: 15285s  34,644,695,000 steps   176075 feasible sets         0 orders tried  current cost 3
    W_14: 15300s  34,678,635,200 steps   176255 feasible sets         0 orders tried  current cost 1
    W_14: 15315s  34,713,044,200 steps   176441 feasible sets         0 orders tried  current cost 9
    W_14: 15330s  34,747,540,800 steps   176595 feasible sets         0 orders tried  current cost 14
    W_14: 15345s  34,782,075,400 steps   176813 feasible sets         0 orders tried  current cost 4
    W_14: 15360s  34,816,612,400 steps   176973 feasible sets         0 orders tried  current cost 3
    W_14: 15375s  34,851,192,600 steps   177158 feasible sets         0 orders tried  current cost 4
    W_14: 15390s  34,885,434,400 steps   177329 feasible sets         0 orders tried  current cost 3
    W_14: 15405s  34,920,073,000 steps   177478 feasible sets         0 orders tried  current cost 4
    W_14: 15420s  34,954,281,200 steps   177664 feasible sets         0 orders tried  current cost 19
    W_14: 15435s  34,988,824,400 steps   177823 feasible sets         0 orders tried  current cost 7
    W_14: 15450s  35,023,351,200 steps   178001 feasible sets         0 orders tried  current cost 4
    W_14: 15465s  35,058,010,000 steps   178144 feasible sets         0 orders tried  current cost 2
    W_14: 15480s  35,092,766,400 steps   178325 feasible sets         0 orders tried  current cost 2
    W_14: 15495s  35,127,399,400 steps   178499 feasible sets         0 orders tried  current cost 4
    W_14: 15510s  35,162,250,200 steps   178672 feasible sets         0 orders tried  current cost 2
    W_14: 15525s  35,196,714,200 steps   178844 feasible sets         0 orders tried  current cost 4
    W_14: 15540s  35,230,750,400 steps   179014 feasible sets         0 orders tried  current cost 3
    W_14: 15555s  35,264,967,600 steps   179232 feasible sets         0 orders tried  current cost 7
    W_14: 15570s  35,299,017,800 steps   179420 feasible sets         0 orders tried  current cost 3
    W_14: 15585s  35,333,423,400 steps   179619 feasible sets         0 orders tried  current cost 12
    W_14: 15600s  35,367,634,800 steps   179773 feasible sets         0 orders tried  current cost 5
    W_14: 15615s  35,401,757,800 steps   179985 feasible sets         0 orders tried  current cost 3
    W_14: 15630s  35,436,340,400 steps   180160 feasible sets         0 orders tried  current cost 13
    W_14: 15645s  35,470,888,000 steps   180339 feasible sets         0 orders tried  current cost 7
    W_14: 15660s  35,505,644,000 steps   180510 feasible sets         0 orders tried  current cost 9
    W_14: 15675s  35,540,154,200 steps   180676 feasible sets         0 orders tried  current cost 2
    W_14: 15690s  35,574,034,600 steps   180833 feasible sets         0 orders tried  current cost 3
    W_14: 15705s  35,607,721,000 steps   180988 feasible sets         0 orders tried  current cost 11
    W_14: 15720s  35,641,593,600 steps   181148 feasible sets         0 orders tried  current cost 4
    W_14: 15735s  35,675,650,000 steps   181351 feasible sets         0 orders tried  current cost 5
    W_14: 15750s  35,710,141,800 steps   181581 feasible sets         0 orders tried  current cost 11
    W_14: 15765s  35,744,526,800 steps   181752 feasible sets         0 orders tried  current cost 6
    W_14: 15780s  35,779,337,400 steps   181939 feasible sets         0 orders tried  current cost 1
    W_14: 15795s  35,813,626,200 steps   182105 feasible sets         0 orders tried  current cost 8
    W_14: 15810s  35,847,769,600 steps   182253 feasible sets         0 orders tried  current cost 3
    W_14: 15825s  35,881,965,000 steps   182455 feasible sets         0 orders tried  current cost 8
    W_14: 15840s  35,915,316,600 steps   182592 feasible sets         0 orders tried  current cost 4
    W_14: 15855s  35,948,834,400 steps   182801 feasible sets         0 orders tried  current cost 4
    W_14: 15870s  35,982,417,600 steps   183014 feasible sets         0 orders tried  current cost 2
    W_14: 15885s  36,016,456,200 steps   183147 feasible sets         0 orders tried  current cost 1
    W_14: 15900s  36,049,973,000 steps   183326 feasible sets         0 orders tried  current cost 3
    W_14: 15915s  36,083,461,400 steps   183520 feasible sets         0 orders tried  current cost 12
    W_14: 15930s  36,116,906,000 steps   183671 feasible sets         0 orders tried  current cost 6
    W_14: 15945s  36,150,276,000 steps   183860 feasible sets         0 orders tried  current cost 1
    W_14: 15960s  36,184,023,400 steps   184060 feasible sets         0 orders tried  current cost 7
    W_14: 15975s  36,217,642,600 steps   184211 feasible sets         0 orders tried  current cost 15
    W_14: 15990s  36,251,287,000 steps   184352 feasible sets         0 orders tried  current cost 7
    W_14: 16005s  36,284,807,400 steps   184536 feasible sets         0 orders tried  current cost 4
    W_14: 16020s  36,318,676,400 steps   184736 feasible sets         0 orders tried  current cost 4
    W_14: 16035s  36,352,011,000 steps   184904 feasible sets         0 orders tried  current cost 3
    W_14: 16050s  36,385,454,000 steps   185070 feasible sets         0 orders tried  current cost 5
    W_14: 16065s  36,418,482,800 steps   185230 feasible sets         0 orders tried  current cost 13
    W_14: 16080s  36,452,154,200 steps   185410 feasible sets         0 orders tried  current cost 3
    W_14: 16095s  36,485,877,200 steps   185587 feasible sets         0 orders tried  current cost 1
    W_14: 16110s  36,519,779,400 steps   185761 feasible sets         0 orders tried  current cost 3
    W_14: 16125s  36,553,345,000 steps   185917 feasible sets         0 orders tried  current cost 5
    W_14: 16140s  36,584,800,800 steps   186101 feasible sets         0 orders tried  current cost 17
    W_14: 16155s  36,618,009,400 steps   186296 feasible sets         0 orders tried  current cost 6
    W_14: 16170s  36,633,203,600 steps   186354 feasible sets         0 orders tried  current cost 8
    W_14: 16185s  36,665,842,800 steps   186509 feasible sets         0 orders tried  current cost 10
    W_14: 16200s  36,699,221,800 steps   186654 feasible sets         0 orders tried  current cost 10
    W_14: 16215s  36,733,248,200 steps   186824 feasible sets         0 orders tried  current cost 4
    W_14: 16230s  36,766,855,800 steps   186990 feasible sets         0 orders tried  current cost 3
    W_14: 16245s  36,800,649,800 steps   187161 feasible sets         0 orders tried  current cost 2
    W_14: 16260s  36,834,897,200 steps   187351 feasible sets         0 orders tried  current cost 3
    W_14: 16275s  36,869,365,400 steps   187518 feasible sets         0 orders tried  current cost 10
    W_14: 16290s  36,903,563,400 steps   187685 feasible sets         0 orders tried  current cost 9
    W_14: 16305s  36,937,339,600 steps   187832 feasible sets         0 orders tried  current cost 3
    W_14: 16320s  36,971,348,200 steps   188030 feasible sets         0 orders tried  current cost 7
    W_14: 16335s  37,005,287,400 steps   188173 feasible sets         0 orders tried  current cost 5
    W_14: 16350s  37,039,444,000 steps   188349 feasible sets         0 orders tried  current cost 8
    W_14: 16365s  37,072,801,200 steps   188537 feasible sets         0 orders tried  current cost 10
    W_14: 16380s  37,106,847,600 steps   188730 feasible sets         0 orders tried  current cost 5
    W_14: 16395s  37,141,039,000 steps   188899 feasible sets         0 orders tried  current cost 3
    W_14: 16410s  37,174,850,600 steps   189080 feasible sets         0 orders tried  current cost 2
    W_14: 16425s  37,208,741,400 steps   189231 feasible sets         0 orders tried  current cost 13
    W_14: 16440s  37,242,853,200 steps   189373 feasible sets         0 orders tried  current cost 5
    W_14: 16455s  37,276,994,000 steps   189513 feasible sets         0 orders tried  current cost 1
    W_14: 16470s  37,311,345,000 steps   189685 feasible sets         0 orders tried  current cost 9
    W_14: 16485s  37,345,611,800 steps   189867 feasible sets         0 orders tried  current cost 4
    W_14: 16500s  37,379,529,000 steps   190030 feasible sets         0 orders tried  current cost 8
    W_14: 16515s  37,413,332,800 steps   190193 feasible sets         0 orders tried  current cost 3
    W_14: 16530s  37,447,287,600 steps   190399 feasible sets         0 orders tried  current cost 4
    W_14: 16545s  37,481,444,800 steps   190570 feasible sets         0 orders tried  current cost 8
    W_14: 16560s  37,515,382,800 steps   190738 feasible sets         0 orders tried  current cost 15
    W_14: 16575s  37,549,350,800 steps   190915 feasible sets         0 orders tried  current cost 2
    W_14: 16590s  37,583,617,200 steps   191081 feasible sets         0 orders tried  current cost 3
    W_14: 16605s  37,617,712,200 steps   191277 feasible sets         0 orders tried  current cost 5
    W_14: 16620s  37,651,770,600 steps   191462 feasible sets         0 orders tried  current cost 6
    W_14: 16635s  37,685,489,800 steps   191612 feasible sets         0 orders tried  current cost 3
    W_14: 16650s  37,719,873,000 steps   191784 feasible sets         0 orders tried  current cost 2
    W_14: 16665s  37,753,993,000 steps   191983 feasible sets         0 orders tried  current cost 4
    W_14: 16680s  37,787,970,200 steps   192139 feasible sets         0 orders tried  current cost 4
    W_14: 16695s  37,821,436,800 steps   192340 feasible sets         0 orders tried  current cost 3
    W_14: 16710s  37,855,346,600 steps   192515 feasible sets         0 orders tried  current cost 5
    W_14: 16725s  37,889,547,000 steps   192661 feasible sets         0 orders tried  current cost 6
    W_14: 16740s  37,923,937,800 steps   192844 feasible sets         0 orders tried  current cost 3
    W_14: 16755s  37,958,431,200 steps   193002 feasible sets         0 orders tried  current cost 5
    W_14: 16770s  37,992,625,800 steps   193225 feasible sets         0 orders tried  current cost 7
    W_14: 16785s  38,026,700,600 steps   193374 feasible sets         0 orders tried  current cost 12
    W_14: 16800s  38,060,753,800 steps   193551 feasible sets         0 orders tried  current cost 3
    W_14: 16815s  38,094,761,800 steps   193708 feasible sets         0 orders tried  current cost 16
    W_14: 16830s  38,128,507,000 steps   193934 feasible sets         0 orders tried  current cost 3
    W_14: 16845s  38,162,144,600 steps   194121 feasible sets         0 orders tried  current cost 6
    W_14: 16860s  38,196,291,600 steps   194309 feasible sets         0 orders tried  current cost 4
    W_14: 16875s  38,230,317,200 steps   194465 feasible sets         0 orders tried  current cost 3
    W_14: 16890s  38,264,749,600 steps   194657 feasible sets         0 orders tried  current cost 5
    W_14: 16905s  38,298,780,400 steps   194830 feasible sets         0 orders tried  current cost 16
    W_14: 16920s  38,332,919,000 steps   194979 feasible sets         0 orders tried  current cost 4
    W_14: 16935s  38,367,193,600 steps   195155 feasible sets         0 orders tried  current cost 4
    W_14: 16950s  38,401,214,600 steps   195343 feasible sets         0 orders tried  current cost 2
    W_14: 16965s  38,434,680,000 steps   195486 feasible sets         0 orders tried  current cost 4
    W_14: 16980s  38,469,092,800 steps   195640 feasible sets         0 orders tried  current cost 1
    W_14: 16995s  38,503,375,800 steps   195789 feasible sets         0 orders tried  current cost 2
    W_14: 17010s  38,537,507,800 steps   195951 feasible sets         0 orders tried  current cost 4
    W_14: 17025s  38,571,240,600 steps   196097 feasible sets         0 orders tried  current cost 9
    W_14: 17040s  38,605,852,200 steps   196245 feasible sets         0 orders tried  current cost 3
    W_14: 17055s  38,639,999,800 steps   196407 feasible sets         0 orders tried  current cost 4
    W_14: 17070s  38,674,540,000 steps   196590 feasible sets         0 orders tried  current cost 2
    W_14: 17085s  38,708,989,200 steps   196771 feasible sets         0 orders tried  current cost 4
    W_14: 17100s  38,743,168,600 steps   196938 feasible sets         0 orders tried  current cost 3
    W_14: 17115s  38,777,134,400 steps   197127 feasible sets         0 orders tried  current cost 3
    W_14: 17130s  38,811,262,400 steps   197274 feasible sets         0 orders tried  current cost 8
    W_14: 17145s  38,845,652,400 steps   197424 feasible sets         0 orders tried  current cost 4
    W_14: 17160s  38,879,835,800 steps   197627 feasible sets         0 orders tried  current cost 5
    W_14: 17175s  38,914,264,400 steps   197807 feasible sets         0 orders tried  current cost 11
    W_14: 17190s  38,948,271,000 steps   197997 feasible sets         0 orders tried  current cost 5
    W_14: 17205s  38,982,308,200 steps   198196 feasible sets         0 orders tried  current cost 5
    W_14: 17220s  39,016,457,600 steps   198327 feasible sets         0 orders tried  current cost 3
    W_14: 17235s  39,050,695,000 steps   198478 feasible sets         0 orders tried  current cost 3
    W_14: 17250s  39,085,398,800 steps   198651 feasible sets         0 orders tried  current cost 2
    W_14: 17265s  39,119,632,000 steps   198841 feasible sets         0 orders tried  current cost 4
    W_14: 17280s  39,153,647,000 steps   199013 feasible sets         0 orders tried  current cost 8
    W_14: 17295s  39,187,734,600 steps   199190 feasible sets         0 orders tried  current cost 4
    W_14: 17310s  39,222,163,200 steps   199356 feasible sets         0 orders tried  current cost 15
    W_14: 17325s  39,256,475,400 steps   199524 feasible sets         0 orders tried  current cost 1
    W_14: 17340s  39,290,849,400 steps   199742 feasible sets         0 orders tried  current cost 4
    W_14: 17355s  39,325,107,000 steps   199938 feasible sets         0 orders tried  current cost 6
    W_14: 17370s  39,359,033,200 steps   200138 feasible sets         0 orders tried  current cost 2
    W_14: 17385s  39,392,904,400 steps   200269 feasible sets         0 orders tried  current cost 10
    W_14: 17400s  39,427,279,600 steps   200489 feasible sets         0 orders tried  current cost 3
    W_14: 17415s  39,461,317,400 steps   200646 feasible sets         0 orders tried  current cost 1
    W_14: 17430s  39,495,838,800 steps   200796 feasible sets         0 orders tried  current cost 2
    W_14: 17445s  39,530,270,000 steps   200967 feasible sets         0 orders tried  current cost 4
    W_14: 17460s  39,564,858,600 steps   201137 feasible sets         0 orders tried  current cost 3
    W_14: 17475s  39,599,518,400 steps   201294 feasible sets         0 orders tried  current cost 3
    W_14: 17490s  39,633,619,800 steps   201440 feasible sets         0 orders tried  current cost 1
    W_14: 17505s  39,667,785,800 steps   201605 feasible sets         0 orders tried  current cost 10
    W_14: 17520s  39,702,119,400 steps   201793 feasible sets         0 orders tried  current cost 2
    W_14: 17535s  39,736,113,800 steps   201968 feasible sets         0 orders tried  current cost 3
    W_14: 17550s  39,770,264,600 steps   202098 feasible sets         0 orders tried  current cost 9
    W_14: 17565s  39,804,551,600 steps   202247 feasible sets         0 orders tried  current cost 2
    W_14: 17580s  39,838,494,000 steps   202417 feasible sets         0 orders tried  current cost 4
    W_14: 17595s  39,872,023,600 steps   202574 feasible sets         0 orders tried  current cost 10
    W_14: 17610s  39,906,364,400 steps   202736 feasible sets         0 orders tried  current cost 10
    W_14: 17625s  39,940,586,000 steps   202856 feasible sets         0 orders tried  current cost 8
    W_14: 17640s  39,975,039,600 steps   203080 feasible sets         0 orders tried  current cost 3
    W_14: 17655s  40,009,094,400 steps   203254 feasible sets         0 orders tried  current cost 3
    W_14: 17670s  40,043,183,800 steps   203443 feasible sets         0 orders tried  current cost 9
    W_14: 17685s  40,077,486,800 steps   203605 feasible sets         0 orders tried  current cost 7
    W_14: 17700s  40,111,558,000 steps   203756 feasible sets         0 orders tried  current cost 4
    W_14: 17715s  40,145,104,600 steps   203927 feasible sets         0 orders tried  current cost 12
    W_14: 17730s  40,177,053,400 steps   204109 feasible sets         0 orders tried  current cost 3
    W_14: 17745s  40,210,755,200 steps   204274 feasible sets         0 orders tried  current cost 4
    W_14: 17760s  40,245,255,400 steps   204447 feasible sets         0 orders tried  current cost 3
    W_14: 17775s  40,279,739,400 steps   204604 feasible sets         0 orders tried  current cost 4
    W_14: 17790s  40,314,422,000 steps   204792 feasible sets         0 orders tried  current cost 9
    W_14: 17805s  40,349,027,800 steps   204976 feasible sets         0 orders tried  current cost 4
    W_14: 17820s  40,383,760,800 steps   205127 feasible sets         0 orders tried  current cost 9
    W_14: 17835s  40,417,663,800 steps   205278 feasible sets         0 orders tried  current cost 8
    W_14: 17850s  40,451,760,200 steps   205476 feasible sets         0 orders tried  current cost 15
    W_14: 17865s  40,486,082,200 steps   205642 feasible sets         0 orders tried  current cost 8
    W_14: 17880s  40,520,533,800 steps   205833 feasible sets         0 orders tried  current cost 2
    W_14: 17895s  40,555,161,400 steps   205988 feasible sets         0 orders tried  current cost 23
    W_14: 17910s  40,590,079,200 steps   206198 feasible sets         0 orders tried  current cost 2
    W_14: 17925s  40,624,718,800 steps   206384 feasible sets         0 orders tried  current cost 3
    W_14: 17940s  40,659,643,600 steps   206544 feasible sets         0 orders tried  current cost 7
    W_14: 17955s  40,693,899,000 steps   206698 feasible sets         0 orders tried  current cost 1
    W_14: 17970s  40,727,904,000 steps   206853 feasible sets         0 orders tried  current cost 9
    W_14: 17985s  40,762,238,200 steps   207039 feasible sets         0 orders tried  current cost 1
    W_14: 18000s  40,796,764,000 steps   207227 feasible sets         0 orders tried  current cost 7
    W_14: 18015s  40,830,926,200 steps   207420 feasible sets         0 orders tried  current cost 10
    W_14: 18030s  40,865,542,200 steps   207575 feasible sets         0 orders tried  current cost 11
    W_14: 18045s  40,899,894,600 steps   207753 feasible sets         0 orders tried  current cost 4
    W_14: 18060s  40,934,491,800 steps   207932 feasible sets         0 orders tried  current cost 2
    W_14: 18075s  40,969,165,600 steps   208123 feasible sets         0 orders tried  current cost 7
    W_14: 18090s  41,003,263,000 steps   208299 feasible sets         0 orders tried  current cost 9
    W_14: 18105s  41,037,831,200 steps   208465 feasible sets         0 orders tried  current cost 3
    W_14: 18120s  41,072,102,200 steps   208647 feasible sets         0 orders tried  current cost 9
    W_14: 18135s  41,106,551,800 steps   208835 feasible sets         0 orders tried  current cost 4
    W_14: 18150s  41,140,944,400 steps   209004 feasible sets         0 orders tried  current cost 12
    W_14: 18165s  41,175,091,800 steps   209132 feasible sets         0 orders tried  current cost 4
    W_14: 18180s  41,209,160,800 steps   209313 feasible sets         0 orders tried  current cost 12
    W_14: 18195s  41,243,528,600 steps   209452 feasible sets         0 orders tried  current cost 5
    W_14: 18210s  41,277,929,200 steps   209610 feasible sets         0 orders tried  current cost 4
    W_14: 18225s  41,312,387,200 steps   209798 feasible sets         0 orders tried  current cost 4
    W_14: 18240s  41,346,838,200 steps   209977 feasible sets         0 orders tried  current cost 3
    W_14: 18255s  41,381,197,800 steps   210114 feasible sets         0 orders tried  current cost 2
    W_14: 18270s  41,415,493,400 steps   210305 feasible sets         0 orders tried  current cost 4
    W_14: 18285s  41,449,881,600 steps   210510 feasible sets         0 orders tried  current cost 12
    W_14: 18300s  41,483,896,600 steps   210694 feasible sets         0 orders tried  current cost 3
    W_14: 18315s  41,518,402,800 steps   210868 feasible sets         0 orders tried  current cost 7
    W_14: 18330s  41,552,472,200 steps   211019 feasible sets         0 orders tried  current cost 2
    W_14: 18345s  41,586,537,600 steps   211195 feasible sets         0 orders tried  current cost 2
    W_14: 18360s  41,620,927,000 steps   211366 feasible sets         0 orders tried  current cost 7
    W_14: 18375s  41,655,091,200 steps   211548 feasible sets         0 orders tried  current cost 4
    W_14: 18390s  41,689,537,600 steps   211711 feasible sets         0 orders tried  current cost 2
    W_14: 18405s  41,724,064,200 steps   211834 feasible sets         0 orders tried  current cost 11
    W_14: 18420s  41,758,113,400 steps   212006 feasible sets         0 orders tried  current cost 3
    W_14: 18435s  41,792,266,800 steps   212216 feasible sets         0 orders tried  current cost 7
    W_14: 18450s  41,826,631,600 steps   212394 feasible sets         0 orders tried  current cost 3
    W_14: 18465s  41,861,324,000 steps   212593 feasible sets         0 orders tried  current cost 10
    W_14: 18480s  41,895,810,400 steps   212804 feasible sets         0 orders tried  current cost 4
    W_14: 18495s  41,930,421,800 steps   212959 feasible sets         0 orders tried  current cost 8
    W_14: 18510s  41,964,510,600 steps   213131 feasible sets         0 orders tried  current cost 4
    W_14: 18525s  41,999,192,000 steps   213284 feasible sets         0 orders tried  current cost 4
    W_14: 18540s  42,033,406,000 steps   213457 feasible sets         0 orders tried  current cost 7
    W_14: 18555s  42,067,866,200 steps   213590 feasible sets         0 orders tried  current cost 5
    W_14: 18570s  42,102,550,200 steps   213783 feasible sets         0 orders tried  current cost 4
    W_14: 18585s  42,137,009,200 steps   213960 feasible sets         0 orders tried  current cost 6
    W_14: 18600s  42,171,264,400 steps   214132 feasible sets         0 orders tried  current cost 9
    W_14: 18615s  42,205,765,600 steps   214301 feasible sets         0 orders tried  current cost 9
    W_14: 18630s  42,239,895,800 steps   214430 feasible sets         0 orders tried  current cost 1
    W_14: 18645s  42,274,082,600 steps   214602 feasible sets         0 orders tried  current cost 11
    W_14: 18660s  42,308,017,600 steps   214788 feasible sets         0 orders tried  current cost 2
    W_14: 18675s  42,342,117,800 steps   215005 feasible sets         0 orders tried  current cost 4
    W_14: 18690s  42,376,750,000 steps   215192 feasible sets         0 orders tried  current cost 6
    W_14: 18705s  42,410,952,800 steps   215330 feasible sets         0 orders tried  current cost 2
    W_14: 18720s  42,445,330,800 steps   215515 feasible sets         0 orders tried  current cost 2
    W_14: 18735s  42,479,704,200 steps   215710 feasible sets         0 orders tried  current cost 11
    W_14: 18750s  42,513,913,400 steps   215925 feasible sets         0 orders tried  current cost 3
    W_14: 18765s  42,548,055,200 steps   216097 feasible sets         0 orders tried  current cost 5
    W_14: 18780s  42,582,646,000 steps   216271 feasible sets         0 orders tried  current cost 7
    W_14: 18795s  42,617,108,000 steps   216472 feasible sets         0 orders tried  current cost 7
    W_14: 18810s  42,651,397,400 steps   216695 feasible sets         0 orders tried  current cost 3
    W_14: 18825s  42,685,272,000 steps   216879 feasible sets         0 orders tried  current cost 4
    W_14: 18840s  42,719,859,400 steps   217059 feasible sets         0 orders tried  current cost 2
    W_14: 18855s  42,754,334,200 steps   217237 feasible sets         0 orders tried  current cost 3
    W_14: 18870s  42,788,642,200 steps   217458 feasible sets         0 orders tried  current cost 17
    W_14: 18885s  42,823,204,800 steps   217636 feasible sets         0 orders tried  current cost 13
    W_14: 18900s  42,857,816,000 steps   217847 feasible sets         0 orders tried  current cost 3
    W_14: 18915s  42,891,553,000 steps   218041 feasible sets         0 orders tried  current cost 5
    W_14: 18930s  42,925,702,600 steps   218232 feasible sets         0 orders tried  current cost 11
    W_14: 18945s  42,960,226,200 steps   218407 feasible sets         0 orders tried  current cost 4
    W_14: 18960s  42,994,261,000 steps   218597 feasible sets         0 orders tried  current cost 13
    W_14: 18975s  43,029,057,600 steps   218812 feasible sets         0 orders tried  current cost 1
    W_14: 18990s  43,063,544,200 steps   218995 feasible sets         0 orders tried  current cost 10
    W_14: 19005s  43,097,620,200 steps   219144 feasible sets         0 orders tried  current cost 21
    W_14: 19020s  43,132,022,800 steps   219366 feasible sets         0 orders tried  current cost 9
    W_14: 19035s  43,166,887,200 steps   219518 feasible sets         0 orders tried  current cost 6
    W_14: 19050s  43,201,238,200 steps   219697 feasible sets         0 orders tried  current cost 1
    W_14: 19065s  43,235,943,800 steps   219896 feasible sets         0 orders tried  current cost 10
    W_14: 19080s  43,270,410,200 steps   220096 feasible sets         0 orders tried  current cost 4
    W_14: 19095s  43,304,911,000 steps   220239 feasible sets         0 orders tried  current cost 5
    W_14: 19110s  43,339,404,400 steps   220394 feasible sets         0 orders tried  current cost 7
    W_14: 19125s  43,373,734,000 steps   220553 feasible sets         0 orders tried  current cost 2
    W_14: 19140s  43,407,813,800 steps   220712 feasible sets         0 orders tried  current cost 4
    W_14: 19155s  43,442,131,400 steps   220855 feasible sets         0 orders tried  current cost 3
    W_14: 19170s  43,476,481,600 steps   221047 feasible sets         0 orders tried  current cost 16
    W_14: 19185s  43,510,949,400 steps   221212 feasible sets         0 orders tried  current cost 5
    W_14: 19200s  43,544,969,000 steps   221425 feasible sets         0 orders tried  current cost 8
    W_14: 19215s  43,579,461,600 steps   221580 feasible sets         0 orders tried  current cost 10
    W_14: 19230s  43,613,736,200 steps   221776 feasible sets         0 orders tried  current cost 2
    W_14: 19245s  43,647,770,400 steps   221932 feasible sets         0 orders tried  current cost 5
    W_14: 19260s  43,681,537,800 steps   222094 feasible sets         0 orders tried  current cost 3
    W_14: 19275s  43,716,057,800 steps   222291 feasible sets         0 orders tried  current cost 3
    W_14: 19290s  43,750,921,400 steps   222484 feasible sets         0 orders tried  current cost 9
    W_14: 19305s  43,785,165,800 steps   222691 feasible sets         0 orders tried  current cost 12
    W_14: 19320s  43,819,197,400 steps   222861 feasible sets         0 orders tried  current cost 4
    W_14: 19335s  43,853,444,800 steps   223069 feasible sets         0 orders tried  current cost 11
    W_14: 19350s  43,887,429,000 steps   223232 feasible sets         0 orders tried  current cost 5
    W_14: 19365s  43,921,245,600 steps   223403 feasible sets         0 orders tried  current cost 5
    W_14: 19380s  43,955,371,000 steps   223552 feasible sets         0 orders tried  current cost 5
    W_14: 19395s  43,989,557,400 steps   223700 feasible sets         0 orders tried  current cost 3
    W_14: 19410s  44,023,912,000 steps   223839 feasible sets         0 orders tried  current cost 5
    W_14: 19425s  44,058,606,800 steps   224030 feasible sets         0 orders tried  current cost 7
    W_14: 19440s  44,093,207,400 steps   224212 feasible sets         0 orders tried  current cost 6
    W_14: 19455s  44,127,679,600 steps   224339 feasible sets         0 orders tried  current cost 1
    W_14: 19470s  44,162,311,600 steps   224480 feasible sets         0 orders tried  current cost 2
    W_14: 19485s  44,196,707,200 steps   224667 feasible sets         0 orders tried  current cost 5
    W_14: 19500s  44,230,843,800 steps   224834 feasible sets         0 orders tried  current cost 11
    W_14: 19515s  44,265,323,600 steps   224977 feasible sets         0 orders tried  current cost 11
    W_14: 19530s  44,299,567,400 steps   225183 feasible sets         0 orders tried  current cost 6
    W_14: 19545s  44,334,140,600 steps   225354 feasible sets         0 orders tried  current cost 8
    W_14: 19560s  44,368,392,600 steps   225518 feasible sets         0 orders tried  current cost 2
    W_14: 19575s  44,402,883,800 steps   225719 feasible sets         0 orders tried  current cost 10
    W_14: 19590s  44,437,289,000 steps   225930 feasible sets         0 orders tried  current cost 4
    W_14: 19605s  44,471,717,800 steps   226115 feasible sets         0 orders tried  current cost 3
    W_14: 19620s  44,506,129,400 steps   226271 feasible sets         0 orders tried  current cost 6
    W_14: 19635s  44,540,435,400 steps   226506 feasible sets         0 orders tried  current cost 4
    W_14: 19650s  44,574,967,600 steps   226662 feasible sets         0 orders tried  current cost 9
    W_14: 19665s  44,609,347,000 steps   226828 feasible sets         0 orders tried  current cost 9
    W_14: 19680s  44,643,685,400 steps   227029 feasible sets         0 orders tried  current cost 8
    W_14: 19695s  44,678,104,800 steps   227200 feasible sets         0 orders tried  current cost 9
    W_14: 19710s  44,712,175,400 steps   227390 feasible sets         0 orders tried  current cost 3
    W_14: 19725s  44,746,468,800 steps   227565 feasible sets         0 orders tried  current cost 4
    W_14: 19740s  44,780,812,000 steps   227732 feasible sets         0 orders tried  current cost 2
    W_14: 19755s  44,815,244,200 steps   227939 feasible sets         0 orders tried  current cost 8
    W_14: 19770s  44,849,598,800 steps   228100 feasible sets         0 orders tried  current cost 4
    W_14: 19785s  44,883,989,200 steps   228271 feasible sets         0 orders tried  current cost 6
    W_14: 19800s  44,918,505,600 steps   228422 feasible sets         0 orders tried  current cost 9
    W_14: 19815s  44,952,683,000 steps   228563 feasible sets         0 orders tried  current cost 8
    W_14: 19830s  44,987,027,200 steps   228733 feasible sets         0 orders tried  current cost 6
    W_14: 19845s  45,021,491,200 steps   228907 feasible sets         0 orders tried  current cost 4
    W_14: 19860s  45,056,000,200 steps   229096 feasible sets         0 orders tried  current cost 16
    W_14: 19875s  45,090,518,200 steps   229270 feasible sets         0 orders tried  current cost 3
    W_14: 19890s  45,125,081,000 steps   229451 feasible sets         0 orders tried  current cost 13
    W_14: 19905s  45,159,742,800 steps   229626 feasible sets         0 orders tried  current cost 12
    W_14: 19920s  45,194,038,800 steps   229811 feasible sets         0 orders tried  current cost 3
    W_14: 19935s  45,228,354,000 steps   229976 feasible sets         0 orders tried  current cost 3
    W_14: 19950s  45,262,429,800 steps   230118 feasible sets         0 orders tried  current cost 5
    W_14: 19965s  45,297,203,000 steps   230305 feasible sets         0 orders tried  current cost 13
    W_14: 19980s  45,331,178,200 steps   230466 feasible sets         0 orders tried  current cost 3
    W_14: 19995s  45,366,017,200 steps   230621 feasible sets         0 orders tried  current cost 2
    W_14: 20010s  45,400,569,400 steps   230846 feasible sets         0 orders tried  current cost 6
    W_14: 20025s  45,434,750,600 steps   231016 feasible sets         0 orders tried  current cost 3
    W_14: 20040s  45,469,004,800 steps   231184 feasible sets         0 orders tried  current cost 11
    W_14: 20055s  45,503,480,400 steps   231333 feasible sets         0 orders tried  current cost 10
    W_14: 20070s  45,538,021,800 steps   231486 feasible sets         0 orders tried  current cost 7
    W_14: 20085s  45,572,093,600 steps   231660 feasible sets         0 orders tried  current cost 3
    W_14: 20100s  45,606,018,000 steps   231858 feasible sets         0 orders tried  current cost 3
    W_14: 20115s  45,638,204,800 steps   232020 feasible sets         0 orders tried  current cost 7
    W_14: 20130s  45,671,371,400 steps   232175 feasible sets         0 orders tried  current cost 2
    W_14: 20145s  45,705,700,600 steps   232373 feasible sets         0 orders tried  current cost 15
    W_14: 20160s  45,740,032,400 steps   232536 feasible sets         0 orders tried  current cost 2
    W_14: 20175s  45,774,498,600 steps   232715 feasible sets         0 orders tried  current cost 4
    W_14: 20190s  45,808,979,400 steps   232877 feasible sets         0 orders tried  current cost 2
    W_14: 20205s  45,843,410,400 steps   233010 feasible sets         0 orders tried  current cost 5
    W_14: 20220s  45,877,899,600 steps   233198 feasible sets         0 orders tried  current cost 3
    W_14: 20235s  45,912,294,000 steps   233411 feasible sets         0 orders tried  current cost 3
    W_14: 20250s  45,946,484,600 steps   233600 feasible sets         0 orders tried  current cost 12
    W_14: 20265s  45,980,917,200 steps   233774 feasible sets         0 orders tried  current cost 2
    W_14: 20280s  46,015,704,600 steps   233941 feasible sets         0 orders tried  current cost 7
    W_14: 20295s  46,049,490,200 steps   234141 feasible sets         0 orders tried  current cost 4
    W_14: 20310s  46,082,581,000 steps   234307 feasible sets         0 orders tried  current cost 15
    W_14: 20325s  46,117,260,000 steps   234501 feasible sets         0 orders tried  current cost 3
    W_14: 20340s  46,151,363,200 steps   234667 feasible sets         0 orders tried  current cost 8
    W_14: 20355s  46,185,836,400 steps   234833 feasible sets         0 orders tried  current cost 4
    W_14: 20370s  46,220,299,200 steps   234994 feasible sets         0 orders tried  current cost 2
    W_14: 20385s  46,254,779,600 steps   235192 feasible sets         0 orders tried  current cost 3
    W_14: 20400s  46,289,210,400 steps   235383 feasible sets         0 orders tried  current cost 5
    W_14: 20415s  46,323,740,200 steps   235555 feasible sets         0 orders tried  current cost 12
    W_14: 20430s  46,358,078,400 steps   235739 feasible sets         0 orders tried  current cost 3
    W_14: 20445s  46,392,328,400 steps   235911 feasible sets         0 orders tried  current cost 5
    W_14: 20460s  46,426,812,200 steps   236059 feasible sets         0 orders tried  current cost 3
    W_14: 20475s  46,461,116,400 steps   236221 feasible sets         0 orders tried  current cost 4
    W_14: 20490s  46,495,364,000 steps   236369 feasible sets         0 orders tried  current cost 12
    W_14: 20505s  46,530,145,200 steps   236547 feasible sets         0 orders tried  current cost 8
    W_14: 20520s  46,564,507,400 steps   236742 feasible sets         0 orders tried  current cost 9
    W_14: 20535s  46,598,766,600 steps   236936 feasible sets         0 orders tried  current cost 7
    W_14: 20550s  46,633,306,600 steps   237107 feasible sets         0 orders tried  current cost 10
    W_14: 20565s  46,667,686,800 steps   237322 feasible sets         0 orders tried  current cost 7
    W_14: 20580s  46,702,413,000 steps   237496 feasible sets         0 orders tried  current cost 2
    W_14: 20595s  46,737,165,600 steps   237660 feasible sets         0 orders tried  current cost 13
    W_14: 20610s  46,771,802,800 steps   237851 feasible sets         0 orders tried  current cost 12
    W_14: 20625s  46,806,771,600 steps   238053 feasible sets         0 orders tried  current cost 4
    W_14: 20640s  46,841,291,000 steps   238244 feasible sets         0 orders tried  current cost 3
    W_14: 20655s  46,875,950,800 steps   238406 feasible sets         0 orders tried  current cost 5
    W_14: 20670s  46,910,237,800 steps   238601 feasible sets         0 orders tried  current cost 2
    W_14: 20685s  46,944,691,600 steps   238783 feasible sets         0 orders tried  current cost 5
    W_14: 20700s  46,979,099,200 steps   238991 feasible sets         0 orders tried  current cost 4
    W_14: 20715s  47,013,239,000 steps   239170 feasible sets         0 orders tried  current cost 3
    W_14: 20730s  47,047,760,000 steps   239329 feasible sets         0 orders tried  current cost 1
    W_14: 20745s  47,082,058,600 steps   239492 feasible sets         0 orders tried  current cost 4
    W_14: 20760s  47,117,054,200 steps   239695 feasible sets         0 orders tried  current cost 2
    W_14: 20775s  47,151,791,800 steps   239900 feasible sets         0 orders tried  current cost 5
    W_14: 20790s  47,186,433,200 steps   240044 feasible sets         0 orders tried  current cost 4
    W_14: 20805s  47,220,762,400 steps   240187 feasible sets         0 orders tried  current cost 5
    W_14: 20820s  47,255,262,600 steps   240364 feasible sets         0 orders tried  current cost 11
    W_14: 20835s  47,289,488,400 steps   240547 feasible sets         0 orders tried  current cost 4
    W_14: 20850s  47,323,874,600 steps   240702 feasible sets         0 orders tried  current cost 4
    W_14: 20865s  47,358,237,600 steps   240872 feasible sets         0 orders tried  current cost 4
    W_14: 20880s  47,392,802,600 steps   241071 feasible sets         0 orders tried  current cost 15
    W_14: 20895s  47,427,677,800 steps   241255 feasible sets         0 orders tried  current cost 3
    W_14: 20910s  47,462,492,000 steps   241452 feasible sets         0 orders tried  current cost 2
    W_14: 20925s  47,497,022,800 steps   241627 feasible sets         0 orders tried  current cost 10
    W_14: 20940s  47,531,786,800 steps   241812 feasible sets         0 orders tried  current cost 10
    W_14: 20955s  47,566,710,600 steps   241985 feasible sets         0 orders tried  current cost 4
    W_14: 20970s  47,601,437,200 steps   242129 feasible sets         0 orders tried  current cost 4
    W_14: 20985s  47,636,283,200 steps   242342 feasible sets         0 orders tried  current cost 10
    W_14: 21000s  47,670,500,200 steps   242509 feasible sets         0 orders tried  current cost 9
    W_14: 21015s  47,705,107,200 steps   242652 feasible sets         0 orders tried  current cost 6
    W_14: 21030s  47,739,769,600 steps   242844 feasible sets         0 orders tried  current cost 5
    W_14: 21045s  47,774,085,600 steps   243005 feasible sets         0 orders tried  current cost 7
    W_14: 21060s  47,808,421,400 steps   243170 feasible sets         0 orders tried  current cost 7
    W_14: 21075s  47,843,017,400 steps   243325 feasible sets         0 orders tried  current cost 3
    W_14: 21090s  47,877,563,400 steps   243473 feasible sets         0 orders tried  current cost 15
    W_14: 21105s  47,911,922,600 steps   243631 feasible sets         0 orders tried  current cost 10
    W_14: 21120s  47,946,854,200 steps   243818 feasible sets         0 orders tried  current cost 2
    W_14: 21135s  47,981,411,000 steps   244031 feasible sets         0 orders tried  current cost 2
    W_14: 21150s  48,016,524,600 steps   244183 feasible sets         0 orders tried  current cost 12
    W_14: 21165s  48,051,010,600 steps   244331 feasible sets         0 orders tried  current cost 4
    W_14: 21180s  48,085,405,000 steps   244487 feasible sets         0 orders tried  current cost 7
    W_14: 21195s  48,120,098,000 steps   244684 feasible sets         0 orders tried  current cost 2
    W_14: 21210s  48,154,533,000 steps   244846 feasible sets         0 orders tried  current cost 5
    W_14: 21225s  48,189,045,600 steps   245021 feasible sets         0 orders tried  current cost 10
    W_14: 21240s  48,223,618,000 steps   245184 feasible sets         0 orders tried  current cost 3
    W_14: 21255s  48,258,507,400 steps   245338 feasible sets         0 orders tried  current cost 9
    W_14: 21270s  48,293,086,200 steps   245508 feasible sets         0 orders tried  current cost 6
    W_14: 21285s  48,327,787,200 steps   245680 feasible sets         0 orders tried  current cost 3
    W_14: 21300s  48,362,383,600 steps   245851 feasible sets         0 orders tried  current cost 14
    W_14: 21315s  48,396,806,800 steps   246017 feasible sets         0 orders tried  current cost 6
    W_14: 21330s  48,431,410,000 steps   246208 feasible sets         0 orders tried  current cost 2
    W_14: 21345s  48,466,017,000 steps   246343 feasible sets         0 orders tried  current cost 2
    W_14: 21360s  48,501,041,400 steps   246521 feasible sets         0 orders tried  current cost 11
    W_14: 21375s  48,535,851,000 steps   246719 feasible sets         0 orders tried  current cost 5
    W_14: 21390s  48,569,982,000 steps   246878 feasible sets         0 orders tried  current cost 18
    W_14: 21405s  48,604,586,600 steps   247090 feasible sets         0 orders tried  current cost 7
    W_14: 21420s  48,639,105,200 steps   247253 feasible sets         0 orders tried  current cost 9
    W_14: 21435s  48,673,675,800 steps   247463 feasible sets         0 orders tried  current cost 1
    W_14: 21450s  48,708,098,000 steps   247643 feasible sets         0 orders tried  current cost 1
    W_14: 21465s  48,742,437,800 steps   247830 feasible sets         0 orders tried  current cost 3
    W_14: 21480s  48,777,295,000 steps   248022 feasible sets         0 orders tried  current cost 4
    W_14: 21495s  48,811,557,000 steps   248167 feasible sets         0 orders tried  current cost 2
    W_14: 21510s  48,846,525,800 steps   248351 feasible sets         0 orders tried  current cost 6
    W_14: 21525s  48,880,655,400 steps   248521 feasible sets         0 orders tried  current cost 2
    W_14: 21540s  48,915,087,800 steps   248691 feasible sets         0 orders tried  current cost 4
    W_14: 21555s  48,949,745,200 steps   248836 feasible sets         0 orders tried  current cost 6
    W_14: 21570s  48,984,704,200 steps   249006 feasible sets         0 orders tried  current cost 7
    W_14: 21585s  49,019,154,400 steps   249174 feasible sets         0 orders tried  current cost 5
    W_14: 21600s  49,053,821,200 steps   249351 feasible sets         0 orders tried  current cost 11
    W_14: 21615s  49,088,331,200 steps   249529 feasible sets         0 orders tried  current cost 5
    W_14: 21630s  49,122,965,000 steps   249693 feasible sets         0 orders tried  current cost 9
    W_14: 21645s  49,157,492,600 steps   249852 feasible sets         0 orders tried  current cost 2
    W_14: 21660s  49,192,129,200 steps   250055 feasible sets         0 orders tried  current cost 5
    W_14: 21675s  49,226,808,400 steps   250208 feasible sets         0 orders tried  current cost 5
    W_14: 21690s  49,261,327,800 steps   250394 feasible sets         0 orders tried  current cost 5
    W_14: 21705s  49,296,155,800 steps   250586 feasible sets         0 orders tried  current cost 2
    W_14: 21720s  49,330,619,000 steps   250762 feasible sets         0 orders tried  current cost 4
    W_14: 21735s  49,364,826,800 steps   250939 feasible sets         0 orders tried  current cost 4
    W_14: 21750s  49,399,249,600 steps   251100 feasible sets         0 orders tried  current cost 6
    W_14: 21765s  49,433,887,400 steps   251270 feasible sets         0 orders tried  current cost 6
    W_14: 21780s  49,468,681,400 steps   251454 feasible sets         0 orders tried  current cost 13
    W_14: 21795s  49,503,392,400 steps   251624 feasible sets         0 orders tried  current cost 4
    W_14: 21810s  49,538,334,600 steps   251842 feasible sets         0 orders tried  current cost 3
    W_14: 21825s  49,572,690,000 steps   252030 feasible sets         0 orders tried  current cost 4
    W_14: 21840s  49,606,841,200 steps   252233 feasible sets         0 orders tried  current cost 11
    W_14: 21855s  49,641,333,200 steps   252408 feasible sets         0 orders tried  current cost 1
    W_14: 21870s  49,676,355,800 steps   252594 feasible sets         0 orders tried  current cost 2
    W_14: 21885s  49,710,925,000 steps   252728 feasible sets         0 orders tried  current cost 9
    W_14: 21900s  49,745,707,800 steps   252933 feasible sets         0 orders tried  current cost 7
    W_14: 21915s  49,780,183,000 steps   253125 feasible sets         0 orders tried  current cost 17
    W_14: 21930s  49,815,014,000 steps   253354 feasible sets         0 orders tried  current cost 1
    W_14: 21945s  49,849,775,200 steps   253504 feasible sets         0 orders tried  current cost 4
    W_14: 21960s  49,884,408,400 steps   253679 feasible sets         0 orders tried  current cost 7
    W_14: 21975s  49,919,012,600 steps   253870 feasible sets         0 orders tried  current cost 3
    W_14: 21990s  49,953,875,800 steps   254028 feasible sets         0 orders tried  current cost 3
    W_14: 22005s  49,988,312,800 steps   254229 feasible sets         0 orders tried  current cost 3
    W_14: 22020s  50,023,022,000 steps   254395 feasible sets         0 orders tried  current cost 9
    W_14: 22035s  50,057,532,600 steps   254541 feasible sets         0 orders tried  current cost 4
    W_14: 22050s  50,091,655,000 steps   254722 feasible sets         0 orders tried  current cost 3
    W_14: 22065s  50,126,446,800 steps   254906 feasible sets         0 orders tried  current cost 4
    W_14: 22080s  50,161,542,200 steps   255089 feasible sets         0 orders tried  current cost 16
    W_14: 22095s  50,196,393,000 steps   255278 feasible sets         0 orders tried  current cost 4
    W_14: 22110s  50,230,882,800 steps   255450 feasible sets         0 orders tried  current cost 8
    W_14: 22125s  50,265,402,400 steps   255679 feasible sets         0 orders tried  current cost 10
    W_14: 22140s  50,300,257,800 steps   255820 feasible sets         0 orders tried  current cost 3
    W_14: 22155s  50,334,495,400 steps   255974 feasible sets         0 orders tried  current cost 2
    W_14: 22170s  50,368,888,800 steps   256139 feasible sets         0 orders tried  current cost 4
    W_14: 22185s  50,403,771,000 steps   256308 feasible sets         0 orders tried  current cost 4
    W_14: 22200s  50,438,620,600 steps   256461 feasible sets         0 orders tried  current cost 15
    W_14: 22215s  50,473,544,000 steps   256653 feasible sets         0 orders tried  current cost 10
    W_14: 22230s  50,508,018,400 steps   256821 feasible sets         0 orders tried  current cost 2
    W_14: 22245s  50,542,407,400 steps   257005 feasible sets         0 orders tried  current cost 7
    W_14: 22260s  50,577,411,000 steps   257192 feasible sets         0 orders tried  current cost 5
    W_14: 22275s  50,612,179,200 steps   257355 feasible sets         0 orders tried  current cost 3
    W_14: 22290s  50,646,957,000 steps   257530 feasible sets         0 orders tried  current cost 3
    W_14: 22305s  50,681,104,400 steps   257738 feasible sets         0 orders tried  current cost 10
    W_14: 22320s  50,715,949,600 steps   257930 feasible sets         0 orders tried  current cost 8
    W_14: 22335s  50,750,227,400 steps   258106 feasible sets         0 orders tried  current cost 8
    W_14: 22350s  50,784,737,000 steps   258279 feasible sets         0 orders tried  current cost 4
    W_14: 22365s  50,819,330,800 steps   258430 feasible sets         0 orders tried  current cost 4
    W_14: 22380s  50,853,889,400 steps   258603 feasible sets         0 orders tried  current cost 2
    W_14: 22395s  50,888,358,800 steps   258748 feasible sets         0 orders tried  current cost 3
    W_14: 22410s  50,923,167,800 steps   258908 feasible sets         0 orders tried  current cost 7
    W_14: 22425s  50,957,979,800 steps   259083 feasible sets         0 orders tried  current cost 4
    W_14: 22440s  50,992,468,200 steps   259238 feasible sets         0 orders tried  current cost 5
    W_14: 22455s  51,026,728,600 steps   259396 feasible sets         0 orders tried  current cost 9
    W_14: 22470s  51,061,244,000 steps   259626 feasible sets         0 orders tried  current cost 7
    W_14: 22485s  51,096,105,600 steps   259780 feasible sets         0 orders tried  current cost 13
    W_14: 22500s  51,131,082,800 steps   259963 feasible sets         0 orders tried  current cost 13
    W_14: 22515s  51,165,863,400 steps   260117 feasible sets         0 orders tried  current cost 7
    W_14: 22530s  51,200,181,600 steps   260311 feasible sets         0 orders tried  current cost 10
    W_14: 22545s  51,234,788,400 steps   260455 feasible sets         0 orders tried  current cost 5
    W_14: 22560s  51,269,369,600 steps   260588 feasible sets         0 orders tried  current cost 4
    W_14: 22575s  51,304,166,200 steps   260728 feasible sets         0 orders tried  current cost 7
    W_14: 22590s  51,339,144,000 steps   260874 feasible sets         0 orders tried  current cost 10
    W_14: 22605s  51,373,714,200 steps   261060 feasible sets         0 orders tried  current cost 3
    W_14: 22620s  51,408,269,400 steps   261229 feasible sets         0 orders tried  current cost 4
    W_14: 22635s  51,442,664,200 steps   261398 feasible sets         0 orders tried  current cost 8
    W_14: 22650s  51,477,438,600 steps   261601 feasible sets         0 orders tried  current cost 4
    W_14: 22665s  51,511,862,400 steps   261755 feasible sets         0 orders tried  current cost 12
    W_14: 22680s  51,546,556,400 steps   261919 feasible sets         0 orders tried  current cost 1
    W_14: 22695s  51,581,461,600 steps   262094 feasible sets         0 orders tried  current cost 16
    W_14: 22710s  51,615,881,200 steps   262258 feasible sets         0 orders tried  current cost 18
    W_14: 22725s  51,650,113,800 steps   262449 feasible sets         0 orders tried  current cost 4
    W_14: 22740s  51,684,758,800 steps   262651 feasible sets         0 orders tried  current cost 2
    W_14: 22755s  51,719,492,200 steps   262819 feasible sets         0 orders tried  current cost 3
    W_14: 22770s  51,753,921,200 steps   262973 feasible sets         0 orders tried  current cost 13
    W_14: 22785s  51,788,376,200 steps   263145 feasible sets         0 orders tried  current cost 2
    W_14: 22800s  51,823,267,400 steps   263299 feasible sets         0 orders tried  current cost 3
    W_14: 22815s  51,857,892,000 steps   263458 feasible sets         0 orders tried  current cost 3
    W_14: 22830s  51,892,678,800 steps   263617 feasible sets         0 orders tried  current cost 2
    W_14: 22845s  51,927,116,800 steps   263808 feasible sets         0 orders tried  current cost 3
    W_14: 22860s  51,961,684,200 steps   263993 feasible sets         0 orders tried  current cost 9
    W_14: 22875s  51,995,903,600 steps   264159 feasible sets         0 orders tried  current cost 10
    W_14: 22890s  52,030,152,800 steps   264335 feasible sets         0 orders tried  current cost 4
    W_14: 22905s  52,065,202,200 steps   264492 feasible sets         0 orders tried  current cost 14
    W_14: 22920s  52,100,127,600 steps   264652 feasible sets         0 orders tried  current cost 8
    W_14: 22935s  52,134,453,600 steps   264853 feasible sets         0 orders tried  current cost 2
    W_14: 22950s  52,169,269,200 steps   265068 feasible sets         0 orders tried  current cost 5
    W_14: 22965s  52,203,815,600 steps   265256 feasible sets         0 orders tried  current cost 2
    W_14: 22980s  52,238,060,600 steps   265442 feasible sets         0 orders tried  current cost 11
    W_14: 22995s  52,272,716,200 steps   265625 feasible sets         0 orders tried  current cost 3
    W_14: 23010s  52,307,443,200 steps   265770 feasible sets         0 orders tried  current cost 13
    W_14: 23025s  52,341,704,800 steps   265938 feasible sets         0 orders tried  current cost 10
    W_14: 23040s  52,376,011,800 steps   266107 feasible sets         0 orders tried  current cost 3
    W_14: 23055s  52,410,743,400 steps   266302 feasible sets         0 orders tried  current cost 10
    W_14: 23070s  52,445,296,800 steps   266461 feasible sets         0 orders tried  current cost 3
    W_14: 23085s  52,479,983,600 steps   266656 feasible sets         0 orders tried  current cost 10
    W_14: 23100s  52,514,499,400 steps   266835 feasible sets         0 orders tried  current cost 1
    W_14: 23115s  52,548,906,000 steps   267031 feasible sets         0 orders tried  current cost 6
    W_14: 23130s  52,583,345,800 steps   267206 feasible sets         0 orders tried  current cost 1
    W_14: 23145s  52,617,758,000 steps   267356 feasible sets         0 orders tried  current cost 2
    W_14: 23160s  52,652,320,000 steps   267496 feasible sets         0 orders tried  current cost 3
    W_14: 23175s  52,686,892,000 steps   267664 feasible sets         0 orders tried  current cost 4
    W_14: 23190s  52,721,073,000 steps   267838 feasible sets         0 orders tried  current cost 3
    W_14: 23205s  52,755,399,200 steps   267988 feasible sets         0 orders tried  current cost 4
    W_14: 23220s  52,789,834,600 steps   268145 feasible sets         0 orders tried  current cost 2
    W_14: 23235s  52,824,304,800 steps   268338 feasible sets         0 orders tried  current cost 8
    W_14: 23250s  52,858,955,000 steps   268536 feasible sets         0 orders tried  current cost 2
    W_14: 23265s  52,893,938,000 steps   268743 feasible sets         0 orders tried  current cost 3
    W_14: 23280s  52,928,233,600 steps   268908 feasible sets         0 orders tried  current cost 3
    W_14: 23295s  52,962,647,400 steps   269100 feasible sets         0 orders tried  current cost 5
    W_14: 23310s  52,997,204,200 steps   269271 feasible sets         0 orders tried  current cost 11
    W_14: 23325s  53,031,452,200 steps   269485 feasible sets         0 orders tried  current cost 4
    W_14: 23340s  53,066,061,400 steps   269663 feasible sets         0 orders tried  current cost 19
    W_14: 23355s  53,100,717,400 steps   269824 feasible sets         0 orders tried  current cost 4
    W_14: 23370s  53,135,227,600 steps   270009 feasible sets         0 orders tried  current cost 6
    W_14: 23385s  53,170,230,400 steps   270173 feasible sets         0 orders tried  current cost 5
    W_14: 23400s  53,204,757,600 steps   270333 feasible sets         0 orders tried  current cost 3
    W_14: 23415s  53,239,569,800 steps   270498 feasible sets         0 orders tried  current cost 3
    W_14: 23430s  53,274,588,000 steps   270681 feasible sets         0 orders tried  current cost 5
    W_14: 23445s  53,309,055,600 steps   270860 feasible sets         0 orders tried  current cost 3
    W_14: 23460s  53,343,461,800 steps   270996 feasible sets         0 orders tried  current cost 13
    W_14: 23475s  53,375,182,000 steps   271158 feasible sets         0 orders tried  current cost 12
    W_14: 23490s  53,409,740,400 steps   271339 feasible sets         0 orders tried  current cost 13
    W_14: 23505s  53,444,080,000 steps   271549 feasible sets         0 orders tried  current cost 2
    W_14: 23520s  53,478,829,600 steps   271724 feasible sets         0 orders tried  current cost 5
    W_14: 23535s  53,513,088,000 steps   271915 feasible sets         0 orders tried  current cost 5
    W_14: 23550s  53,547,663,000 steps   272072 feasible sets         0 orders tried  current cost 19
    W_14: 23565s  53,581,871,800 steps   272228 feasible sets         0 orders tried  current cost 3
    W_14: 23580s  53,616,532,600 steps   272446 feasible sets         0 orders tried  current cost 6
    W_14: 23595s  53,651,101,800 steps   272602 feasible sets         0 orders tried  current cost 12
    W_14: 23610s  53,685,725,600 steps   272759 feasible sets         0 orders tried  current cost 7
    W_14: 23625s  53,720,759,400 steps   272941 feasible sets         0 orders tried  current cost 3
    W_14: 23640s  53,755,432,400 steps   273159 feasible sets         0 orders tried  current cost 5
    W_14: 23655s  53,790,100,800 steps   273308 feasible sets         0 orders tried  current cost 12
    W_14: 23670s  53,824,435,200 steps   273489 feasible sets         0 orders tried  current cost 5
    W_14: 23685s  53,859,076,000 steps   273668 feasible sets         0 orders tried  current cost 3
    W_14: 23700s  53,893,827,800 steps   273842 feasible sets         0 orders tried  current cost 5
    W_14: 23715s  53,928,543,800 steps   274019 feasible sets         0 orders tried  current cost 8
    W_14: 23730s  53,963,039,800 steps   274160 feasible sets         0 orders tried  current cost 3
    W_14: 23745s  53,997,465,400 steps   274306 feasible sets         0 orders tried  current cost 9
    W_14: 23760s  54,032,245,600 steps   274476 feasible sets         0 orders tried  current cost 9
    W_14: 23775s  54,066,795,800 steps   274658 feasible sets         0 orders tried  current cost 4
    W_14: 23790s  54,101,381,000 steps   274851 feasible sets         0 orders tried  current cost 10
    W_14: 23805s  54,136,112,000 steps   275019 feasible sets         0 orders tried  current cost 3
    W_14: 23820s  54,170,516,000 steps   275189 feasible sets         0 orders tried  current cost 2
    W_14: 23835s  54,205,073,600 steps   275358 feasible sets         0 orders tried  current cost 4
    W_14: 23850s  54,239,826,600 steps   275542 feasible sets         0 orders tried  current cost 8
    W_14: 23865s  54,274,308,800 steps   275715 feasible sets         0 orders tried  current cost 2
    W_14: 23880s  54,308,945,600 steps   275934 feasible sets         0 orders tried  current cost 10
    W_14: 23895s  54,343,380,000 steps   276095 feasible sets         0 orders tried  current cost 1
    W_14: 23910s  54,378,237,000 steps   276268 feasible sets         0 orders tried  current cost 2
    W_14: 23925s  54,412,861,000 steps   276415 feasible sets         0 orders tried  current cost 16
    W_14: 23940s  54,447,732,000 steps   276610 feasible sets         0 orders tried  current cost 3
    W_14: 23955s  54,482,043,000 steps   276760 feasible sets         0 orders tried  current cost 13
    W_14: 23970s  54,516,588,400 steps   276932 feasible sets         0 orders tried  current cost 6
    W_14: 23985s  54,551,561,400 steps   277116 feasible sets         0 orders tried  current cost 14
    W_14: 24000s  54,585,697,800 steps   277290 feasible sets         0 orders tried  current cost 5
    W_14: 24015s  54,619,745,000 steps   277444 feasible sets         0 orders tried  current cost 9
    W_14: 24030s  54,653,894,000 steps   277615 feasible sets         0 orders tried  current cost 2
    W_14: 24045s  54,688,283,200 steps   277771 feasible sets         0 orders tried  current cost 10
    W_14: 24060s  54,723,134,200 steps   277917 feasible sets         0 orders tried  current cost 1
    W_14: 24075s  54,757,886,000 steps   278068 feasible sets         0 orders tried  current cost 9
    W_14: 24090s  54,792,496,000 steps   278248 feasible sets         0 orders tried  current cost 3
    W_14: 24105s  54,827,350,800 steps   278415 feasible sets         0 orders tried  current cost 2
    W_14: 24120s  54,861,746,600 steps   278574 feasible sets         0 orders tried  current cost 7
    W_14: 24135s  54,896,203,800 steps   278771 feasible sets         0 orders tried  current cost 10
    W_14: 24150s  54,930,804,400 steps   278947 feasible sets         0 orders tried  current cost 13
    W_14: 24165s  54,965,625,600 steps   279098 feasible sets         0 orders tried  current cost 9
    W_14: 24180s  55,000,268,600 steps   279253 feasible sets         0 orders tried  current cost 5
    W_14: 24195s  55,035,198,600 steps   279451 feasible sets         0 orders tried  current cost 3
    W_14: 24210s  55,069,796,800 steps   279611 feasible sets         0 orders tried  current cost 4
    W_14: 24225s  55,104,528,000 steps   279787 feasible sets         0 orders tried  current cost 4
    W_14: 24240s  55,138,865,800 steps   279953 feasible sets         0 orders tried  current cost 8
    W_14: 24255s  55,174,035,800 steps   280137 feasible sets         0 orders tried  current cost 4
    W_14: 24270s  55,208,921,000 steps   280321 feasible sets         0 orders tried  current cost 8
    W_14: 24285s  55,243,453,000 steps   280517 feasible sets         0 orders tried  current cost 2
    W_14: 24300s  55,277,858,800 steps   280659 feasible sets         0 orders tried  current cost 2
    W_14: 24315s  55,311,963,800 steps   280809 feasible sets         0 orders tried  current cost 15
    W_14: 24330s  55,346,294,400 steps   280971 feasible sets         0 orders tried  current cost 3
    W_14: 24345s  55,380,724,600 steps   281138 feasible sets         0 orders tried  current cost 10
    W_14: 24360s  55,415,227,200 steps   281329 feasible sets         0 orders tried  current cost 7
    W_14: 24375s  55,449,841,000 steps   281465 feasible sets         0 orders tried  current cost 18
    W_14: 24390s  55,484,379,200 steps   281636 feasible sets         0 orders tried  current cost 3
    W_14: 24405s  55,519,564,000 steps   281800 feasible sets         0 orders tried  current cost 9
    W_14: 24420s  55,554,157,600 steps   281989 feasible sets         0 orders tried  current cost 3
    W_14: 24435s  55,588,676,000 steps   282192 feasible sets         0 orders tried  current cost 3
    W_14: 24450s  55,623,355,600 steps   282375 feasible sets         0 orders tried  current cost 2
    W_14: 24465s  55,657,976,400 steps   282515 feasible sets         0 orders tried  current cost 2
    W_14: 24480s  55,692,490,000 steps   282703 feasible sets         0 orders tried  current cost 6
    W_14: 24495s  55,727,238,000 steps   282872 feasible sets         0 orders tried  current cost 3
    W_14: 24510s  55,761,694,800 steps   283055 feasible sets         0 orders tried  current cost 3
    W_14: 24525s  55,796,219,400 steps   283284 feasible sets         0 orders tried  current cost 3
    W_14: 24540s  55,830,942,000 steps   283448 feasible sets         0 orders tried  current cost 12
    W_14: 24555s  55,865,389,400 steps   283639 feasible sets         0 orders tried  current cost 5
    W_14: 24570s  55,900,271,000 steps   283809 feasible sets         0 orders tried  current cost 3
    W_14: 24585s  55,935,177,400 steps   283949 feasible sets         0 orders tried  current cost 3
    W_14: 24600s  55,969,786,000 steps   284064 feasible sets         0 orders tried  current cost 7
    W_14: 24615s  56,004,756,800 steps   284249 feasible sets         0 orders tried  current cost 3
    W_14: 24630s  56,039,441,000 steps   284444 feasible sets         0 orders tried  current cost 14
    W_14: 24645s  56,073,757,800 steps   284627 feasible sets         0 orders tried  current cost 1
    W_14: 24660s  56,108,353,000 steps   284811 feasible sets         0 orders tried  current cost 5
    W_14: 24675s  56,142,479,400 steps   284992 feasible sets         0 orders tried  current cost 2
    W_14: 24690s  56,177,308,000 steps   285222 feasible sets         0 orders tried  current cost 7
    W_14: 24705s  56,211,750,000 steps   285458 feasible sets         0 orders tried  current cost 4
    W_14: 24720s  56,246,133,000 steps   285594 feasible sets         0 orders tried  current cost 3
    W_14: 24735s  56,280,682,600 steps   285750 feasible sets         0 orders tried  current cost 9
    W_14: 24750s  56,315,500,600 steps   285940 feasible sets         0 orders tried  current cost 15
    W_14: 24765s  56,349,921,600 steps   286132 feasible sets         0 orders tried  current cost 11
    W_14: 24780s  56,384,881,200 steps   286306 feasible sets         0 orders tried  current cost 13
    W_14: 24795s  56,419,634,600 steps   286481 feasible sets         0 orders tried  current cost 3
    W_14: 24810s  56,454,229,200 steps   286674 feasible sets         0 orders tried  current cost 7
    W_14: 24825s  56,488,786,200 steps   286862 feasible sets         0 orders tried  current cost 7
    W_14: 24840s  56,523,226,800 steps   287023 feasible sets         0 orders tried  current cost 4
    W_14: 24855s  56,558,067,200 steps   287205 feasible sets         0 orders tried  current cost 6
    W_14: 24870s  56,592,418,200 steps   287373 feasible sets         0 orders tried  current cost 2
    W_14: 24885s  56,627,221,600 steps   287531 feasible sets         0 orders tried  current cost 19
    W_14: 24900s  56,661,602,800 steps   287725 feasible sets         0 orders tried  current cost 14
    W_14: 24915s  56,696,259,000 steps   287882 feasible sets         0 orders tried  current cost 4
    W_14: 24930s  56,730,949,000 steps   288034 feasible sets         0 orders tried  current cost 5
    W_14: 24945s  56,765,173,000 steps   288176 feasible sets         0 orders tried  current cost 3
    W_14: 24960s  56,799,663,200 steps   288361 feasible sets         0 orders tried  current cost 9
    W_14: 24975s  56,833,728,400 steps   288533 feasible sets         0 orders tried  current cost 4
    W_14: 24990s  56,868,076,600 steps   288702 feasible sets         0 orders tried  current cost 3
    W_14: 25005s  56,902,738,800 steps   288872 feasible sets         0 orders tried  current cost 3
    W_14: 25020s  56,937,379,800 steps   289069 feasible sets         0 orders tried  current cost 4
    W_14: 25035s  56,971,666,400 steps   289233 feasible sets         0 orders tried  current cost 7
    W_14: 25050s  57,006,129,800 steps   289431 feasible sets         0 orders tried  current cost 1
    W_14: 25065s  57,041,046,400 steps   289614 feasible sets         0 orders tried  current cost 7
    W_14: 25080s  57,075,767,200 steps   289806 feasible sets         0 orders tried  current cost 6
    W_14: 25095s  57,110,156,000 steps   289955 feasible sets         0 orders tried  current cost 2
    W_14: 25110s  57,144,447,000 steps   290139 feasible sets         0 orders tried  current cost 7
    W_14: 25125s  57,178,813,600 steps   290279 feasible sets         0 orders tried  current cost 4
    W_14: 25140s  57,213,083,400 steps   290447 feasible sets         0 orders tried  current cost 8
    W_14: 25155s  57,247,269,800 steps   290610 feasible sets         0 orders tried  current cost 5
    W_14: 25170s  57,281,972,600 steps   290776 feasible sets         0 orders tried  current cost 4
    W_14: 25185s  57,316,519,000 steps   290942 feasible sets         0 orders tried  current cost 4
    W_14: 25200s  57,350,783,200 steps   291095 feasible sets         0 orders tried  current cost 11
    W_14: 25215s  57,385,528,000 steps   291238 feasible sets         0 orders tried  current cost 8
    W_14: 25230s  57,419,998,800 steps   291452 feasible sets         0 orders tried  current cost 2
    W_14: 25245s  57,454,869,600 steps   291672 feasible sets         0 orders tried  current cost 7
    W_14: 25260s  57,489,326,400 steps   291838 feasible sets         0 orders tried  current cost 8
    W_14: 25275s  57,523,441,800 steps   292012 feasible sets         0 orders tried  current cost 11
    W_14: 25290s  57,558,176,400 steps   292174 feasible sets         0 orders tried  current cost 4
    W_14: 25305s  57,593,003,000 steps   292330 feasible sets         0 orders tried  current cost 11
    W_14: 25320s  57,627,974,000 steps   292507 feasible sets         0 orders tried  current cost 3
    W_14: 25335s  57,662,115,800 steps   292669 feasible sets         0 orders tried  current cost 3
    W_14: 25350s  57,696,693,600 steps   292869 feasible sets         0 orders tried  current cost 3
    W_14: 25365s  57,731,383,200 steps   293075 feasible sets         0 orders tried  current cost 10
    W_14: 25380s  57,765,986,600 steps   293245 feasible sets         0 orders tried  current cost 6
    W_14: 25395s  57,800,633,800 steps   293415 feasible sets         0 orders tried  current cost 5
    W_14: 25410s  57,834,968,200 steps   293610 feasible sets         0 orders tried  current cost 6
    W_14: 25425s  57,869,752,600 steps   293787 feasible sets         0 orders tried  current cost 1
    W_14: 25440s  57,903,984,200 steps   293957 feasible sets         0 orders tried  current cost 14
    W_14: 25455s  57,938,278,800 steps   294122 feasible sets         0 orders tried  current cost 4
    W_14: 25470s  57,972,418,800 steps   294299 feasible sets         0 orders tried  current cost 3
    W_14: 25485s  58,007,210,000 steps   294473 feasible sets         0 orders tried  current cost 5
    W_14: 25500s  58,041,764,400 steps   294647 feasible sets         0 orders tried  current cost 10
    W_14: 25515s  58,076,394,000 steps   294826 feasible sets         0 orders tried  current cost 4
    W_14: 25530s  58,110,969,600 steps   294980 feasible sets         0 orders tried  current cost 5
    W_14: 25545s  58,145,775,000 steps   295164 feasible sets         0 orders tried  current cost 2
    W_14: 25560s  58,179,883,200 steps   295316 feasible sets         0 orders tried  current cost 12
    W_14: 25575s  58,214,466,200 steps   295487 feasible sets         0 orders tried  current cost 7
    W_14: 25590s  58,249,238,000 steps   295675 feasible sets         0 orders tried  current cost 1
    W_14: 25605s  58,283,715,200 steps   295827 feasible sets         0 orders tried  current cost 1
    W_14: 25620s  58,318,094,600 steps   296005 feasible sets         0 orders tried  current cost 3
    W_14: 25635s  58,352,786,800 steps   296151 feasible sets         0 orders tried  current cost 4
    W_14: 25650s  58,387,131,800 steps   296341 feasible sets         0 orders tried  current cost 3
    W_14: 25665s  58,420,428,600 steps   296493 feasible sets         0 orders tried  current cost 6
    W_14: 25680s  58,453,093,600 steps   296654 feasible sets         0 orders tried  current cost 4
    W_14: 25695s  58,487,415,800 steps   296904 feasible sets         0 orders tried  current cost 2
    W_14: 25710s  58,521,668,200 steps   297111 feasible sets         0 orders tried  current cost 7
    W_14: 25725s  58,556,089,600 steps   297288 feasible sets         0 orders tried  current cost 6
    W_14: 25740s  58,590,727,200 steps   297457 feasible sets         0 orders tried  current cost 5
    W_14: 25755s  58,625,157,000 steps   297615 feasible sets         0 orders tried  current cost 3
    W_14: 25770s  58,659,803,000 steps   297817 feasible sets         0 orders tried  current cost 11
    W_14: 25785s  58,694,824,800 steps   297983 feasible sets         0 orders tried  current cost 11
    W_14: 25800s  58,729,448,400 steps   298184 feasible sets         0 orders tried  current cost 5
    W_14: 25815s  58,764,267,800 steps   298331 feasible sets         0 orders tried  current cost 4
    W_14: 25830s  58,799,131,600 steps   298508 feasible sets         0 orders tried  current cost 3
    W_14: 25845s  58,833,417,200 steps   298659 feasible sets         0 orders tried  current cost 4
    W_14: 25860s  58,867,721,000 steps   298865 feasible sets         0 orders tried  current cost 14
    W_14: 25875s  58,902,449,800 steps   299057 feasible sets         0 orders tried  current cost 5
    W_14: 25890s  58,936,984,600 steps   299231 feasible sets         0 orders tried  current cost 5
    W_14: 25905s  58,971,850,200 steps   299395 feasible sets         0 orders tried  current cost 3
    W_14: 25920s  59,006,680,600 steps   299580 feasible sets         0 orders tried  current cost 15
    W_14: 25935s  59,041,092,400 steps   299791 feasible sets         0 orders tried  current cost 3
    W_14: 25950s  59,076,031,600 steps   299989 feasible sets         0 orders tried  current cost 1
    W_14: 25965s  59,110,585,200 steps   300151 feasible sets         0 orders tried  current cost 5
    W_14: 25980s  59,145,520,000 steps   300338 feasible sets         0 orders tried  current cost 2
    W_14: 25995s  59,179,959,200 steps   300524 feasible sets         0 orders tried  current cost 2
    W_14: 26010s  59,214,199,200 steps   300687 feasible sets         0 orders tried  current cost 2
    W_14: 26025s  59,249,034,200 steps   300872 feasible sets         0 orders tried  current cost 3
    W_14: 26040s  59,283,902,400 steps   301066 feasible sets         0 orders tried  current cost 9
    W_14: 26055s  59,318,648,800 steps   301237 feasible sets         0 orders tried  current cost 6
    W_14: 26070s  59,353,778,600 steps   301390 feasible sets         0 orders tried  current cost 3
    W_14: 26085s  59,388,821,200 steps   301585 feasible sets         0 orders tried  current cost 10
    W_14: 26100s  59,423,844,000 steps   301724 feasible sets         0 orders tried  current cost 11
    W_14: 26115s  59,458,641,400 steps   301900 feasible sets         0 orders tried  current cost 13
    W_14: 26130s  59,493,244,000 steps   302087 feasible sets         0 orders tried  current cost 10
    W_14: 26145s  59,527,865,000 steps   302238 feasible sets         0 orders tried  current cost 8
    W_14: 26160s  59,562,445,800 steps   302428 feasible sets         0 orders tried  current cost 6
    W_14: 26175s  59,597,256,800 steps   302614 feasible sets         0 orders tried  current cost 2
    W_14: 26190s  59,631,841,200 steps   302773 feasible sets         0 orders tried  current cost 10
    W_14: 26205s  59,666,864,600 steps   302979 feasible sets         0 orders tried  current cost 12
    W_14: 26220s  59,701,160,400 steps   303144 feasible sets         0 orders tried  current cost 10
    W_14: 26235s  59,735,176,800 steps   303286 feasible sets         0 orders tried  current cost 3
    W_14: 26250s  59,768,856,200 steps   303422 feasible sets         0 orders tried  current cost 4
    W_14: 26265s  59,802,605,000 steps   303652 feasible sets         0 orders tried  current cost 8
    W_14: 26280s  59,836,728,800 steps   303820 feasible sets         0 orders tried  current cost 5
    W_14: 26295s  59,870,629,000 steps   303975 feasible sets         0 orders tried  current cost 5
    W_14: 26310s  59,904,547,400 steps   304152 feasible sets         0 orders tried  current cost 12
    W_14: 26325s  59,938,129,000 steps   304314 feasible sets         0 orders tried  current cost 7
    W_14: 26340s  59,971,839,400 steps   304471 feasible sets         0 orders tried  current cost 4
    W_14: 26355s  60,005,885,200 steps   304663 feasible sets         0 orders tried  current cost 9
    W_14: 26370s  60,039,671,000 steps   304842 feasible sets         0 orders tried  current cost 5
    W_14: 26385s  60,073,784,200 steps   305004 feasible sets         0 orders tried  current cost 8
    W_14: 26400s  60,107,790,600 steps   305215 feasible sets         0 orders tried  current cost 4
    W_14: 26415s  60,141,682,600 steps   305367 feasible sets         0 orders tried  current cost 10
    W_14: 26430s  60,175,885,600 steps   305529 feasible sets         0 orders tried  current cost 10
    W_14: 26445s  60,209,930,200 steps   305707 feasible sets         0 orders tried  current cost 4
    W_14: 26460s  60,244,185,600 steps   305889 feasible sets         0 orders tried  current cost 10
    W_14: 26475s  60,277,918,400 steps   306084 feasible sets         0 orders tried  current cost 3
    W_14: 26490s  60,311,826,000 steps   306257 feasible sets         0 orders tried  current cost 6
    W_14: 26505s  60,346,120,200 steps   306460 feasible sets         0 orders tried  current cost 19
    W_14: 26520s  60,380,263,200 steps   306619 feasible sets         0 orders tried  current cost 9
    W_14: 26535s  60,412,493,200 steps   306796 feasible sets         0 orders tried  current cost 3
    W_14: 26550s  60,437,749,600 steps   306914 feasible sets         0 orders tried  current cost 6
    W_14: 26565s  60,466,514,000 steps   307057 feasible sets         0 orders tried  current cost 4
    W_14: 26580s  60,500,480,400 steps   307240 feasible sets         0 orders tried  current cost 15
    W_14: 26595s  60,534,551,800 steps   307391 feasible sets         0 orders tried  current cost 5
    W_14: 26610s  60,568,902,000 steps   307566 feasible sets         0 orders tried  current cost 12
    W_14: 26625s  60,602,968,600 steps   307777 feasible sets         0 orders tried  current cost 3
    W_14: 26640s  60,636,579,600 steps   307955 feasible sets         0 orders tried  current cost 3
    W_14: 26655s  60,670,630,000 steps   308139 feasible sets         0 orders tried  current cost 4
    W_14: 26670s  60,705,038,600 steps   308337 feasible sets         0 orders tried  current cost 4
    W_14: 26685s  60,739,080,600 steps   308480 feasible sets         0 orders tried  current cost 16
    W_14: 26700s  60,773,221,000 steps   308627 feasible sets         0 orders tried  current cost 16
    W_14: 26715s  60,807,622,800 steps   308812 feasible sets         0 orders tried  current cost 10
    W_14: 26730s  60,841,631,200 steps   308966 feasible sets         0 orders tried  current cost 2
    W_14: 26745s  60,875,671,200 steps   309097 feasible sets         0 orders tried  current cost 4
    W_14: 26760s  60,909,527,800 steps   309250 feasible sets         0 orders tried  current cost 4
    W_14: 26775s  60,943,547,600 steps   309453 feasible sets         0 orders tried  current cost 4
    W_14: 26790s  60,977,577,000 steps   309612 feasible sets         0 orders tried  current cost 2
    W_14: 26805s  61,011,617,400 steps   309806 feasible sets         0 orders tried  current cost 1
    W_14: 26820s  61,045,630,400 steps   309972 feasible sets         0 orders tried  current cost 5
    W_14: 26835s  61,079,573,600 steps   310150 feasible sets         0 orders tried  current cost 2
    W_14: 26850s  61,113,871,400 steps   310345 feasible sets         0 orders tried  current cost 5
    W_14: 26865s  61,148,183,200 steps   310555 feasible sets         0 orders tried  current cost 9
    W_14: 26880s  61,179,615,400 steps   310730 feasible sets         0 orders tried  current cost 1
    W_14: 26895s  61,212,889,000 steps   310895 feasible sets         0 orders tried  current cost 1
    W_14: 26910s  61,231,008,800 steps   310995 feasible sets         0 orders tried  current cost 6
    W_14: 26925s  61,265,205,600 steps   311207 feasible sets         0 orders tried  current cost 7
    W_14: 26940s  61,299,159,600 steps   311372 feasible sets         0 orders tried  current cost 3
    W_14: 26955s  61,333,974,200 steps   311543 feasible sets         0 orders tried  current cost 4
    W_14: 26970s  61,368,606,200 steps   311731 feasible sets         0 orders tried  current cost 7
    W_14: 26985s  61,403,535,800 steps   311942 feasible sets         0 orders tried  current cost 4
    W_14: 27000s  61,437,800,200 steps   312133 feasible sets         0 orders tried  current cost 10
    W_14: 27015s  61,472,405,000 steps   312289 feasible sets         0 orders tried  current cost 12
    W_14: 27030s  61,506,889,000 steps   312442 feasible sets         0 orders tried  current cost 7
    W_14: 27045s  61,541,736,400 steps   312595 feasible sets         0 orders tried  current cost 3
    W_14: 27060s  61,576,304,000 steps   312827 feasible sets         0 orders tried  current cost 10
    W_14: 27075s  61,610,464,800 steps   313030 feasible sets         0 orders tried  current cost 10
    W_14: 27090s  61,645,219,000 steps   313214 feasible sets         0 orders tried  current cost 1
    W_14: 27105s  61,679,877,600 steps   313419 feasible sets         0 orders tried  current cost 5
    W_14: 27120s  61,713,946,400 steps   313570 feasible sets         0 orders tried  current cost 7
    W_14: 27135s  61,748,656,600 steps   313744 feasible sets         0 orders tried  current cost 4
    W_14: 27150s  61,783,004,000 steps   313967 feasible sets         0 orders tried  current cost 10
    W_14: 27165s  61,817,724,600 steps   314163 feasible sets         0 orders tried  current cost 13
    W_14: 27180s  61,852,241,000 steps   314335 feasible sets         0 orders tried  current cost 10
    W_14: 27195s  61,887,008,000 steps   314498 feasible sets         0 orders tried  current cost 5
    W_14: 27210s  61,921,358,200 steps   314733 feasible sets         0 orders tried  current cost 4
    W_14: 27225s  61,955,827,400 steps   314889 feasible sets         0 orders tried  current cost 5
    W_14: 27240s  61,990,772,200 steps   315052 feasible sets         0 orders tried  current cost 4
    W_14: 27255s  62,025,145,800 steps   315247 feasible sets         0 orders tried  current cost 10
    W_14: 27270s  62,059,818,800 steps   315399 feasible sets         0 orders tried  current cost 3
    W_14: 27285s  62,094,349,200 steps   315599 feasible sets         0 orders tried  current cost 2
    W_14: 27300s  62,128,178,200 steps   315750 feasible sets         0 orders tried  current cost 1
    W_14: 27315s  62,162,827,600 steps   315935 feasible sets         0 orders tried  current cost 4
    W_14: 27330s  62,197,550,400 steps   316126 feasible sets         0 orders tried  current cost 5
    W_14: 27345s  62,232,384,200 steps   316288 feasible sets         0 orders tried  current cost 9
    W_14: 27360s  62,267,104,000 steps   316455 feasible sets         0 orders tried  current cost 6
    W_14: 27375s  62,301,857,400 steps   316631 feasible sets         0 orders tried  current cost 3
    W_14: 27390s  62,336,511,200 steps   316758 feasible sets         0 orders tried  current cost 4
    W_14: 27405s  62,371,231,800 steps   316947 feasible sets         0 orders tried  current cost 1
    W_14: 27420s  62,405,253,000 steps   317103 feasible sets         0 orders tried  current cost 1
    W_14: 27435s  62,439,759,200 steps   317323 feasible sets         0 orders tried  current cost 3
    W_14: 27450s  62,474,329,400 steps   317478 feasible sets         0 orders tried  current cost 4
    W_14: 27465s  62,508,893,000 steps   317680 feasible sets         0 orders tried  current cost 2
    W_14: 27480s  62,543,382,600 steps   317885 feasible sets         0 orders tried  current cost 13
    W_14: 27495s  62,577,869,800 steps   318059 feasible sets         0 orders tried  current cost 5
    W_14: 27510s  62,612,080,400 steps   318277 feasible sets         0 orders tried  current cost 11
    W_14: 27525s  62,646,376,200 steps   318467 feasible sets         0 orders tried  current cost 2
    W_14: 27540s  62,680,674,400 steps   318670 feasible sets         0 orders tried  current cost 3
    W_14: 27555s  62,715,685,400 steps   318855 feasible sets         0 orders tried  current cost 9
    W_14: 27570s  62,750,242,400 steps   319048 feasible sets         0 orders tried  current cost 5
    W_14: 27585s  62,785,216,600 steps   319233 feasible sets         0 orders tried  current cost 1
    W_14: 27600s  62,819,977,400 steps   319398 feasible sets         0 orders tried  current cost 2
    W_14: 27615s  62,854,666,400 steps   319603 feasible sets         0 orders tried  current cost 6
    W_14: 27630s  62,889,163,000 steps   319800 feasible sets         0 orders tried  current cost 9
    W_14: 27645s  62,923,756,600 steps   319993 feasible sets         0 orders tried  current cost 4
    W_14: 27660s  62,958,201,800 steps   320132 feasible sets         0 orders tried  current cost 8
    W_14: 27675s  62,992,567,200 steps   320325 feasible sets         0 orders tried  current cost 4
    W_14: 27690s  63,026,914,600 steps   320527 feasible sets         0 orders tried  current cost 4
    W_14: 27705s  63,061,410,800 steps   320686 feasible sets         0 orders tried  current cost 5
    W_14: 27720s  63,096,069,800 steps   320845 feasible sets         0 orders tried  current cost 3
    W_14: 27735s  63,130,667,600 steps   321012 feasible sets         0 orders tried  current cost 5
    W_14: 27750s  63,165,656,600 steps   321176 feasible sets         0 orders tried  current cost 3
    W_14: 27765s  63,200,374,200 steps   321352 feasible sets         0 orders tried  current cost 3
    W_14: 27780s  63,235,211,000 steps   321550 feasible sets         0 orders tried  current cost 4
    W_14: 27795s  63,270,208,400 steps   321720 feasible sets         0 orders tried  current cost 3
    W_14: 27810s  63,304,883,000 steps   321872 feasible sets         0 orders tried  current cost 8
    W_14: 27825s  63,339,558,600 steps   322081 feasible sets         0 orders tried  current cost 3
    W_14: 27840s  63,373,983,400 steps   322250 feasible sets         0 orders tried  current cost 11
    W_14: 27855s  63,408,509,000 steps   322430 feasible sets         0 orders tried  current cost 6
    W_14: 27870s  63,442,875,600 steps   322626 feasible sets         0 orders tried  current cost 3
    W_14: 27885s  63,477,320,800 steps   322773 feasible sets         0 orders tried  current cost 9
    W_14: 27900s  63,511,703,800 steps   322950 feasible sets         0 orders tried  current cost 9
    W_14: 27915s  63,546,420,800 steps   323115 feasible sets         0 orders tried  current cost 11
    W_14: 27930s  63,580,639,800 steps   323296 feasible sets         0 orders tried  current cost 2
    W_14: 27945s  63,615,266,600 steps   323461 feasible sets         0 orders tried  current cost 6
    W_14: 27960s  63,650,129,800 steps   323650 feasible sets         0 orders tried  current cost 3
    W_14: 27975s  63,684,561,800 steps   323829 feasible sets         0 orders tried  current cost 11
    W_14: 27990s  63,719,425,600 steps   323993 feasible sets         0 orders tried  current cost 9
    W_14: 28005s  63,753,702,200 steps   324158 feasible sets         0 orders tried  current cost 9
    W_14: 28020s  63,788,331,800 steps   324341 feasible sets         0 orders tried  current cost 1
    W_14: 28035s  63,822,525,800 steps   324544 feasible sets         0 orders tried  current cost 8
    W_14: 28050s  63,857,356,000 steps   324746 feasible sets         0 orders tried  current cost 2
    W_14: 28065s  63,891,589,800 steps   324919 feasible sets         0 orders tried  current cost 7
    W_14: 28080s  63,926,139,600 steps   325086 feasible sets         0 orders tried  current cost 1
    W_14: 28095s  63,960,950,600 steps   325254 feasible sets         0 orders tried  current cost 5
    W_14: 28110s  63,995,630,800 steps   325459 feasible sets         0 orders tried  current cost 5
    W_14: 28125s  64,030,268,600 steps   325642 feasible sets         0 orders tried  current cost 6
    W_14: 28140s  64,064,907,400 steps   325815 feasible sets         0 orders tried  current cost 8
    W_14: 28155s  64,099,169,200 steps   326013 feasible sets         0 orders tried  current cost 8
    W_14: 28170s  64,133,511,600 steps   326182 feasible sets         0 orders tried  current cost 5
    W_14: 28185s  64,168,198,600 steps   326368 feasible sets         0 orders tried  current cost 2
    W_14: 28200s  64,202,238,600 steps   326527 feasible sets         0 orders tried  current cost 2
    W_14: 28215s  64,237,218,600 steps   326690 feasible sets         0 orders tried  current cost 4
    W_14: 28230s  64,271,411,000 steps   326835 feasible sets         0 orders tried  current cost 4
    W_14: 28245s  64,305,683,200 steps   327034 feasible sets         0 orders tried  current cost 8
    W_14: 28260s  64,340,305,000 steps   327193 feasible sets         0 orders tried  current cost 11
    W_14: 28275s  64,375,001,800 steps   327367 feasible sets         0 orders tried  current cost 15
    W_14: 28290s  64,409,571,200 steps   327532 feasible sets         0 orders tried  current cost 5
    W_14: 28305s  64,443,953,200 steps   327721 feasible sets         0 orders tried  current cost 3
    W_14: 28320s  64,478,707,400 steps   327865 feasible sets         0 orders tried  current cost 7
    W_14: 28335s  64,513,103,400 steps   328053 feasible sets         0 orders tried  current cost 14
    W_14: 28350s  64,547,622,600 steps   328221 feasible sets         0 orders tried  current cost 18
    W_14: 28365s  64,582,728,800 steps   328412 feasible sets         0 orders tried  current cost 3
    W_14: 28380s  64,617,506,000 steps   328578 feasible sets         0 orders tried  current cost 9
    W_14: 28395s  64,652,180,400 steps   328738 feasible sets         0 orders tried  current cost 16
    W_14: 28410s  64,686,695,000 steps   328938 feasible sets         0 orders tried  current cost 1
    W_14: 28425s  64,721,134,400 steps   329117 feasible sets         0 orders tried  current cost 2
    W_14: 28440s  64,755,554,400 steps   329322 feasible sets         0 orders tried  current cost 2
    W_14: 28455s  64,790,144,600 steps   329504 feasible sets         0 orders tried  current cost 13
    W_14: 28470s  64,824,985,000 steps   329661 feasible sets         0 orders tried  current cost 7
    W_14: 28485s  64,859,395,400 steps   329848 feasible sets         0 orders tried  current cost 2
    W_14: 28500s  64,893,976,200 steps   330055 feasible sets         0 orders tried  current cost 3
    W_14: 28515s  64,928,757,400 steps   330205 feasible sets         0 orders tried  current cost 2
    W_14: 28530s  64,963,509,400 steps   330349 feasible sets         0 orders tried  current cost 5
    W_14: 28545s  64,997,875,600 steps   330499 feasible sets         0 orders tried  current cost 3
    W_14: 28560s  65,032,709,400 steps   330713 feasible sets         0 orders tried  current cost 1
    W_14: 28575s  65,067,221,600 steps   330896 feasible sets         0 orders tried  current cost 16
    W_14: 28590s  65,101,971,400 steps   331053 feasible sets         0 orders tried  current cost 4
    W_14: 28605s  65,136,503,400 steps   331223 feasible sets         0 orders tried  current cost 7
    W_14: 28620s  65,171,176,200 steps   331433 feasible sets         0 orders tried  current cost 3
    W_14: 28635s  65,205,825,800 steps   331638 feasible sets         0 orders tried  current cost 6
    W_14: 28650s  65,240,184,000 steps   331779 feasible sets         0 orders tried  current cost 10
    W_14: 28665s  65,274,934,200 steps   331949 feasible sets         0 orders tried  current cost 3
    W_14: 28680s  65,309,492,200 steps   332148 feasible sets         0 orders tried  current cost 4
    W_14: 28695s  65,344,479,000 steps   332319 feasible sets         0 orders tried  current cost 1
    W_14: 28710s  65,378,819,000 steps   332497 feasible sets         0 orders tried  current cost 1
    W_14: 28725s  65,413,367,600 steps   332661 feasible sets         0 orders tried  current cost 6
    W_14: 28740s  65,447,702,200 steps   332796 feasible sets         0 orders tried  current cost 9
    W_14: 28755s  65,482,188,000 steps   332983 feasible sets         0 orders tried  current cost 7
    W_14: 28770s  65,516,606,200 steps   333190 feasible sets         0 orders tried  current cost 6
    W_14: 28785s  65,551,313,800 steps   333357 feasible sets         0 orders tried  current cost 3
    W_14: 28800s  65,585,537,400 steps   333550 feasible sets         0 orders tried  current cost 1
    W_14: 28815s  65,619,956,400 steps   333725 feasible sets         0 orders tried  current cost 5
    W_14: 28830s  65,654,460,000 steps   333877 feasible sets         0 orders tried  current cost 5
    W_14: 28845s  65,688,974,400 steps   334086 feasible sets         0 orders tried  current cost 2
    W_14: 28860s  65,723,474,600 steps   334266 feasible sets         0 orders tried  current cost 4
    W_14: 28875s  65,757,982,800 steps   334437 feasible sets         0 orders tried  current cost 13
    W_14: 28890s  65,792,526,600 steps   334602 feasible sets         0 orders tried  current cost 8
    W_14: 28905s  65,827,173,600 steps   334755 feasible sets         0 orders tried  current cost 3
    W_14: 28920s  65,861,303,000 steps   334958 feasible sets         0 orders tried  current cost 13
    W_14: 28935s  65,895,856,800 steps   335139 feasible sets         0 orders tried  current cost 4
    W_14: 28950s  65,930,866,600 steps   335304 feasible sets         0 orders tried  current cost 5
    W_14: 28965s  65,965,229,400 steps   335497 feasible sets         0 orders tried  current cost 3
    W_14: 28980s  65,999,341,800 steps   335701 feasible sets         0 orders tried  current cost 17
    W_14: 28995s  66,033,748,400 steps   335905 feasible sets         0 orders tried  current cost 6
    W_14: 29010s  66,068,210,200 steps   336097 feasible sets         0 orders tried  current cost 5
    W_14: 29025s  66,102,763,800 steps   336288 feasible sets         0 orders tried  current cost 8
    W_14: 29040s  66,137,926,000 steps   336473 feasible sets         0 orders tried  current cost 8
    W_14: 29055s  66,172,657,400 steps   336646 feasible sets         0 orders tried  current cost 2
    W_14: 29070s  66,207,176,200 steps   336843 feasible sets         0 orders tried  current cost 2
    W_14: 29085s  66,242,036,400 steps   336995 feasible sets         0 orders tried  current cost 5
    W_14: 29100s  66,276,764,800 steps   337160 feasible sets         0 orders tried  current cost 7
    W_14: 29115s  66,311,580,800 steps   337344 feasible sets         0 orders tried  current cost 14
    W_14: 29130s  66,346,453,600 steps   337504 feasible sets         0 orders tried  current cost 4
    W_14: 29145s  66,381,186,800 steps   337683 feasible sets         0 orders tried  current cost 7
    W_14: 29160s  66,415,573,800 steps   337913 feasible sets         0 orders tried  current cost 2
    W_14: 29175s  66,450,451,400 steps   338112 feasible sets         0 orders tried  current cost 3
    W_14: 29190s  66,484,606,400 steps   338293 feasible sets         0 orders tried  current cost 8
    W_14: 29205s  66,519,254,000 steps   338512 feasible sets         0 orders tried  current cost 2
    W_14: 29220s  66,553,590,000 steps   338700 feasible sets         0 orders tried  current cost 6
    W_14: 29235s  66,588,147,800 steps   338854 feasible sets         0 orders tried  current cost 3
    W_14: 29250s  66,622,932,400 steps   339015 feasible sets         0 orders tried  current cost 4
    W_14: 29265s  66,657,040,200 steps   339192 feasible sets         0 orders tried  current cost 13
    W_14: 29280s  66,691,606,600 steps   339371 feasible sets         0 orders tried  current cost 4
    W_14: 29295s  66,726,097,400 steps   339551 feasible sets         0 orders tried  current cost 4
    W_14: 29310s  66,760,630,200 steps   339759 feasible sets         0 orders tried  current cost 4
    W_14: 29325s  66,795,172,800 steps   339930 feasible sets         0 orders tried  current cost 4
    W_14: 29340s  66,829,734,600 steps   340094 feasible sets         0 orders tried  current cost 3
    W_14: 29355s  66,864,720,400 steps   340261 feasible sets         0 orders tried  current cost 7
    W_14: 29370s  66,899,419,400 steps   340444 feasible sets         0 orders tried  current cost 3
    W_14: 29385s  66,933,890,600 steps   340655 feasible sets         0 orders tried  current cost 4
    W_14: 29400s  66,966,447,800 steps   340841 feasible sets         0 orders tried  current cost 5
    W_14: 29415s  67,001,059,000 steps   341023 feasible sets         0 orders tried  current cost 2
    W_14: 29430s  67,035,564,000 steps   341183 feasible sets         0 orders tried  current cost 9
    W_14: 29445s  67,070,311,800 steps   341324 feasible sets         0 orders tried  current cost 4
    W_14: 29460s  67,104,881,400 steps   341509 feasible sets         0 orders tried  current cost 13
    W_14: 29475s  67,139,307,000 steps   341686 feasible sets         0 orders tried  current cost 4
    W_14: 29490s  67,173,920,400 steps   341873 feasible sets         0 orders tried  current cost 14
    W_14: 29505s  67,208,654,600 steps   342036 feasible sets         0 orders tried  current cost 1
    W_14: 29520s  67,242,953,200 steps   342230 feasible sets         0 orders tried  current cost 3
    W_14: 29535s  67,277,484,600 steps   342409 feasible sets         0 orders tried  current cost 8
    W_14: 29550s  67,311,992,600 steps   342574 feasible sets         0 orders tried  current cost 2
    W_14: 29565s  67,346,141,200 steps   342741 feasible sets         0 orders tried  current cost 10
    W_14: 29580s  67,378,657,400 steps   342927 feasible sets         0 orders tried  current cost 4
    W_14: 29595s  67,403,804,200 steps   343035 feasible sets         0 orders tried  current cost 10
    W_14: 29610s  67,428,100,600 steps   343152 feasible sets         0 orders tried  current cost 12
    W_14: 29625s  67,462,645,200 steps   343334 feasible sets         0 orders tried  current cost 7
    W_14: 29640s  67,496,688,800 steps   343474 feasible sets         0 orders tried  current cost 5
    W_14: 29655s  67,528,902,000 steps   343639 feasible sets         0 orders tried  current cost 15
    W_14: 29670s  67,555,108,600 steps   343773 feasible sets         0 orders tried  current cost 6
    W_14: 29685s  67,569,929,400 steps   343869 feasible sets         0 orders tried  current cost 5
    W_14: 29700s  67,604,651,200 steps   344059 feasible sets         0 orders tried  current cost 7
    W_14: 29715s  67,635,239,000 steps   344230 feasible sets         0 orders tried  current cost 4
    W_14: 29730s  67,663,502,000 steps   344362 feasible sets         0 orders tried  current cost 14
    W_14: 29745s  67,682,387,600 steps   344437 feasible sets         0 orders tried  current cost 7
    W_14: 29760s  67,712,613,600 steps   344619 feasible sets         0 orders tried  current cost 4
    W_14: 29775s  67,743,568,000 steps   344755 feasible sets         0 orders tried  current cost 4
    W_14: 29790s  67,776,893,800 steps   344958 feasible sets         0 orders tried  current cost 2
    W_14: 29805s  67,810,696,000 steps   345150 feasible sets         0 orders tried  current cost 3
    W_14: 29820s  67,844,624,000 steps   345371 feasible sets         0 orders tried  current cost 10
    W_14: 29835s  67,878,871,400 steps   345535 feasible sets         0 orders tried  current cost 4
    W_14: 29850s  67,913,127,800 steps   345721 feasible sets         0 orders tried  current cost 5
    W_14: 29865s  67,947,495,800 steps   345900 feasible sets         0 orders tried  current cost 2
    W_14: 29880s  67,981,060,600 steps   346106 feasible sets         0 orders tried  current cost 9
    W_14: 29895s  68,014,542,600 steps   346267 feasible sets         0 orders tried  current cost 10
    W_14: 29910s  68,048,921,000 steps   346436 feasible sets         0 orders tried  current cost 10
    W_14: 29925s  68,083,435,400 steps   346617 feasible sets         0 orders tried  current cost 3
    W_14: 29940s  68,116,973,200 steps   346763 feasible sets         0 orders tried  current cost 4
    W_14: 29955s  68,151,034,200 steps   346952 feasible sets         0 orders tried  current cost 4
    W_14: 29970s  68,185,522,800 steps   347138 feasible sets         0 orders tried  current cost 15
    W_14: 29985s  68,219,817,200 steps   347308 feasible sets         0 orders tried  current cost 4
    W_14: 30000s  68,254,339,400 steps   347484 feasible sets         0 orders tried  current cost 3
    W_14: 30015s  68,288,819,600 steps   347644 feasible sets         0 orders tried  current cost 3
    W_14: 30030s  68,321,165,400 steps   347809 feasible sets         0 orders tried  current cost 10
    W_14: 30045s  68,355,094,000 steps   348000 feasible sets         0 orders tried  current cost 1
    W_14: 30060s  68,389,505,000 steps   348180 feasible sets         0 orders tried  current cost 10
    W_14: 30075s  68,423,042,600 steps   348318 feasible sets         0 orders tried  current cost 15
    W_14: 30090s  68,457,140,200 steps   348486 feasible sets         0 orders tried  current cost 18
    W_14: 30105s  68,489,965,400 steps   348644 feasible sets         0 orders tried  current cost 6
    W_14: 30120s  68,523,271,400 steps   348778 feasible sets         0 orders tried  current cost 3
    W_14: 30135s  68,557,498,800 steps   348982 feasible sets         0 orders tried  current cost 4
    W_14: 30150s  68,591,569,200 steps   349165 feasible sets         0 orders tried  current cost 4
    W_14: 30165s  68,625,267,600 steps   349316 feasible sets         0 orders tried  current cost 4
    W_14: 30180s  68,658,301,000 steps   349479 feasible sets         0 orders tried  current cost 12
    W_14: 30195s  68,690,815,200 steps   349627 feasible sets         0 orders tried  current cost 2
    W_14: 30210s  68,724,802,200 steps   349834 feasible sets         0 orders tried  current cost 18
    W_14: 30225s  68,757,450,400 steps   349966 feasible sets         0 orders tried  current cost 4
    W_14: 30240s  68,791,079,600 steps   350138 feasible sets         0 orders tried  current cost 5
    W_14: 30255s  68,823,044,800 steps   350286 feasible sets         0 orders tried  current cost 5
    W_14: 30270s  68,855,807,200 steps   350450 feasible sets         0 orders tried  current cost 9
    W_14: 30285s  68,889,839,200 steps   350597 feasible sets         0 orders tried  current cost 3
    W_14: 30300s  68,923,399,000 steps   350759 feasible sets         0 orders tried  current cost 1
    W_14: 30315s  68,953,584,600 steps   350930 feasible sets         0 orders tried  current cost 9
    W_14: 30330s  68,984,562,200 steps   351078 feasible sets         0 orders tried  current cost 11
    W_14: 30345s  69,016,531,400 steps   351228 feasible sets         0 orders tried  current cost 5
    W_14: 30360s  69,048,449,800 steps   351409 feasible sets         0 orders tried  current cost 4
    W_14: 30375s  69,080,232,800 steps   351560 feasible sets         0 orders tried  current cost 4
    W_14: 30390s  69,112,079,600 steps   351715 feasible sets         0 orders tried  current cost 3
    W_14: 30405s  69,143,888,000 steps   351900 feasible sets         0 orders tried  current cost 7
    W_14: 30420s  69,175,651,400 steps   352073 feasible sets         0 orders tried  current cost 4
    W_14: 30435s  69,207,358,400 steps   352232 feasible sets         0 orders tried  current cost 4
    W_14: 30450s  69,239,011,600 steps   352407 feasible sets         0 orders tried  current cost 3
    W_14: 30465s  69,270,672,800 steps   352566 feasible sets         0 orders tried  current cost 4
    W_14: 30480s  69,302,401,800 steps   352753 feasible sets         0 orders tried  current cost 12
    W_14: 30495s  69,333,953,200 steps   352956 feasible sets         0 orders tried  current cost 2
    W_14: 30510s  69,365,879,800 steps   353090 feasible sets         0 orders tried  current cost 1
    W_14: 30525s  69,397,688,200 steps   353252 feasible sets         0 orders tried  current cost 8
    W_14: 30540s  69,429,448,000 steps   353422 feasible sets         0 orders tried  current cost 4
    W_14: 30555s  69,461,250,000 steps   353615 feasible sets         0 orders tried  current cost 2
    W_14: 30570s  69,493,101,200 steps   353762 feasible sets         0 orders tried  current cost 12
    W_14: 30585s  69,525,212,200 steps   353914 feasible sets         0 orders tried  current cost 5
    W_14: 30600s  69,556,268,000 steps   354050 feasible sets         0 orders tried  current cost 5
    W_14: 30615s  69,587,769,200 steps   354187 feasible sets         0 orders tried  current cost 5
    W_14: 30630s  69,619,671,200 steps   354371 feasible sets         0 orders tried  current cost 4
    W_14: 30645s  69,651,514,800 steps   354504 feasible sets         0 orders tried  current cost 3
    W_14: 30660s  69,683,687,000 steps   354675 feasible sets         0 orders tried  current cost 3
    W_14: 30675s  69,716,057,600 steps   354817 feasible sets         0 orders tried  current cost 4
    W_14: 30690s  69,748,199,400 steps   354963 feasible sets         0 orders tried  current cost 2
    W_14: 30705s  69,780,330,800 steps   355115 feasible sets         0 orders tried  current cost 5
    W_14: 30720s  69,812,195,800 steps   355296 feasible sets         0 orders tried  current cost 3
    W_14: 30735s  69,843,642,400 steps   355455 feasible sets         0 orders tried  current cost 8
    W_14: 30750s  69,875,700,400 steps   355660 feasible sets         0 orders tried  current cost 14
    W_14: 30765s  69,907,429,400 steps   355803 feasible sets         0 orders tried  current cost 4
    W_14: 30780s  69,939,361,600 steps   356007 feasible sets         0 orders tried  current cost 11
    W_14: 30795s  69,971,217,400 steps   356179 feasible sets         0 orders tried  current cost 3
    W_14: 30810s  70,002,467,800 steps   356328 feasible sets         0 orders tried  current cost 9
    W_14: 30825s  70,032,276,600 steps   356467 feasible sets         0 orders tried  current cost 2
    W_14: 30840s  70,064,403,800 steps   356630 feasible sets         0 orders tried  current cost 7
    W_14: 30855s  70,099,210,400 steps   356797 feasible sets         0 orders tried  current cost 7
    W_14: 30870s  70,131,155,200 steps   356968 feasible sets         0 orders tried  current cost 5
    W_14: 30885s  70,162,555,400 steps   357127 feasible sets         0 orders tried  current cost 4
    W_14: 30900s  70,193,503,400 steps   357249 feasible sets         0 orders tried  current cost 9
    W_14: 30915s  70,225,069,200 steps   357404 feasible sets         0 orders tried  current cost 2
    W_14: 30930s  70,256,826,800 steps   357581 feasible sets         0 orders tried  current cost 7
    W_14: 30945s  70,288,571,800 steps   357770 feasible sets         0 orders tried  current cost 5
    W_14: 30960s  70,320,094,800 steps   357962 feasible sets         0 orders tried  current cost 3
    W_14: 30975s  70,352,030,600 steps   358116 feasible sets         0 orders tried  current cost 4
    W_14: 30990s  70,385,465,400 steps   358300 feasible sets         0 orders tried  current cost 7
    W_14: 31005s  70,419,747,000 steps   358485 feasible sets         0 orders tried  current cost 10
    W_14: 31020s  70,454,141,200 steps   358653 feasible sets         0 orders tried  current cost 12
    W_14: 31035s  70,488,534,800 steps   358839 feasible sets         0 orders tried  current cost 3
    W_14: 31050s  70,522,245,800 steps   359029 feasible sets         0 orders tried  current cost 8
    W_14: 31065s  70,556,075,000 steps   359230 feasible sets         0 orders tried  current cost 2
    W_14: 31080s  70,590,340,600 steps   359406 feasible sets         0 orders tried  current cost 12
    W_14: 31095s  70,624,912,200 steps   359589 feasible sets         0 orders tried  current cost 4
    W_14: 31110s  70,659,331,600 steps   359755 feasible sets         0 orders tried  current cost 3
    W_14: 31125s  70,693,841,600 steps   359915 feasible sets         0 orders tried  current cost 11
    W_14: 31140s  70,727,833,000 steps   360114 feasible sets         0 orders tried  current cost 5
    W_14: 31155s  70,760,925,200 steps   360297 feasible sets         0 orders tried  current cost 9
    W_14: 31170s  70,795,241,400 steps   360482 feasible sets         0 orders tried  current cost 13
    W_14: 31185s  70,828,925,000 steps   360649 feasible sets         0 orders tried  current cost 12
    W_14: 31200s  70,861,115,600 steps   360819 feasible sets         0 orders tried  current cost 2
    W_14: 31215s  70,895,270,200 steps   361008 feasible sets         0 orders tried  current cost 4
    W_14: 31230s  70,929,383,000 steps   361197 feasible sets         0 orders tried  current cost 9
    W_14: 31245s  70,963,688,800 steps   361337 feasible sets         0 orders tried  current cost 6
    W_14: 31260s  70,997,951,200 steps   361478 feasible sets         0 orders tried  current cost 3
    W_14: 31275s  71,031,867,600 steps   361639 feasible sets         0 orders tried  current cost 7
    W_14: 31290s  71,066,130,200 steps   361829 feasible sets         0 orders tried  current cost 6
    W_14: 31305s  71,100,995,800 steps   362021 feasible sets         0 orders tried  current cost 2
    W_14: 31320s  71,134,276,400 steps   362185 feasible sets         0 orders tried  current cost 3
    W_14: 31335s  71,168,731,800 steps   362380 feasible sets         0 orders tried  current cost 5
    W_14: 31350s  71,203,319,400 steps   362524 feasible sets         0 orders tried  current cost 3
    W_14: 31365s  71,238,222,600 steps   362717 feasible sets         0 orders tried  current cost 11
    W_14: 31380s  71,272,652,800 steps   362891 feasible sets         0 orders tried  current cost 5
    W_14: 31395s  71,306,825,200 steps   363093 feasible sets         0 orders tried  current cost 9
    W_14: 31410s  71,340,907,800 steps   363265 feasible sets         0 orders tried  current cost 2
    W_14: 31425s  71,375,577,200 steps   363451 feasible sets         0 orders tried  current cost 3
    W_14: 31440s  71,410,025,800 steps   363642 feasible sets         0 orders tried  current cost 8
    W_14: 31455s  71,445,171,200 steps   363847 feasible sets         0 orders tried  current cost 4
    W_14: 31470s  71,479,576,200 steps   364001 feasible sets         0 orders tried  current cost 3
    W_14: 31485s  71,514,046,600 steps   364168 feasible sets         0 orders tried  current cost 6
    W_14: 31500s  71,548,324,200 steps   364333 feasible sets         0 orders tried  current cost 9
    W_14: 31515s  71,582,507,000 steps   364550 feasible sets         0 orders tried  current cost 4
    W_14: 31530s  71,617,074,200 steps   364689 feasible sets         0 orders tried  current cost 3
    W_14: 31545s  71,651,122,400 steps   364824 feasible sets         0 orders tried  current cost 12
    W_14: 31560s  71,685,450,800 steps   364991 feasible sets         0 orders tried  current cost 2
    W_14: 31575s  71,719,925,200 steps   365154 feasible sets         0 orders tried  current cost 8
    W_14: 31590s  71,752,507,800 steps   365350 feasible sets         0 orders tried  current cost 6
    W_14: 31605s  71,786,650,200 steps   365529 feasible sets         0 orders tried  current cost 3
    W_14: 31620s  71,821,191,000 steps   365689 feasible sets         0 orders tried  current cost 3
    W_14: 31635s  71,855,540,800 steps   365841 feasible sets         0 orders tried  current cost 13
    W_14: 31650s  71,887,480,000 steps   365983 feasible sets         0 orders tried  current cost 3
    W_14: 31665s  71,921,601,400 steps   366215 feasible sets         0 orders tried  current cost 11
    W_14: 31680s  71,956,822,400 steps   366372 feasible sets         0 orders tried  current cost 13
    W_14: 31695s  71,990,795,800 steps   366545 feasible sets         0 orders tried  current cost 1
    W_14: 31710s  72,025,336,200 steps   366721 feasible sets         0 orders tried  current cost 2
    W_14: 31725s  72,059,863,000 steps   366876 feasible sets         0 orders tried  current cost 10
    W_14: 31740s  72,094,180,200 steps   367052 feasible sets         0 orders tried  current cost 11
    W_14: 31755s  72,128,366,400 steps   367221 feasible sets         0 orders tried  current cost 6
    W_14: 31770s  72,163,306,400 steps   367406 feasible sets         0 orders tried  current cost 7
    W_14: 31785s  72,197,257,400 steps   367556 feasible sets         0 orders tried  current cost 2
    W_14: 31800s  72,231,742,800 steps   367739 feasible sets         0 orders tried  current cost 14
    W_14: 31815s  72,266,075,800 steps   367909 feasible sets         0 orders tried  current cost 3
    W_14: 31830s  72,300,727,200 steps   368110 feasible sets         0 orders tried  current cost 8
    W_14: 31845s  72,335,036,600 steps   368259 feasible sets         0 orders tried  current cost 2
    W_14: 31860s  72,369,101,200 steps   368410 feasible sets         0 orders tried  current cost 15
    W_14: 31875s  72,403,513,000 steps   368575 feasible sets         0 orders tried  current cost 3
    W_14: 31890s  72,437,922,800 steps   368727 feasible sets         0 orders tried  current cost 11
    W_14: 31905s  72,467,859,200 steps   368887 feasible sets         0 orders tried  current cost 1
    W_14: 31920s  72,500,994,000 steps   369078 feasible sets         0 orders tried  current cost 4
    W_14: 31935s  72,533,373,200 steps   369279 feasible sets         0 orders tried  current cost 5
    W_14: 31950s  72,566,644,600 steps   369431 feasible sets         0 orders tried  current cost 8
    W_14: 31965s  72,600,996,400 steps   369636 feasible sets         0 orders tried  current cost 3
    W_14: 31980s  72,635,929,800 steps   369805 feasible sets         0 orders tried  current cost 4
    W_14: 31995s  72,670,485,000 steps   370052 feasible sets         0 orders tried  current cost 9
    W_14: 32010s  72,705,089,400 steps   370277 feasible sets         0 orders tried  current cost 6
    W_14: 32025s  72,739,824,200 steps   370467 feasible sets         0 orders tried  current cost 10
    W_14: 32040s  72,775,149,600 steps   370621 feasible sets         0 orders tried  current cost 4
    W_14: 32055s  72,809,711,400 steps   370809 feasible sets         0 orders tried  current cost 3
    W_14: 32070s  72,844,198,600 steps   370970 feasible sets         0 orders tried  current cost 2
    W_14: 32085s  72,878,543,400 steps   371175 feasible sets         0 orders tried  current cost 13
    W_14: 32100s  72,913,182,800 steps   371351 feasible sets         0 orders tried  current cost 9
    W_14: 32115s  72,947,567,000 steps   371528 feasible sets         0 orders tried  current cost 8
    W_14: 32130s  72,982,345,000 steps   371728 feasible sets         0 orders tried  current cost 10
    W_14: 32145s  73,016,851,000 steps   371915 feasible sets         0 orders tried  current cost 4
    W_14: 32160s  73,051,165,200 steps   372102 feasible sets         0 orders tried  current cost 9
    W_14: 32175s  73,086,131,200 steps   372282 feasible sets         0 orders tried  current cost 4
    W_14: 32190s  73,120,546,400 steps   372431 feasible sets         0 orders tried  current cost 8
    W_14: 32205s  73,155,538,000 steps   372596 feasible sets         0 orders tried  current cost 1
    W_14: 32220s  73,190,490,400 steps   372774 feasible sets         0 orders tried  current cost 3
    W_14: 32235s  73,224,874,400 steps   372965 feasible sets         0 orders tried  current cost 5
    W_14: 32250s  73,259,454,800 steps   373135 feasible sets         0 orders tried  current cost 3
    W_14: 32265s  73,293,979,600 steps   373330 feasible sets         0 orders tried  current cost 3
    W_14: 32280s  73,328,769,600 steps   373526 feasible sets         0 orders tried  current cost 5
    W_14: 32295s  73,363,388,200 steps   373717 feasible sets         0 orders tried  current cost 6
    W_14: 32310s  73,397,954,800 steps   373870 feasible sets         0 orders tried  current cost 4
    W_14: 32325s  73,432,835,200 steps   374067 feasible sets         0 orders tried  current cost 1
    W_14: 32340s  73,467,282,200 steps   374225 feasible sets         0 orders tried  current cost 11
    W_14: 32355s  73,502,213,400 steps   374386 feasible sets         0 orders tried  current cost 2
    W_14: 32370s  73,536,487,800 steps   374533 feasible sets         0 orders tried  current cost 6
    W_14: 32385s  73,570,560,600 steps   374710 feasible sets         0 orders tried  current cost 11
    W_14: 32400s  73,604,445,600 steps   374880 feasible sets         0 orders tried  current cost 8
    W_14: 32415s  73,638,343,400 steps   375095 feasible sets         0 orders tried  current cost 12
    W_14: 32430s  73,672,498,200 steps   375283 feasible sets         0 orders tried  current cost 3
    W_14: 32445s  73,706,875,600 steps   375452 feasible sets         0 orders tried  current cost 4
    W_14: 32460s  73,739,703,000 steps   375663 feasible sets         0 orders tried  current cost 10
    W_14: 32475s  73,773,260,600 steps   375808 feasible sets         0 orders tried  current cost 14
    W_14: 32490s  73,805,924,200 steps   375969 feasible sets         0 orders tried  current cost 11
    W_14: 32505s  73,838,495,000 steps   376152 feasible sets         0 orders tried  current cost 3
    W_14: 32520s  73,870,420,200 steps   376313 feasible sets         0 orders tried  current cost 14
    W_14: 32535s  73,903,966,600 steps   376501 feasible sets         0 orders tried  current cost 9
    W_14: 32550s  73,935,738,400 steps   376651 feasible sets         0 orders tried  current cost 4
    W_14: 32565s  73,969,032,000 steps   376792 feasible sets         0 orders tried  current cost 5
    W_14: 32580s  74,003,241,400 steps   376970 feasible sets         0 orders tried  current cost 11
    W_14: 32595s  74,037,479,800 steps   377140 feasible sets         0 orders tried  current cost 4
    W_14: 32610s  74,071,505,200 steps   377335 feasible sets         0 orders tried  current cost 6
    W_14: 32625s  74,104,847,000 steps   377511 feasible sets         0 orders tried  current cost 6
    W_14: 32640s  74,138,714,000 steps   377677 feasible sets         0 orders tried  current cost 2
    W_14: 32655s  74,173,443,600 steps   377854 feasible sets         0 orders tried  current cost 14
    W_14: 32670s  74,207,503,800 steps   378017 feasible sets         0 orders tried  current cost 10
    W_14: 32685s  74,241,794,200 steps   378153 feasible sets         0 orders tried  current cost 4
    W_14: 32700s  74,273,207,400 steps   378304 feasible sets         0 orders tried  current cost 7
    W_14: 32715s  74,305,953,800 steps   378483 feasible sets         0 orders tried  current cost 3
    W_14: 32730s  74,340,460,200 steps   378642 feasible sets         0 orders tried  current cost 14
    W_14: 32745s  74,373,380,600 steps   378796 feasible sets         0 orders tried  current cost 14
    W_14: 32760s  74,405,479,400 steps   378941 feasible sets         0 orders tried  current cost 3
    W_14: 32775s  74,439,072,600 steps   379100 feasible sets         0 orders tried  current cost 3
    W_14: 32790s  74,472,838,600 steps   379278 feasible sets         0 orders tried  current cost 3
    W_14: 32805s  74,504,898,000 steps   379459 feasible sets         0 orders tried  current cost 2
    W_14: 32820s  74,538,461,800 steps   379622 feasible sets         0 orders tried  current cost 13
    W_14: 32835s  74,571,831,600 steps   379757 feasible sets         0 orders tried  current cost 4
    W_14: 32850s  74,605,292,600 steps   379912 feasible sets         0 orders tried  current cost 2
    W_14: 32865s  74,638,471,400 steps   380098 feasible sets         0 orders tried  current cost 3
    W_14: 32880s  74,672,499,000 steps   380286 feasible sets         0 orders tried  current cost 3
    W_14: 32895s  74,707,110,200 steps   380454 feasible sets         0 orders tried  current cost 5
    W_14: 32910s  74,740,190,800 steps   380649 feasible sets         0 orders tried  current cost 5
    W_14: 32925s  74,774,085,600 steps   380817 feasible sets         0 orders tried  current cost 15
    W_14: 32940s  74,805,726,200 steps   380981 feasible sets         0 orders tried  current cost 8
    W_14: 32955s  74,837,530,000 steps   381180 feasible sets         0 orders tried  current cost 6
    W_14: 32970s  74,870,294,600 steps   381359 feasible sets         0 orders tried  current cost 4
    W_14: 32985s  74,904,252,000 steps   381524 feasible sets         0 orders tried  current cost 2
    W_14: 33000s  74,935,850,400 steps   381666 feasible sets         0 orders tried  current cost 6
    W_14: 33015s  74,966,581,600 steps   381800 feasible sets         0 orders tried  current cost 8
    W_14: 33030s  74,998,088,200 steps   381986 feasible sets         0 orders tried  current cost 6
    W_14: 33045s  75,027,700,800 steps   382125 feasible sets         0 orders tried  current cost 10
    W_14: 33060s  75,059,610,600 steps   382301 feasible sets         0 orders tried  current cost 5
    W_14: 33075s  75,093,230,800 steps   382455 feasible sets         0 orders tried  current cost 4
    W_14: 33090s  75,127,522,600 steps   382654 feasible sets         0 orders tried  current cost 10
    W_14: 33105s  75,161,844,000 steps   382813 feasible sets         0 orders tried  current cost 13
    W_14: 33120s  75,196,081,000 steps   382966 feasible sets         0 orders tried  current cost 12
    W_14: 33135s  75,230,511,400 steps   383124 feasible sets         0 orders tried  current cost 6
    W_14: 33150s  75,264,728,000 steps   383281 feasible sets         0 orders tried  current cost 3
    W_14: 33165s  75,298,641,400 steps   383451 feasible sets         0 orders tried  current cost 8
    W_14: 33180s  75,333,344,600 steps   383637 feasible sets         0 orders tried  current cost 5
    W_14: 33195s  75,368,079,000 steps   383789 feasible sets         0 orders tried  current cost 3
    W_14: 33210s  75,400,565,800 steps   383954 feasible sets         0 orders tried  current cost 9
    W_14: 33225s  75,434,507,000 steps   384130 feasible sets         0 orders tried  current cost 8
    W_14: 33240s  75,468,750,600 steps   384267 feasible sets         0 orders tried  current cost 2
    W_14: 33255s  75,502,926,200 steps   384464 feasible sets         0 orders tried  current cost 10
    W_14: 33270s  75,537,103,200 steps   384639 feasible sets         0 orders tried  current cost 13
    W_14: 33285s  75,571,684,200 steps   384815 feasible sets         0 orders tried  current cost 7
    W_14: 33300s  75,606,344,400 steps   384953 feasible sets         0 orders tried  current cost 9
    W_14: 33315s  75,640,963,200 steps   385128 feasible sets         0 orders tried  current cost 10
    W_14: 33330s  75,675,850,000 steps   385299 feasible sets         0 orders tried  current cost 6
    W_14: 33345s  75,709,928,800 steps   385492 feasible sets         0 orders tried  current cost 6
    W_14: 33360s  75,744,052,600 steps   385653 feasible sets         0 orders tried  current cost 1
    W_14: 33375s  75,778,407,800 steps   385823 feasible sets         0 orders tried  current cost 6
    W_14: 33390s  75,812,641,800 steps   386007 feasible sets         0 orders tried  current cost 14
    W_14: 33405s  75,846,925,400 steps   386168 feasible sets         0 orders tried  current cost 7
    W_14: 33420s  75,880,699,800 steps   386324 feasible sets         0 orders tried  current cost 1
    W_14: 33435s  75,915,270,600 steps   386467 feasible sets         0 orders tried  current cost 1
    W_14: 33450s  75,949,856,000 steps   386636 feasible sets         0 orders tried  current cost 3
    W_14: 33465s  75,983,908,200 steps   386840 feasible sets         0 orders tried  current cost 4
    W_14: 33480s  76,017,971,600 steps   387009 feasible sets         0 orders tried  current cost 1
    W_14: 33495s  76,052,225,200 steps   387175 feasible sets         0 orders tried  current cost 9
    W_14: 33510s  76,086,001,800 steps   387360 feasible sets         0 orders tried  current cost 10
    W_14: 33525s  76,119,759,000 steps   387546 feasible sets         0 orders tried  current cost 4
    W_14: 33540s  76,153,906,400 steps   387718 feasible sets         0 orders tried  current cost 6
    W_14: 33555s  76,187,976,400 steps   387896 feasible sets         0 orders tried  current cost 3
    W_14: 33570s  76,221,953,600 steps   388067 feasible sets         0 orders tried  current cost 3
    W_14: 33585s  76,255,625,000 steps   388235 feasible sets         0 orders tried  current cost 7
    W_14: 33600s  76,289,212,800 steps   388450 feasible sets         0 orders tried  current cost 1
    W_14: 33615s  76,322,489,200 steps   388624 feasible sets         0 orders tried  current cost 3
    W_14: 33630s  76,356,001,800 steps   388806 feasible sets         0 orders tried  current cost 14
    W_14: 33645s  76,389,450,000 steps   389004 feasible sets         0 orders tried  current cost 2
    W_14: 33660s  76,422,078,800 steps   389187 feasible sets         0 orders tried  current cost 3
    W_14: 33675s  76,455,178,600 steps   389353 feasible sets         0 orders tried  current cost 2
    W_14: 33690s  76,488,321,600 steps   389545 feasible sets         0 orders tried  current cost 22
    W_14: 33705s  76,522,185,600 steps   389705 feasible sets         0 orders tried  current cost 10
    W_14: 33720s  76,554,091,000 steps   389904 feasible sets         0 orders tried  current cost 3
    W_14: 33735s  76,587,227,800 steps   390082 feasible sets         0 orders tried  current cost 9
    W_14: 33750s  76,620,947,800 steps   390251 feasible sets         0 orders tried  current cost 3
    W_14: 33765s  76,654,108,800 steps   390433 feasible sets         0 orders tried  current cost 2
    W_14: 33780s  76,688,165,000 steps   390590 feasible sets         0 orders tried  current cost 7
    W_14: 33795s  76,721,855,600 steps   390791 feasible sets         0 orders tried  current cost 3
    W_14: 33810s  76,755,427,600 steps   390943 feasible sets         0 orders tried  current cost 8
    W_14: 33825s  76,788,043,000 steps   391091 feasible sets         0 orders tried  current cost 12
    W_14: 33840s  76,820,650,200 steps   391282 feasible sets         0 orders tried  current cost 4
    W_14: 33855s  76,853,241,400 steps   391478 feasible sets         0 orders tried  current cost 10
    W_14: 33870s  76,885,825,000 steps   391665 feasible sets         0 orders tried  current cost 6
    W_14: 33885s  76,918,662,400 steps   391846 feasible sets         0 orders tried  current cost 8
    W_14: 33900s  76,950,493,400 steps   392004 feasible sets         0 orders tried  current cost 2
    W_14: 33915s  76,983,173,000 steps   392148 feasible sets         0 orders tried  current cost 5
    W_14: 33930s  77,015,386,000 steps   392305 feasible sets         0 orders tried  current cost 6
    W_14: 33945s  77,047,749,000 steps   392479 feasible sets         0 orders tried  current cost 1
    W_14: 33960s  77,080,542,800 steps   392648 feasible sets         0 orders tried  current cost 8
    W_14: 33975s  77,113,852,200 steps   392788 feasible sets         0 orders tried  current cost 4
    W_14: 33990s  77,147,159,400 steps   392947 feasible sets         0 orders tried  current cost 1
    W_14: 34005s  77,180,732,200 steps   393142 feasible sets         0 orders tried  current cost 2
    W_14: 34020s  77,213,630,000 steps   393303 feasible sets         0 orders tried  current cost 4
    W_14: 34035s  77,246,304,600 steps   393457 feasible sets         0 orders tried  current cost 10
    W_14: 34050s  77,279,363,600 steps   393592 feasible sets         0 orders tried  current cost 9
    W_14: 34065s  77,312,727,600 steps   393767 feasible sets         0 orders tried  current cost 7
    W_14: 34080s  77,346,639,800 steps   393927 feasible sets         0 orders tried  current cost 2
    W_14: 34095s  77,380,767,000 steps   394076 feasible sets         0 orders tried  current cost 6
    W_14: 34110s  77,413,443,400 steps   394237 feasible sets         0 orders tried  current cost 14
    W_14: 34125s  77,446,695,400 steps   394441 feasible sets         0 orders tried  current cost 2
    W_14: 34140s  77,478,864,800 steps   394610 feasible sets         0 orders tried  current cost 10
    W_14: 34155s  77,512,491,600 steps   394786 feasible sets         0 orders tried  current cost 5
    W_14: 34170s  77,545,984,200 steps   394925 feasible sets         0 orders tried  current cost 10
    W_14: 34185s  77,578,256,000 steps   395072 feasible sets         0 orders tried  current cost 2
    W_14: 34200s  77,611,856,200 steps   395208 feasible sets         0 orders tried  current cost 3
    W_14: 34215s  77,644,710,200 steps   395379 feasible sets         0 orders tried  current cost 5
    W_14: 34230s  77,677,830,000 steps   395566 feasible sets         0 orders tried  current cost 3
    W_14: 34245s  77,710,811,000 steps   395733 feasible sets         0 orders tried  current cost 5
    W_14: 34260s  77,743,335,800 steps   395908 feasible sets         0 orders tried  current cost 2
    W_14: 34275s  77,776,568,000 steps   396129 feasible sets         0 orders tried  current cost 5
    W_14: 34290s  77,809,099,000 steps   396251 feasible sets         0 orders tried  current cost 4
    W_14: 34305s  77,840,429,000 steps   396430 feasible sets         0 orders tried  current cost 6
    W_14: 34320s  77,871,905,000 steps   396597 feasible sets         0 orders tried  current cost 11
    W_14: 34335s  77,903,432,800 steps   396798 feasible sets         0 orders tried  current cost 3
    W_14: 34350s  77,934,553,200 steps   396953 feasible sets         0 orders tried  current cost 3
    W_14: 34365s  77,965,787,000 steps   397089 feasible sets         0 orders tried  current cost 10
    W_14: 34380s  77,996,768,000 steps   397251 feasible sets         0 orders tried  current cost 9
    W_14: 34395s  78,027,958,800 steps   397442 feasible sets         0 orders tried  current cost 1
    W_14: 34410s  78,059,394,600 steps   397665 feasible sets         0 orders tried  current cost 1
    W_14: 34425s  78,090,548,200 steps   397808 feasible sets         0 orders tried  current cost 7
    W_14: 34440s  78,121,612,600 steps   397972 feasible sets         0 orders tried  current cost 4
    W_14: 34455s  78,153,329,200 steps   398138 feasible sets         0 orders tried  current cost 2
    W_14: 34470s  78,185,182,400 steps   398305 feasible sets         0 orders tried  current cost 7
    W_14: 34485s  78,215,759,000 steps   398451 feasible sets         0 orders tried  current cost 2
    W_14: 34500s  78,246,648,000 steps   398619 feasible sets         0 orders tried  current cost 6
    W_14: 34515s  78,277,643,000 steps   398734 feasible sets         0 orders tried  current cost 11
    W_14: 34530s  78,308,810,200 steps   398852 feasible sets         0 orders tried  current cost 5
    W_14: 34545s  78,340,117,200 steps   399008 feasible sets         0 orders tried  current cost 3
    W_14: 34560s  78,371,616,600 steps   399154 feasible sets         0 orders tried  current cost 2
    W_14: 34575s  78,403,591,600 steps   399312 feasible sets         0 orders tried  current cost 1
    W_14: 34590s  78,435,895,600 steps   399453 feasible sets         0 orders tried  current cost 1
    W_14: 34605s  78,467,013,000 steps   399620 feasible sets         0 orders tried  current cost 5
    W_14: 34620s  78,497,320,800 steps   399807 feasible sets         0 orders tried  current cost 13
    W_14: 34635s  78,528,683,800 steps   399970 feasible sets         0 orders tried  current cost 10
    W_14: 34650s  78,560,198,200 steps   400080 feasible sets         0 orders tried  current cost 5
    W_14: 34665s  78,591,666,600 steps   400252 feasible sets         0 orders tried  current cost 5
    W_14: 34680s  78,623,030,600 steps   400385 feasible sets         0 orders tried  current cost 6
    W_14: 34695s  78,654,705,600 steps   400516 feasible sets         0 orders tried  current cost 9
    W_14: 34710s  78,686,055,400 steps   400679 feasible sets         0 orders tried  current cost 2
    W_14: 34725s  78,717,882,800 steps   400838 feasible sets         0 orders tried  current cost 10
    W_14: 34740s  78,750,058,000 steps   401057 feasible sets         0 orders tried  current cost 1
    W_14: 34755s  78,781,464,600 steps   401179 feasible sets         0 orders tried  current cost 12
    W_14: 34770s  78,813,430,000 steps   401307 feasible sets         0 orders tried  current cost 6
    W_14: 34785s  78,844,920,400 steps   401484 feasible sets         0 orders tried  current cost 15
    W_14: 34800s  78,876,336,400 steps   401643 feasible sets         0 orders tried  current cost 3
    W_14: 34815s  78,907,994,600 steps   401829 feasible sets         0 orders tried  current cost 1
    W_14: 34830s  78,939,502,200 steps   401962 feasible sets         0 orders tried  current cost 12
    W_14: 34845s  78,971,380,000 steps   402131 feasible sets         0 orders tried  current cost 7
    W_14: 34860s  79,003,287,800 steps   402305 feasible sets         0 orders tried  current cost 6
    W_14: 34875s  79,035,137,200 steps   402432 feasible sets         0 orders tried  current cost 3
    W_14: 34890s  79,066,791,800 steps   402627 feasible sets         0 orders tried  current cost 3
    W_14: 34905s  79,097,787,200 steps   402764 feasible sets         0 orders tried  current cost 5
    W_14: 34920s  79,129,573,800 steps   402935 feasible sets         0 orders tried  current cost 2
    W_14: 34935s  79,161,461,200 steps   403093 feasible sets         0 orders tried  current cost 13
    W_14: 34950s  79,193,124,200 steps   403238 feasible sets         0 orders tried  current cost 2
    W_14: 34965s  79,224,457,800 steps   403365 feasible sets         0 orders tried  current cost 4
    W_14: 34980s  79,255,849,400 steps   403517 feasible sets         0 orders tried  current cost 5
    W_14: 34995s  79,287,079,400 steps   403710 feasible sets         0 orders tried  current cost 4
    W_14: 35010s  79,318,515,000 steps   403870 feasible sets         0 orders tried  current cost 3
    W_14: 35025s  79,350,317,400 steps   404031 feasible sets         0 orders tried  current cost 2
    W_14: 35040s  79,381,877,600 steps   404209 feasible sets         0 orders tried  current cost 1
    W_14: 35055s  79,413,504,200 steps   404365 feasible sets         0 orders tried  current cost 9
    W_14: 35070s  79,445,044,400 steps   404499 feasible sets         0 orders tried  current cost 6
    W_14: 35085s  79,476,442,200 steps   404657 feasible sets         0 orders tried  current cost 10
    W_14: 35100s  79,507,745,400 steps   404823 feasible sets         0 orders tried  current cost 4
    W_14: 35115s  79,539,533,400 steps   404978 feasible sets         0 orders tried  current cost 4
    W_14: 35130s  79,570,989,000 steps   405108 feasible sets         0 orders tried  current cost 4
    W_14: 35145s  79,602,476,000 steps   405257 feasible sets         0 orders tried  current cost 1
    W_14: 35160s  79,633,932,600 steps   405416 feasible sets         0 orders tried  current cost 6
    W_14: 35175s  79,665,422,600 steps   405559 feasible sets         0 orders tried  current cost 12
    W_14: 35190s  79,697,005,000 steps   405720 feasible sets         0 orders tried  current cost 13
    W_14: 35205s  79,728,526,000 steps   405877 feasible sets         0 orders tried  current cost 7
    W_14: 35220s  79,759,937,200 steps   406023 feasible sets         0 orders tried  current cost 3
    W_14: 35235s  79,791,294,200 steps   406201 feasible sets         0 orders tried  current cost 3
    W_14: 35250s  79,823,091,400 steps   406371 feasible sets         0 orders tried  current cost 4
    W_14: 35265s  79,854,751,400 steps   406543 feasible sets         0 orders tried  current cost 2
    W_14: 35280s  79,886,328,800 steps   406693 feasible sets         0 orders tried  current cost 5
    W_14: 35295s  79,917,790,200 steps   406877 feasible sets         0 orders tried  current cost 4
    W_14: 35310s  79,949,919,000 steps   407035 feasible sets         0 orders tried  current cost 3
    W_14: 35325s  79,981,437,200 steps   407206 feasible sets         0 orders tried  current cost 5
    W_14: 35340s  80,012,905,600 steps   407360 feasible sets         0 orders tried  current cost 9
    W_14: 35355s  80,044,379,000 steps   407519 feasible sets         0 orders tried  current cost 3
    W_14: 35370s  80,076,774,200 steps   407694 feasible sets         0 orders tried  current cost 4
    W_14: 35385s  80,108,806,200 steps   407846 feasible sets         0 orders tried  current cost 4
    W_14: 35400s  80,140,697,800 steps   408045 feasible sets         0 orders tried  current cost 3
    W_14: 35415s  80,172,564,200 steps   408207 feasible sets         0 orders tried  current cost 8
    W_14: 35430s  80,204,361,600 steps   408374 feasible sets         0 orders tried  current cost 15
    W_14: 35445s  80,236,215,400 steps   408538 feasible sets         0 orders tried  current cost 2
    W_14: 35460s  80,266,866,000 steps   408690 feasible sets         0 orders tried  current cost 10
    W_14: 35475s  80,298,164,800 steps   408842 feasible sets         0 orders tried  current cost 10
    W_14: 35490s  80,329,849,200 steps   409001 feasible sets         0 orders tried  current cost 3
    W_14: 35505s  80,361,826,800 steps   409133 feasible sets         0 orders tried  current cost 6
    W_14: 35520s  80,393,871,600 steps   409299 feasible sets         0 orders tried  current cost 2
    W_14: 35535s  80,426,034,000 steps   409493 feasible sets         0 orders tried  current cost 3
    W_14: 35550s  80,458,232,400 steps   409618 feasible sets         0 orders tried  current cost 3
    W_14: 35565s  80,490,139,200 steps   409785 feasible sets         0 orders tried  current cost 2
    W_14: 35580s  80,522,558,200 steps   409933 feasible sets         0 orders tried  current cost 4
    W_14: 35595s  80,554,706,600 steps   410117 feasible sets         0 orders tried  current cost 7
    W_14: 35610s  80,586,907,800 steps   410260 feasible sets         0 orders tried  current cost 4
    W_14: 35625s  80,618,524,400 steps   410403 feasible sets         0 orders tried  current cost 9
    W_14: 35640s  80,650,221,800 steps   410563 feasible sets         0 orders tried  current cost 10
    W_14: 35655s  80,682,255,200 steps   410715 feasible sets         0 orders tried  current cost 2
    W_14: 35670s  80,714,510,600 steps   410909 feasible sets         0 orders tried  current cost 1
    W_14: 35685s  80,746,665,000 steps   411072 feasible sets         0 orders tried  current cost 11
    W_14: 35700s  80,778,783,400 steps   411245 feasible sets         0 orders tried  current cost 11
    W_14: 35715s  80,810,864,600 steps   411405 feasible sets         0 orders tried  current cost 8
    W_14: 35730s  80,843,267,200 steps   411563 feasible sets         0 orders tried  current cost 6
    W_14: 35745s  80,875,088,800 steps   411724 feasible sets         0 orders tried  current cost 2
    W_14: 35760s  80,907,118,000 steps   411873 feasible sets         0 orders tried  current cost 4
    W_14: 35775s  80,939,342,400 steps   412038 feasible sets         0 orders tried  current cost 15
    W_14: 35790s  80,971,305,400 steps   412226 feasible sets         0 orders tried  current cost 6
    W_14: 35805s  81,003,333,600 steps   412391 feasible sets         0 orders tried  current cost 2
    W_14: 35820s  81,035,229,800 steps   412569 feasible sets         0 orders tried  current cost 3
    W_14: 35835s  81,067,548,000 steps   412744 feasible sets         0 orders tried  current cost 5
    W_14: 35850s  81,099,384,400 steps   412900 feasible sets         0 orders tried  current cost 6
    W_14: 35865s  81,131,723,000 steps   413075 feasible sets         0 orders tried  current cost 9
    W_14: 35880s  81,164,321,600 steps   413225 feasible sets         0 orders tried  current cost 12
    W_14: 35895s  81,197,223,200 steps   413396 feasible sets         0 orders tried  current cost 7
    W_14: 35910s  81,229,579,800 steps   413593 feasible sets         0 orders tried  current cost 2
    W_14: 35925s  81,262,358,000 steps   413812 feasible sets         0 orders tried  current cost 3
    W_14: 35940s  81,295,149,200 steps   414010 feasible sets         0 orders tried  current cost 4
    W_14: 35955s  81,327,298,400 steps   414165 feasible sets         0 orders tried  current cost 1
    W_14: 35970s  81,360,047,800 steps   414335 feasible sets         0 orders tried  current cost 5
    W_14: 35985s  81,392,365,000 steps   414504 feasible sets         0 orders tried  current cost 8
    W_14: 36000s  81,425,086,600 steps   414700 feasible sets         0 orders tried  current cost 2
    W_14: 36015s  81,457,835,000 steps   414863 feasible sets         0 orders tried  current cost 3
    W_14: 36030s  81,490,433,000 steps   415034 feasible sets         0 orders tried  current cost 3
    W_14: 36045s  81,522,923,600 steps   415230 feasible sets         0 orders tried  current cost 12
    W_14: 36060s  81,555,504,800 steps   415417 feasible sets         0 orders tried  current cost 8
    W_14: 36075s  81,588,075,600 steps   415560 feasible sets         0 orders tried  current cost 3
    W_14: 36090s  81,620,905,800 steps   415726 feasible sets         0 orders tried  current cost 6
    W_14: 36105s  81,653,713,400 steps   415907 feasible sets         0 orders tried  current cost 5
    W_14: 36120s  81,686,278,800 steps   416071 feasible sets         0 orders tried  current cost 2
    W_14: 36135s  81,719,062,400 steps   416262 feasible sets         0 orders tried  current cost 5
    W_14: 36150s  81,751,982,800 steps   416430 feasible sets         0 orders tried  current cost 11
    W_14: 36165s  81,784,688,000 steps   416637 feasible sets         0 orders tried  current cost 2
    W_14: 36180s  81,817,287,000 steps   416788 feasible sets         0 orders tried  current cost 2
    W_14: 36195s  81,849,451,200 steps   416955 feasible sets         0 orders tried  current cost 4
    W_14: 36210s  81,882,328,000 steps   417132 feasible sets         0 orders tried  current cost 6
    W_14: 36225s  81,914,947,200 steps   417296 feasible sets         0 orders tried  current cost 8
    W_14: 36240s  81,947,478,200 steps   417436 feasible sets         0 orders tried  current cost 2
    W_14: 36255s  81,979,562,000 steps   417614 feasible sets         0 orders tried  current cost 9
    W_14: 36270s  82,012,196,800 steps   417759 feasible sets         0 orders tried  current cost 2
    W_14: 36285s  82,044,743,800 steps   417945 feasible sets         0 orders tried  current cost 13
    W_14: 36300s  82,077,448,600 steps   418117 feasible sets         0 orders tried  current cost 4
    W_14: 36315s  82,110,014,000 steps   418305 feasible sets         0 orders tried  current cost 1
    W_14: 36330s  82,142,512,000 steps   418429 feasible sets         0 orders tried  current cost 3
    W_14: 36345s  82,175,177,200 steps   418591 feasible sets         0 orders tried  current cost 1
    W_14: 36360s  82,207,786,400 steps   418769 feasible sets         0 orders tried  current cost 4
    W_14: 36375s  82,240,545,000 steps   418943 feasible sets         0 orders tried  current cost 7
    W_14: 36390s  82,272,934,400 steps   419089 feasible sets         0 orders tried  current cost 4
    W_14: 36405s  82,305,534,800 steps   419267 feasible sets         0 orders tried  current cost 2
    W_14: 36420s  82,337,821,800 steps   419442 feasible sets         0 orders tried  current cost 10
    W_14: 36435s  82,370,079,600 steps   419621 feasible sets         0 orders tried  current cost 3
    W_14: 36450s  82,402,613,000 steps   419791 feasible sets         0 orders tried  current cost 4
    W_14: 36465s  82,434,971,800 steps   419957 feasible sets         0 orders tried  current cost 3
    W_14: 36480s  82,467,472,600 steps   420130 feasible sets         0 orders tried  current cost 4
    W_14: 36495s  82,500,146,200 steps   420285 feasible sets         0 orders tried  current cost 9
    W_14: 36510s  82,533,030,200 steps   420489 feasible sets         0 orders tried  current cost 5
    W_14: 36525s  82,565,385,600 steps   420650 feasible sets         0 orders tried  current cost 4
    W_14: 36540s  82,598,084,200 steps   420820 feasible sets         0 orders tried  current cost 11
    W_14: 36555s  82,631,037,200 steps   421001 feasible sets         0 orders tried  current cost 4
    W_14: 36570s  82,663,524,000 steps   421155 feasible sets         0 orders tried  current cost 6
    W_14: 36585s  82,696,325,800 steps   421367 feasible sets         0 orders tried  current cost 9
    W_14: 36600s  82,728,935,400 steps   421507 feasible sets         0 orders tried  current cost 3
    W_14: 36615s  82,761,640,200 steps   421670 feasible sets         0 orders tried  current cost 10
    W_14: 36630s  82,794,049,200 steps   421861 feasible sets         0 orders tried  current cost 5
    W_14: 36645s  82,826,439,800 steps   422032 feasible sets         0 orders tried  current cost 2
    W_14: 36660s  82,859,144,200 steps   422176 feasible sets         0 orders tried  current cost 10
    W_14: 36675s  82,892,165,600 steps   422349 feasible sets         0 orders tried  current cost 7
    W_14: 36690s  82,924,582,000 steps   422492 feasible sets         0 orders tried  current cost 9
    W_14: 36705s  82,956,895,000 steps   422646 feasible sets         0 orders tried  current cost 1
    W_14: 36720s  82,989,121,000 steps   422791 feasible sets         0 orders tried  current cost 11
    W_14: 36735s  83,021,726,800 steps   422989 feasible sets         0 orders tried  current cost 2
    W_14: 36750s  83,054,056,600 steps   423158 feasible sets         0 orders tried  current cost 4
    W_14: 36765s  83,086,821,800 steps   423350 feasible sets         0 orders tried  current cost 11
    W_14: 36780s  83,119,294,000 steps   423509 feasible sets         0 orders tried  current cost 3
    W_14: 36795s  83,151,812,800 steps   423707 feasible sets         0 orders tried  current cost 4
    W_14: 36810s  83,184,370,200 steps   423839 feasible sets         0 orders tried  current cost 6
    W_14: 36825s  83,217,046,800 steps   424024 feasible sets         0 orders tried  current cost 6
    W_14: 36840s  83,249,462,000 steps   424181 feasible sets         0 orders tried  current cost 13
    W_14: 36855s  83,282,216,000 steps   424328 feasible sets         0 orders tried  current cost 2
    W_14: 36870s  83,314,711,000 steps   424504 feasible sets         0 orders tried  current cost 3
    W_14: 36885s  83,347,555,200 steps   424669 feasible sets         0 orders tried  current cost 2
    W_14: 36900s  83,379,943,800 steps   424805 feasible sets         0 orders tried  current cost 10
    W_14: 36915s  83,412,469,800 steps   424976 feasible sets         0 orders tried  current cost 5
    W_14: 36930s  83,444,732,000 steps   425139 feasible sets         0 orders tried  current cost 3
    W_14: 36945s  83,476,910,200 steps   425281 feasible sets         0 orders tried  current cost 4
    W_14: 36960s  83,509,373,600 steps   425464 feasible sets         0 orders tried  current cost 1
    W_14: 36975s  83,542,009,000 steps   425635 feasible sets         0 orders tried  current cost 7
    W_14: 36990s  83,574,554,600 steps   425779 feasible sets         0 orders tried  current cost 3
    W_14: 37005s  83,606,861,400 steps   425952 feasible sets         0 orders tried  current cost 16
    W_14: 37020s  83,639,327,400 steps   426107 feasible sets         0 orders tried  current cost 7
    W_14: 37035s  83,671,533,400 steps   426271 feasible sets         0 orders tried  current cost 3
    W_14: 37050s  83,703,552,800 steps   426416 feasible sets         0 orders tried  current cost 4
    W_14: 37065s  83,735,327,800 steps   426625 feasible sets         0 orders tried  current cost 6
    W_14: 37080s  83,767,159,800 steps   426791 feasible sets         0 orders tried  current cost 2
    W_14: 37095s  83,799,356,800 steps   426924 feasible sets         0 orders tried  current cost 3
    W_14: 37110s  83,831,401,600 steps   427081 feasible sets         0 orders tried  current cost 9
    W_14: 37125s  83,863,543,000 steps   427239 feasible sets         0 orders tried  current cost 8
    W_14: 37140s  83,895,588,800 steps   427407 feasible sets         0 orders tried  current cost 6
    W_14: 37155s  83,927,720,600 steps   427554 feasible sets         0 orders tried  current cost 8
    W_14: 37170s  83,959,462,800 steps   427746 feasible sets         0 orders tried  current cost 13
    W_14: 37185s  83,991,425,400 steps   427907 feasible sets         0 orders tried  current cost 9
    W_14: 37200s  84,023,633,200 steps   428088 feasible sets         0 orders tried  current cost 3
    W_14: 37215s  84,055,534,800 steps   428240 feasible sets         0 orders tried  current cost 2
    W_14: 37230s  84,087,706,600 steps   428391 feasible sets         0 orders tried  current cost 4
    W_14: 37245s  84,119,667,800 steps   428545 feasible sets         0 orders tried  current cost 7
    W_14: 37260s  84,151,517,800 steps   428715 feasible sets         0 orders tried  current cost 3
    W_14: 37275s  84,183,583,600 steps   428877 feasible sets         0 orders tried  current cost 9
    W_14: 37290s  84,215,610,800 steps   429046 feasible sets         0 orders tried  current cost 3
    W_14: 37305s  84,247,279,800 steps   429204 feasible sets         0 orders tried  current cost 3
    W_14: 37320s  84,279,157,600 steps   429361 feasible sets         0 orders tried  current cost 2
    W_14: 37335s  84,311,048,400 steps   429507 feasible sets         0 orders tried  current cost 7
    W_14: 37350s  84,341,544,000 steps   429659 feasible sets         0 orders tried  current cost 9
    W_14: 37365s  84,373,644,600 steps   429802 feasible sets         0 orders tried  current cost 9
    W_14: 37380s  84,387,377,800 steps   429870 feasible sets         0 orders tried  current cost 1
    W_14: 37395s  84,396,377,200 steps   429922 feasible sets         0 orders tried  current cost 3
    W_14: 37410s  84,427,813,600 steps   430087 feasible sets         0 orders tried  current cost 2
    W_14: 37425s  84,460,047,800 steps   430193 feasible sets         0 orders tried  current cost 6
    W_14: 37440s  84,493,265,000 steps   430361 feasible sets         0 orders tried  current cost 9
    W_14: 37455s  84,525,904,400 steps   430514 feasible sets         0 orders tried  current cost 7
    W_14: 37470s  84,558,754,600 steps   430642 feasible sets         0 orders tried  current cost 4
    W_14: 37485s  84,591,636,600 steps   430799 feasible sets         0 orders tried  current cost 4
    W_14: 37500s  84,624,760,000 steps   430963 feasible sets         0 orders tried  current cost 4
    W_14: 37515s  84,657,221,400 steps   431144 feasible sets         0 orders tried  current cost 14
    W_14: 37530s  84,689,988,600 steps   431320 feasible sets         0 orders tried  current cost 4
    W_14: 37545s  84,722,796,800 steps   431510 feasible sets         0 orders tried  current cost 4
    W_14: 37560s  84,755,651,600 steps   431689 feasible sets         0 orders tried  current cost 1
    W_14: 37575s  84,788,157,600 steps   431842 feasible sets         0 orders tried  current cost 4
    W_14: 37590s  84,820,499,000 steps   432023 feasible sets         0 orders tried  current cost 3
    W_14: 37605s  84,853,465,800 steps   432215 feasible sets         0 orders tried  current cost 7
    W_14: 37620s  84,886,535,000 steps   432375 feasible sets         0 orders tried  current cost 3
    W_14: 37635s  84,919,309,800 steps   432539 feasible sets         0 orders tried  current cost 6
    W_14: 37650s  84,951,986,800 steps   432683 feasible sets         0 orders tried  current cost 5
    W_14: 37665s  84,984,636,600 steps   432852 feasible sets         0 orders tried  current cost 1
    W_14: 37680s  85,017,508,000 steps   432987 feasible sets         0 orders tried  current cost 6
    W_14: 37695s  85,050,008,800 steps   433164 feasible sets         0 orders tried  current cost 6
    W_14: 37710s  85,082,902,400 steps   433324 feasible sets         0 orders tried  current cost 10
    W_14: 37725s  85,115,669,600 steps   433503 feasible sets         0 orders tried  current cost 5
    W_14: 37740s  85,148,569,600 steps   433651 feasible sets         0 orders tried  current cost 2
    W_14: 37755s  85,181,382,800 steps   433841 feasible sets         0 orders tried  current cost 12
    W_14: 37770s  85,214,303,800 steps   433986 feasible sets         0 orders tried  current cost 11
    W_14: 37785s  85,246,834,800 steps   434150 feasible sets         0 orders tried  current cost 3
    W_14: 37800s  85,280,033,000 steps   434319 feasible sets         0 orders tried  current cost 1
    W_14: 37815s  85,312,349,400 steps   434477 feasible sets         0 orders tried  current cost 5
    W_14: 37830s  85,345,327,600 steps   434688 feasible sets         0 orders tried  current cost 8
    W_14: 37845s  85,378,418,200 steps   434833 feasible sets         0 orders tried  current cost 4
    W_14: 37860s  85,411,248,200 steps   435017 feasible sets         0 orders tried  current cost 6
    W_14: 37875s  85,444,393,400 steps   435188 feasible sets         0 orders tried  current cost 2
    W_14: 37890s  85,477,378,800 steps   435351 feasible sets         0 orders tried  current cost 4
    W_14: 37905s  85,510,164,400 steps   435507 feasible sets         0 orders tried  current cost 12
    W_14: 37920s  85,543,123,400 steps   435656 feasible sets         0 orders tried  current cost 6
    W_14: 37935s  85,576,103,600 steps   435811 feasible sets         0 orders tried  current cost 7
    W_14: 37950s  85,608,750,600 steps   435975 feasible sets         0 orders tried  current cost 5
    W_14: 37965s  85,640,105,000 steps   436126 feasible sets         0 orders tried  current cost 9
    W_14: 37980s  85,669,070,600 steps   436258 feasible sets         0 orders tried  current cost 4
    W_14: 37995s  85,698,497,400 steps   436437 feasible sets         0 orders tried  current cost 3
    W_14: 38010s  85,728,736,600 steps   436606 feasible sets         0 orders tried  current cost 3
    W_14: 38025s  85,761,593,800 steps   436784 feasible sets         0 orders tried  current cost 3
    W_14: 38040s  85,795,792,000 steps   436939 feasible sets         0 orders tried  current cost 5
    W_14: 38055s  85,829,962,000 steps   437108 feasible sets         0 orders tried  current cost 16
    W_14: 38070s  85,864,077,000 steps   437276 feasible sets         0 orders tried  current cost 3
    W_14: 38085s  85,898,732,600 steps   437449 feasible sets         0 orders tried  current cost 4
    W_14: 38100s  85,933,277,800 steps   437627 feasible sets         0 orders tried  current cost 3
    W_14: 38115s  85,967,366,600 steps   437809 feasible sets         0 orders tried  current cost 9
    W_14: 38130s  86,001,373,200 steps   437973 feasible sets         0 orders tried  current cost 4
    W_14: 38145s  86,035,578,400 steps   438170 feasible sets         0 orders tried  current cost 2
    W_14: 38160s  86,070,351,000 steps   438340 feasible sets         0 orders tried  current cost 2
    W_14: 38175s  86,104,915,000 steps   438531 feasible sets         0 orders tried  current cost 3
    W_14: 38190s  86,139,421,000 steps   438720 feasible sets         0 orders tried  current cost 12
    W_14: 38205s  86,173,840,200 steps   438901 feasible sets         0 orders tried  current cost 12
    W_14: 38220s  86,208,442,400 steps   439080 feasible sets         0 orders tried  current cost 9
    W_14: 38235s  86,242,854,400 steps   439216 feasible sets         0 orders tried  current cost 3
    W_14: 38250s  86,277,383,800 steps   439387 feasible sets         0 orders tried  current cost 7
    W_14: 38265s  86,311,938,200 steps   439559 feasible sets         0 orders tried  current cost 3
    W_14: 38280s  86,346,500,600 steps   439747 feasible sets         0 orders tried  current cost 12
    W_14: 38295s  86,381,108,200 steps   439914 feasible sets         0 orders tried  current cost 4
    W_14: 38310s  86,415,555,800 steps   440080 feasible sets         0 orders tried  current cost 1
    W_14: 38325s  86,450,178,600 steps   440252 feasible sets         0 orders tried  current cost 2
    W_14: 38340s  86,484,645,800 steps   440458 feasible sets         0 orders tried  current cost 6
    W_14: 38355s  86,518,983,800 steps   440616 feasible sets         0 orders tried  current cost 11
    W_14: 38370s  86,554,065,200 steps   440822 feasible sets         0 orders tried  current cost 11
    W_14: 38385s  86,588,699,200 steps   441015 feasible sets         0 orders tried  current cost 1
    W_14: 38400s  86,623,358,200 steps   441220 feasible sets         0 orders tried  current cost 4
    W_14: 38415s  86,657,900,800 steps   441380 feasible sets         0 orders tried  current cost 10
    W_14: 38430s  86,692,241,200 steps   441541 feasible sets         0 orders tried  current cost 8
    W_14: 38445s  86,726,621,800 steps   441683 feasible sets         0 orders tried  current cost 13
    W_14: 38460s  86,760,821,000 steps   441871 feasible sets         0 orders tried  current cost 17
    W_14: 38475s  86,794,960,400 steps   442059 feasible sets         0 orders tried  current cost 10
    W_14: 38490s  86,829,426,400 steps   442227 feasible sets         0 orders tried  current cost 10
    W_14: 38505s  86,864,423,000 steps   442433 feasible sets         0 orders tried  current cost 14
    W_14: 38520s  86,898,602,800 steps   442576 feasible sets         0 orders tried  current cost 11
    W_14: 38535s  86,933,142,400 steps   442778 feasible sets         0 orders tried  current cost 10
    W_14: 38550s  86,967,889,400 steps   442948 feasible sets         0 orders tried  current cost 4
    W_14: 38565s  87,002,143,800 steps   443128 feasible sets         0 orders tried  current cost 5
    W_14: 38580s  87,036,566,000 steps   443301 feasible sets         0 orders tried  current cost 8
    W_14: 38595s  87,070,755,000 steps   443478 feasible sets         0 orders tried  current cost 2
    W_14: 38610s  87,104,739,600 steps   443629 feasible sets         0 orders tried  current cost 1
    W_14: 38625s  87,139,145,800 steps   443811 feasible sets         0 orders tried  current cost 8
    W_14: 38640s  87,173,419,000 steps   444039 feasible sets         0 orders tried  current cost 4
    W_14: 38655s  87,208,282,800 steps   444217 feasible sets         0 orders tried  current cost 14
    W_14: 38670s  87,242,830,600 steps   444387 feasible sets         0 orders tried  current cost 4
    W_14: 38685s  87,277,181,600 steps   444575 feasible sets         0 orders tried  current cost 9
    W_14: 38700s  87,311,873,800 steps   444759 feasible sets         0 orders tried  current cost 4
    W_14: 38715s  87,346,052,200 steps   444934 feasible sets         0 orders tried  current cost 6
    W_14: 38730s  87,380,546,600 steps   445129 feasible sets         0 orders tried  current cost 9
    W_14: 38745s  87,415,053,000 steps   445338 feasible sets         0 orders tried  current cost 5
    W_14: 38760s  87,449,913,400 steps   445534 feasible sets         0 orders tried  current cost 4
    W_14: 38775s  87,484,288,800 steps   445672 feasible sets         0 orders tried  current cost 4
    W_14: 38790s  87,518,844,800 steps   445832 feasible sets         0 orders tried  current cost 9
    W_14: 38805s  87,553,580,400 steps   446022 feasible sets         0 orders tried  current cost 18
    W_14: 38820s  87,588,052,200 steps   446210 feasible sets         0 orders tried  current cost 4
    W_14: 38835s  87,622,445,600 steps   446377 feasible sets         0 orders tried  current cost 7
    W_14: 38850s  87,656,885,400 steps   446571 feasible sets         0 orders tried  current cost 6
    W_14: 38865s  87,691,436,400 steps   446747 feasible sets         0 orders tried  current cost 4
    W_14: 38880s  87,726,538,400 steps   446927 feasible sets         0 orders tried  current cost 3
    W_14: 38895s  87,761,678,200 steps   447128 feasible sets         0 orders tried  current cost 4
    W_14: 38910s  87,794,470,800 steps   447295 feasible sets         0 orders tried  current cost 3
    W_14: 38925s  87,829,660,600 steps   447475 feasible sets         0 orders tried  current cost 10
    W_14: 38940s  87,864,279,600 steps   447600 feasible sets         0 orders tried  current cost 2
    W_14: 38955s  87,899,043,000 steps   447770 feasible sets         0 orders tried  current cost 8
    W_14: 38970s  87,934,065,200 steps   447950 feasible sets         0 orders tried  current cost 9
    W_14: 38985s  87,968,822,200 steps   448137 feasible sets         0 orders tried  current cost 11
    W_14: 39000s  88,003,943,600 steps   448318 feasible sets         0 orders tried  current cost 12
    W_14: 39015s  88,038,851,000 steps   448497 feasible sets         0 orders tried  current cost 2
    W_14: 39030s  88,073,252,400 steps   448670 feasible sets         0 orders tried  current cost 2
    W_14: 39045s  88,108,006,400 steps   448837 feasible sets         0 orders tried  current cost 9
    W_14: 39060s  88,142,826,400 steps   449012 feasible sets         0 orders tried  current cost 4
    W_14: 39075s  88,177,580,800 steps   449209 feasible sets         0 orders tried  current cost 16
    W_14: 39090s  88,212,200,200 steps   449367 feasible sets         0 orders tried  current cost 11
    W_14: 39105s  88,246,667,000 steps   449548 feasible sets         0 orders tried  current cost 8
    W_14: 39120s  88,281,462,800 steps   449767 feasible sets         0 orders tried  current cost 8
    W_14: 39135s  88,316,386,200 steps   449930 feasible sets         0 orders tried  current cost 5
    W_14: 39150s  88,350,922,800 steps   450077 feasible sets         0 orders tried  current cost 10
    W_14: 39165s  88,385,880,800 steps   450241 feasible sets         0 orders tried  current cost 13
    W_14: 39180s  88,420,538,800 steps   450408 feasible sets         0 orders tried  current cost 3
    W_14: 39195s  88,454,845,200 steps   450607 feasible sets         0 orders tried  current cost 10
    W_14: 39210s  88,489,725,600 steps   450783 feasible sets         0 orders tried  current cost 7
    W_14: 39225s  88,524,042,200 steps   450979 feasible sets         0 orders tried  current cost 11
    W_14: 39240s  88,558,804,400 steps   451157 feasible sets         0 orders tried  current cost 10
    W_14: 39255s  88,593,640,000 steps   451367 feasible sets         0 orders tried  current cost 2
    W_14: 39270s  88,628,675,000 steps   451560 feasible sets         0 orders tried  current cost 4
    W_14: 39285s  88,663,580,200 steps   451745 feasible sets         0 orders tried  current cost 9
    W_14: 39300s  88,698,105,000 steps   451909 feasible sets         0 orders tried  current cost 11
    W_14: 39315s  88,732,681,400 steps   452074 feasible sets         0 orders tried  current cost 15
    W_14: 39330s  88,767,385,000 steps   452227 feasible sets         0 orders tried  current cost 11
    W_14: 39345s  88,802,489,200 steps   452391 feasible sets         0 orders tried  current cost 5
    W_14: 39360s  88,837,563,600 steps   452583 feasible sets         0 orders tried  current cost 8
    W_14: 39375s  88,872,220,800 steps   452809 feasible sets         0 orders tried  current cost 16
    W_14: 39390s  88,907,132,800 steps   452962 feasible sets         0 orders tried  current cost 4
    W_14: 39405s  88,941,829,200 steps   453172 feasible sets         0 orders tried  current cost 3
    W_14: 39420s  88,977,137,200 steps   453328 feasible sets         0 orders tried  current cost 2
    W_14: 39435s  89,011,266,200 steps   453500 feasible sets         0 orders tried  current cost 9
    W_14: 39450s  89,045,364,400 steps   453688 feasible sets         0 orders tried  current cost 7
    W_14: 39465s  89,079,996,200 steps   453860 feasible sets         0 orders tried  current cost 4
    W_14: 39480s  89,115,012,800 steps   454008 feasible sets         0 orders tried  current cost 2
    W_14: 39495s  89,149,665,000 steps   454156 feasible sets         0 orders tried  current cost 10
    W_14: 39510s  89,184,514,400 steps   454338 feasible sets         0 orders tried  current cost 3
    W_14: 39525s  89,219,312,000 steps   454530 feasible sets         0 orders tried  current cost 5
    W_14: 39540s  89,254,318,800 steps   454708 feasible sets         0 orders tried  current cost 2
    W_14: 39555s  89,289,431,800 steps   454892 feasible sets         0 orders tried  current cost 2
    W_14: 39570s  89,324,009,600 steps   455099 feasible sets         0 orders tried  current cost 6
    W_14: 39585s  89,357,900,000 steps   455277 feasible sets         0 orders tried  current cost 1
    W_14: 39600s  89,392,429,800 steps   455405 feasible sets         0 orders tried  current cost 3
    W_14: 39615s  89,426,858,000 steps   455588 feasible sets         0 orders tried  current cost 4
    W_14: 39630s  89,461,875,600 steps   455783 feasible sets         0 orders tried  current cost 2
    W_14: 39645s  89,496,781,600 steps   455974 feasible sets         0 orders tried  current cost 8
    W_14: 39660s  89,531,673,400 steps   456139 feasible sets         0 orders tried  current cost 2
    W_14: 39675s  89,566,204,200 steps   456317 feasible sets         0 orders tried  current cost 11
    W_14: 39690s  89,600,947,600 steps   456501 feasible sets         0 orders tried  current cost 6
    W_14: 39705s  89,635,890,600 steps   456701 feasible sets         0 orders tried  current cost 4
    W_14: 39720s  89,670,559,600 steps   456839 feasible sets         0 orders tried  current cost 3
    W_14: 39735s  89,705,241,600 steps   457015 feasible sets         0 orders tried  current cost 12
    W_14: 39750s  89,740,251,200 steps   457212 feasible sets         0 orders tried  current cost 5
    W_14: 39765s  89,775,283,200 steps   457404 feasible sets         0 orders tried  current cost 11
    W_14: 39780s  89,810,113,000 steps   457602 feasible sets         0 orders tried  current cost 3
    W_14: 39795s  89,844,224,600 steps   457775 feasible sets         0 orders tried  current cost 10
    W_14: 39810s  89,878,624,200 steps   457939 feasible sets         0 orders tried  current cost 6
    W_14: 39825s  89,913,283,400 steps   458096 feasible sets         0 orders tried  current cost 14
    W_14: 39840s  89,947,937,200 steps   458259 feasible sets         0 orders tried  current cost 2
    W_14: 39855s  89,982,729,600 steps   458434 feasible sets         0 orders tried  current cost 5
    W_14: 39870s  90,017,837,000 steps   458618 feasible sets         0 orders tried  current cost 1
    W_14: 39885s  90,052,869,800 steps   458760 feasible sets         0 orders tried  current cost 5
    W_14: 39900s  90,087,935,200 steps   458935 feasible sets         0 orders tried  current cost 4
    W_14: 39915s  90,122,712,400 steps   459123 feasible sets         0 orders tried  current cost 2
    W_14: 39930s  90,157,605,400 steps   459272 feasible sets         0 orders tried  current cost 10
    W_14: 39945s  90,192,184,800 steps   459485 feasible sets         0 orders tried  current cost 7
    W_14: 39960s  90,226,911,800 steps   459653 feasible sets         0 orders tried  current cost 4
    W_14: 39975s  90,261,665,000 steps   459836 feasible sets         0 orders tried  current cost 10
    W_14: 39990s  90,296,944,000 steps   460036 feasible sets         0 orders tried  current cost 10
    W_14: 40005s  90,331,753,000 steps   460213 feasible sets         0 orders tried  current cost 2
    W_14: 40020s  90,366,622,000 steps   460427 feasible sets         0 orders tried  current cost 9
    W_14: 40035s  90,401,341,400 steps   460620 feasible sets         0 orders tried  current cost 17
    W_14: 40050s  90,436,031,800 steps   460815 feasible sets         0 orders tried  current cost 3
    W_14: 40065s  90,470,678,600 steps   460986 feasible sets         0 orders tried  current cost 4
    W_14: 40080s  90,504,947,400 steps   461172 feasible sets         0 orders tried  current cost 5
    W_14: 40095s  90,539,933,200 steps   461322 feasible sets         0 orders tried  current cost 2
    W_14: 40110s  90,574,920,800 steps   461549 feasible sets         0 orders tried  current cost 13
    W_14: 40125s  90,609,449,600 steps   461712 feasible sets         0 orders tried  current cost 5
    W_14: 40140s  90,644,054,800 steps   461890 feasible sets         0 orders tried  current cost 4
    W_14: 40155s  90,679,221,400 steps   462086 feasible sets         0 orders tried  current cost 13
    W_14: 40170s  90,713,857,800 steps   462264 feasible sets         0 orders tried  current cost 1
    W_14: 40185s  90,748,466,400 steps   462443 feasible sets         0 orders tried  current cost 6
    W_14: 40200s  90,783,361,400 steps   462617 feasible sets         0 orders tried  current cost 8
    W_14: 40215s  90,817,744,600 steps   462782 feasible sets         0 orders tried  current cost 10
    W_14: 40230s  90,852,102,000 steps   462957 feasible sets         0 orders tried  current cost 15
    W_14: 40245s  90,886,733,600 steps   463156 feasible sets         0 orders tried  current cost 3
    W_14: 40260s  90,921,451,000 steps   463311 feasible sets         0 orders tried  current cost 4
    W_14: 40275s  90,956,252,400 steps   463488 feasible sets         0 orders tried  current cost 4
    W_14: 40290s  90,990,693,200 steps   463658 feasible sets         0 orders tried  current cost 3
    W_14: 40305s  91,025,696,400 steps   463789 feasible sets         0 orders tried  current cost 3
    W_14: 40320s  91,060,518,200 steps   463962 feasible sets         0 orders tried  current cost 3
    W_14: 40335s  91,095,538,400 steps   464146 feasible sets         0 orders tried  current cost 2
    W_14: 40350s  91,130,237,600 steps   464363 feasible sets         0 orders tried  current cost 2
    W_14: 40365s  91,164,913,000 steps   464550 feasible sets         0 orders tried  current cost 3
    W_14: 40380s  91,199,725,600 steps   464706 feasible sets         0 orders tried  current cost 10
    W_14: 40395s  91,234,887,000 steps   464889 feasible sets         0 orders tried  current cost 5
    W_14: 40410s  91,269,704,800 steps   465125 feasible sets         0 orders tried  current cost 7
    W_14: 40425s  91,304,316,200 steps   465325 feasible sets         0 orders tried  current cost 1
    W_14: 40440s  91,338,606,200 steps   465476 feasible sets         0 orders tried  current cost 8
    W_14: 40455s  91,372,887,800 steps   465630 feasible sets         0 orders tried  current cost 6
    W_14: 40470s  91,407,441,000 steps   465818 feasible sets         0 orders tried  current cost 10
    W_14: 40485s  91,441,900,200 steps   466017 feasible sets         0 orders tried  current cost 19
    W_14: 40500s  91,476,372,800 steps   466198 feasible sets         0 orders tried  current cost 1
    W_14: 40515s  91,510,995,600 steps   466374 feasible sets         0 orders tried  current cost 5
    W_14: 40530s  91,545,444,400 steps   466547 feasible sets         0 orders tried  current cost 9
    W_14: 40545s  91,580,415,800 steps   466703 feasible sets         0 orders tried  current cost 4
    W_14: 40560s  91,615,082,200 steps   466897 feasible sets         0 orders tried  current cost 15
    W_14: 40575s  91,649,611,600 steps   467080 feasible sets         0 orders tried  current cost 3
    W_14: 40590s  91,684,202,600 steps   467269 feasible sets         0 orders tried  current cost 12
    W_14: 40605s  91,718,862,800 steps   467451 feasible sets         0 orders tried  current cost 12
    W_14: 40620s  91,753,470,000 steps   467612 feasible sets         0 orders tried  current cost 3
    W_14: 40635s  91,788,330,400 steps   467799 feasible sets         0 orders tried  current cost 4
    W_14: 40650s  91,822,582,000 steps   467998 feasible sets         0 orders tried  current cost 8
    W_14: 40665s  91,857,346,800 steps   468142 feasible sets         0 orders tried  current cost 9
    W_14: 40680s  91,891,969,600 steps   468317 feasible sets         0 orders tried  current cost 6
    W_14: 40695s  91,926,726,800 steps   468460 feasible sets         0 orders tried  current cost 9
    W_14: 40710s  91,961,468,800 steps   468646 feasible sets         0 orders tried  current cost 5
    W_14: 40725s  91,996,331,600 steps   468825 feasible sets         0 orders tried  current cost 3
    W_14: 40740s  92,031,152,400 steps   468998 feasible sets         0 orders tried  current cost 3
    W_14: 40755s  92,065,517,400 steps   469208 feasible sets         0 orders tried  current cost 2
    W_14: 40770s  92,099,786,600 steps   469361 feasible sets         0 orders tried  current cost 6
    W_14: 40785s  92,134,409,600 steps   469528 feasible sets         0 orders tried  current cost 4
    W_14: 40800s  92,168,813,000 steps   469687 feasible sets         0 orders tried  current cost 3
    W_14: 40815s  92,203,374,400 steps   469874 feasible sets         0 orders tried  current cost 5
    W_14: 40830s  92,237,990,200 steps   470034 feasible sets         0 orders tried  current cost 5
    W_14: 40845s  92,272,780,000 steps   470218 feasible sets         0 orders tried  current cost 2
    W_14: 40860s  92,307,726,400 steps   470389 feasible sets         0 orders tried  current cost 7
    W_14: 40875s  92,342,528,200 steps   470546 feasible sets         0 orders tried  current cost 6
    W_14: 40890s  92,377,221,600 steps   470735 feasible sets         0 orders tried  current cost 11
    W_14: 40905s  92,412,313,200 steps   470913 feasible sets         0 orders tried  current cost 3
    W_14: 40920s  92,447,108,000 steps   471093 feasible sets         0 orders tried  current cost 8
    W_14: 40935s  92,481,887,200 steps   471274 feasible sets         0 orders tried  current cost 5
    W_14: 40950s  92,516,404,400 steps   471442 feasible sets         0 orders tried  current cost 6
    W_14: 40965s  92,550,825,600 steps   471592 feasible sets         0 orders tried  current cost 4
    W_14: 40980s  92,585,670,600 steps   471776 feasible sets         0 orders tried  current cost 3
    W_14: 40995s  92,620,319,600 steps   471946 feasible sets         0 orders tried  current cost 3
    W_14: 41010s  92,655,283,000 steps   472136 feasible sets         0 orders tried  current cost 12
    W_14: 41025s  92,690,287,400 steps   472314 feasible sets         0 orders tried  current cost 5
    W_14: 41040s  92,724,792,800 steps   472493 feasible sets         0 orders tried  current cost 3
    W_14: 41055s  92,759,106,200 steps   472677 feasible sets         0 orders tried  current cost 6
    W_14: 41070s  92,793,199,800 steps   472875 feasible sets         0 orders tried  current cost 3
    W_14: 41085s  92,828,141,600 steps   473035 feasible sets         0 orders tried  current cost 10
    W_14: 41100s  92,862,886,800 steps   473239 feasible sets         0 orders tried  current cost 12
    W_14: 41115s  92,897,528,000 steps   473410 feasible sets         0 orders tried  current cost 8
    W_14: 41130s  92,932,292,800 steps   473619 feasible sets         0 orders tried  current cost 1
    W_14: 41145s  92,966,811,000 steps   473787 feasible sets         0 orders tried  current cost 4
    W_14: 41160s  93,001,521,200 steps   473953 feasible sets         0 orders tried  current cost 14
    W_14: 41175s  93,036,241,200 steps   474133 feasible sets         0 orders tried  current cost 14
    W_14: 41190s  93,070,864,000 steps   474326 feasible sets         0 orders tried  current cost 8
    W_14: 41205s  93,105,714,600 steps   474501 feasible sets         0 orders tried  current cost 5
    W_14: 41220s  93,141,008,800 steps   474645 feasible sets         0 orders tried  current cost 3
    W_14: 41235s  93,175,593,400 steps   474800 feasible sets         0 orders tried  current cost 4
    W_14: 41250s  93,210,305,200 steps   474973 feasible sets         0 orders tried  current cost 12
    W_14: 41265s  93,244,925,600 steps   475113 feasible sets         0 orders tried  current cost 8
    W_14: 41280s  93,278,758,200 steps   475297 feasible sets         0 orders tried  current cost 2
    W_14: 41295s  93,311,166,400 steps   475481 feasible sets         0 orders tried  current cost 6
    W_14: 41310s  93,344,478,400 steps   475628 feasible sets         0 orders tried  current cost 3
    W_14: 41325s  93,379,312,000 steps   475783 feasible sets         0 orders tried  current cost 2
    W_14: 41340s  93,413,857,000 steps   475956 feasible sets         0 orders tried  current cost 5
    W_14: 41355s  93,448,654,800 steps   476157 feasible sets         0 orders tried  current cost 4
    W_14: 41370s  93,483,501,000 steps   476343 feasible sets         0 orders tried  current cost 13
    W_14: 41385s  93,518,251,400 steps   476533 feasible sets         0 orders tried  current cost 5
    W_14: 41400s  93,553,345,400 steps   476699 feasible sets         0 orders tried  current cost 5
    W_14: 41415s  93,588,239,400 steps   476877 feasible sets         0 orders tried  current cost 4
    W_14: 41430s  93,622,416,200 steps   477037 feasible sets         0 orders tried  current cost 2
    W_14: 41445s  93,657,590,600 steps   477195 feasible sets         0 orders tried  current cost 4
    W_14: 41460s  93,692,074,600 steps   477355 feasible sets         0 orders tried  current cost 1
    W_14: 41475s  93,726,572,600 steps   477505 feasible sets         0 orders tried  current cost 5
    W_14: 41490s  93,761,433,600 steps   477650 feasible sets         0 orders tried  current cost 1
    W_14: 41505s  93,796,396,000 steps   477831 feasible sets         0 orders tried  current cost 2
    W_14: 41520s  93,831,120,800 steps   478001 feasible sets         0 orders tried  current cost 12
    W_14: 41535s  93,865,569,200 steps   478194 feasible sets         0 orders tried  current cost 6
    W_14: 41550s  93,900,370,400 steps   478371 feasible sets         0 orders tried  current cost 3
    W_14: 41565s  93,935,249,400 steps   478574 feasible sets         0 orders tried  current cost 5
    W_14: 41580s  93,970,196,200 steps   478760 feasible sets         0 orders tried  current cost 1
    W_14: 41595s  94,004,756,200 steps   478925 feasible sets         0 orders tried  current cost 5
    W_14: 41610s  94,038,911,200 steps   479091 feasible sets         0 orders tried  current cost 3
    W_14: 41625s  94,073,545,800 steps   479243 feasible sets         0 orders tried  current cost 9
    W_14: 41640s  94,108,329,800 steps   479382 feasible sets         0 orders tried  current cost 3
    W_14: 41655s  94,143,096,600 steps   479540 feasible sets         0 orders tried  current cost 2
    W_14: 41670s  94,177,803,400 steps   479681 feasible sets         0 orders tried  current cost 14
    W_14: 41685s  94,212,914,200 steps   479865 feasible sets         0 orders tried  current cost 4
    W_14: 41700s  94,247,584,600 steps   480024 feasible sets         0 orders tried  current cost 13
    W_14: 41715s  94,282,549,000 steps   480221 feasible sets         0 orders tried  current cost 5
    W_14: 41730s  94,317,775,600 steps   480381 feasible sets         0 orders tried  current cost 2
    W_14: 41745s  94,352,747,200 steps   480568 feasible sets         0 orders tried  current cost 8
    W_14: 41760s  94,387,444,800 steps   480733 feasible sets         0 orders tried  current cost 9
    W_14: 41775s  94,422,147,800 steps   480910 feasible sets         0 orders tried  current cost 8
    W_14: 41790s  94,456,891,200 steps   481109 feasible sets         0 orders tried  current cost 4
    W_14: 41805s  94,491,537,800 steps   481337 feasible sets         0 orders tried  current cost 3
    W_14: 41820s  94,526,766,000 steps   481523 feasible sets         0 orders tried  current cost 6
    W_14: 41835s  94,561,278,800 steps   481701 feasible sets         0 orders tried  current cost 3
    W_14: 41850s  94,596,309,000 steps   481854 feasible sets         0 orders tried  current cost 4
    W_14: 41865s  94,630,917,600 steps   482039 feasible sets         0 orders tried  current cost 4
    W_14: 41880s  94,665,586,800 steps   482199 feasible sets         0 orders tried  current cost 5
    W_14: 41895s  94,700,691,600 steps   482381 feasible sets         0 orders tried  current cost 1
    W_14: 41910s  94,735,269,600 steps   482555 feasible sets         0 orders tried  current cost 4
    W_14: 41925s  94,770,536,600 steps   482747 feasible sets         0 orders tried  current cost 3
    W_14: 41940s  94,805,133,200 steps   482916 feasible sets         0 orders tried  current cost 1
    W_14: 41955s  94,839,977,800 steps   483128 feasible sets         0 orders tried  current cost 2
    W_14: 41970s  94,874,876,000 steps   483292 feasible sets         0 orders tried  current cost 3
    W_14: 41985s  94,909,585,400 steps   483493 feasible sets         0 orders tried  current cost 10
    W_14: 42000s  94,944,338,200 steps   483682 feasible sets         0 orders tried  current cost 3
    W_14: 42015s  94,978,841,400 steps   483832 feasible sets         0 orders tried  current cost 14
    W_14: 42030s  95,013,684,200 steps   484002 feasible sets         0 orders tried  current cost 10
    W_14: 42045s  95,048,516,600 steps   484179 feasible sets         0 orders tried  current cost 12
    W_14: 42060s  95,083,213,600 steps   484350 feasible sets         0 orders tried  current cost 4
    W_14: 42075s  95,117,909,400 steps   484509 feasible sets         0 orders tried  current cost 7
    W_14: 42090s  95,152,513,200 steps   484672 feasible sets         0 orders tried  current cost 2
    W_14: 42105s  95,187,491,200 steps   484828 feasible sets         0 orders tried  current cost 4
    W_14: 42120s  95,222,055,600 steps   484986 feasible sets         0 orders tried  current cost 2
    W_14: 42135s  95,256,888,200 steps   485138 feasible sets         0 orders tried  current cost 5
    W_14: 42150s  95,291,313,800 steps   485298 feasible sets         0 orders tried  current cost 2
    W_14: 42165s  95,325,954,400 steps   485553 feasible sets         0 orders tried  current cost 3
    W_14: 42180s  95,360,310,800 steps   485757 feasible sets         0 orders tried  current cost 4
    W_14: 42195s  95,394,926,800 steps   485944 feasible sets         0 orders tried  current cost 7
    W_14: 42210s  95,430,146,800 steps   486088 feasible sets         0 orders tried  current cost 8
    W_14: 42225s  95,465,277,400 steps   486327 feasible sets         0 orders tried  current cost 3
    W_14: 42240s  95,500,049,800 steps   486495 feasible sets         0 orders tried  current cost 2
    W_14: 42255s  95,534,715,400 steps   486699 feasible sets         0 orders tried  current cost 3
    W_14: 42270s  95,569,377,600 steps   486863 feasible sets         0 orders tried  current cost 3
    W_14: 42285s  95,604,405,800 steps   487044 feasible sets         0 orders tried  current cost 7
    W_14: 42300s  95,639,192,000 steps   487197 feasible sets         0 orders tried  current cost 3
    W_14: 42315s  95,673,894,000 steps   487364 feasible sets         0 orders tried  current cost 2
    W_14: 42330s  95,708,706,200 steps   487527 feasible sets         0 orders tried  current cost 8
    W_14: 42345s  95,743,546,400 steps   487726 feasible sets         0 orders tried  current cost 9
    W_14: 42360s  95,778,489,400 steps   487905 feasible sets         0 orders tried  current cost 6
    W_14: 42375s  95,813,382,400 steps   488091 feasible sets         0 orders tried  current cost 8
    W_14: 42390s  95,848,054,800 steps   488239 feasible sets         0 orders tried  current cost 3
    W_14: 42405s  95,883,012,000 steps   488427 feasible sets         0 orders tried  current cost 3
    W_14: 42420s  95,917,861,000 steps   488572 feasible sets         0 orders tried  current cost 8
    W_14: 42435s  95,952,655,800 steps   488767 feasible sets         0 orders tried  current cost 2
    W_14: 42450s  95,987,223,800 steps   488928 feasible sets         0 orders tried  current cost 7
    W_14: 42465s  96,022,323,600 steps   489125 feasible sets         0 orders tried  current cost 8
    W_14: 42480s  96,056,836,000 steps   489285 feasible sets         0 orders tried  current cost 2
    W_14: 42495s  96,091,449,600 steps   489447 feasible sets         0 orders tried  current cost 7
    W_14: 42510s  96,126,318,400 steps   489617 feasible sets         0 orders tried  current cost 3
    W_14: 42525s  96,161,283,600 steps   489781 feasible sets         0 orders tried  current cost 16
    W_14: 42540s  96,196,203,400 steps   489965 feasible sets         0 orders tried  current cost 11
    W_14: 42555s  96,231,170,800 steps   490177 feasible sets         0 orders tried  current cost 5
    W_14: 42570s  96,265,723,600 steps   490352 feasible sets         0 orders tried  current cost 12
    W_14: 42585s  96,300,526,800 steps   490572 feasible sets         0 orders tried  current cost 6
    W_14: 42600s  96,334,942,000 steps   490805 feasible sets         0 orders tried  current cost 12
    W_14: 42615s  96,369,542,600 steps   490935 feasible sets         0 orders tried  current cost 13
    W_14: 42630s  96,404,661,800 steps   491131 feasible sets         0 orders tried  current cost 13
    W_14: 42645s  96,439,312,400 steps   491342 feasible sets         0 orders tried  current cost 4
    W_14: 42660s  96,474,158,000 steps   491568 feasible sets         0 orders tried  current cost 3
    W_14: 42675s  96,508,805,200 steps   491715 feasible sets         0 orders tried  current cost 8
    W_14: 42690s  96,543,823,200 steps   491858 feasible sets         0 orders tried  current cost 11
    W_14: 42705s  96,578,459,400 steps   492031 feasible sets         0 orders tried  current cost 4
    W_14: 42720s  96,613,360,800 steps   492226 feasible sets         0 orders tried  current cost 21
    W_14: 42735s  96,648,268,000 steps   492403 feasible sets         0 orders tried  current cost 8
    W_14: 42750s  96,682,896,400 steps   492577 feasible sets         0 orders tried  current cost 4
    W_14: 42765s  96,717,640,400 steps   492751 feasible sets         0 orders tried  current cost 9
    W_14: 42780s  96,752,611,800 steps   492907 feasible sets         0 orders tried  current cost 3
    W_14: 42795s  96,787,381,400 steps   493089 feasible sets         0 orders tried  current cost 10
    W_14: 42810s  96,821,575,000 steps   493270 feasible sets         0 orders tried  current cost 1
    W_14: 42825s  96,855,873,800 steps   493457 feasible sets         0 orders tried  current cost 4
    W_14: 42840s  96,890,849,400 steps   493649 feasible sets         0 orders tried  current cost 5
    W_14: 42855s  96,926,018,400 steps   493845 feasible sets         0 orders tried  current cost 4
    W_14: 42870s  96,961,065,600 steps   494039 feasible sets         0 orders tried  current cost 9
    W_14: 42885s  96,995,850,000 steps   494193 feasible sets         0 orders tried  current cost 4
    W_14: 42900s  97,030,361,000 steps   494439 feasible sets         0 orders tried  current cost 16
    W_14: 42915s  97,065,278,200 steps   494675 feasible sets         0 orders tried  current cost 3
    W_14: 42930s  97,100,124,800 steps   494848 feasible sets         0 orders tried  current cost 8
    W_14: 42945s  97,134,869,200 steps   495045 feasible sets         0 orders tried  current cost 5
    W_14: 42960s  97,169,489,600 steps   495243 feasible sets         0 orders tried  current cost 5
    W_14: 42975s  97,204,264,200 steps   495412 feasible sets         0 orders tried  current cost 10
    W_14: 42990s  97,239,072,400 steps   495579 feasible sets         0 orders tried  current cost 1
    W_14: 43005s  97,274,026,600 steps   495729 feasible sets         0 orders tried  current cost 8
    W_14: 43020s  97,308,813,200 steps   495935 feasible sets         0 orders tried  current cost 4
    W_14: 43035s  97,343,764,800 steps   496167 feasible sets         0 orders tried  current cost 9
    W_14: 43050s  97,378,608,200 steps   496319 feasible sets         0 orders tried  current cost 6
    W_14: 43065s  97,412,754,200 steps   496505 feasible sets         0 orders tried  current cost 3
    W_14: 43080s  97,447,763,000 steps   496653 feasible sets         0 orders tried  current cost 6
    W_14: 43095s  97,482,231,200 steps   496805 feasible sets         0 orders tried  current cost 3
    W_14: 43110s  97,517,232,000 steps   497035 feasible sets         0 orders tried  current cost 5
    W_14: 43125s  97,551,921,200 steps   497195 feasible sets         0 orders tried  current cost 10
    W_14: 43140s  97,586,658,800 steps   497366 feasible sets         0 orders tried  current cost 2
    W_14: 43155s  97,621,306,600 steps   497533 feasible sets         0 orders tried  current cost 5
    W_14: 43170s  97,656,140,800 steps   497752 feasible sets         0 orders tried  current cost 13
    W_14: 43185s  97,691,187,800 steps   497955 feasible sets         0 orders tried  current cost 9
    W_14: 43200s  97,725,853,000 steps   498146 feasible sets         0 orders tried  current cost 3
    W_14: 43215s  97,760,795,000 steps   498295 feasible sets         0 orders tried  current cost 1
    W_14: 43230s  97,795,239,400 steps   498446 feasible sets         0 orders tried  current cost 3
    W_14: 43245s  97,830,262,400 steps   498628 feasible sets         0 orders tried  current cost 8
    W_14: 43260s  97,865,187,000 steps   498809 feasible sets         0 orders tried  current cost 5
    W_14: 43275s  97,899,861,200 steps   498992 feasible sets         0 orders tried  current cost 16
    W_14: 43290s  97,934,595,600 steps   499163 feasible sets         0 orders tried  current cost 4
    W_14: 43305s  97,969,249,400 steps   499346 feasible sets         0 orders tried  current cost 3
    W_14: 43320s  98,003,707,600 steps   499495 feasible sets         0 orders tried  current cost 1
    W_14: 43335s  98,038,292,800 steps   499650 feasible sets         0 orders tried  current cost 3
    W_14: 43350s  98,073,082,000 steps   499837 feasible sets         0 orders tried  current cost 11
    W_14: 43365s  98,107,628,800 steps   500009 feasible sets         0 orders tried  current cost 6
    W_14: 43380s  98,142,490,600 steps   500200 feasible sets         0 orders tried  current cost 4
    W_14: 43395s  98,176,624,000 steps   500337 feasible sets         0 orders tried  current cost 10
    W_14: 43410s  98,211,697,200 steps   500520 feasible sets         0 orders tried  current cost 4
    W_14: 43425s  98,246,141,200 steps   500708 feasible sets         0 orders tried  current cost 16
    W_14: 43440s  98,280,836,200 steps   500862 feasible sets         0 orders tried  current cost 1
    W_14: 43455s  98,315,613,200 steps   501061 feasible sets         0 orders tried  current cost 4
    W_14: 43470s  98,350,190,800 steps   501241 feasible sets         0 orders tried  current cost 3
    W_14: 43485s  98,384,929,800 steps   501418 feasible sets         0 orders tried  current cost 3
    W_14: 43500s  98,420,024,000 steps   501586 feasible sets         0 orders tried  current cost 8
    W_14: 43515s  98,454,448,600 steps   501754 feasible sets         0 orders tried  current cost 7
    W_14: 43530s  98,489,077,600 steps   501911 feasible sets         0 orders tried  current cost 4
    W_14: 43545s  98,523,821,600 steps   502050 feasible sets         0 orders tried  current cost 11
    W_14: 43560s  98,558,475,200 steps   502231 feasible sets         0 orders tried  current cost 2
    W_14: 43575s  98,593,015,200 steps   502409 feasible sets         0 orders tried  current cost 5
    W_14: 43590s  98,627,993,200 steps   502592 feasible sets         0 orders tried  current cost 1
    W_14: 43605s  98,662,708,800 steps   502773 feasible sets         0 orders tried  current cost 4
    W_14: 43620s  98,697,558,200 steps   502939 feasible sets         0 orders tried  current cost 4
    W_14: 43635s  98,732,135,200 steps   503124 feasible sets         0 orders tried  current cost 3
    W_14: 43650s  98,767,264,800 steps   503290 feasible sets         0 orders tried  current cost 13
    W_14: 43665s  98,802,435,600 steps   503449 feasible sets         0 orders tried  current cost 4
    W_14: 43680s  98,837,488,400 steps   503614 feasible sets         0 orders tried  current cost 5
    W_14: 43695s  98,872,232,400 steps   503772 feasible sets         0 orders tried  current cost 4
    W_14: 43710s  98,906,531,200 steps   503953 feasible sets         0 orders tried  current cost 3
    W_14: 43725s  98,941,139,200 steps   504122 feasible sets         0 orders tried  current cost 1
    W_14: 43740s  98,976,204,600 steps   504338 feasible sets         0 orders tried  current cost 8
    W_14: 43755s  99,010,985,800 steps   504536 feasible sets         0 orders tried  current cost 6
    W_14: 43770s  99,045,624,200 steps   504691 feasible sets         0 orders tried  current cost 11
    W_14: 43785s  99,080,213,000 steps   504867 feasible sets         0 orders tried  current cost 4
    W_14: 43800s  99,114,780,800 steps   505050 feasible sets         0 orders tried  current cost 19
    W_14: 43815s  99,149,788,400 steps   505246 feasible sets         0 orders tried  current cost 5
    W_14: 43830s  99,184,426,000 steps   505404 feasible sets         0 orders tried  current cost 9
    W_14: 43845s  99,219,186,600 steps   505558 feasible sets         0 orders tried  current cost 8
    W_14: 43860s  99,254,100,600 steps   505733 feasible sets         0 orders tried  current cost 11
    W_14: 43875s  99,288,824,800 steps   505882 feasible sets         0 orders tried  current cost 8
    W_14: 43890s  99,323,807,400 steps   506048 feasible sets         0 orders tried  current cost 6
    W_14: 43905s  99,358,598,400 steps   506209 feasible sets         0 orders tried  current cost 3
    W_14: 43920s  99,393,428,600 steps   506387 feasible sets         0 orders tried  current cost 4
    W_14: 43935s  99,428,037,200 steps   506607 feasible sets         0 orders tried  current cost 4
    W_14: 43950s  99,462,832,000 steps   506763 feasible sets         0 orders tried  current cost 4
    W_14: 43965s  99,497,411,800 steps   506961 feasible sets         0 orders tried  current cost 2
    W_14: 43980s  99,532,550,200 steps   507127 feasible sets         0 orders tried  current cost 5
    W_14: 43995s  99,567,169,600 steps   507311 feasible sets         0 orders tried  current cost 6
    W_14: 44010s  99,602,077,600 steps   507496 feasible sets         0 orders tried  current cost 3
    W_14: 44025s  99,636,744,800 steps   507647 feasible sets         0 orders tried  current cost 7
    W_14: 44040s  99,671,658,000 steps   507828 feasible sets         0 orders tried  current cost 4
    W_14: 44055s  99,706,560,200 steps   508017 feasible sets         0 orders tried  current cost 18
    W_14: 44070s  99,741,191,800 steps   508201 feasible sets         0 orders tried  current cost 4
    W_14: 44085s  99,775,798,600 steps   508377 feasible sets         0 orders tried  current cost 2
    W_14: 44100s  99,810,310,200 steps   508526 feasible sets         0 orders tried  current cost 5
    W_14: 44115s  99,845,179,200 steps   508711 feasible sets         0 orders tried  current cost 4
    W_14: 44130s  99,879,432,600 steps   508906 feasible sets         0 orders tried  current cost 3
    W_14: 44145s  99,913,208,400 steps   509046 feasible sets         0 orders tried  current cost 1
    W_14: 44160s  99,947,646,000 steps   509239 feasible sets         0 orders tried  current cost 8
    W_14: 44175s  99,982,067,800 steps   509418 feasible sets         0 orders tried  current cost 7
    W_14: 44190s  100,016,840,000 steps   509600 feasible sets         0 orders tried  current cost 2
    W_14: 44205s  100,051,726,800 steps   509821 feasible sets         0 orders tried  current cost 6
    W_14: 44220s  100,086,873,600 steps   509986 feasible sets         0 orders tried  current cost 4
    W_14: 44235s  100,121,755,200 steps   510157 feasible sets         0 orders tried  current cost 2
    W_14: 44250s  100,156,523,200 steps   510339 feasible sets         0 orders tried  current cost 10
    W_14: 44265s  100,191,181,200 steps   510511 feasible sets         0 orders tried  current cost 17
    W_14: 44280s  100,225,826,200 steps   510668 feasible sets         0 orders tried  current cost 7
    W_14: 44295s  100,260,668,600 steps   510834 feasible sets         0 orders tried  current cost 5
    W_14: 44310s  100,295,440,400 steps   511011 feasible sets         0 orders tried  current cost 11
    W_14: 44325s  100,329,948,600 steps   511193 feasible sets         0 orders tried  current cost 5
    W_14: 44340s  100,364,928,800 steps   511342 feasible sets         0 orders tried  current cost 3
    W_14: 44355s  100,399,612,600 steps   511519 feasible sets         0 orders tried  current cost 1
    W_14: 44370s  100,434,099,600 steps   511724 feasible sets         0 orders tried  current cost 3
    W_14: 44385s  100,468,793,000 steps   511896 feasible sets         0 orders tried  current cost 1
    W_14: 44400s  100,503,431,400 steps   512112 feasible sets         0 orders tried  current cost 4
    W_14: 44415s  100,538,188,400 steps   512320 feasible sets         0 orders tried  current cost 4
    W_14: 44430s  100,572,900,800 steps   512507 feasible sets         0 orders tried  current cost 18
    W_14: 44445s  100,607,938,400 steps   512637 feasible sets         0 orders tried  current cost 3
    W_14: 44460s  100,642,632,400 steps   512786 feasible sets         0 orders tried  current cost 5
    W_14: 44475s  100,677,349,600 steps   512971 feasible sets         0 orders tried  current cost 2
    W_14: 44490s  100,712,010,800 steps   513171 feasible sets         0 orders tried  current cost 5
    W_14: 44505s  100,746,814,600 steps   513318 feasible sets         0 orders tried  current cost 5
    W_14: 44520s  100,782,147,200 steps   513499 feasible sets         0 orders tried  current cost 7
    W_14: 44535s  100,816,940,800 steps   513684 feasible sets         0 orders tried  current cost 12
    W_14: 44550s  100,851,813,800 steps   513845 feasible sets         0 orders tried  current cost 5
    W_14: 44565s  100,886,064,600 steps   513972 feasible sets         0 orders tried  current cost 8
    W_14: 44580s  100,920,696,200 steps   514166 feasible sets         0 orders tried  current cost 2
    W_14: 44595s  100,955,028,600 steps   514321 feasible sets         0 orders tried  current cost 5
    W_14: 44610s  100,989,442,600 steps   514453 feasible sets         0 orders tried  current cost 13
    W_14: 44625s  101,024,211,400 steps   514625 feasible sets         0 orders tried  current cost 4
    W_14: 44640s  101,059,085,000 steps   514775 feasible sets         0 orders tried  current cost 10
    W_14: 44655s  101,093,966,000 steps   514971 feasible sets         0 orders tried  current cost 12
    W_14: 44670s  101,128,614,200 steps   515206 feasible sets         0 orders tried  current cost 4
    W_14: 44685s  101,163,371,400 steps   515395 feasible sets         0 orders tried  current cost 7
    W_14: 44700s  101,198,160,200 steps   515579 feasible sets         0 orders tried  current cost 8
    W_14: 44715s  101,232,908,200 steps   515748 feasible sets         0 orders tried  current cost 9
    W_14: 44730s  101,267,394,600 steps   515919 feasible sets         0 orders tried  current cost 5
    W_14: 44745s  101,302,152,400 steps   516106 feasible sets         0 orders tried  current cost 5
    W_14: 44760s  101,336,925,000 steps   516233 feasible sets         0 orders tried  current cost 7
    W_14: 44775s  101,371,472,000 steps   516410 feasible sets         0 orders tried  current cost 2
    W_14: 44790s  101,406,302,400 steps   516578 feasible sets         0 orders tried  current cost 9
    W_14: 44805s  101,441,445,800 steps   516755 feasible sets         0 orders tried  current cost 6
    W_14: 44820s  101,475,918,600 steps   516935 feasible sets         0 orders tried  current cost 3
    W_14: 44835s  101,510,902,200 steps   517110 feasible sets         0 orders tried  current cost 8
    W_14: 44850s  101,545,428,400 steps   517300 feasible sets         0 orders tried  current cost 7
    W_14: 44865s  101,580,058,200 steps   517496 feasible sets         0 orders tried  current cost 2
    W_14: 44880s  101,614,677,800 steps   517672 feasible sets         0 orders tried  current cost 4
    W_14: 44895s  101,649,409,400 steps   517814 feasible sets         0 orders tried  current cost 7
    W_14: 44910s  101,684,167,200 steps   517981 feasible sets         0 orders tried  current cost 7
    W_14: 44925s  101,718,784,600 steps   518217 feasible sets         0 orders tried  current cost 13
    W_14: 44940s  101,753,317,200 steps   518393 feasible sets         0 orders tried  current cost 2
    W_14: 44955s  101,787,760,200 steps   518560 feasible sets         0 orders tried  current cost 16
    W_14: 44970s  101,822,077,200 steps   518742 feasible sets         0 orders tried  current cost 4
    W_14: 44985s  101,856,819,600 steps   518925 feasible sets         0 orders tried  current cost 3
    W_14: 45000s  101,891,556,800 steps   519123 feasible sets         0 orders tried  current cost 3
    W_14: 45015s  101,926,229,200 steps   519308 feasible sets         0 orders tried  current cost 4
    W_14: 45030s  101,961,256,400 steps   519480 feasible sets         0 orders tried  current cost 3
    W_14: 45045s  101,995,910,800 steps   519668 feasible sets         0 orders tried  current cost 4
    W_14: 45060s  102,030,678,800 steps   519864 feasible sets         0 orders tried  current cost 4
    W_14: 45075s  102,065,533,600 steps   520048 feasible sets         0 orders tried  current cost 3
    W_14: 45090s  102,100,516,400 steps   520246 feasible sets         0 orders tried  current cost 2
    W_14: 45105s  102,135,083,000 steps   520413 feasible sets         0 orders tried  current cost 10
    W_14: 45120s  102,170,081,200 steps   520567 feasible sets         0 orders tried  current cost 17
    W_14: 45135s  102,205,052,600 steps   520713 feasible sets         0 orders tried  current cost 5
    W_14: 45150s  102,239,643,200 steps   520941 feasible sets         0 orders tried  current cost 10
    W_14: 45165s  102,274,633,400 steps   521116 feasible sets         0 orders tried  current cost 3
    W_14: 45180s  102,309,353,400 steps   521324 feasible sets         0 orders tried  current cost 2
    W_14: 45195s  102,343,973,400 steps   521469 feasible sets         0 orders tried  current cost 5
    W_14: 45210s  102,378,764,600 steps   521595 feasible sets         0 orders tried  current cost 6
    W_14: 45225s  102,413,304,800 steps   521801 feasible sets         0 orders tried  current cost 15
    W_14: 45240s  102,447,824,000 steps   521976 feasible sets         0 orders tried  current cost 8
    W_14: 45255s  102,482,641,400 steps   522147 feasible sets         0 orders tried  current cost 12
    W_14: 45270s  102,517,668,200 steps   522308 feasible sets         0 orders tried  current cost 7
    W_14: 45285s  102,552,446,200 steps   522495 feasible sets         0 orders tried  current cost 12
    W_14: 45300s  102,587,056,400 steps   522687 feasible sets         0 orders tried  current cost 4
    W_14: 45315s  102,621,856,400 steps   522852 feasible sets         0 orders tried  current cost 1
    W_14: 45330s  102,656,404,400 steps   523014 feasible sets         0 orders tried  current cost 7
    W_14: 45345s  102,691,345,800 steps   523223 feasible sets         0 orders tried  current cost 5
    W_14: 45360s  102,725,850,200 steps   523406 feasible sets         0 orders tried  current cost 1
    W_14: 45375s  102,760,694,800 steps   523581 feasible sets         0 orders tried  current cost 4
    W_14: 45390s  102,795,623,400 steps   523781 feasible sets         0 orders tried  current cost 8
    W_14: 45405s  102,829,783,200 steps   523970 feasible sets         0 orders tried  current cost 14
    W_14: 45420s  102,864,654,000 steps   524154 feasible sets         0 orders tried  current cost 4
    W_14: 45435s  102,899,182,600 steps   524320 feasible sets         0 orders tried  current cost 11
    W_14: 45450s  102,933,651,400 steps   524504 feasible sets         0 orders tried  current cost 5
    W_14: 45465s  102,968,373,800 steps   524701 feasible sets         0 orders tried  current cost 3
    W_14: 45480s  103,002,972,200 steps   524880 feasible sets         0 orders tried  current cost 1
    W_14: 45495s  103,037,556,000 steps   525049 feasible sets         0 orders tried  current cost 2
    W_14: 45510s  103,072,517,800 steps   525244 feasible sets         0 orders tried  current cost 1
    W_14: 45525s  103,107,838,200 steps   525406 feasible sets         0 orders tried  current cost 1
    W_14: 45540s  103,142,098,600 steps   525584 feasible sets         0 orders tried  current cost 3
    W_14: 45555s  103,176,766,600 steps   525776 feasible sets         0 orders tried  current cost 4
    W_14: 45570s  103,211,259,000 steps   525932 feasible sets         0 orders tried  current cost 3
    W_14: 45585s  103,246,200,800 steps   526106 feasible sets         0 orders tried  current cost 12
    W_14: 45600s  103,280,946,800 steps   526309 feasible sets         0 orders tried  current cost 7
    W_14: 45615s  103,315,915,800 steps   526532 feasible sets         0 orders tried  current cost 1
    W_14: 45630s  103,350,619,800 steps   526722 feasible sets         0 orders tried  current cost 1
    W_14: 45645s  103,385,362,400 steps   526927 feasible sets         0 orders tried  current cost 11
    W_14: 45660s  103,419,807,600 steps   527094 feasible sets         0 orders tried  current cost 6
    W_14: 45675s  103,454,349,400 steps   527270 feasible sets         0 orders tried  current cost 4
    W_14: 45690s  103,488,647,000 steps   527456 feasible sets         0 orders tried  current cost 4
    W_14: 45705s  103,523,475,200 steps   527645 feasible sets         0 orders tried  current cost 3
    W_14: 45720s  103,558,295,200 steps   527814 feasible sets         0 orders tried  current cost 4
    W_14: 45735s  103,593,257,200 steps   527949 feasible sets         0 orders tried  current cost 1
    W_14: 45750s  103,627,786,000 steps   528133 feasible sets         0 orders tried  current cost 4
    W_14: 45765s  103,662,282,600 steps   528296 feasible sets         0 orders tried  current cost 11
    W_14: 45780s  103,696,882,200 steps   528456 feasible sets         0 orders tried  current cost 13
    W_14: 45795s  103,731,188,400 steps   528651 feasible sets         0 orders tried  current cost 5
    W_14: 45810s  103,766,095,200 steps   528848 feasible sets         0 orders tried  current cost 3
    W_14: 45825s  103,800,764,600 steps   529010 feasible sets         0 orders tried  current cost 9
    W_14: 45840s  103,835,664,800 steps   529204 feasible sets         0 orders tried  current cost 7
    W_14: 45855s  103,870,263,400 steps   529382 feasible sets         0 orders tried  current cost 9
    W_14: 45870s  103,904,992,000 steps   529574 feasible sets         0 orders tried  current cost 4
    W_14: 45885s  103,939,641,200 steps   529763 feasible sets         0 orders tried  current cost 11
    W_14: 45900s  103,974,278,600 steps   529916 feasible sets         0 orders tried  current cost 2
    W_14: 45915s  104,008,984,800 steps   530117 feasible sets         0 orders tried  current cost 14
    W_14: 45930s  104,043,415,200 steps   530321 feasible sets         0 orders tried  current cost 3
    W_14: 45945s  104,077,901,800 steps   530503 feasible sets         0 orders tried  current cost 8
    W_14: 45960s  104,112,622,800 steps   530627 feasible sets         0 orders tried  current cost 14
    W_14: 45975s  104,147,109,600 steps   530814 feasible sets         0 orders tried  current cost 3
    W_14: 45990s  104,181,981,200 steps   531002 feasible sets         0 orders tried  current cost 13
    W_14: 46005s  104,216,355,000 steps   531157 feasible sets         0 orders tried  current cost 4
    W_14: 46020s  104,251,216,400 steps   531323 feasible sets         0 orders tried  current cost 3
    W_14: 46035s  104,285,862,800 steps   531504 feasible sets         0 orders tried  current cost 8
    W_14: 46050s  104,320,703,600 steps   531680 feasible sets         0 orders tried  current cost 10
    W_14: 46065s  104,355,437,800 steps   531868 feasible sets         0 orders tried  current cost 3
    W_14: 46080s  104,390,071,400 steps   532054 feasible sets         0 orders tried  current cost 5
    W_14: 46095s  104,424,706,000 steps   532247 feasible sets         0 orders tried  current cost 7
    W_14: 46110s  104,459,523,800 steps   532400 feasible sets         0 orders tried  current cost 12
    W_14: 46125s  104,494,284,400 steps   532565 feasible sets         0 orders tried  current cost 9
    W_14: 46140s  104,529,183,600 steps   532721 feasible sets         0 orders tried  current cost 9
    W_14: 46155s  104,564,185,000 steps   532909 feasible sets         0 orders tried  current cost 12
    W_14: 46170s  104,599,122,400 steps   533090 feasible sets         0 orders tried  current cost 10
    W_14: 46185s  104,633,274,200 steps   533234 feasible sets         0 orders tried  current cost 1
    W_14: 46200s  104,668,081,200 steps   533437 feasible sets         0 orders tried  current cost 11
    W_14: 46215s  104,702,799,200 steps   533571 feasible sets         0 orders tried  current cost 2
    W_14: 46230s  104,737,482,800 steps   533737 feasible sets         0 orders tried  current cost 8
    W_14: 46245s  104,772,288,800 steps   533912 feasible sets         0 orders tried  current cost 6
    W_14: 46260s  104,806,902,400 steps   534109 feasible sets         0 orders tried  current cost 10
    W_14: 46275s  104,841,997,200 steps   534298 feasible sets         0 orders tried  current cost 1
    W_14: 46290s  104,876,769,600 steps   534493 feasible sets         0 orders tried  current cost 4
    W_14: 46305s  104,911,739,400 steps   534696 feasible sets         0 orders tried  current cost 3
    W_14: 46320s  104,946,536,600 steps   534840 feasible sets         0 orders tried  current cost 2
    W_14: 46335s  104,981,631,800 steps   535051 feasible sets         0 orders tried  current cost 4
    W_14: 46350s  105,016,295,000 steps   535249 feasible sets         0 orders tried  current cost 1
    W_14: 46365s  105,051,352,000 steps   535452 feasible sets         0 orders tried  current cost 2
    W_14: 46380s  105,085,970,400 steps   535642 feasible sets         0 orders tried  current cost 5
    W_14: 46395s  105,120,494,200 steps   535813 feasible sets         0 orders tried  current cost 1
    W_14: 46410s  105,155,350,600 steps   535986 feasible sets         0 orders tried  current cost 4
    W_14: 46425s  105,190,267,400 steps   536158 feasible sets         0 orders tried  current cost 4
    W_14: 46440s  105,224,735,400 steps   536351 feasible sets         0 orders tried  current cost 3
    W_14: 46455s  105,259,333,200 steps   536500 feasible sets         0 orders tried  current cost 4
    W_14: 46470s  105,294,197,400 steps   536703 feasible sets         0 orders tried  current cost 3
    W_14: 46485s  105,329,315,400 steps   536898 feasible sets         0 orders tried  current cost 3
    W_14: 46500s  105,364,002,000 steps   537074 feasible sets         0 orders tried  current cost 18
    W_14: 46515s  105,398,479,400 steps   537249 feasible sets         0 orders tried  current cost 3
    W_14: 46530s  105,433,204,200 steps   537403 feasible sets         0 orders tried  current cost 8
    W_14: 46545s  105,467,866,200 steps   537575 feasible sets         0 orders tried  current cost 6
    W_14: 46560s  105,502,514,200 steps   537753 feasible sets         0 orders tried  current cost 5
    W_14: 46575s  105,537,071,000 steps   537910 feasible sets         0 orders tried  current cost 5
    W_14: 46590s  105,571,922,800 steps   538114 feasible sets         0 orders tried  current cost 9
    W_14: 46605s  105,606,476,400 steps   538302 feasible sets         0 orders tried  current cost 2
    W_14: 46620s  105,641,373,000 steps   538501 feasible sets         0 orders tried  current cost 5
    W_14: 46635s  105,676,250,200 steps   538679 feasible sets         0 orders tried  current cost 6
    W_14: 46650s  105,711,804,600 steps   538835 feasible sets         0 orders tried  current cost 11
    W_14: 46665s  105,746,689,000 steps   538998 feasible sets         0 orders tried  current cost 4
    W_14: 46680s  105,781,462,200 steps   539200 feasible sets         0 orders tried  current cost 5
    W_14: 46695s  105,816,222,800 steps   539345 feasible sets         0 orders tried  current cost 12
    W_14: 46710s  105,851,131,000 steps   539497 feasible sets         0 orders tried  current cost 2
    W_14: 46725s  105,885,771,800 steps   539677 feasible sets         0 orders tried  current cost 3
    W_14: 46740s  105,920,364,200 steps   539859 feasible sets         0 orders tried  current cost 10
    W_14: 46755s  105,955,204,000 steps   540031 feasible sets         0 orders tried  current cost 7
    W_14: 46770s  105,990,147,000 steps   540200 feasible sets         0 orders tried  current cost 9
    W_14: 46785s  106,025,064,400 steps   540377 feasible sets         0 orders tried  current cost 12
    W_14: 46800s  106,059,672,200 steps   540561 feasible sets         0 orders tried  current cost 4
    W_14: 46815s  106,094,707,200 steps   540736 feasible sets         0 orders tried  current cost 6
    W_14: 46830s  106,129,362,800 steps   540916 feasible sets         0 orders tried  current cost 12
    W_14: 46845s  106,164,274,400 steps   541075 feasible sets         0 orders tried  current cost 2
    W_14: 46860s  106,198,393,800 steps   541245 feasible sets         0 orders tried  current cost 3
    W_14: 46875s  106,232,836,800 steps   541413 feasible sets         0 orders tried  current cost 1
    W_14: 46890s  106,267,463,200 steps   541552 feasible sets         0 orders tried  current cost 8
    W_14: 46905s  106,302,452,800 steps   541724 feasible sets         0 orders tried  current cost 5
    W_14: 46920s  106,337,224,000 steps   541924 feasible sets         0 orders tried  current cost 11
    W_14: 46935s  106,371,995,000 steps   542126 feasible sets         0 orders tried  current cost 4
    W_14: 46950s  106,406,600,600 steps   542289 feasible sets         0 orders tried  current cost 11
    W_14: 46965s  106,442,085,000 steps   542471 feasible sets         0 orders tried  current cost 10
    W_14: 46980s  106,476,753,800 steps   542645 feasible sets         0 orders tried  current cost 1
    W_14: 46995s  106,512,000,400 steps   542824 feasible sets         0 orders tried  current cost 10
    W_14: 47010s  106,546,823,400 steps   542998 feasible sets         0 orders tried  current cost 11
    W_14: 47025s  106,581,678,200 steps   543146 feasible sets         0 orders tried  current cost 3
    W_14: 47040s  106,616,608,400 steps   543321 feasible sets         0 orders tried  current cost 3
    W_14: 47055s  106,651,590,000 steps   543447 feasible sets         0 orders tried  current cost 4
    W_14: 47070s  106,686,172,600 steps   543625 feasible sets         0 orders tried  current cost 2
    W_14: 47085s  106,720,527,600 steps   543822 feasible sets         0 orders tried  current cost 4
    W_14: 47100s  106,755,313,600 steps   544012 feasible sets         0 orders tried  current cost 3
    W_14: 47115s  106,789,979,200 steps   544235 feasible sets         0 orders tried  current cost 2
    W_14: 47130s  106,824,616,800 steps   544407 feasible sets         0 orders tried  current cost 4
    W_14: 47145s  106,859,409,200 steps   544609 feasible sets         0 orders tried  current cost 4
    W_14: 47160s  106,894,276,000 steps   544803 feasible sets         0 orders tried  current cost 4
    W_14: 47175s  106,929,067,600 steps   544980 feasible sets         0 orders tried  current cost 7
    W_14: 47190s  106,963,850,600 steps   545171 feasible sets         0 orders tried  current cost 4
    W_14: 47205s  106,998,431,000 steps   545350 feasible sets         0 orders tried  current cost 3
    W_14: 47220s  107,033,422,200 steps   545569 feasible sets         0 orders tried  current cost 12
    W_14: 47235s  107,068,045,200 steps   545743 feasible sets         0 orders tried  current cost 14
    W_14: 47250s  107,102,956,000 steps   545886 feasible sets         0 orders tried  current cost 2
    W_14: 47265s  107,138,041,200 steps   546044 feasible sets         0 orders tried  current cost 7
    W_14: 47280s  107,172,568,400 steps   546220 feasible sets         0 orders tried  current cost 5
    W_14: 47295s  107,207,255,400 steps   546395 feasible sets         0 orders tried  current cost 4
    W_14: 47310s  107,241,870,000 steps   546566 feasible sets         0 orders tried  current cost 3
    W_14: 47325s  107,276,666,200 steps   546711 feasible sets         0 orders tried  current cost 9
    W_14: 47340s  107,311,627,000 steps   546945 feasible sets         0 orders tried  current cost 6
    W_14: 47355s  107,345,929,200 steps   547125 feasible sets         0 orders tried  current cost 4
    W_14: 47370s  107,380,748,600 steps   547277 feasible sets         0 orders tried  current cost 4
    W_14: 47385s  107,415,791,200 steps   547469 feasible sets         0 orders tried  current cost 1
    W_14: 47400s  107,450,484,000 steps   547647 feasible sets         0 orders tried  current cost 10
    W_14: 47415s  107,485,758,200 steps   547833 feasible sets         0 orders tried  current cost 3
    W_14: 47430s  107,520,376,600 steps   548005 feasible sets         0 orders tried  current cost 4
    W_14: 47445s  107,554,573,000 steps   548178 feasible sets         0 orders tried  current cost 1
    W_14: 47460s  107,588,559,400 steps   548358 feasible sets         0 orders tried  current cost 2
    W_14: 47475s  107,622,761,400 steps   548518 feasible sets         0 orders tried  current cost 14
    W_14: 47490s  107,657,164,600 steps   548683 feasible sets         0 orders tried  current cost 9
    W_14: 47505s  107,691,503,000 steps   548823 feasible sets         0 orders tried  current cost 6
    W_14: 47520s  107,725,504,600 steps   549003 feasible sets         0 orders tried  current cost 9
    W_14: 47535s  107,759,131,800 steps   549176 feasible sets         0 orders tried  current cost 2
    W_14: 47550s  107,792,982,000 steps   549420 feasible sets         0 orders tried  current cost 16
    W_14: 47565s  107,827,160,000 steps   549578 feasible sets         0 orders tried  current cost 1
    W_14: 47580s  107,860,988,200 steps   549735 feasible sets         0 orders tried  current cost 6
    W_14: 47595s  107,895,036,200 steps   549914 feasible sets         0 orders tried  current cost 3
    W_14: 47610s  107,928,923,600 steps   550073 feasible sets         0 orders tried  current cost 12
    W_14: 47625s  107,963,131,400 steps   550228 feasible sets         0 orders tried  current cost 6
    W_14: 47640s  107,997,020,600 steps   550420 feasible sets         0 orders tried  current cost 16
    W_14: 47655s  108,030,933,000 steps   550588 feasible sets         0 orders tried  current cost 3
    W_14: 47670s  108,065,082,600 steps   550807 feasible sets         0 orders tried  current cost 10
    W_14: 47685s  108,098,868,600 steps   550977 feasible sets         0 orders tried  current cost 6
    W_14: 47700s  108,133,273,000 steps   551181 feasible sets         0 orders tried  current cost 3
    W_14: 47715s  108,167,305,400 steps   551334 feasible sets         0 orders tried  current cost 4
    W_14: 47730s  108,201,267,000 steps   551504 feasible sets         0 orders tried  current cost 6
    W_14: 47745s  108,233,654,600 steps   551629 feasible sets         0 orders tried  current cost 3
    W_14: 47760s  108,267,748,600 steps   551757 feasible sets         0 orders tried  current cost 3
    W_14: 47775s  108,287,141,400 steps   551843 feasible sets         0 orders tried  current cost 11
    W_14: 47790s  108,320,764,400 steps   552029 feasible sets         0 orders tried  current cost 9
    W_14: 47805s  108,354,739,400 steps   552192 feasible sets         0 orders tried  current cost 3
    W_14: 47820s  108,388,630,400 steps   552369 feasible sets         0 orders tried  current cost 4
    W_14: 47835s  108,422,042,200 steps   552558 feasible sets         0 orders tried  current cost 13
    W_14: 47850s  108,456,099,600 steps   552712 feasible sets         0 orders tried  current cost 3
    W_14: 47865s  108,489,899,000 steps   552875 feasible sets         0 orders tried  current cost 1
    W_14: 47880s  108,523,647,000 steps   553038 feasible sets         0 orders tried  current cost 8
    W_14: 47895s  108,557,431,800 steps   553231 feasible sets         0 orders tried  current cost 4
    W_14: 47910s  108,591,406,400 steps   553438 feasible sets         0 orders tried  current cost 9
    W_14: 47925s  108,625,801,000 steps   553618 feasible sets         0 orders tried  current cost 14
    W_14: 47940s  108,659,877,200 steps   553834 feasible sets         0 orders tried  current cost 1
    W_14: 47955s  108,694,140,000 steps   553971 feasible sets         0 orders tried  current cost 2
    W_14: 47970s  108,727,782,400 steps   554145 feasible sets         0 orders tried  current cost 7
    W_14: 47985s  108,761,414,800 steps   554304 feasible sets         0 orders tried  current cost 4
    W_14: 48000s  108,795,325,600 steps   554472 feasible sets         0 orders tried  current cost 12
    W_14: 48015s  108,829,296,000 steps   554628 feasible sets         0 orders tried  current cost 3
    W_14: 48030s  108,863,264,000 steps   554813 feasible sets         0 orders tried  current cost 12
    W_14: 48045s  108,897,428,000 steps   555013 feasible sets         0 orders tried  current cost 8
    W_14: 48060s  108,931,747,400 steps   555187 feasible sets         0 orders tried  current cost 3
    W_14: 48075s  108,965,275,000 steps   555352 feasible sets         0 orders tried  current cost 1
    W_14: 48090s  108,999,023,800 steps   555525 feasible sets         0 orders tried  current cost 9
    W_14: 48105s  109,030,767,400 steps   555706 feasible sets         0 orders tried  current cost 7
    W_14: 48120s  109,051,645,800 steps   555784 feasible sets         0 orders tried  current cost 7
    W_14: 48135s  109,085,105,000 steps   555961 feasible sets         0 orders tried  current cost 9
    W_14: 48150s  109,119,102,400 steps   556129 feasible sets         0 orders tried  current cost 9
    W_14: 48165s  109,153,658,800 steps   556303 feasible sets         0 orders tried  current cost 2
    W_14: 48180s  109,188,151,000 steps   556469 feasible sets         0 orders tried  current cost 4
    W_14: 48195s  109,222,367,200 steps   556616 feasible sets         0 orders tried  current cost 9
    W_14: 48210s  109,257,060,800 steps   556806 feasible sets         0 orders tried  current cost 12
    W_14: 48225s  109,291,368,400 steps   557000 feasible sets         0 orders tried  current cost 2
    W_14: 48240s  109,325,858,800 steps   557167 feasible sets         0 orders tried  current cost 3
    W_14: 48255s  109,360,185,400 steps   557331 feasible sets         0 orders tried  current cost 7
    W_14: 48270s  109,394,650,800 steps   557520 feasible sets         0 orders tried  current cost 4
    W_14: 48285s  109,429,558,000 steps   557684 feasible sets         0 orders tried  current cost 2
    W_14: 48300s  109,464,654,200 steps   557851 feasible sets         0 orders tried  current cost 4
    W_14: 48315s  109,499,299,800 steps   558045 feasible sets         0 orders tried  current cost 2
    W_14: 48330s  109,533,810,600 steps   558251 feasible sets         0 orders tried  current cost 4
    W_14: 48345s  109,568,589,600 steps   558409 feasible sets         0 orders tried  current cost 6
    W_14: 48360s  109,602,965,800 steps   558590 feasible sets         0 orders tried  current cost 5
    W_14: 48375s  109,637,732,400 steps   558778 feasible sets         0 orders tried  current cost 3
    W_14: 48390s  109,671,964,000 steps   558913 feasible sets         0 orders tried  current cost 13
    W_14: 48405s  109,706,810,200 steps   559136 feasible sets         0 orders tried  current cost 5
    W_14: 48420s  109,741,142,400 steps   559333 feasible sets         0 orders tried  current cost 10
    W_14: 48435s  109,775,516,800 steps   559529 feasible sets         0 orders tried  current cost 3
    W_14: 48450s  109,810,120,000 steps   559731 feasible sets         0 orders tried  current cost 2
    W_14: 48465s  109,844,755,600 steps   559905 feasible sets         0 orders tried  current cost 3
    W_14: 48480s  109,879,651,200 steps   560087 feasible sets         0 orders tried  current cost 4
    W_14: 48495s  109,914,410,200 steps   560251 feasible sets         0 orders tried  current cost 4
    W_14: 48510s  109,948,969,600 steps   560452 feasible sets         0 orders tried  current cost 2
    W_14: 48525s  109,983,950,800 steps   560663 feasible sets         0 orders tried  current cost 3
    W_14: 48540s  110,019,001,800 steps   560857 feasible sets         0 orders tried  current cost 9
    W_14: 48555s  110,053,697,400 steps   561007 feasible sets         0 orders tried  current cost 1
    W_14: 48570s  110,088,436,800 steps   561170 feasible sets         0 orders tried  current cost 2
    W_14: 48585s  110,123,529,000 steps   561371 feasible sets         0 orders tried  current cost 8
    W_14: 48600s  110,158,427,800 steps   561549 feasible sets         0 orders tried  current cost 4
    W_14: 48615s  110,192,975,000 steps   561768 feasible sets         0 orders tried  current cost 3
    W_14: 48630s  110,227,791,400 steps   561904 feasible sets         0 orders tried  current cost 3
    W_14: 48645s  110,262,915,800 steps   562067 feasible sets         0 orders tried  current cost 4
    W_14: 48660s  110,298,127,600 steps   562229 feasible sets         0 orders tried  current cost 3
    W_14: 48675s  110,332,813,000 steps   562406 feasible sets         0 orders tried  current cost 4
    W_14: 48690s  110,367,216,800 steps   562608 feasible sets         0 orders tried  current cost 3
    W_14: 48705s  110,401,423,600 steps   562749 feasible sets         0 orders tried  current cost 14
    W_14: 48720s  110,436,162,400 steps   562935 feasible sets         0 orders tried  current cost 15
    W_14: 48735s  110,470,713,600 steps   563054 feasible sets         0 orders tried  current cost 3
    W_14: 48750s  110,504,852,200 steps   563218 feasible sets         0 orders tried  current cost 1
    W_14: 48765s  110,539,956,200 steps   563375 feasible sets         0 orders tried  current cost 4
    W_14: 48780s  110,574,800,400 steps   563527 feasible sets         0 orders tried  current cost 19
    W_14: 48795s  110,609,615,200 steps   563693 feasible sets         0 orders tried  current cost 2
    W_14: 48810s  110,644,544,400 steps   563877 feasible sets         0 orders tried  current cost 10
    W_14: 48825s  110,679,913,400 steps   564065 feasible sets         0 orders tried  current cost 3
    W_14: 48840s  110,714,568,400 steps   564222 feasible sets         0 orders tried  current cost 8
    W_14: 48855s  110,749,137,200 steps   564398 feasible sets         0 orders tried  current cost 3
    W_14: 48870s  110,783,579,200 steps   564556 feasible sets         0 orders tried  current cost 3
    W_14: 48885s  110,818,208,000 steps   564725 feasible sets         0 orders tried  current cost 4
    W_14: 48900s  110,852,898,000 steps   564877 feasible sets         0 orders tried  current cost 4
    W_14: 48915s  110,887,432,600 steps   565040 feasible sets         0 orders tried  current cost 4
    W_14: 48930s  110,922,389,600 steps   565210 feasible sets         0 orders tried  current cost 6
    W_14: 48945s  110,957,257,200 steps   565366 feasible sets         0 orders tried  current cost 4
    W_14: 48960s  110,992,063,200 steps   565501 feasible sets         0 orders tried  current cost 15
    W_14: 48975s  111,026,695,400 steps   565721 feasible sets         0 orders tried  current cost 2
    W_14: 48990s  111,061,807,800 steps   565924 feasible sets         0 orders tried  current cost 5
    W_14: 49005s  111,096,716,000 steps   566066 feasible sets         0 orders tried  current cost 3
    W_14: 49020s  111,131,353,800 steps   566233 feasible sets         0 orders tried  current cost 3
    W_14: 49035s  111,166,084,600 steps   566408 feasible sets         0 orders tried  current cost 9
    W_14: 49050s  111,200,595,600 steps   566568 feasible sets         0 orders tried  current cost 3
    W_14: 49065s  111,235,122,600 steps   566743 feasible sets         0 orders tried  current cost 11
    W_14: 49080s  111,269,674,400 steps   566940 feasible sets         0 orders tried  current cost 4
    W_14: 49095s  111,304,468,800 steps   567118 feasible sets         0 orders tried  current cost 4
    W_14: 49110s  111,339,531,600 steps   567342 feasible sets         0 orders tried  current cost 3
    W_14: 49125s  111,374,296,600 steps   567522 feasible sets         0 orders tried  current cost 3
    W_14: 49140s  111,409,244,200 steps   567693 feasible sets         0 orders tried  current cost 11
    W_14: 49155s  111,443,807,400 steps   567878 feasible sets         0 orders tried  current cost 2
    W_14: 49170s  111,478,322,400 steps   568033 feasible sets         0 orders tried  current cost 10
    W_14: 49185s  111,512,641,600 steps   568196 feasible sets         0 orders tried  current cost 18
    W_14: 49200s  111,547,152,800 steps   568396 feasible sets         0 orders tried  current cost 3
    W_14: 49215s  111,582,085,400 steps   568559 feasible sets         0 orders tried  current cost 8
    W_14: 49230s  111,616,683,000 steps   568745 feasible sets         0 orders tried  current cost 17
    W_14: 49245s  111,651,159,200 steps   568908 feasible sets         0 orders tried  current cost 3
    W_14: 49260s  111,686,013,800 steps   569106 feasible sets         0 orders tried  current cost 3
    W_14: 49275s  111,720,558,600 steps   569286 feasible sets         0 orders tried  current cost 3
    W_14: 49290s  111,755,546,200 steps   569431 feasible sets         0 orders tried  current cost 8
    W_14: 49305s  111,790,369,800 steps   569625 feasible sets         0 orders tried  current cost 5
    W_14: 49320s  111,825,157,400 steps   569753 feasible sets         0 orders tried  current cost 2
    W_14: 49335s  111,859,303,800 steps   569942 feasible sets         0 orders tried  current cost 10
    W_14: 49350s  111,893,948,600 steps   570142 feasible sets         0 orders tried  current cost 4
    W_14: 49365s  111,928,212,000 steps   570296 feasible sets         0 orders tried  current cost 3
    W_14: 49380s  111,962,963,000 steps   570460 feasible sets         0 orders tried  current cost 13
    W_14: 49395s  111,997,540,600 steps   570638 feasible sets         0 orders tried  current cost 12
    W_14: 49410s  112,032,300,400 steps   570814 feasible sets         0 orders tried  current cost 14
    W_14: 49425s  112,066,457,600 steps   570980 feasible sets         0 orders tried  current cost 1
    W_14: 49440s  112,100,947,200 steps   571148 feasible sets         0 orders tried  current cost 6
    W_14: 49455s  112,135,516,400 steps   571341 feasible sets         0 orders tried  current cost 1
    W_14: 49470s  112,170,242,600 steps   571489 feasible sets         0 orders tried  current cost 11
    W_14: 49485s  112,204,570,800 steps   571680 feasible sets         0 orders tried  current cost 4
    W_14: 49500s  112,239,246,200 steps   571856 feasible sets         0 orders tried  current cost 6
    W_14: 49515s  112,274,126,200 steps   572021 feasible sets         0 orders tried  current cost 7
    W_14: 49530s  112,308,690,600 steps   572242 feasible sets         0 orders tried  current cost 3
    W_14: 49545s  112,343,262,200 steps   572424 feasible sets         0 orders tried  current cost 11
    W_14: 49560s  112,377,735,800 steps   572612 feasible sets         0 orders tried  current cost 3
    W_14: 49575s  112,411,835,000 steps   572824 feasible sets         0 orders tried  current cost 3
    W_14: 49590s  112,446,814,800 steps   573001 feasible sets         0 orders tried  current cost 2
    W_14: 49605s  112,481,999,400 steps   573156 feasible sets         0 orders tried  current cost 1
    W_14: 49620s  112,516,809,600 steps   573325 feasible sets         0 orders tried  current cost 5
    W_14: 49635s  112,551,746,000 steps   573490 feasible sets         0 orders tried  current cost 7
    W_14: 49650s  112,586,355,600 steps   573647 feasible sets         0 orders tried  current cost 4
    W_14: 49665s  112,621,159,400 steps   573790 feasible sets         0 orders tried  current cost 2
    W_14: 49680s  112,655,554,200 steps   573970 feasible sets         0 orders tried  current cost 5
    W_14: 49695s  112,689,986,400 steps   574125 feasible sets         0 orders tried  current cost 8
    W_14: 49710s  112,724,963,000 steps   574315 feasible sets         0 orders tried  current cost 7
    W_14: 49725s  112,760,058,200 steps   574508 feasible sets         0 orders tried  current cost 3
    W_14: 49740s  112,794,946,800 steps   574636 feasible sets         0 orders tried  current cost 5
    W_14: 49755s  112,829,540,200 steps   574826 feasible sets         0 orders tried  current cost 13
    W_14: 49770s  112,863,963,400 steps   575002 feasible sets         0 orders tried  current cost 17
    W_14: 49785s  112,899,169,000 steps   575185 feasible sets         0 orders tried  current cost 4
    W_14: 49800s  112,934,271,400 steps   575382 feasible sets         0 orders tried  current cost 4
    W_14: 49815s  112,969,321,400 steps   575554 feasible sets         0 orders tried  current cost 11
    W_14: 49830s  113,003,638,600 steps   575738 feasible sets         0 orders tried  current cost 2
    W_14: 49845s  113,038,596,800 steps   575912 feasible sets         0 orders tried  current cost 3
    W_14: 49860s  113,072,667,200 steps   576073 feasible sets         0 orders tried  current cost 6
    W_14: 49875s  113,107,295,600 steps   576260 feasible sets         0 orders tried  current cost 4
    W_14: 49890s  113,141,668,800 steps   576439 feasible sets         0 orders tried  current cost 4
    W_14: 49905s  113,175,945,600 steps   576643 feasible sets         0 orders tried  current cost 9
    W_14: 49920s  113,210,517,000 steps   576789 feasible sets         0 orders tried  current cost 3
    W_14: 49935s  113,245,203,200 steps   576976 feasible sets         0 orders tried  current cost 13
    W_14: 49950s  113,280,029,600 steps   577162 feasible sets         0 orders tried  current cost 6
    W_14: 49965s  113,314,563,400 steps   577339 feasible sets         0 orders tried  current cost 10
    W_14: 49980s  113,348,711,000 steps   577524 feasible sets         0 orders tried  current cost 3
    W_14: 49995s  113,383,096,400 steps   577661 feasible sets         0 orders tried  current cost 3
    W_14: 50010s  113,417,370,200 steps   577889 feasible sets         0 orders tried  current cost 4
    W_14: 50025s  113,451,846,200 steps   578104 feasible sets         0 orders tried  current cost 8
    W_14: 50040s  113,486,509,400 steps   578295 feasible sets         0 orders tried  current cost 4
    W_14: 50055s  113,521,460,200 steps   578439 feasible sets         0 orders tried  current cost 11
    W_14: 50070s  113,555,879,400 steps   578612 feasible sets         0 orders tried  current cost 2
    W_14: 50085s  113,590,550,600 steps   578818 feasible sets         0 orders tried  current cost 3
    W_14: 50100s  113,625,150,000 steps   578966 feasible sets         0 orders tried  current cost 4
    W_14: 50115s  113,659,625,600 steps   579125 feasible sets         0 orders tried  current cost 10
    W_14: 50130s  113,694,126,400 steps   579304 feasible sets         0 orders tried  current cost 8
    W_14: 50145s  113,728,605,000 steps   579475 feasible sets         0 orders tried  current cost 7
    W_14: 50160s  113,763,325,000 steps   579646 feasible sets         0 orders tried  current cost 7
    W_14: 50175s  113,797,725,800 steps   579807 feasible sets         0 orders tried  current cost 10
    W_14: 50190s  113,832,400,200 steps   580004 feasible sets         0 orders tried  current cost 12
    W_14: 50205s  113,866,828,200 steps   580148 feasible sets         0 orders tried  current cost 6
    W_14: 50220s  113,901,423,400 steps   580332 feasible sets         0 orders tried  current cost 7
    W_14: 50235s  113,935,772,400 steps   580497 feasible sets         0 orders tried  current cost 1
    W_14: 50250s  113,970,746,800 steps   580700 feasible sets         0 orders tried  current cost 7
    W_14: 50265s  114,005,362,800 steps   580894 feasible sets         0 orders tried  current cost 12
    W_14: 50280s  114,039,972,600 steps   581119 feasible sets         0 orders tried  current cost 3
    W_14: 50295s  114,074,413,400 steps   581323 feasible sets         0 orders tried  current cost 4
    W_14: 50310s  114,109,202,800 steps   581508 feasible sets         0 orders tried  current cost 10
    W_14: 50325s  114,143,709,000 steps   581707 feasible sets         0 orders tried  current cost 6
    W_14: 50340s  114,177,986,200 steps   581867 feasible sets         0 orders tried  current cost 7
    W_14: 50355s  114,212,379,800 steps   582038 feasible sets         0 orders tried  current cost 3
    W_14: 50370s  114,247,312,400 steps   582218 feasible sets         0 orders tried  current cost 4
    W_14: 50385s  114,281,838,400 steps   582386 feasible sets         0 orders tried  current cost 2
    W_14: 50400s  114,316,612,000 steps   582560 feasible sets         0 orders tried  current cost 4
    W_14: 50415s  114,351,353,200 steps   582743 feasible sets         0 orders tried  current cost 4
    W_14: 50430s  114,386,048,200 steps   582967 feasible sets         0 orders tried  current cost 6
    W_14: 50445s  114,420,099,000 steps   583136 feasible sets         0 orders tried  current cost 2
    W_14: 50460s  114,455,086,200 steps   583312 feasible sets         0 orders tried  current cost 8
    W_14: 50475s  114,489,563,200 steps   583482 feasible sets         0 orders tried  current cost 10
    W_14: 50490s  114,523,884,200 steps   583667 feasible sets         0 orders tried  current cost 7
    W_14: 50505s  114,558,163,800 steps   583808 feasible sets         0 orders tried  current cost 10
    W_14: 50520s  114,592,950,600 steps   584019 feasible sets         0 orders tried  current cost 5
    W_14: 50535s  114,627,523,400 steps   584182 feasible sets         0 orders tried  current cost 9
    W_14: 50550s  114,662,318,600 steps   584400 feasible sets         0 orders tried  current cost 1
    W_14: 50565s  114,696,955,200 steps   584597 feasible sets         0 orders tried  current cost 4
    W_14: 50580s  114,731,528,000 steps   584792 feasible sets         0 orders tried  current cost 6
    W_14: 50595s  114,766,028,200 steps   585016 feasible sets         0 orders tried  current cost 5
    W_14: 50610s  114,800,499,000 steps   585197 feasible sets         0 orders tried  current cost 3
    W_14: 50625s  114,834,808,600 steps   585341 feasible sets         0 orders tried  current cost 5
    W_14: 50640s  114,868,774,000 steps   585521 feasible sets         0 orders tried  current cost 5
    W_14: 50655s  114,903,215,000 steps   585659 feasible sets         0 orders tried  current cost 3
    W_14: 50670s  114,937,614,000 steps   585775 feasible sets         0 orders tried  current cost 4
    W_14: 50685s  114,971,715,400 steps   585945 feasible sets         0 orders tried  current cost 4
    W_14: 50700s  115,006,509,000 steps   586121 feasible sets         0 orders tried  current cost 6
    W_14: 50715s  115,041,236,200 steps   586313 feasible sets         0 orders tried  current cost 2
    W_14: 50730s  115,075,846,000 steps   586498 feasible sets         0 orders tried  current cost 5
    W_14: 50745s  115,110,782,200 steps   586658 feasible sets         0 orders tried  current cost 14
    W_14: 50760s  115,145,273,400 steps   586859 feasible sets         0 orders tried  current cost 4
    W_14: 50775s  115,179,762,200 steps   587057 feasible sets         0 orders tried  current cost 13
    W_14: 50790s  115,214,212,200 steps   587227 feasible sets         0 orders tried  current cost 5
    W_14: 50805s  115,248,878,400 steps   587419 feasible sets         0 orders tried  current cost 4
    W_14: 50820s  115,283,304,000 steps   587591 feasible sets         0 orders tried  current cost 9
    W_14: 50835s  115,318,149,600 steps   587781 feasible sets         0 orders tried  current cost 4
    W_14: 50850s  115,352,402,200 steps   588001 feasible sets         0 orders tried  current cost 7
    W_14: 50865s  115,386,941,000 steps   588167 feasible sets         0 orders tried  current cost 11
    W_14: 50880s  115,421,884,600 steps   588374 feasible sets         0 orders tried  current cost 11
    W_14: 50895s  115,457,025,400 steps   588570 feasible sets         0 orders tried  current cost 7
    W_14: 50910s  115,491,773,800 steps   588751 feasible sets         0 orders tried  current cost 1
    W_14: 50925s  115,526,348,800 steps   588937 feasible sets         0 orders tried  current cost 6
    W_14: 50940s  115,561,014,800 steps   589102 feasible sets         0 orders tried  current cost 3
    W_14: 50955s  115,595,873,600 steps   589298 feasible sets         0 orders tried  current cost 5
    W_14: 50970s  115,630,236,800 steps   589455 feasible sets         0 orders tried  current cost 3
    W_14: 50985s  115,664,739,600 steps   589609 feasible sets         0 orders tried  current cost 3
    W_14: 51000s  115,698,990,200 steps   589794 feasible sets         0 orders tried  current cost 7
    W_14: 51015s  115,733,482,000 steps   589977 feasible sets         0 orders tried  current cost 11
    W_14: 51030s  115,767,887,200 steps   590151 feasible sets         0 orders tried  current cost 11
    W_14: 51045s  115,802,390,200 steps   590326 feasible sets         0 orders tried  current cost 6
    W_14: 51060s  115,836,501,800 steps   590524 feasible sets         0 orders tried  current cost 8
    W_14: 51075s  115,871,024,200 steps   590672 feasible sets         0 orders tried  current cost 8
    W_14: 51090s  115,905,486,400 steps   590840 feasible sets         0 orders tried  current cost 5
    W_14: 51105s  115,939,908,000 steps   591019 feasible sets         0 orders tried  current cost 3
    W_14: 51120s  115,973,734,800 steps   591177 feasible sets         0 orders tried  current cost 4
    W_14: 51135s  116,008,625,600 steps   591356 feasible sets         0 orders tried  current cost 9
    W_14: 51150s  116,043,229,200 steps   591508 feasible sets         0 orders tried  current cost 5
    W_14: 51165s  116,077,717,600 steps   591698 feasible sets         0 orders tried  current cost 2
    W_14: 51180s  116,111,912,200 steps   591832 feasible sets         0 orders tried  current cost 4
    W_14: 51195s  116,146,516,200 steps   592041 feasible sets         0 orders tried  current cost 4
    W_14: 51210s  116,180,758,200 steps   592202 feasible sets         0 orders tried  current cost 2
    W_14: 51225s  116,215,263,800 steps   592375 feasible sets         0 orders tried  current cost 10
    W_14: 51240s  116,249,738,800 steps   592518 feasible sets         0 orders tried  current cost 4
    W_14: 51255s  116,284,783,800 steps   592695 feasible sets         0 orders tried  current cost 13
    W_14: 51270s  116,319,148,600 steps   592854 feasible sets         0 orders tried  current cost 5
    W_14: 51285s  116,353,782,400 steps   593046 feasible sets         0 orders tried  current cost 9
    W_14: 51300s  116,388,425,400 steps   593206 feasible sets         0 orders tried  current cost 7
    W_14: 51315s  116,422,930,800 steps   593417 feasible sets         0 orders tried  current cost 3
    W_14: 51330s  116,457,071,400 steps   593599 feasible sets         0 orders tried  current cost 4
    W_14: 51345s  116,491,372,200 steps   593818 feasible sets         0 orders tried  current cost 2
    W_14: 51360s  116,526,005,200 steps   593987 feasible sets         0 orders tried  current cost 14
    W_14: 51375s  116,560,519,200 steps   594161 feasible sets         0 orders tried  current cost 2
    W_14: 51390s  116,594,926,600 steps   594357 feasible sets         0 orders tried  current cost 7
    W_14: 51405s  116,629,142,400 steps   594574 feasible sets         0 orders tried  current cost 9
    W_14: 51420s  116,663,588,600 steps   594783 feasible sets         0 orders tried  current cost 5
    W_14: 51435s  116,698,130,200 steps   594952 feasible sets         0 orders tried  current cost 5
    W_14: 51450s  116,732,791,400 steps   595127 feasible sets         0 orders tried  current cost 3
    W_14: 51465s  116,767,449,400 steps   595320 feasible sets         0 orders tried  current cost 3
    W_14: 51480s  116,801,928,600 steps   595474 feasible sets         0 orders tried  current cost 7
    W_14: 51495s  116,836,737,400 steps   595667 feasible sets         0 orders tried  current cost 4
    W_14: 51510s  116,871,272,400 steps   595880 feasible sets         0 orders tried  current cost 3
    W_14: 51525s  116,905,791,600 steps   596076 feasible sets         0 orders tried  current cost 1
    W_14: 51540s  116,940,319,200 steps   596226 feasible sets         0 orders tried  current cost 2
    W_14: 51555s  116,975,016,600 steps   596416 feasible sets         0 orders tried  current cost 5
    W_14: 51570s  117,009,628,600 steps   596599 feasible sets         0 orders tried  current cost 6
    W_14: 51585s  117,043,928,000 steps   596738 feasible sets         0 orders tried  current cost 4
    W_14: 51600s  117,078,802,200 steps   596925 feasible sets         0 orders tried  current cost 15
    W_14: 51615s  117,113,219,800 steps   597103 feasible sets         0 orders tried  current cost 1
    W_14: 51630s  117,147,775,600 steps   597280 feasible sets         0 orders tried  current cost 2
    W_14: 51645s  117,182,297,200 steps   597462 feasible sets         0 orders tried  current cost 1
    W_14: 51660s  117,217,292,400 steps   597656 feasible sets         0 orders tried  current cost 3
    W_14: 51675s  117,251,830,200 steps   597826 feasible sets         0 orders tried  current cost 4
    W_14: 51690s  117,286,312,400 steps   598004 feasible sets         0 orders tried  current cost 4
    W_14: 51705s  117,320,749,200 steps   598160 feasible sets         0 orders tried  current cost 6
    W_14: 51720s  117,355,276,200 steps   598315 feasible sets         0 orders tried  current cost 3
    W_14: 51735s  117,389,745,800 steps   598472 feasible sets         0 orders tried  current cost 8
    W_14: 51750s  117,423,668,200 steps   598606 feasible sets         0 orders tried  current cost 6
    W_14: 51765s  117,458,066,000 steps   598777 feasible sets         0 orders tried  current cost 6
    W_14: 51780s  117,492,572,000 steps   598984 feasible sets         0 orders tried  current cost 1
    W_14: 51795s  117,527,108,200 steps   599139 feasible sets         0 orders tried  current cost 1
    W_14: 51810s  117,561,518,200 steps   599294 feasible sets         0 orders tried  current cost 3
    W_14: 51825s  117,595,699,400 steps   599467 feasible sets         0 orders tried  current cost 2
    W_14: 51840s  117,630,219,000 steps   599650 feasible sets         0 orders tried  current cost 4
    W_14: 51855s  117,664,624,800 steps   599820 feasible sets         0 orders tried  current cost 10
    W_14: 51870s  117,699,148,800 steps   599996 feasible sets         0 orders tried  current cost 4
    W_14: 51885s  117,733,662,200 steps   600149 feasible sets         0 orders tried  current cost 12
    W_14: 51900s  117,768,264,000 steps   600329 feasible sets         0 orders tried  current cost 9
    W_14: 51915s  117,803,116,000 steps   600555 feasible sets         0 orders tried  current cost 1
    W_14: 51930s  117,837,184,000 steps   600754 feasible sets         0 orders tried  current cost 13
    W_14: 51945s  117,871,994,000 steps   600940 feasible sets         0 orders tried  current cost 3
    W_14: 51960s  117,906,200,800 steps   601113 feasible sets         0 orders tried  current cost 13
    W_14: 51975s  117,940,692,000 steps   601318 feasible sets         0 orders tried  current cost 4
    W_14: 51990s  117,974,966,400 steps   601461 feasible sets         0 orders tried  current cost 7
    W_14: 52005s  118,009,678,800 steps   601658 feasible sets         0 orders tried  current cost 3
    W_14: 52020s  118,044,368,200 steps   601822 feasible sets         0 orders tried  current cost 6
    W_14: 52035s  118,079,112,600 steps   602026 feasible sets         0 orders tried  current cost 3
    W_14: 52050s  118,113,603,800 steps   602182 feasible sets         0 orders tried  current cost 10
    W_14: 52065s  118,148,285,400 steps   602371 feasible sets         0 orders tried  current cost 8
    W_14: 52080s  118,182,932,400 steps   602584 feasible sets         0 orders tried  current cost 2
    W_14: 52095s  118,217,661,400 steps   602753 feasible sets         0 orders tried  current cost 12
    W_14: 52110s  118,251,656,400 steps   602953 feasible sets         0 orders tried  current cost 1
    W_14: 52125s  118,285,844,400 steps   603106 feasible sets         0 orders tried  current cost 11
    W_14: 52140s  118,320,237,600 steps   603269 feasible sets         0 orders tried  current cost 4
    W_14: 52155s  118,354,517,800 steps   603407 feasible sets         0 orders tried  current cost 2
    W_14: 52170s  118,388,970,000 steps   603589 feasible sets         0 orders tried  current cost 5
    W_14: 52185s  118,423,773,000 steps   603761 feasible sets         0 orders tried  current cost 4
    W_14: 52200s  118,457,900,400 steps   603907 feasible sets         0 orders tried  current cost 15
    W_14: 52215s  118,492,470,000 steps   604087 feasible sets         0 orders tried  current cost 6
    W_14: 52230s  118,526,942,800 steps   604281 feasible sets         0 orders tried  current cost 8
    W_14: 52245s  118,561,685,000 steps   604488 feasible sets         0 orders tried  current cost 7
    W_14: 52260s  118,596,102,000 steps   604643 feasible sets         0 orders tried  current cost 10
    W_14: 52275s  118,630,301,400 steps   604838 feasible sets         0 orders tried  current cost 12
    W_14: 52290s  118,664,909,000 steps   605012 feasible sets         0 orders tried  current cost 8
    W_14: 52305s  118,699,219,800 steps   605196 feasible sets         0 orders tried  current cost 4
    W_14: 52320s  118,733,481,400 steps   605399 feasible sets         0 orders tried  current cost 9
    W_14: 52335s  118,767,469,200 steps   605569 feasible sets         0 orders tried  current cost 4
    W_14: 52350s  118,802,014,200 steps   605744 feasible sets         0 orders tried  current cost 1
    W_14: 52365s  118,836,447,800 steps   605875 feasible sets         0 orders tried  current cost 7
    W_14: 52380s  118,870,902,600 steps   606055 feasible sets         0 orders tried  current cost 9
    W_14: 52395s  118,905,683,600 steps   606214 feasible sets         0 orders tried  current cost 10
    W_14: 52410s  118,940,102,600 steps   606382 feasible sets         0 orders tried  current cost 13
    W_14: 52425s  118,974,605,000 steps   606551 feasible sets         0 orders tried  current cost 5
    W_14: 52440s  119,008,954,600 steps   606759 feasible sets         0 orders tried  current cost 4
    W_14: 52455s  119,043,563,400 steps   606919 feasible sets         0 orders tried  current cost 15
    W_14: 52470s  119,078,007,600 steps   607113 feasible sets         0 orders tried  current cost 4
    W_14: 52485s  119,112,679,000 steps   607264 feasible sets         0 orders tried  current cost 3
    W_14: 52500s  119,147,819,400 steps   607451 feasible sets         0 orders tried  current cost 3
    W_14: 52515s  119,182,673,800 steps   607606 feasible sets         0 orders tried  current cost 2
    W_14: 52530s  119,217,675,000 steps   607809 feasible sets         0 orders tried  current cost 2
    W_14: 52545s  119,252,025,800 steps   607961 feasible sets         0 orders tried  current cost 9
    W_14: 52560s  119,286,467,000 steps   608110 feasible sets         0 orders tried  current cost 7
    W_14: 52575s  119,321,140,800 steps   608261 feasible sets         0 orders tried  current cost 15
    W_14: 52590s  119,355,537,200 steps   608456 feasible sets         0 orders tried  current cost 2
    W_14: 52605s  119,390,435,000 steps   608579 feasible sets         0 orders tried  current cost 3
    W_14: 52620s  119,425,031,000 steps   608751 feasible sets         0 orders tried  current cost 1
    W_14: 52635s  119,459,337,200 steps   608894 feasible sets         0 orders tried  current cost 3
    W_14: 52650s  119,493,958,400 steps   609065 feasible sets         0 orders tried  current cost 1
    W_14: 52665s  119,528,464,800 steps   609263 feasible sets         0 orders tried  current cost 4
    W_14: 52680s  119,563,034,400 steps   609445 feasible sets         0 orders tried  current cost 2
    W_14: 52695s  119,597,700,400 steps   609681 feasible sets         0 orders tried  current cost 12
    W_14: 52710s  119,632,432,000 steps   609865 feasible sets         0 orders tried  current cost 3
    W_14: 52725s  119,667,304,000 steps   610019 feasible sets         0 orders tried  current cost 14
    W_14: 52740s  119,701,806,800 steps   610195 feasible sets         0 orders tried  current cost 8
    W_14: 52755s  119,736,120,400 steps   610402 feasible sets         0 orders tried  current cost 14
    W_14: 52770s  119,770,604,200 steps   610579 feasible sets         0 orders tried  current cost 10
    W_14: 52785s  119,804,936,800 steps   610744 feasible sets         0 orders tried  current cost 3
    W_14: 52800s  119,839,386,400 steps   610905 feasible sets         0 orders tried  current cost 7
    W_14: 52815s  119,874,283,200 steps   611077 feasible sets         0 orders tried  current cost 10
    W_14: 52830s  119,908,943,200 steps   611261 feasible sets         0 orders tried  current cost 7
    W_14: 52845s  119,943,420,400 steps   611431 feasible sets         0 orders tried  current cost 10
    W_14: 52860s  119,978,200,200 steps   611586 feasible sets         0 orders tried  current cost 13
    W_14: 52875s  120,012,416,000 steps   611754 feasible sets         0 orders tried  current cost 4
    W_14: 52890s  120,047,020,800 steps   611922 feasible sets         0 orders tried  current cost 14
    W_14: 52905s  120,081,529,800 steps   612077 feasible sets         0 orders tried  current cost 4
    W_14: 52920s  120,115,956,200 steps   612241 feasible sets         0 orders tried  current cost 2
    W_14: 52935s  120,150,905,000 steps   612439 feasible sets         0 orders tried  current cost 10
    W_14: 52950s  120,185,159,200 steps   612604 feasible sets         0 orders tried  current cost 3
    W_14: 52965s  120,219,648,600 steps   612772 feasible sets         0 orders tried  current cost 3
    W_14: 52980s  120,254,116,800 steps   612953 feasible sets         0 orders tried  current cost 3
    W_14: 52995s  120,288,355,000 steps   613098 feasible sets         0 orders tried  current cost 3
    W_14: 53010s  120,322,827,000 steps   613289 feasible sets         0 orders tried  current cost 8
    W_14: 53025s  120,357,209,600 steps   613473 feasible sets         0 orders tried  current cost 2
    W_14: 53040s  120,392,020,200 steps   613667 feasible sets         0 orders tried  current cost 15
    W_14: 53055s  120,426,466,600 steps   613818 feasible sets         0 orders tried  current cost 8
    W_14: 53070s  120,461,404,200 steps   613975 feasible sets         0 orders tried  current cost 12
    W_14: 53085s  120,495,906,000 steps   614180 feasible sets         0 orders tried  current cost 7
    W_14: 53100s  120,530,014,600 steps   614361 feasible sets         0 orders tried  current cost 1
    W_14: 53115s  120,564,373,400 steps   614527 feasible sets         0 orders tried  current cost 3
    W_14: 53130s  120,598,917,800 steps   614701 feasible sets         0 orders tried  current cost 4
    W_14: 53145s  120,633,181,800 steps   614866 feasible sets         0 orders tried  current cost 12
    W_14: 53160s  120,667,687,000 steps   615063 feasible sets         0 orders tried  current cost 6
    W_14: 53175s  120,702,547,800 steps   615218 feasible sets         0 orders tried  current cost 10
    W_14: 53190s  120,736,693,200 steps   615403 feasible sets         0 orders tried  current cost 2
    W_14: 53205s  120,770,986,600 steps   615560 feasible sets         0 orders tried  current cost 5
    W_14: 53220s  120,805,919,400 steps   615727 feasible sets         0 orders tried  current cost 3
    W_14: 53235s  120,840,389,000 steps   615910 feasible sets         0 orders tried  current cost 5
    W_14: 53250s  120,875,060,400 steps   616087 feasible sets         0 orders tried  current cost 14
    W_14: 53265s  120,909,904,000 steps   616238 feasible sets         0 orders tried  current cost 10
    W_14: 53280s  120,944,717,800 steps   616427 feasible sets         0 orders tried  current cost 2
    W_14: 53295s  120,979,549,800 steps   616611 feasible sets         0 orders tried  current cost 3
    W_14: 53310s  121,013,590,200 steps   616801 feasible sets         0 orders tried  current cost 3
    W_14: 53325s  121,048,097,400 steps   616995 feasible sets         0 orders tried  current cost 1
    W_14: 53340s  121,083,040,200 steps   617199 feasible sets         0 orders tried  current cost 7
    W_14: 53355s  121,117,972,400 steps   617378 feasible sets         0 orders tried  current cost 4
    W_14: 53370s  121,152,617,600 steps   617535 feasible sets         0 orders tried  current cost 3
    W_14: 53385s  121,187,238,600 steps   617671 feasible sets         0 orders tried  current cost 3
    W_14: 53400s  121,221,898,000 steps   617877 feasible sets         0 orders tried  current cost 1
    W_14: 53415s  121,256,098,800 steps   618037 feasible sets         0 orders tried  current cost 2
    W_14: 53430s  121,290,646,800 steps   618232 feasible sets         0 orders tried  current cost 8
    W_14: 53445s  121,325,048,200 steps   618422 feasible sets         0 orders tried  current cost 6
    W_14: 53460s  121,358,963,400 steps   618633 feasible sets         0 orders tried  current cost 13
    W_14: 53475s  121,393,356,600 steps   618836 feasible sets         0 orders tried  current cost 1
    W_14: 53490s  121,427,687,200 steps   619037 feasible sets         0 orders tried  current cost 6
    W_14: 53505s  121,462,534,800 steps   619225 feasible sets         0 orders tried  current cost 3
    W_14: 53520s  121,496,973,400 steps   619425 feasible sets         0 orders tried  current cost 2
    W_14: 53535s  121,531,633,800 steps   619603 feasible sets         0 orders tried  current cost 3
    W_14: 53550s  121,566,373,600 steps   619765 feasible sets         0 orders tried  current cost 4
    W_14: 53565s  121,600,972,000 steps   619905 feasible sets         0 orders tried  current cost 4
    W_14: 53580s  121,635,445,000 steps   620097 feasible sets         0 orders tried  current cost 12
    W_14: 53595s  121,669,732,600 steps   620248 feasible sets         0 orders tried  current cost 4
    W_14: 53610s  121,704,326,200 steps   620415 feasible sets         0 orders tried  current cost 10
    W_14: 53625s  121,738,173,000 steps   620600 feasible sets         0 orders tried  current cost 4
    W_14: 53640s  121,772,806,000 steps   620828 feasible sets         0 orders tried  current cost 7
    W_14: 53655s  121,807,110,400 steps   621020 feasible sets         0 orders tried  current cost 3
    W_14: 53670s  121,841,655,600 steps   621182 feasible sets         0 orders tried  current cost 3
    W_14: 53685s  121,876,251,600 steps   621380 feasible sets         0 orders tried  current cost 3
    W_14: 53700s  121,910,713,800 steps   621543 feasible sets         0 orders tried  current cost 3
    W_14: 53715s  121,944,888,600 steps   621703 feasible sets         0 orders tried  current cost 5
    W_14: 53730s  121,979,316,600 steps   621839 feasible sets         0 orders tried  current cost 2
    W_14: 53745s  122,014,050,400 steps   622015 feasible sets         0 orders tried  current cost 4
    W_14: 53760s  122,048,293,600 steps   622211 feasible sets         0 orders tried  current cost 5
    W_14: 53775s  122,082,967,400 steps   622374 feasible sets         0 orders tried  current cost 8
    W_14: 53790s  122,115,344,000 steps   622540 feasible sets         0 orders tried  current cost 10
    W_14: 53805s  122,149,704,400 steps   622744 feasible sets         0 orders tried  current cost 12
    W_14: 53820s  122,183,771,000 steps   622912 feasible sets         0 orders tried  current cost 2
    W_14: 53835s  122,218,332,000 steps   623095 feasible sets         0 orders tried  current cost 5
    W_14: 53850s  122,252,010,000 steps   623263 feasible sets         0 orders tried  current cost 5
    W_14: 53865s  122,286,483,600 steps   623439 feasible sets         0 orders tried  current cost 6
    W_14: 53880s  122,321,093,400 steps   623632 feasible sets         0 orders tried  current cost 4
    W_14: 53895s  122,355,888,400 steps   623816 feasible sets         0 orders tried  current cost 6
    W_14: 53910s  122,389,866,200 steps   624008 feasible sets         0 orders tried  current cost 7
    W_14: 53925s  122,424,190,800 steps   624167 feasible sets         0 orders tried  current cost 5
    W_14: 53940s  122,458,609,000 steps   624303 feasible sets         0 orders tried  current cost 7
    W_14: 53955s  122,492,950,800 steps   624461 feasible sets         0 orders tried  current cost 3
    W_14: 53970s  122,527,165,200 steps   624665 feasible sets         0 orders tried  current cost 10
    W_14: 53985s  122,561,190,800 steps   624811 feasible sets         0 orders tried  current cost 2
    W_14: 54000s  122,595,645,400 steps   625003 feasible sets         0 orders tried  current cost 12
    W_14: 54015s  122,629,822,400 steps   625239 feasible sets         0 orders tried  current cost 16
    W_14: 54030s  122,663,923,800 steps   625371 feasible sets         0 orders tried  current cost 15
    W_14: 54045s  122,698,349,600 steps   625547 feasible sets         0 orders tried  current cost 5
    W_14: 54060s  122,731,984,000 steps   625696 feasible sets         0 orders tried  current cost 12
    W_14: 54075s  122,764,209,000 steps   625878 feasible sets         0 orders tried  current cost 7
    W_14: 54090s  122,797,710,400 steps   626019 feasible sets         0 orders tried  current cost 2
    W_14: 54105s  122,831,601,000 steps   626199 feasible sets         0 orders tried  current cost 14
    W_14: 54120s  122,866,061,000 steps   626350 feasible sets         0 orders tried  current cost 12
    W_14: 54135s  122,900,944,400 steps   626531 feasible sets         0 orders tried  current cost 14
    W_14: 54150s  122,935,218,800 steps   626734 feasible sets         0 orders tried  current cost 1
    W_14: 54165s  122,969,571,800 steps   626919 feasible sets         0 orders tried  current cost 5
    W_14: 54180s  123,003,867,000 steps   627069 feasible sets         0 orders tried  current cost 6
    W_14: 54195s  123,038,010,400 steps   627251 feasible sets         0 orders tried  current cost 5
    W_14: 54210s  123,071,876,600 steps   627400 feasible sets         0 orders tried  current cost 3
    W_14: 54225s  123,105,274,000 steps   627577 feasible sets         0 orders tried  current cost 5
    W_14: 54240s  123,139,150,600 steps   627730 feasible sets         0 orders tried  current cost 4
    W_14: 54255s  123,173,528,800 steps   627929 feasible sets         0 orders tried  current cost 5
    W_14: 54270s  123,207,399,600 steps   628102 feasible sets         0 orders tried  current cost 3
    W_14: 54285s  123,241,647,000 steps   628274 feasible sets         0 orders tried  current cost 5
    W_14: 54300s  123,275,799,000 steps   628469 feasible sets         0 orders tried  current cost 2
    W_14: 54315s  123,309,998,200 steps   628643 feasible sets         0 orders tried  current cost 2
    W_14: 54330s  123,343,696,200 steps   628804 feasible sets         0 orders tried  current cost 4
    W_14: 54345s  123,377,625,000 steps   628988 feasible sets         0 orders tried  current cost 8
    W_14: 54360s  123,410,923,200 steps   629176 feasible sets         0 orders tried  current cost 13
    W_14: 54375s  123,442,655,000 steps   629338 feasible sets         0 orders tried  current cost 2
    W_14: 54390s  123,476,180,200 steps   629479 feasible sets         0 orders tried  current cost 14
    W_14: 54405s  123,510,340,000 steps   629670 feasible sets         0 orders tried  current cost 1
    W_14: 54420s  123,543,956,400 steps   629843 feasible sets         0 orders tried  current cost 1
    W_14: 54435s  123,577,668,000 steps   630021 feasible sets         0 orders tried  current cost 7
    W_14: 54450s  123,611,676,800 steps   630214 feasible sets         0 orders tried  current cost 5
    W_14: 54465s  123,645,554,000 steps   630374 feasible sets         0 orders tried  current cost 4
    W_14: 54480s  123,679,613,600 steps   630586 feasible sets         0 orders tried  current cost 2
    W_14: 54495s  123,714,021,800 steps   630748 feasible sets         0 orders tried  current cost 16
    W_14: 54510s  123,748,322,000 steps   630924 feasible sets         0 orders tried  current cost 15
    W_14: 54525s  123,782,869,600 steps   631082 feasible sets         0 orders tried  current cost 2
    W_14: 54540s  123,816,962,000 steps   631278 feasible sets         0 orders tried  current cost 17
    W_14: 54555s  123,851,285,600 steps   631468 feasible sets         0 orders tried  current cost 8
    W_14: 54570s  123,885,671,600 steps   631641 feasible sets         0 orders tried  current cost 5
    W_14: 54585s  123,919,977,200 steps   631789 feasible sets         0 orders tried  current cost 2
    W_14: 54600s  123,953,983,000 steps   631974 feasible sets         0 orders tried  current cost 11
    W_14: 54615s  123,987,628,200 steps   632125 feasible sets         0 orders tried  current cost 5
    W_14: 54630s  124,021,854,600 steps   632269 feasible sets         0 orders tried  current cost 4
    W_14: 54645s  124,055,648,000 steps   632440 feasible sets         0 orders tried  current cost 3
    W_14: 54660s  124,089,911,400 steps   632632 feasible sets         0 orders tried  current cost 4
    W_14: 54675s  124,124,322,800 steps   632799 feasible sets         0 orders tried  current cost 14
    W_14: 54690s  124,158,636,800 steps   633012 feasible sets         0 orders tried  current cost 3
    W_14: 54705s  124,193,005,400 steps   633187 feasible sets         0 orders tried  current cost 10
    W_14: 54720s  124,227,819,400 steps   633345 feasible sets         0 orders tried  current cost 3
    W_14: 54735s  124,261,476,800 steps   633516 feasible sets         0 orders tried  current cost 3
    W_14: 54750s  124,295,485,800 steps   633695 feasible sets         0 orders tried  current cost 6
    W_14: 54765s  124,328,780,800 steps   633877 feasible sets         0 orders tried  current cost 19
    W_14: 54780s  124,359,837,800 steps   634011 feasible sets         0 orders tried  current cost 2
    W_14: 54795s  124,393,482,200 steps   634235 feasible sets         0 orders tried  current cost 12
    W_14: 54810s  124,427,212,000 steps   634415 feasible sets         0 orders tried  current cost 3
    W_14: 54825s  124,461,513,600 steps   634555 feasible sets         0 orders tried  current cost 4
    W_14: 54840s  124,495,721,800 steps   634720 feasible sets         0 orders tried  current cost 15
    W_14: 54855s  124,529,908,600 steps   634876 feasible sets         0 orders tried  current cost 5
    W_14: 54870s  124,564,089,000 steps   635016 feasible sets         0 orders tried  current cost 5
    W_14: 54885s  124,597,503,000 steps   635224 feasible sets         0 orders tried  current cost 12
    W_14: 54900s  124,631,374,400 steps   635402 feasible sets         0 orders tried  current cost 4
    W_14: 54915s  124,665,753,400 steps   635608 feasible sets         0 orders tried  current cost 2
    W_14: 54930s  124,699,899,000 steps   635758 feasible sets         0 orders tried  current cost 2
    W_14: 54945s  124,733,559,600 steps   635943 feasible sets         0 orders tried  current cost 2
    W_14: 54960s  124,766,671,600 steps   636111 feasible sets         0 orders tried  current cost 4
    W_14: 54975s  124,800,262,400 steps   636284 feasible sets         0 orders tried  current cost 13
    W_14: 54990s  124,832,909,600 steps   636424 feasible sets         0 orders tried  current cost 6
    W_14: 55005s  124,863,344,800 steps   636568 feasible sets         0 orders tried  current cost 11
    W_14: 55020s  124,894,330,400 steps   636717 feasible sets         0 orders tried  current cost 2
    W_14: 55035s  124,927,852,600 steps   636901 feasible sets         0 orders tried  current cost 4
    W_14: 55050s  124,961,984,600 steps   637093 feasible sets         0 orders tried  current cost 9
    W_14: 55065s  124,995,802,400 steps   637247 feasible sets         0 orders tried  current cost 18
    W_14: 55080s  125,029,937,800 steps   637372 feasible sets         0 orders tried  current cost 2
    W_14: 55095s  125,064,018,600 steps   637542 feasible sets         0 orders tried  current cost 2
    W_14: 55110s  125,098,101,800 steps   637726 feasible sets         0 orders tried  current cost 10
    W_14: 55125s  125,131,996,800 steps   637917 feasible sets         0 orders tried  current cost 2
    W_14: 55140s  125,165,728,800 steps   638097 feasible sets         0 orders tried  current cost 7
    W_14: 55155s  125,199,315,800 steps   638253 feasible sets         0 orders tried  current cost 1
    W_14: 55170s  125,234,192,400 steps   638446 feasible sets         0 orders tried  current cost 4
    W_14: 55185s  125,269,342,200 steps   638645 feasible sets         0 orders tried  current cost 14
    W_14: 55200s  125,304,616,800 steps   638849 feasible sets         0 orders tried  current cost 3
    W_14: 55215s  125,339,724,800 steps   639055 feasible sets         0 orders tried  current cost 10
    W_14: 55230s  125,374,941,800 steps   639286 feasible sets         0 orders tried  current cost 12
    W_14: 55245s  125,409,840,600 steps   639452 feasible sets         0 orders tried  current cost 12
    W_14: 55260s  125,444,630,200 steps   639607 feasible sets         0 orders tried  current cost 3
    W_14: 55275s  125,479,530,200 steps   639807 feasible sets         0 orders tried  current cost 5
    W_14: 55290s  125,514,662,800 steps   639950 feasible sets         0 orders tried  current cost 13
    W_14: 55305s  125,549,796,600 steps   640141 feasible sets         0 orders tried  current cost 3
    W_14: 55320s  125,585,103,600 steps   640336 feasible sets         0 orders tried  current cost 12
    W_14: 55335s  125,620,386,200 steps   640518 feasible sets         0 orders tried  current cost 7
    W_14: 55350s  125,655,184,600 steps   640663 feasible sets         0 orders tried  current cost 11
    W_14: 55365s  125,689,858,000 steps   640805 feasible sets         0 orders tried  current cost 1
    W_14: 55380s  125,724,976,800 steps   641019 feasible sets         0 orders tried  current cost 3
    W_14: 55395s  125,760,078,400 steps   641204 feasible sets         0 orders tried  current cost 3
    W_14: 55410s  125,795,219,800 steps   641368 feasible sets         0 orders tried  current cost 2
    W_14: 55425s  125,829,929,400 steps   641515 feasible sets         0 orders tried  current cost 5
    W_14: 55440s  125,865,124,600 steps   641681 feasible sets         0 orders tried  current cost 8
    W_14: 55455s  125,900,072,800 steps   641834 feasible sets         0 orders tried  current cost 3
    W_14: 55470s  125,934,887,800 steps   641991 feasible sets         0 orders tried  current cost 6
    W_14: 55485s  125,970,014,800 steps   642177 feasible sets         0 orders tried  current cost 4
    W_14: 55500s  126,004,842,000 steps   642359 feasible sets         0 orders tried  current cost 12
    W_14: 55515s  126,039,297,000 steps   642532 feasible sets         0 orders tried  current cost 2
    W_14: 55530s  126,074,356,200 steps   642701 feasible sets         0 orders tried  current cost 4
    W_14: 55545s  126,109,715,000 steps   642893 feasible sets         0 orders tried  current cost 4
    W_14: 55560s  126,144,798,400 steps   643071 feasible sets         0 orders tried  current cost 2
    W_14: 55575s  126,179,901,400 steps   643280 feasible sets         0 orders tried  current cost 14
    W_14: 55590s  126,215,133,800 steps   643479 feasible sets         0 orders tried  current cost 4
    W_14: 55605s  126,250,041,200 steps   643696 feasible sets         0 orders tried  current cost 17
    W_14: 55620s  126,285,114,800 steps   643882 feasible sets         0 orders tried  current cost 4
    W_14: 55635s  126,320,057,000 steps   644053 feasible sets         0 orders tried  current cost 2
    W_14: 55650s  126,355,046,000 steps   644228 feasible sets         0 orders tried  current cost 9
    W_14: 55665s  126,389,748,000 steps   644449 feasible sets         0 orders tried  current cost 9
    W_14: 55680s  126,424,835,600 steps   644647 feasible sets         0 orders tried  current cost 1
    W_14: 55695s  126,460,085,400 steps   644789 feasible sets         0 orders tried  current cost 8
    W_14: 55710s  126,494,817,200 steps   644972 feasible sets         0 orders tried  current cost 2
    W_14: 55725s  126,529,992,400 steps   645188 feasible sets         0 orders tried  current cost 1
    W_14: 55740s  126,565,282,800 steps   645360 feasible sets         0 orders tried  current cost 6
    W_14: 55755s  126,600,456,000 steps   645555 feasible sets         0 orders tried  current cost 3
    W_14: 55770s  126,635,291,200 steps   645751 feasible sets         0 orders tried  current cost 3
    W_14: 55785s  126,670,321,400 steps   645945 feasible sets         0 orders tried  current cost 9
    W_14: 55800s  126,705,193,200 steps   646126 feasible sets         0 orders tried  current cost 4
    W_14: 55815s  126,739,809,000 steps   646293 feasible sets         0 orders tried  current cost 5
    W_14: 55830s  126,774,884,600 steps   646477 feasible sets         0 orders tried  current cost 6
    W_14: 55845s  126,809,795,600 steps   646673 feasible sets         0 orders tried  current cost 1
    W_14: 55860s  126,845,018,200 steps   646844 feasible sets         0 orders tried  current cost 4
    W_14: 55875s  126,880,037,600 steps   647018 feasible sets         0 orders tried  current cost 3
    W_14: 55890s  126,915,093,200 steps   647204 feasible sets         0 orders tried  current cost 3
    W_14: 55905s  126,950,441,000 steps   647391 feasible sets         0 orders tried  current cost 11
    W_14: 55920s  126,985,755,400 steps   647585 feasible sets         0 orders tried  current cost 3
    W_14: 55935s  127,020,339,600 steps   647746 feasible sets         0 orders tried  current cost 3
    W_14: 55950s  127,055,375,800 steps   647909 feasible sets         0 orders tried  current cost 3
    W_14: 55965s  127,090,217,600 steps   648074 feasible sets         0 orders tried  current cost 4
    W_14: 55980s  127,125,145,800 steps   648237 feasible sets         0 orders tried  current cost 12
    W_14: 55995s  127,160,754,800 steps   648425 feasible sets         0 orders tried  current cost 4
    W_14: 56010s  127,195,809,600 steps   648599 feasible sets         0 orders tried  current cost 5
    W_14: 56025s  127,231,191,600 steps   648779 feasible sets         0 orders tried  current cost 4
    W_14: 56040s  127,266,111,400 steps   648936 feasible sets         0 orders tried  current cost 3
    W_14: 56055s  127,301,148,000 steps   649127 feasible sets         0 orders tried  current cost 8
    W_14: 56070s  127,336,149,800 steps   649255 feasible sets         0 orders tried  current cost 4
    W_14: 56085s  127,370,759,200 steps   649447 feasible sets         0 orders tried  current cost 4
    W_14: 56100s  127,405,730,400 steps   649606 feasible sets         0 orders tried  current cost 4
    W_14: 56115s  127,440,671,000 steps   649804 feasible sets         0 orders tried  current cost 6
    W_14: 56130s  127,476,128,600 steps   649972 feasible sets         0 orders tried  current cost 4
    W_14: 56145s  127,510,769,000 steps   650161 feasible sets         0 orders tried  current cost 4
    W_14: 56160s  127,545,978,400 steps   650345 feasible sets         0 orders tried  current cost 4
    W_14: 56175s  127,580,769,200 steps   650506 feasible sets         0 orders tried  current cost 5
    W_14: 56190s  127,615,700,600 steps   650670 feasible sets         0 orders tried  current cost 15
    W_14: 56205s  127,651,091,800 steps   650875 feasible sets         0 orders tried  current cost 5
    W_14: 56220s  127,686,263,400 steps   651082 feasible sets         0 orders tried  current cost 10
    W_14: 56235s  127,721,232,400 steps   651252 feasible sets         0 orders tried  current cost 2
    W_14: 56250s  127,756,237,200 steps   651444 feasible sets         0 orders tried  current cost 3
    W_14: 56265s  127,791,015,400 steps   651632 feasible sets         0 orders tried  current cost 3
    W_14: 56280s  127,826,032,600 steps   651796 feasible sets         0 orders tried  current cost 4
    W_14: 56295s  127,860,832,200 steps   651952 feasible sets         0 orders tried  current cost 3
    W_14: 56310s  127,895,874,000 steps   652120 feasible sets         0 orders tried  current cost 1
    W_14: 56325s  127,930,919,200 steps   652267 feasible sets         0 orders tried  current cost 4
    W_14: 56340s  127,965,899,000 steps   652440 feasible sets         0 orders tried  current cost 4
    W_14: 56355s  128,000,957,000 steps   652638 feasible sets         0 orders tried  current cost 3
    W_14: 56370s  128,036,224,400 steps   652836 feasible sets         0 orders tried  current cost 13
    W_14: 56385s  128,071,190,600 steps   653008 feasible sets         0 orders tried  current cost 4
    W_14: 56400s  128,106,076,800 steps   653178 feasible sets         0 orders tried  current cost 3
    W_14: 56415s  128,141,068,600 steps   653343 feasible sets         0 orders tried  current cost 6
    W_14: 56430s  128,175,542,400 steps   653496 feasible sets         0 orders tried  current cost 9
    W_14: 56445s  128,210,578,400 steps   653690 feasible sets         0 orders tried  current cost 4
    W_14: 56460s  128,245,205,800 steps   653900 feasible sets         0 orders tried  current cost 6
    W_14: 56475s  128,279,879,000 steps   654085 feasible sets         0 orders tried  current cost 3
    W_14: 56490s  128,314,918,800 steps   654238 feasible sets         0 orders tried  current cost 1
    W_14: 56505s  128,349,841,400 steps   654423 feasible sets         0 orders tried  current cost 11
    W_14: 56520s  128,384,996,800 steps   654600 feasible sets         0 orders tried  current cost 4
    W_14: 56535s  128,419,809,800 steps   654742 feasible sets         0 orders tried  current cost 4
    W_14: 56550s  128,454,594,600 steps   654897 feasible sets         0 orders tried  current cost 1
    W_14: 56565s  128,489,541,400 steps   655039 feasible sets         0 orders tried  current cost 12
    W_14: 56580s  128,524,092,000 steps   655236 feasible sets         0 orders tried  current cost 1
    W_14: 56595s  128,558,717,400 steps   655408 feasible sets         0 orders tried  current cost 2
    W_14: 56610s  128,593,754,600 steps   655569 feasible sets         0 orders tried  current cost 4
    W_14: 56625s  128,628,913,200 steps   655735 feasible sets         0 orders tried  current cost 4
    W_14: 56640s  128,663,719,800 steps   655913 feasible sets         0 orders tried  current cost 3
    W_14: 56655s  128,698,636,200 steps   656113 feasible sets         0 orders tried  current cost 4
    W_14: 56670s  128,733,913,400 steps   656265 feasible sets         0 orders tried  current cost 2
    W_14: 56685s  128,768,938,800 steps   656439 feasible sets         0 orders tried  current cost 3
    W_14: 56700s  128,803,881,600 steps   656611 feasible sets         0 orders tried  current cost 10
    W_14: 56715s  128,839,204,800 steps   656807 feasible sets         0 orders tried  current cost 8
    W_14: 56730s  128,874,128,800 steps   656999 feasible sets         0 orders tried  current cost 2
    W_14: 56745s  128,909,217,800 steps   657109 feasible sets         0 orders tried  current cost 1
    W_14: 56760s  128,943,970,600 steps   657263 feasible sets         0 orders tried  current cost 7
    W_14: 56775s  128,978,811,600 steps   657457 feasible sets         0 orders tried  current cost 4
    W_14: 56790s  129,013,985,400 steps   657653 feasible sets         0 orders tried  current cost 11
    W_14: 56805s  129,048,850,400 steps   657801 feasible sets         0 orders tried  current cost 2
    W_14: 56820s  129,083,784,400 steps   657991 feasible sets         0 orders tried  current cost 11
    W_14: 56835s  129,118,501,200 steps   658178 feasible sets         0 orders tried  current cost 11
    W_14: 56850s  129,153,482,000 steps   658360 feasible sets         0 orders tried  current cost 12
    W_14: 56865s  129,188,207,800 steps   658517 feasible sets         0 orders tried  current cost 8
    W_14: 56880s  129,223,140,200 steps   658648 feasible sets         0 orders tried  current cost 15
    W_14: 56895s  129,257,788,000 steps   658807 feasible sets         0 orders tried  current cost 6
    W_14: 56910s  129,292,827,000 steps   658977 feasible sets         0 orders tried  current cost 6
    W_14: 56925s  129,328,135,400 steps   659159 feasible sets         0 orders tried  current cost 5
    W_14: 56940s  129,363,344,400 steps   659410 feasible sets         0 orders tried  current cost 11
    W_14: 56955s  129,398,326,600 steps   659564 feasible sets         0 orders tried  current cost 11
    W_14: 56970s  129,433,236,600 steps   659721 feasible sets         0 orders tried  current cost 6
    W_14: 56985s  129,468,403,600 steps   659910 feasible sets         0 orders tried  current cost 10
    W_14: 57000s  129,503,607,800 steps   660102 feasible sets         0 orders tried  current cost 10
    W_14: 57015s  129,538,663,000 steps   660270 feasible sets         0 orders tried  current cost 12
    W_14: 57030s  129,573,794,200 steps   660460 feasible sets         0 orders tried  current cost 4
    W_14: 57045s  129,608,910,000 steps   660643 feasible sets         0 orders tried  current cost 2
    W_14: 57060s  129,644,131,400 steps   660884 feasible sets         0 orders tried  current cost 2
    W_14: 57075s  129,679,045,800 steps   661015 feasible sets         0 orders tried  current cost 2
    W_14: 57090s  129,714,004,800 steps   661191 feasible sets         0 orders tried  current cost 8
    W_14: 57105s  129,749,044,200 steps   661381 feasible sets         0 orders tried  current cost 9
    W_14: 57120s  129,784,230,200 steps   661546 feasible sets         0 orders tried  current cost 5
    W_14: 57135s  129,819,109,800 steps   661760 feasible sets         0 orders tried  current cost 6
    W_14: 57150s  129,854,539,400 steps   661941 feasible sets         0 orders tried  current cost 4
    W_14: 57165s  129,889,354,000 steps   662108 feasible sets         0 orders tried  current cost 4
    W_14: 57180s  129,924,402,200 steps   662290 feasible sets         0 orders tried  current cost 14
    W_14: 57195s  129,959,476,800 steps   662489 feasible sets         0 orders tried  current cost 2
    W_14: 57210s  129,994,673,800 steps   662677 feasible sets         0 orders tried  current cost 2
    W_14: 57225s  130,029,629,200 steps   662843 feasible sets         0 orders tried  current cost 6
    W_14: 57240s  130,064,400,200 steps   663009 feasible sets         0 orders tried  current cost 11
    W_14: 57255s  130,099,778,200 steps   663191 feasible sets         0 orders tried  current cost 2
    W_14: 57270s  130,135,048,600 steps   663346 feasible sets         0 orders tried  current cost 6
    W_14: 57285s  130,170,263,400 steps   663524 feasible sets         0 orders tried  current cost 10
    W_14: 57300s  130,205,377,400 steps   663722 feasible sets         0 orders tried  current cost 4
    W_14: 57315s  130,240,725,200 steps   663882 feasible sets         0 orders tried  current cost 9
    W_14: 57330s  130,275,950,600 steps   664090 feasible sets         0 orders tried  current cost 4
    W_14: 57345s  130,311,484,200 steps   664308 feasible sets         0 orders tried  current cost 7
    W_14: 57360s  130,346,267,800 steps   664478 feasible sets         0 orders tried  current cost 5
    W_14: 57375s  130,381,455,600 steps   664699 feasible sets         0 orders tried  current cost 3
    W_14: 57390s  130,416,480,600 steps   664866 feasible sets         0 orders tried  current cost 14
    W_14: 57405s  130,451,879,600 steps   665015 feasible sets         0 orders tried  current cost 3
    W_14: 57420s  130,486,976,600 steps   665197 feasible sets         0 orders tried  current cost 4
    W_14: 57435s  130,522,082,000 steps   665384 feasible sets         0 orders tried  current cost 12
    W_14: 57450s  130,557,349,400 steps   665547 feasible sets         0 orders tried  current cost 2
    W_14: 57465s  130,592,695,800 steps   665721 feasible sets         0 orders tried  current cost 5
    W_14: 57480s  130,628,179,400 steps   665893 feasible sets         0 orders tried  current cost 3
    W_14: 57495s  130,663,344,800 steps   666065 feasible sets         0 orders tried  current cost 10
    W_14: 57510s  130,698,978,000 steps   666227 feasible sets         0 orders tried  current cost 5
    W_14: 57525s  130,734,077,800 steps   666418 feasible sets         0 orders tried  current cost 2
    W_14: 57540s  130,769,485,200 steps   666592 feasible sets         0 orders tried  current cost 8
    W_14: 57555s  130,804,546,000 steps   666732 feasible sets         0 orders tried  current cost 10
    W_14: 57570s  130,839,203,200 steps   666902 feasible sets         0 orders tried  current cost 8
    W_14: 57585s  130,874,745,200 steps   667078 feasible sets         0 orders tried  current cost 8
    W_14: 57600s  130,910,021,200 steps   667250 feasible sets         0 orders tried  current cost 15
    W_14: 57615s  130,945,059,600 steps   667437 feasible sets         0 orders tried  current cost 3
    W_14: 57630s  130,980,280,200 steps   667590 feasible sets         0 orders tried  current cost 11
    W_14: 57645s  131,015,600,200 steps   667755 feasible sets         0 orders tried  current cost 16
    W_14: 57660s  131,050,924,600 steps   667934 feasible sets         0 orders tried  current cost 12
    W_14: 57675s  131,085,743,400 steps   668093 feasible sets         0 orders tried  current cost 7
    W_14: 57690s  131,120,525,600 steps   668253 feasible sets         0 orders tried  current cost 3
    W_14: 57705s  131,155,699,200 steps   668448 feasible sets         0 orders tried  current cost 4
    W_14: 57720s  131,190,805,400 steps   668627 feasible sets         0 orders tried  current cost 11
    W_14: 57735s  131,225,853,800 steps   668815 feasible sets         0 orders tried  current cost 3
    W_14: 57750s  131,260,781,600 steps   668959 feasible sets         0 orders tried  current cost 11
    W_14: 57765s  131,295,507,600 steps   669126 feasible sets         0 orders tried  current cost 6
    W_14: 57780s  131,330,062,800 steps   669324 feasible sets         0 orders tried  current cost 8
    W_14: 57795s  131,364,966,600 steps   669478 feasible sets         0 orders tried  current cost 6
    W_14: 57810s  131,400,174,400 steps   669710 feasible sets         0 orders tried  current cost 4
    W_14: 57825s  131,435,286,000 steps   669892 feasible sets         0 orders tried  current cost 9
    W_14: 57840s  131,470,312,400 steps   670050 feasible sets         0 orders tried  current cost 3
    W_14: 57855s  131,505,500,600 steps   670222 feasible sets         0 orders tried  current cost 9
    W_14: 57870s  131,540,687,400 steps   670412 feasible sets         0 orders tried  current cost 7
    W_14: 57885s  131,575,851,600 steps   670613 feasible sets         0 orders tried  current cost 1
    W_14: 57900s  131,610,621,000 steps   670801 feasible sets         0 orders tried  current cost 15
    W_14: 57915s  131,645,809,000 steps   670978 feasible sets         0 orders tried  current cost 4
    W_14: 57930s  131,680,950,000 steps   671161 feasible sets         0 orders tried  current cost 6
    W_14: 57945s  131,715,715,800 steps   671347 feasible sets         0 orders tried  current cost 3
    W_14: 57960s  131,751,116,200 steps   671514 feasible sets         0 orders tried  current cost 2
    W_14: 57975s  131,786,232,600 steps   671698 feasible sets         0 orders tried  current cost 3
    W_14: 57990s  131,821,161,200 steps   671851 feasible sets         0 orders tried  current cost 11
    W_14: 58005s  131,856,372,600 steps   672035 feasible sets         0 orders tried  current cost 5
    W_14: 58020s  131,891,773,200 steps   672196 feasible sets         0 orders tried  current cost 2
    W_14: 58035s  131,926,879,800 steps   672368 feasible sets         0 orders tried  current cost 4
    W_14: 58050s  131,962,499,400 steps   672543 feasible sets         0 orders tried  current cost 4
    W_14: 58065s  131,997,648,200 steps   672682 feasible sets         0 orders tried  current cost 7
    W_14: 58080s  132,032,018,200 steps   672847 feasible sets         0 orders tried  current cost 2
    W_14: 58095s  132,066,750,200 steps   673006 feasible sets         0 orders tried  current cost 2
    W_14: 58110s  132,101,576,400 steps   673206 feasible sets         0 orders tried  current cost 4
    W_14: 58125s  132,136,315,200 steps   673356 feasible sets         0 orders tried  current cost 2
    W_14: 58140s  132,170,922,200 steps   673517 feasible sets         0 orders tried  current cost 9
    W_14: 58155s  132,205,764,200 steps   673696 feasible sets         0 orders tried  current cost 10
    W_14: 58170s  132,240,456,200 steps   673892 feasible sets         0 orders tried  current cost 4
    W_14: 58185s  132,275,065,400 steps   674083 feasible sets         0 orders tried  current cost 8
    W_14: 58200s  132,309,530,200 steps   674244 feasible sets         0 orders tried  current cost 4
    W_14: 58215s  132,344,727,000 steps   674453 feasible sets         0 orders tried  current cost 6
    W_14: 58230s  132,379,580,600 steps   674632 feasible sets         0 orders tried  current cost 15
    W_14: 58245s  132,414,083,600 steps   674810 feasible sets         0 orders tried  current cost 11
    W_14: 58260s  132,448,753,200 steps   674979 feasible sets         0 orders tried  current cost 3
    W_14: 58275s  132,483,344,400 steps   675175 feasible sets         0 orders tried  current cost 8
    W_14: 58290s  132,517,533,800 steps   675347 feasible sets         0 orders tried  current cost 4
    W_14: 58305s  132,552,372,800 steps   675528 feasible sets         0 orders tried  current cost 4
    W_14: 58320s  132,586,905,000 steps   675700 feasible sets         0 orders tried  current cost 10
    W_14: 58335s  132,622,018,800 steps   675892 feasible sets         0 orders tried  current cost 3
    W_14: 58350s  132,656,857,000 steps   676088 feasible sets         0 orders tried  current cost 4
    W_14: 58365s  132,691,216,800 steps   676244 feasible sets         0 orders tried  current cost 3
    W_14: 58380s  132,723,432,000 steps   676437 feasible sets         0 orders tried  current cost 1
    W_14: 58395s  132,756,364,800 steps   676583 feasible sets         0 orders tried  current cost 7
    W_14: 58410s  132,780,803,200 steps   676713 feasible sets         0 orders tried  current cost 7
    W_14: 58425s  132,815,634,600 steps   676886 feasible sets         0 orders tried  current cost 1
    W_14: 58440s  132,850,771,600 steps   677059 feasible sets         0 orders tried  current cost 4
    W_14: 58455s  132,886,289,400 steps   677234 feasible sets         0 orders tried  current cost 5
    W_14: 58470s  132,921,124,400 steps   677382 feasible sets         0 orders tried  current cost 10
    W_14: 58485s  132,956,009,800 steps   677548 feasible sets         0 orders tried  current cost 6
    W_14: 58500s  132,991,205,600 steps   677731 feasible sets         0 orders tried  current cost 7
    W_14: 58515s  133,026,091,400 steps   677911 feasible sets         0 orders tried  current cost 4
    W_14: 58530s  133,061,618,200 steps   678107 feasible sets         0 orders tried  current cost 3
    W_14: 58545s  133,096,705,200 steps   678256 feasible sets         0 orders tried  current cost 5
    W_14: 58560s  133,131,433,200 steps   678432 feasible sets         0 orders tried  current cost 4
    W_14: 58575s  133,166,767,600 steps   678616 feasible sets         0 orders tried  current cost 7
    W_14: 58590s  133,201,988,000 steps   678791 feasible sets         0 orders tried  current cost 5
    W_14: 58605s  133,237,208,400 steps   678970 feasible sets         0 orders tried  current cost 4
    W_14: 58620s  133,272,337,800 steps   679128 feasible sets         0 orders tried  current cost 1
    W_14: 58635s  133,307,601,600 steps   679313 feasible sets         0 orders tried  current cost 11
    W_14: 58650s  133,342,468,400 steps   679460 feasible sets         0 orders tried  current cost 3
    W_14: 58665s  133,377,625,200 steps   679667 feasible sets         0 orders tried  current cost 12
    W_14: 58680s  133,412,765,000 steps   679880 feasible sets         0 orders tried  current cost 12
    W_14: 58695s  133,447,517,200 steps   680068 feasible sets         0 orders tried  current cost 4
    W_14: 58710s  133,482,445,400 steps   680233 feasible sets         0 orders tried  current cost 10
    W_14: 58725s  133,517,443,000 steps   680400 feasible sets         0 orders tried  current cost 11
    W_14: 58740s  133,552,525,800 steps   680561 feasible sets         0 orders tried  current cost 3
    W_14: 58755s  133,587,481,800 steps   680771 feasible sets         0 orders tried  current cost 9
    W_14: 58770s  133,622,378,800 steps   680958 feasible sets         0 orders tried  current cost 3
    W_14: 58785s  133,657,289,600 steps   681142 feasible sets         0 orders tried  current cost 6
    W_14: 58800s  133,692,293,200 steps   681327 feasible sets         0 orders tried  current cost 3
    W_14: 58815s  133,727,052,800 steps   681510 feasible sets         0 orders tried  current cost 3
    W_14: 58830s  133,762,376,200 steps   681699 feasible sets         0 orders tried  current cost 2
    W_14: 58845s  133,797,713,200 steps   681893 feasible sets         0 orders tried  current cost 3
    W_14: 58860s  133,832,664,200 steps   682062 feasible sets         0 orders tried  current cost 13
    W_14: 58875s  133,867,973,000 steps   682217 feasible sets         0 orders tried  current cost 5
    W_14: 58890s  133,903,008,000 steps   682397 feasible sets         0 orders tried  current cost 4
    W_14: 58905s  133,937,995,200 steps   682570 feasible sets         0 orders tried  current cost 2
    W_14: 58920s  133,973,178,000 steps   682741 feasible sets         0 orders tried  current cost 4
    W_14: 58935s  134,008,383,000 steps   682899 feasible sets         0 orders tried  current cost 6
    W_14: 58950s  134,043,521,400 steps   683069 feasible sets         0 orders tried  current cost 13
    W_14: 58965s  134,078,620,200 steps   683232 feasible sets         0 orders tried  current cost 8
    W_14: 58980s  134,113,574,800 steps   683411 feasible sets         0 orders tried  current cost 4
    W_14: 58995s  134,149,270,800 steps   683577 feasible sets         0 orders tried  current cost 5
    W_14: 59010s  134,184,756,800 steps   683751 feasible sets         0 orders tried  current cost 4
    W_14: 59025s  134,219,922,000 steps   683939 feasible sets         0 orders tried  current cost 7
    W_14: 59040s  134,254,982,000 steps   684113 feasible sets         0 orders tried  current cost 10
    W_14: 59055s  134,290,348,600 steps   684277 feasible sets         0 orders tried  current cost 7
    W_14: 59070s  134,325,253,600 steps   684435 feasible sets         0 orders tried  current cost 3
    W_14: 59085s  134,360,316,000 steps   684627 feasible sets         0 orders tried  current cost 4
    W_14: 59100s  134,395,440,800 steps   684804 feasible sets         0 orders tried  current cost 10
    W_14: 59115s  134,431,150,800 steps   684970 feasible sets         0 orders tried  current cost 2
    W_14: 59130s  134,466,601,800 steps   685121 feasible sets         0 orders tried  current cost 14
    W_14: 59145s  134,501,937,200 steps   685283 feasible sets         0 orders tried  current cost 4
    W_14: 59160s  134,537,068,800 steps   685489 feasible sets         0 orders tried  current cost 4
    W_14: 59175s  134,572,276,000 steps   685679 feasible sets         0 orders tried  current cost 5
    W_14: 59190s  134,608,043,600 steps   685853 feasible sets         0 orders tried  current cost 11
    W_14: 59205s  134,643,544,400 steps   686033 feasible sets         0 orders tried  current cost 12
    W_14: 59220s  134,678,681,600 steps   686191 feasible sets         0 orders tried  current cost 12
    W_14: 59235s  134,713,851,400 steps   686373 feasible sets         0 orders tried  current cost 5
    W_14: 59250s  134,749,042,800 steps   686565 feasible sets         0 orders tried  current cost 13
    W_14: 59265s  134,783,730,800 steps   686767 feasible sets         0 orders tried  current cost 5
    W_14: 59280s  134,817,413,800 steps   686922 feasible sets         0 orders tried  current cost 2
    W_14: 59295s  134,852,634,400 steps   687115 feasible sets         0 orders tried  current cost 2
    W_14: 59310s  134,888,055,400 steps   687339 feasible sets         0 orders tried  current cost 3
    W_14: 59325s  134,923,082,400 steps   687504 feasible sets         0 orders tried  current cost 12
    W_14: 59340s  134,958,243,000 steps   687698 feasible sets         0 orders tried  current cost 8
    W_14: 59355s  134,993,369,800 steps   687874 feasible sets         0 orders tried  current cost 3
    W_14: 59370s  135,028,889,200 steps   688080 feasible sets         0 orders tried  current cost 6
    W_14: 59385s  135,064,029,000 steps   688245 feasible sets         0 orders tried  current cost 4
    W_14: 59400s  135,099,594,800 steps   688413 feasible sets         0 orders tried  current cost 5
    W_14: 59415s  135,134,665,200 steps   688647 feasible sets         0 orders tried  current cost 8
    W_14: 59430s  135,169,897,400 steps   688799 feasible sets         0 orders tried  current cost 2
    W_14: 59445s  135,205,513,200 steps   688981 feasible sets         0 orders tried  current cost 4
    W_14: 59460s  135,240,320,000 steps   689158 feasible sets         0 orders tried  current cost 2
    W_14: 59475s  135,275,635,600 steps   689304 feasible sets         0 orders tried  current cost 2
    W_14: 59490s  135,310,646,200 steps   689470 feasible sets         0 orders tried  current cost 11
    W_14: 59505s  135,345,795,800 steps   689640 feasible sets         0 orders tried  current cost 3
    W_14: 59520s  135,380,405,400 steps   689803 feasible sets         0 orders tried  current cost 9
    W_14: 59535s  135,416,008,600 steps   690002 feasible sets         0 orders tried  current cost 8
    W_14: 59550s  135,451,165,200 steps   690219 feasible sets         0 orders tried  current cost 6
    W_14: 59565s  135,486,548,200 steps   690373 feasible sets         0 orders tried  current cost 5
    W_14: 59580s  135,521,638,400 steps   690560 feasible sets         0 orders tried  current cost 5
    W_14: 59595s  135,556,531,200 steps   690765 feasible sets         0 orders tried  current cost 3
    W_14: 59610s  135,591,684,800 steps   690926 feasible sets         0 orders tried  current cost 8
    W_14: 59625s  135,626,883,600 steps   691091 feasible sets         0 orders tried  current cost 7
    W_14: 59640s  135,662,252,600 steps   691246 feasible sets         0 orders tried  current cost 1
    W_14: 59655s  135,697,722,600 steps   691412 feasible sets         0 orders tried  current cost 13
    W_14: 59670s  135,732,722,400 steps   691550 feasible sets         0 orders tried  current cost 11
    W_14: 59685s  135,768,214,200 steps   691745 feasible sets         0 orders tried  current cost 2
    W_14: 59700s  135,803,656,400 steps   691922 feasible sets         0 orders tried  current cost 2
    W_14: 59715s  135,838,832,600 steps   692114 feasible sets         0 orders tried  current cost 4
    W_14: 59730s  135,874,373,400 steps   692291 feasible sets         0 orders tried  current cost 4
    W_14: 59745s  135,909,655,400 steps   692466 feasible sets         0 orders tried  current cost 2
    W_14: 59760s  135,944,813,600 steps   692641 feasible sets         0 orders tried  current cost 1
    W_14: 59775s  135,980,239,400 steps   692861 feasible sets         0 orders tried  current cost 1
    W_14: 59790s  136,015,437,800 steps   693067 feasible sets         0 orders tried  current cost 4
    W_14: 59805s  136,050,867,800 steps   693286 feasible sets         0 orders tried  current cost 5
    W_14: 59820s  136,086,194,200 steps   693453 feasible sets         0 orders tried  current cost 5
    W_14: 59835s  136,121,404,800 steps   693632 feasible sets         0 orders tried  current cost 8
    W_14: 59850s  136,156,922,800 steps   693836 feasible sets         0 orders tried  current cost 12
    W_14: 59865s  136,192,405,800 steps   693998 feasible sets         0 orders tried  current cost 8
    W_14: 59880s  136,227,808,600 steps   694201 feasible sets         0 orders tried  current cost 6
    W_14: 59895s  136,263,120,200 steps   694354 feasible sets         0 orders tried  current cost 14
    W_14: 59910s  136,297,856,200 steps   694502 feasible sets         0 orders tried  current cost 3
    W_14: 59925s  136,332,869,800 steps   694696 feasible sets         0 orders tried  current cost 3
    W_14: 59940s  136,367,958,800 steps   694906 feasible sets         0 orders tried  current cost 4
    W_14: 59955s  136,403,447,800 steps   695114 feasible sets         0 orders tried  current cost 6
    W_14: 59970s  136,438,636,200 steps   695271 feasible sets         0 orders tried  current cost 4
    W_14: 59985s  136,474,342,200 steps   695453 feasible sets         0 orders tried  current cost 8
    W_14: 60000s  136,509,768,600 steps   695621 feasible sets         0 orders tried  current cost 7
    W_14: 60015s  136,545,197,000 steps   695791 feasible sets         0 orders tried  current cost 5
    W_14: 60030s  136,580,347,000 steps   695977 feasible sets         0 orders tried  current cost 8
    W_14: 60045s  136,615,753,400 steps   696163 feasible sets         0 orders tried  current cost 5
    W_14: 60060s  136,650,994,600 steps   696351 feasible sets         0 orders tried  current cost 3
    W_14: 60075s  136,685,801,400 steps   696530 feasible sets         0 orders tried  current cost 15
    W_14: 60090s  136,721,335,400 steps   696748 feasible sets         0 orders tried  current cost 2
    W_14: 60105s  136,756,435,200 steps   696929 feasible sets         0 orders tried  current cost 2
    W_14: 60120s  136,791,457,800 steps   697089 feasible sets         0 orders tried  current cost 3
    W_14: 60135s  136,826,726,600 steps   697277 feasible sets         0 orders tried  current cost 7
    W_14: 60150s  136,861,960,800 steps   697413 feasible sets         0 orders tried  current cost 16
    W_14: 60165s  136,897,431,200 steps   697621 feasible sets         0 orders tried  current cost 4
    W_14: 60180s  136,932,975,000 steps   697808 feasible sets         0 orders tried  current cost 4
    W_14: 60195s  136,968,323,400 steps   698007 feasible sets         0 orders tried  current cost 11
    W_14: 60210s  137,003,283,000 steps   698207 feasible sets         0 orders tried  current cost 10
    W_14: 60225s  137,038,948,600 steps   698367 feasible sets         0 orders tried  current cost 6
    W_14: 60240s  137,074,069,600 steps   698576 feasible sets         0 orders tried  current cost 4
    W_14: 60255s  137,108,858,000 steps   698761 feasible sets         0 orders tried  current cost 3
    W_14: 60270s  137,144,587,600 steps   698925 feasible sets         0 orders tried  current cost 4
    W_14: 60285s  137,179,707,600 steps   699119 feasible sets         0 orders tried  current cost 7
    W_14: 60300s  137,214,929,600 steps   699278 feasible sets         0 orders tried  current cost 4
    W_14: 60315s  137,250,125,800 steps   699434 feasible sets         0 orders tried  current cost 8
    W_14: 60330s  137,285,414,200 steps   699623 feasible sets         0 orders tried  current cost 3
    W_14: 60345s  137,320,587,800 steps   699797 feasible sets         0 orders tried  current cost 6
    W_14: 60360s  137,355,654,400 steps   699938 feasible sets         0 orders tried  current cost 4
    W_14: 60375s  137,390,728,400 steps   700126 feasible sets         0 orders tried  current cost 3
    W_14: 60390s  137,426,068,600 steps   700304 feasible sets         0 orders tried  current cost 3
    W_14: 60405s  137,461,110,800 steps   700485 feasible sets         0 orders tried  current cost 4
    W_14: 60420s  137,496,445,400 steps   700678 feasible sets         0 orders tried  current cost 8
    W_14: 60435s  137,531,461,800 steps   700853 feasible sets         0 orders tried  current cost 15
    W_14: 60450s  137,566,962,200 steps   701033 feasible sets         0 orders tried  current cost 15
    W_14: 60465s  137,602,052,200 steps   701244 feasible sets         0 orders tried  current cost 5
    W_14: 60480s  137,637,456,000 steps   701403 feasible sets         0 orders tried  current cost 1
    W_14: 60495s  137,672,691,600 steps   701545 feasible sets         0 orders tried  current cost 3
    W_14: 60510s  137,707,748,400 steps   701729 feasible sets         0 orders tried  current cost 5
    W_14: 60525s  137,742,887,200 steps   701917 feasible sets         0 orders tried  current cost 7
    W_14: 60540s  137,778,362,600 steps   702095 feasible sets         0 orders tried  current cost 11
    W_14: 60555s  137,813,566,000 steps   702245 feasible sets         0 orders tried  current cost 6
    W_14: 60570s  137,848,962,000 steps   702458 feasible sets         0 orders tried  current cost 8
    W_14: 60585s  137,884,133,800 steps   702642 feasible sets         0 orders tried  current cost 1
    W_14: 60600s  137,919,467,400 steps   702832 feasible sets         0 orders tried  current cost 9
    W_14: 60615s  137,955,110,800 steps   703014 feasible sets         0 orders tried  current cost 4
    W_14: 60630s  137,990,713,000 steps   703174 feasible sets         0 orders tried  current cost 4
    W_14: 60645s  138,025,547,200 steps   703318 feasible sets         0 orders tried  current cost 5
    W_14: 60660s  138,061,036,000 steps   703519 feasible sets         0 orders tried  current cost 3
    W_14: 60675s  138,096,531,200 steps   703675 feasible sets         0 orders tried  current cost 3
    W_14: 60690s  138,132,054,800 steps   703855 feasible sets         0 orders tried  current cost 4
    W_14: 60705s  138,167,371,800 steps   704023 feasible sets         0 orders tried  current cost 1
    W_14: 60720s  138,203,053,200 steps   704184 feasible sets         0 orders tried  current cost 1
    W_14: 60735s  138,238,272,800 steps   704377 feasible sets         0 orders tried  current cost 1
    W_14: 60750s  138,273,523,400 steps   704591 feasible sets         0 orders tried  current cost 11
    W_14: 60765s  138,308,537,000 steps   704753 feasible sets         0 orders tried  current cost 3
    W_14: 60780s  138,343,919,400 steps   704895 feasible sets         0 orders tried  current cost 3
    W_14: 60795s  138,379,275,000 steps   705068 feasible sets         0 orders tried  current cost 2
    W_14: 60810s  138,411,309,400 steps   705239 feasible sets         0 orders tried  current cost 6
    W_14: 60825s  138,444,274,400 steps   705418 feasible sets         0 orders tried  current cost 1
    W_14: 60840s  138,479,884,400 steps   705558 feasible sets         0 orders tried  current cost 7
    W_14: 60855s  138,515,410,600 steps   705748 feasible sets         0 orders tried  current cost 5
    W_14: 60870s  138,550,644,400 steps   705931 feasible sets         0 orders tried  current cost 8
    W_14: 60885s  138,585,364,000 steps   706076 feasible sets         0 orders tried  current cost 9
    W_14: 60900s  138,620,368,800 steps   706244 feasible sets         0 orders tried  current cost 2
    W_14: 60915s  138,655,647,200 steps   706450 feasible sets         0 orders tried  current cost 4
    W_14: 60930s  138,691,300,600 steps   706609 feasible sets         0 orders tried  current cost 12
    W_14: 60945s  138,726,380,600 steps   706777 feasible sets         0 orders tried  current cost 11
    W_14: 60960s  138,761,614,000 steps   706966 feasible sets         0 orders tried  current cost 3
    W_14: 60975s  138,796,623,800 steps   707149 feasible sets         0 orders tried  current cost 13
    W_14: 60990s  138,832,024,800 steps   707309 feasible sets         0 orders tried  current cost 11
    W_14: 61005s  138,867,672,200 steps   707457 feasible sets         0 orders tried  current cost 6
    W_14: 61020s  138,903,219,600 steps   707625 feasible sets         0 orders tried  current cost 2
    W_14: 61035s  138,938,063,400 steps   707772 feasible sets         0 orders tried  current cost 10
    W_14: 61050s  138,973,487,400 steps   707968 feasible sets         0 orders tried  current cost 4
    W_14: 61065s  139,008,017,600 steps   708136 feasible sets         0 orders tried  current cost 1
    W_14: 61080s  139,043,288,600 steps   708325 feasible sets         0 orders tried  current cost 4
    W_14: 61095s  139,078,330,600 steps   708470 feasible sets         0 orders tried  current cost 5
    W_14: 61110s  139,113,490,400 steps   708645 feasible sets         0 orders tried  current cost 3
    W_14: 61125s  139,149,360,600 steps   708845 feasible sets         0 orders tried  current cost 19
    W_14: 61140s  139,184,562,200 steps   709049 feasible sets         0 orders tried  current cost 14
    W_14: 61155s  139,219,893,200 steps   709223 feasible sets         0 orders tried  current cost 2
    W_14: 61170s  139,255,239,400 steps   709383 feasible sets         0 orders tried  current cost 2
    W_14: 61185s  139,290,575,600 steps   709555 feasible sets         0 orders tried  current cost 1
    W_14: 61200s  139,326,090,600 steps   709735 feasible sets         0 orders tried  current cost 5
    W_14: 61215s  139,361,503,000 steps   709948 feasible sets         0 orders tried  current cost 7
    W_14: 61230s  139,397,046,000 steps   710117 feasible sets         0 orders tried  current cost 8
    W_14: 61245s  139,432,784,800 steps   710257 feasible sets         0 orders tried  current cost 10
    W_14: 61260s  139,468,485,800 steps   710446 feasible sets         0 orders tried  current cost 10
    W_14: 61275s  139,503,459,400 steps   710659 feasible sets         0 orders tried  current cost 2
    W_14: 61290s  139,538,808,400 steps   710856 feasible sets         0 orders tried  current cost 3
    W_14: 61305s  139,574,514,200 steps   711039 feasible sets         0 orders tried  current cost 2
    W_14: 61320s  139,609,418,800 steps   711225 feasible sets         0 orders tried  current cost 2
    W_14: 61335s  139,644,676,400 steps   711389 feasible sets         0 orders tried  current cost 3
    W_14: 61350s  139,680,173,000 steps   711586 feasible sets         0 orders tried  current cost 3
    W_14: 61365s  139,715,193,000 steps   711768 feasible sets         0 orders tried  current cost 2
    W_14: 61380s  139,750,529,600 steps   711929 feasible sets         0 orders tried  current cost 6
    W_14: 61395s  139,785,549,600 steps   712108 feasible sets         0 orders tried  current cost 5
    W_14: 61410s  139,820,634,000 steps   712310 feasible sets         0 orders tried  current cost 3
    W_14: 61425s  139,855,970,200 steps   712480 feasible sets         0 orders tried  current cost 3
    W_14: 61440s  139,891,491,600 steps   712658 feasible sets         0 orders tried  current cost 4
    W_14: 61455s  139,926,665,600 steps   712841 feasible sets         0 orders tried  current cost 7
    W_14: 61470s  139,961,913,200 steps   713061 feasible sets         0 orders tried  current cost 4
    W_14: 61485s  139,997,168,400 steps   713261 feasible sets         0 orders tried  current cost 4
    W_14: 61500s  140,032,179,400 steps   713433 feasible sets         0 orders tried  current cost 3
    W_14: 61515s  140,067,458,600 steps   713573 feasible sets         0 orders tried  current cost 1
    W_14: 61530s  140,102,917,800 steps   713777 feasible sets         0 orders tried  current cost 2
    W_14: 61545s  140,138,131,000 steps   713949 feasible sets         0 orders tried  current cost 4
    W_14: 61560s  140,173,430,000 steps   714167 feasible sets         0 orders tried  current cost 3
    W_14: 61575s  140,208,306,000 steps   714354 feasible sets         0 orders tried  current cost 8
    W_14: 61590s  140,243,922,000 steps   714511 feasible sets         0 orders tried  current cost 13
    W_14: 61605s  140,279,385,600 steps   714727 feasible sets         0 orders tried  current cost 7
    W_14: 61620s  140,314,443,200 steps   714882 feasible sets         0 orders tried  current cost 15
    W_14: 61635s  140,349,548,400 steps   715083 feasible sets         0 orders tried  current cost 8
    W_14: 61650s  140,384,892,600 steps   715278 feasible sets         0 orders tried  current cost 4
    W_14: 61665s  140,420,676,000 steps   715483 feasible sets         0 orders tried  current cost 3
    W_14: 61680s  140,456,217,200 steps   715673 feasible sets         0 orders tried  current cost 1
    W_14: 61695s  140,491,810,800 steps   715823 feasible sets         0 orders tried  current cost 1
    W_14: 61710s  140,526,884,200 steps   715990 feasible sets         0 orders tried  current cost 12
    W_14: 61725s  140,562,483,400 steps   716153 feasible sets         0 orders tried  current cost 12
    W_14: 61740s  140,597,621,800 steps   716306 feasible sets         0 orders tried  current cost 15
    W_14: 61755s  140,633,353,200 steps   716493 feasible sets         0 orders tried  current cost 4
    W_14: 61770s  140,668,668,000 steps   716707 feasible sets         0 orders tried  current cost 6
    W_14: 61785s  140,703,343,200 steps   716895 feasible sets         0 orders tried  current cost 11
    W_14: 61800s  140,738,613,000 steps   717069 feasible sets         0 orders tried  current cost 5
    W_14: 61815s  140,773,802,000 steps   717248 feasible sets         0 orders tried  current cost 10
    W_14: 61830s  140,809,359,800 steps   717404 feasible sets         0 orders tried  current cost 4
    W_14: 61845s  140,844,785,000 steps   717582 feasible sets         0 orders tried  current cost 9
    W_14: 61860s  140,880,123,200 steps   717761 feasible sets         0 orders tried  current cost 6
    W_14: 61875s  140,915,570,200 steps   717957 feasible sets         0 orders tried  current cost 4
    W_14: 61890s  140,950,730,000 steps   718117 feasible sets         0 orders tried  current cost 5
    W_14: 61905s  140,986,007,400 steps   718314 feasible sets         0 orders tried  current cost 6
    W_14: 61920s  141,021,293,800 steps   718466 feasible sets         0 orders tried  current cost 2
    W_14: 61935s  141,056,546,400 steps   718645 feasible sets         0 orders tried  current cost 6
    W_14: 61950s  141,091,538,800 steps   718819 feasible sets         0 orders tried  current cost 2
    W_14: 61965s  141,126,616,400 steps   719021 feasible sets         0 orders tried  current cost 1
    W_14: 61980s  141,161,544,000 steps   719209 feasible sets         0 orders tried  current cost 10
    W_14: 61995s  141,196,883,800 steps   719382 feasible sets         0 orders tried  current cost 10
    W_14: 62010s  141,232,688,600 steps   719614 feasible sets         0 orders tried  current cost 5
    W_14: 62025s  141,267,734,800 steps   719810 feasible sets         0 orders tried  current cost 3
    W_14: 62040s  141,302,682,000 steps   719974 feasible sets         0 orders tried  current cost 7
    W_14: 62055s  141,338,310,000 steps   720140 feasible sets         0 orders tried  current cost 2
    W_14: 62070s  141,373,130,400 steps   720334 feasible sets         0 orders tried  current cost 4
    W_14: 62085s  141,408,393,200 steps   720526 feasible sets         0 orders tried  current cost 5
    W_14: 62100s  141,443,624,000 steps   720690 feasible sets         0 orders tried  current cost 5
    W_14: 62115s  141,479,286,800 steps   720944 feasible sets         0 orders tried  current cost 12
    W_14: 62130s  141,514,402,000 steps   721114 feasible sets         0 orders tried  current cost 10
    W_14: 62145s  141,549,443,600 steps   721282 feasible sets         0 orders tried  current cost 11
    W_14: 62160s  141,584,560,000 steps   721442 feasible sets         0 orders tried  current cost 3
    W_14: 62175s  141,619,362,800 steps   721656 feasible sets         0 orders tried  current cost 14
    W_14: 62190s  141,654,544,000 steps   721837 feasible sets         0 orders tried  current cost 8
    W_14: 62205s  141,689,542,800 steps   722003 feasible sets         0 orders tried  current cost 10
    W_14: 62220s  141,724,705,000 steps   722193 feasible sets         0 orders tried  current cost 7
    W_14: 62235s  141,759,803,200 steps   722396 feasible sets         0 orders tried  current cost 11
    W_14: 62250s  141,795,336,400 steps   722597 feasible sets         0 orders tried  current cost 3
    W_14: 62265s  141,830,980,200 steps   722789 feasible sets         0 orders tried  current cost 18
    W_14: 62280s  141,866,327,600 steps   722989 feasible sets         0 orders tried  current cost 4
    W_14: 62295s  141,901,785,200 steps   723170 feasible sets         0 orders tried  current cost 7
    W_14: 62310s  141,936,967,200 steps   723341 feasible sets         0 orders tried  current cost 7
    W_14: 62325s  141,972,395,600 steps   723503 feasible sets         0 orders tried  current cost 2
    W_14: 62340s  142,007,727,800 steps   723702 feasible sets         0 orders tried  current cost 4
    W_14: 62355s  142,042,842,200 steps   723897 feasible sets         0 orders tried  current cost 13
    W_14: 62370s  142,077,909,400 steps   724075 feasible sets         0 orders tried  current cost 5
    W_14: 62385s  142,112,955,600 steps   724266 feasible sets         0 orders tried  current cost 5
    W_14: 62400s  142,148,092,400 steps   724415 feasible sets         0 orders tried  current cost 3
    W_14: 62415s  142,183,631,800 steps   724601 feasible sets         0 orders tried  current cost 4
    W_14: 62430s  142,218,860,800 steps   724807 feasible sets         0 orders tried  current cost 17
    W_14: 62445s  142,254,047,000 steps   724996 feasible sets         0 orders tried  current cost 4
    W_14: 62460s  142,289,204,000 steps   725164 feasible sets         0 orders tried  current cost 8
    W_14: 62475s  142,324,074,800 steps   725336 feasible sets         0 orders tried  current cost 3
    W_14: 62490s  142,359,396,800 steps   725500 feasible sets         0 orders tried  current cost 3
    W_14: 62505s  142,395,098,400 steps   725694 feasible sets         0 orders tried  current cost 4
    W_14: 62520s  142,430,181,200 steps   725892 feasible sets         0 orders tried  current cost 13
    W_14: 62535s  142,465,378,400 steps   726080 feasible sets         0 orders tried  current cost 2
    W_14: 62550s  142,500,324,000 steps   726233 feasible sets         0 orders tried  current cost 9
    W_14: 62565s  142,535,670,800 steps   726468 feasible sets         0 orders tried  current cost 5
    W_14: 62580s  142,570,856,400 steps   726631 feasible sets         0 orders tried  current cost 3
    W_14: 62595s  142,605,963,000 steps   726790 feasible sets         0 orders tried  current cost 5
    W_14: 62610s  142,640,763,400 steps   726992 feasible sets         0 orders tried  current cost 11
    W_14: 62625s  142,676,054,000 steps   727207 feasible sets         0 orders tried  current cost 3
    W_14: 62640s  142,711,294,000 steps   727384 feasible sets         0 orders tried  current cost 3
    W_14: 62655s  142,746,560,800 steps   727564 feasible sets         0 orders tried  current cost 23
    W_14: 62670s  142,781,767,400 steps   727769 feasible sets         0 orders tried  current cost 5
    W_14: 62685s  142,816,779,400 steps   727982 feasible sets         0 orders tried  current cost 1
    W_14: 62700s  142,851,897,600 steps   728135 feasible sets         0 orders tried  current cost 2
    W_14: 62715s  142,886,819,400 steps   728338 feasible sets         0 orders tried  current cost 2
    W_14: 62730s  142,921,440,200 steps   728506 feasible sets         0 orders tried  current cost 17
    W_14: 62745s  142,956,730,000 steps   728716 feasible sets         0 orders tried  current cost 4
    W_14: 62760s  142,991,924,000 steps   728883 feasible sets         0 orders tried  current cost 9
    W_14: 62775s  143,026,767,000 steps   729041 feasible sets         0 orders tried  current cost 7
    W_14: 62790s  143,061,644,000 steps   729233 feasible sets         0 orders tried  current cost 8
    W_14: 62805s  143,096,959,200 steps   729410 feasible sets         0 orders tried  current cost 1
    W_14: 62820s  143,132,173,200 steps   729627 feasible sets         0 orders tried  current cost 1
    W_14: 62835s  143,167,383,600 steps   729771 feasible sets         0 orders tried  current cost 9
    W_14: 62850s  143,202,700,200 steps   729918 feasible sets         0 orders tried  current cost 9
    W_14: 62865s  143,237,631,800 steps   730072 feasible sets         0 orders tried  current cost 7
    W_14: 62880s  143,272,773,400 steps   730225 feasible sets         0 orders tried  current cost 1
    W_14: 62895s  143,307,636,000 steps   730404 feasible sets         0 orders tried  current cost 2
    W_14: 62910s  143,342,706,200 steps   730608 feasible sets         0 orders tried  current cost 7
    W_14: 62925s  143,378,480,800 steps   730795 feasible sets         0 orders tried  current cost 11
    W_14: 62940s  143,413,406,800 steps   730982 feasible sets         0 orders tried  current cost 4
    W_14: 62955s  143,448,773,800 steps   731139 feasible sets         0 orders tried  current cost 4
    W_14: 62970s  143,484,328,800 steps   731330 feasible sets         0 orders tried  current cost 5
    W_14: 62985s  143,519,477,000 steps   731544 feasible sets         0 orders tried  current cost 1
    W_14: 63000s  143,554,533,800 steps   731707 feasible sets         0 orders tried  current cost 4
    W_14: 63015s  143,589,401,400 steps   731886 feasible sets         0 orders tried  current cost 22
    W_14: 63030s  143,624,889,600 steps   732083 feasible sets         0 orders tried  current cost 5
    W_14: 63045s  143,660,445,400 steps   732223 feasible sets         0 orders tried  current cost 9
    W_14: 63060s  143,695,469,800 steps   732406 feasible sets         0 orders tried  current cost 5
    W_14: 63075s  143,728,278,400 steps   732559 feasible sets         0 orders tried  current cost 3
    W_14: 63090s  143,762,300,000 steps   732737 feasible sets         0 orders tried  current cost 3
    W_14: 63105s  143,796,361,000 steps   732916 feasible sets         0 orders tried  current cost 11
    W_14: 63120s  143,830,729,000 steps   733078 feasible sets         0 orders tried  current cost 2
    W_14: 63135s  143,864,352,800 steps   733247 feasible sets         0 orders tried  current cost 3
    W_14: 63150s  143,897,982,400 steps   733399 feasible sets         0 orders tried  current cost 8
    W_14: 63165s  143,932,914,600 steps   733556 feasible sets         0 orders tried  current cost 2
    W_14: 63180s  143,967,419,200 steps   733751 feasible sets         0 orders tried  current cost 2
    W_14: 63195s  144,001,655,800 steps   733967 feasible sets         0 orders tried  current cost 2
    W_14: 63210s  144,036,313,200 steps   734132 feasible sets         0 orders tried  current cost 2
    W_14: 63225s  144,070,500,200 steps   734275 feasible sets         0 orders tried  current cost 18
    W_14: 63240s  144,104,942,800 steps   734425 feasible sets         0 orders tried  current cost 10
    W_14: 63255s  144,139,436,600 steps   734615 feasible sets         0 orders tried  current cost 3
    W_14: 63270s  144,171,917,600 steps   734765 feasible sets         0 orders tried  current cost 2
    W_14: 63285s  144,205,874,600 steps   734980 feasible sets         0 orders tried  current cost 3
    W_14: 63300s  144,239,270,400 steps   735166 feasible sets         0 orders tried  current cost 2
    W_14: 63315s  144,273,672,800 steps   735351 feasible sets         0 orders tried  current cost 4
    W_14: 63330s  144,309,021,800 steps   735536 feasible sets         0 orders tried  current cost 19
    W_14: 63345s  144,344,272,000 steps   735720 feasible sets         0 orders tried  current cost 5
    W_14: 63360s  144,379,326,000 steps   735900 feasible sets         0 orders tried  current cost 11
    W_14: 63375s  144,414,394,000 steps   736084 feasible sets         0 orders tried  current cost 2
    W_14: 63390s  144,449,751,200 steps   736268 feasible sets         0 orders tried  current cost 4
    W_14: 63405s  144,484,292,400 steps   736440 feasible sets         0 orders tried  current cost 2
    W_14: 63420s  144,518,861,600 steps   736608 feasible sets         0 orders tried  current cost 17
    W_14: 63435s  144,553,842,600 steps   736800 feasible sets         0 orders tried  current cost 14
    W_14: 63450s  144,588,621,000 steps   736981 feasible sets         0 orders tried  current cost 6
    W_14: 63465s  144,623,610,800 steps   737154 feasible sets         0 orders tried  current cost 4
    W_14: 63480s  144,658,903,600 steps   737368 feasible sets         0 orders tried  current cost 11
    W_14: 63495s  144,694,070,200 steps   737552 feasible sets         0 orders tried  current cost 5
    W_14: 63510s  144,728,633,400 steps   737704 feasible sets         0 orders tried  current cost 4
    W_14: 63525s  144,764,084,200 steps   737912 feasible sets         0 orders tried  current cost 9
    W_14: 63540s  144,799,193,800 steps   738090 feasible sets         0 orders tried  current cost 4
    W_14: 63555s  144,834,139,800 steps   738279 feasible sets         0 orders tried  current cost 4
    W_14: 63570s  144,869,044,400 steps   738442 feasible sets         0 orders tried  current cost 13
    W_14: 63585s  144,903,798,200 steps   738637 feasible sets         0 orders tried  current cost 4
    W_14: 63600s  144,938,207,400 steps   738813 feasible sets         0 orders tried  current cost 7
    W_14: 63615s  144,973,255,200 steps   739041 feasible sets         0 orders tried  current cost 3
    W_14: 63630s  145,007,984,000 steps   739236 feasible sets         0 orders tried  current cost 8
    W_14: 63645s  145,042,693,400 steps   739410 feasible sets         0 orders tried  current cost 4
    W_14: 63660s  145,077,655,800 steps   739609 feasible sets         0 orders tried  current cost 3
    W_14: 63675s  145,112,760,200 steps   739780 feasible sets         0 orders tried  current cost 13
    W_14: 63690s  145,147,598,600 steps   739970 feasible sets         0 orders tried  current cost 2
    W_14: 63705s  145,182,351,800 steps   740158 feasible sets         0 orders tried  current cost 5
    W_14: 63720s  145,217,606,000 steps   740385 feasible sets         0 orders tried  current cost 6
    W_14: 63735s  145,252,066,200 steps   740513 feasible sets         0 orders tried  current cost 4
    W_14: 63750s  145,287,103,000 steps   740671 feasible sets         0 orders tried  current cost 10
    W_14: 63765s  145,322,278,800 steps   740858 feasible sets         0 orders tried  current cost 3
    W_14: 63780s  145,357,376,800 steps   741062 feasible sets         0 orders tried  current cost 2
    W_14: 63795s  145,392,387,800 steps   741236 feasible sets         0 orders tried  current cost 2
    W_14: 63810s  145,427,259,400 steps   741438 feasible sets         0 orders tried  current cost 4
    W_14: 63825s  145,462,402,200 steps   741593 feasible sets         0 orders tried  current cost 14
    W_14: 63840s  145,497,863,200 steps   741795 feasible sets         0 orders tried  current cost 10
    W_14: 63855s  145,533,316,000 steps   742036 feasible sets         0 orders tried  current cost 1
    W_14: 63870s  145,568,542,400 steps   742184 feasible sets         0 orders tried  current cost 13
    W_14: 63885s  145,603,593,000 steps   742375 feasible sets         0 orders tried  current cost 2
    W_14: 63900s  145,638,147,600 steps   742531 feasible sets         0 orders tried  current cost 6
    W_14: 63915s  145,673,164,200 steps   742739 feasible sets         0 orders tried  current cost 13
    W_14: 63930s  145,708,249,000 steps   742889 feasible sets         0 orders tried  current cost 7
    W_14: 63945s  145,742,737,600 steps   743057 feasible sets         0 orders tried  current cost 1
    W_14: 63960s  145,777,840,200 steps   743234 feasible sets         0 orders tried  current cost 14
    W_14: 63975s  145,812,784,600 steps   743431 feasible sets         0 orders tried  current cost 7
    W_14: 63990s  145,847,921,800 steps   743623 feasible sets         0 orders tried  current cost 11
    W_14: 64005s  145,883,360,800 steps   743806 feasible sets         0 orders tried  current cost 23
    W_14: 64020s  145,917,866,600 steps   743968 feasible sets         0 orders tried  current cost 3
    W_14: 64035s  145,953,180,200 steps   744093 feasible sets         0 orders tried  current cost 14
    W_14: 64050s  145,988,064,200 steps   744272 feasible sets         0 orders tried  current cost 5
    W_14: 64065s  146,022,992,600 steps   744391 feasible sets         0 orders tried  current cost 3
    W_14: 64080s  146,057,675,400 steps   744556 feasible sets         0 orders tried  current cost 2
    W_14: 64095s  146,093,032,000 steps   744695 feasible sets         0 orders tried  current cost 4
    W_14: 64110s  146,127,959,400 steps   744887 feasible sets         0 orders tried  current cost 3
    W_14: 64125s  146,162,965,000 steps   745101 feasible sets         0 orders tried  current cost 9
    W_14: 64140s  146,198,312,200 steps   745241 feasible sets         0 orders tried  current cost 3
    W_14: 64155s  146,233,231,800 steps   745413 feasible sets         0 orders tried  current cost 2
    W_14: 64170s  146,267,734,400 steps   745581 feasible sets         0 orders tried  current cost 5
    W_14: 64185s  146,302,638,600 steps   745748 feasible sets         0 orders tried  current cost 4
    W_14: 64200s  146,337,138,000 steps   745909 feasible sets         0 orders tried  current cost 3
    W_14: 64215s  146,371,634,600 steps   746063 feasible sets         0 orders tried  current cost 4
    W_14: 64230s  146,406,042,200 steps   746267 feasible sets         0 orders tried  current cost 15
    W_14: 64245s  146,440,952,200 steps   746458 feasible sets         0 orders tried  current cost 4
    W_14: 64260s  146,475,431,000 steps   746629 feasible sets         0 orders tried  current cost 3
    W_14: 64275s  146,509,605,400 steps   746817 feasible sets         0 orders tried  current cost 6
    W_14: 64290s  146,544,410,400 steps   746990 feasible sets         0 orders tried  current cost 2
    W_14: 64305s  146,579,518,600 steps   747140 feasible sets         0 orders tried  current cost 4
    W_14: 64320s  146,613,894,000 steps   747313 feasible sets         0 orders tried  current cost 3
    W_14: 64335s  146,648,263,600 steps   747478 feasible sets         0 orders tried  current cost 11
    W_14: 64350s  146,681,197,200 steps   747639 feasible sets         0 orders tried  current cost 2
    W_14: 64365s  146,714,240,400 steps   747860 feasible sets         0 orders tried  current cost 15
    W_14: 64380s  146,747,706,800 steps   748062 feasible sets         0 orders tried  current cost 4
    W_14: 64395s  146,781,108,400 steps   748259 feasible sets         0 orders tried  current cost 5
    W_14: 64410s  146,815,031,000 steps   748471 feasible sets         0 orders tried  current cost 3
    W_14: 64425s  146,848,800,200 steps   748645 feasible sets         0 orders tried  current cost 13
    W_14: 64440s  146,881,979,200 steps   748826 feasible sets         0 orders tried  current cost 2
    W_14: 64455s  146,915,683,200 steps   749007 feasible sets         0 orders tried  current cost 7
    W_14: 64470s  146,949,405,000 steps   749188 feasible sets         0 orders tried  current cost 8
    W_14: 64485s  146,983,937,200 steps   749357 feasible sets         0 orders tried  current cost 3
    W_14: 64500s  147,017,673,400 steps   749469 feasible sets         0 orders tried  current cost 2
    W_14: 64515s  147,051,856,200 steps   749625 feasible sets         0 orders tried  current cost 4
    W_14: 64530s  147,086,050,400 steps   749823 feasible sets         0 orders tried  current cost 3
    W_14: 64545s  147,120,108,200 steps   750016 feasible sets         0 orders tried  current cost 8
    W_14: 64560s  147,153,430,000 steps   750180 feasible sets         0 orders tried  current cost 2
    W_14: 64575s  147,187,113,800 steps   750367 feasible sets         0 orders tried  current cost 1
    W_14: 64590s  147,221,439,800 steps   750561 feasible sets         0 orders tried  current cost 3
    W_14: 64605s  147,256,249,400 steps   750746 feasible sets         0 orders tried  current cost 3
    W_14: 64620s  147,290,106,800 steps   750949 feasible sets         0 orders tried  current cost 8
    W_14: 64635s  147,323,085,000 steps   751122 feasible sets         0 orders tried  current cost 5
    W_14: 64650s  147,357,596,800 steps   751310 feasible sets         0 orders tried  current cost 3
    W_14: 64665s  147,391,939,800 steps   751509 feasible sets         0 orders tried  current cost 2
    W_14: 64680s  147,426,257,200 steps   751689 feasible sets         0 orders tried  current cost 3
    W_14: 64695s  147,460,790,200 steps   751871 feasible sets         0 orders tried  current cost 4
    W_14: 64710s  147,495,631,400 steps   752059 feasible sets         0 orders tried  current cost 2
    W_14: 64725s  147,530,268,000 steps   752255 feasible sets         0 orders tried  current cost 8
    W_14: 64740s  147,564,671,400 steps   752429 feasible sets         0 orders tried  current cost 4
    W_14: 64755s  147,599,439,600 steps   752612 feasible sets         0 orders tried  current cost 3
    W_14: 64770s  147,634,167,600 steps   752761 feasible sets         0 orders tried  current cost 3
    W_14: 64785s  147,667,995,200 steps   752924 feasible sets         0 orders tried  current cost 3
seed=6, time limit 64800s per wheel

W_14  not found   64800s, 753073 feasible sets, 0 orders tried

0/1 wheels solved and independently verified.
A wheel not solved here is undecided, not shown to be impossible: this search is incomplete by design.
